{"txid":"5aacec94930812d4fb5a4e3eaaaab25eb04614f3718ff69da6a1f05aed99802f","block_height":null,"time":null,"vin":[{"txid":"5aacec94930812d4fb5a4e3eaaaab25eb04614f3718ff69da6a1f05aed99802f","vout":0,"amount":159.99999,"coinbase":false},{"txid":"80c666258a8ef7cd61a15aecf0e5f90ad4ce43749f54beee73bae69a4d3e9be8","vout":803,"amount":108.34647361,"coinbase":false}],"vout":[{"n":0,"addresses":["prl1z0ns9sj5twzarcsm9au54kcjw6606p877wv8049zjh6qmrlsavnaqkec6hc"],"amount":200},{"n":1,"addresses":["prl1py28wc0mc8ppd344k9t3wv4rum8zpeg8ka3d2nxne653a5atm9qasvjxc4k"],"amount":68.34646149}]}