{"txid":"72d47592c0e1f69528e01f63936b8db17448bb9242ae762c401f6ddb15a505e7","block_height":null,"time":null,"vin":[{"txid":"72d47592c0e1f69528e01f63936b8db17448bb9242ae762c401f6ddb15a505e7","vout":664,"amount":656.93008728,"coinbase":false}],"vout":[{"n":0,"addresses":["prl1zx5w94dq5z3twmatjvdxpud7tewkjf9spgnehy3eu6tctrgrqasys5sqzk2"],"amount":655},{"n":1,"addresses":["prl1p76327gql5h477namdhluy0lu7t4f3hhmav8e6hula587adygrqusarulx0"],"amount":1.92993166}]}