{"txid":"61a6b71ddb8b245c7f155081671bba5af1053c95bc7ffdbfd2cafc9099987a2c","block_height":null,"time":null,"vin":[{"txid":"61a6b71ddb8b245c7f155081671bba5af1053c95bc7ffdbfd2cafc9099987a2c","vout":1,"amount":3917.98959845,"coinbase":false}],"vout":[{"n":0,"addresses":["prl1pqnuptaxvc4n5696syd7ssz7q9ksh5x6r582ravxecdgttktru8yqgcx8ag"],"amount":3417.9891969},{"n":1,"addresses":["prl1zdj46lsp6xdkuwz9jzrq0mcxvecl9psa6fzjsnftauptrhuphmhgsstka68"],"amount":500}]}