{"txid":"ed92ecc0ac5f37de106f65581be2779e078a7a58f8ddc40dcde2e9eecc9c78bb","block_height":null,"time":null,"vin":[{"txid":"ed92ecc0ac5f37de106f65581be2779e078a7a58f8ddc40dcde2e9eecc9c78bb","vout":1,"amount":177.2831443,"coinbase":false}],"vout":[{"n":0,"addresses":["prl1pr9fds9n8m597tjfm343fg23e403tn5wyz9la9c4wv75grh7pejrs3fy27d"],"amount":77.28313593},{"n":1,"addresses":["prl1zy6k5hqzytdqfsp3jh7z6glsc68z6k2m0zkzp60feqj3p0nlh7aasv68kjn"],"amount":100}]}