{"txid":"013815c8dbf33d656e2c4c51966c3e1d2b414beb048d8fe4232038954876e6bf","block_height":null,"time":null,"vin":[{"txid":"013815c8dbf33d656e2c4c51966c3e1d2b414beb048d8fe4232038954876e6bf","vout":1,"amount":223.48999,"coinbase":false},{"txid":"d63343343dbfab19e662d471205bbef2a95b63ac30d52ddfb62acf2d22f5663b","vout":274,"amount":24.99498501,"coinbase":false}],"vout":[{"n":0,"addresses":["prl1puwly6p9tn4s5a88jqv73f69av3qmv4pmvnefzn0p7nemyppz0nwq2ze0cf"],"amount":8.27197501},{"n":1,"addresses":["prl1zea6kdv7pl8jdylwhulczhak3fkg6auz45y96valm02arx0dm84eq6r6qgr"],"amount":240}]}