{"txid":"db700515d0156099f075e284d2edfd5f8c5ec2cc7f2bd9163a8bfafd43851a0c","block_height":null,"time":null,"vin":[{"txid":"db700515d0156099f075e284d2edfd5f8c5ec2cc7f2bd9163a8bfafd43851a0c","vout":0,"amount":10079.99999,"coinbase":false}],"vout":[{"n":0,"addresses":["prl1pz7d2m77jx92axmyja3zf9upyk94u00hw446v8aj2myhq5p7rwpps66qfl8"],"amount":79.99958845},{"n":1,"addresses":["prl1zuxpc5d9fr7jahd7kaa7863laqyuasrpy3rc9c835m6jmfyh5gvwstxnc7e"],"amount":10000}]}