{"txid":"ee305f81e0c398b7e360777f2b7213fa695f99f1893fac64463094b8eb2d631b","block_height":null,"time":null,"vin":[{"txid":"ee305f81e0c398b7e360777f2b7213fa695f99f1893fac64463094b8eb2d631b","vout":1,"amount":73.40466891,"coinbase":false},{"txid":"9d93f4dac82627fb1969e3b082f93ee0df9ee65ff4eac3abba57073501e5bb2d","vout":99,"amount":71.85715138,"coinbase":false}],"vout":[{"n":0,"addresses":["prl1z65sd7dy5s8tdhznhgh74r6fjglrswnypmjhez2ncgyurudepam5ssgu9x2"],"amount":100},{"n":1,"addresses":["prl1p6tx5s62jav7jp2rdd3cg5gyjaddan9zy5sc6pjg0zjg7eft93v4s0z0m3u"],"amount":45.26181817}]}