{"txid":"d86f98cf2d63767f6edc85d484bf2f3e7e46907816b6ab6fc581892665420cb8","block_height":null,"time":null,"vin":[{"txid":"d86f98cf2d63767f6edc85d484bf2f3e7e46907816b6ab6fc581892665420cb8","vout":1,"amount":1201.99997634,"coinbase":false},{"txid":"bdc26b8b04fb5caef0c4a2e9c3d3ebff78dfa2e096d27551969b4e1db6bd64ea","vout":1,"amount":997.99998538,"coinbase":false}],"vout":[{"n":0,"addresses":["prl1zq2mjgg9pxmlrq6wyfxp9eern2nv93l3fwzlh3d3y3xhm2hc64ges4k2xsg"],"amount":1500},{"n":1,"addresses":["prl1pfu0e9fxx63s6gq6q0m2mqj4hawqeg9nxun99gcvuqrzktnu8gkrsfz2rkj"],"amount":699.9999596}]}