{"txid":"9d93f4dac82627fb1969e3b082f93ee0df9ee65ff4eac3abba57073501e5bb2d","block_height":null,"time":null,"vin":[{"txid":"9d93f4dac82627fb1969e3b082f93ee0df9ee65ff4eac3abba57073501e5bb2d","vout":127,"amount":209.50185502,"coinbase":false}],"vout":[{"n":0,"addresses":["prl1pmtfg58kn6kx8cc8elnru8njycuxnyej6kn8r6x29p9s3fqf4ewxssp07fu"],"amount":9.50183952},{"n":1,"addresses":["prl1zlmunravwylazvmr96r9pyvtwl3hrsqq53a4ps8v7wr2s6vqgspqqku5njs"],"amount":200}]}