{"txid":"93cf287ddacb2d8b08a20dfc1c9cbe9ecb06893f66c58ac482dd67bcbbd9696f","block_height":null,"time":null,"vin":[{"txid":"93cf287ddacb2d8b08a20dfc1c9cbe9ecb06893f66c58ac482dd67bcbbd9696f","vout":425,"amount":130.86707898,"coinbase":false},{"txid":"8f69aafb095eb1cb0a7cb7b443aad28fa7ab01f00d4ce2c117be231410dea744","vout":1907,"amount":93.2401869,"coinbase":false}],"vout":[{"n":0,"addresses":["prl1zqj673ft3rnssrfu604ppsx6tqr05flu3pzeh7v2t0wdsqkvum7lq3chz9v"],"amount":220},{"n":1,"addresses":["prl1pxgxfykzfdz50af3vtcd7s46xf87k0kyf57v7hasg6z66g0cm7nxsh67sfl"],"amount":4.10726376}]}