{"txid":"b93280f2d5e6f81c5efd554ad9d365c8f0d2f394b819cd963ad8e73e2eee1911","block_height":null,"time":null,"vin":[{"txid":"b93280f2d5e6f81c5efd554ad9d365c8f0d2f394b819cd963ad8e73e2eee1911","vout":0,"amount":10000,"coinbase":false},{"txid":"01012c24eec4da94c0c27fe18bf36e98295426169178c102d2c191a2dbbd44b3","vout":1,"amount":9999.99998846,"coinbase":false},{"txid":"a2c83e79666432b2b68906076c246e1150435a010037cfcd622b19ada2475354","vout":0,"amount":4300,"coinbase":false}],"vout":[{"n":0,"addresses":["prl1zrytluczth0q2mm87e4tk9ee4dq6ex6nxym5pafh4n7pljcwrpcgqlfv9f4"],"amount":20000},{"n":1,"addresses":["prl1p47rm07xafyztc7dz0pcs0pur3psdfqgfsawrpk646d4gasy0w2mst6rxak"],"amount":4299.99998576}]}