{"txid":"fb4f2f382a4582313fa27b861c95272112c40e64aa089073bc5c9e7074147912","block_height":null,"time":null,"vin":[{"txid":"fb4f2f382a4582313fa27b861c95272112c40e64aa089073bc5c9e7074147912","vout":1,"amount":282.98635161,"coinbase":false}],"vout":[{"n":0,"addresses":["prl1zlshchcsf6el5xlmhmtvjyz56mjgfuj4nz7n47pevq8g3srw2s80qldn7je"],"amount":100},{"n":1,"addresses":["prl1p30q4r5gnzuvnzu6w535j6rxm8yds2v6lpwy4leysycsplx3r4mrstte6nx"],"amount":182.98635007}]}