{"txid":"32e4b0c5e2383782ba7e42835aed10b5ab464609eeda1d2e6f126a99fb02d6f0","block_height":null,"time":null,"vin":[{"txid":"32e4b0c5e2383782ba7e42835aed10b5ab464609eeda1d2e6f126a99fb02d6f0","vout":185,"amount":615.46784385,"coinbase":false},{"txid":"13357ebdb0cea6bffefe60a4a81be49c265a104e382acb80694ccc678ec3cf35","vout":148,"amount":323.43211756,"coinbase":false},{"txid":"f2e117667128c046aeacf56eae7c3af6884d1fe432ea3e68623b404871658b11","vout":0,"amount":65.47777519,"coinbase":false}],"vout":[{"n":0,"addresses":["prl1zwdzhz28p9duw8es39epxxn38pulexx0sdk654k8pee4755qje42s4e8q7f"],"amount":1000},{"n":1,"addresses":["prl1p5cxa94qx9ay4ucz4f0dqkgr62fjzqhqffda07w8hk8tk39s78rjq9ezlse"],"amount":4.37764782}]}