{"txid":"eb8371af42f1c3c8f8fcd0965c592ae3ac8693f0c45fedd3aa0fb5b5caf04934","block_height":null,"time":null,"vin":[{"txid":"eb8371af42f1c3c8f8fcd0965c592ae3ac8693f0c45fedd3aa0fb5b5caf04934","vout":0,"amount":6000,"coinbase":false},{"txid":"1565d48a6120595391c2c009f83eaacc5b04148715b84a98a73122e3f252103a","vout":1,"amount":1999.99999846,"coinbase":false}],"vout":[{"n":0,"addresses":["prl1zulk63qluxpyy28uw5wcszsnhagkgcqjfg5xzgffewhsxtxal2lssukegtp"],"amount":6000},{"n":1,"addresses":["prl1p5gs28cy65r0c4flsjrljvpj47gezsfzpdlgqznx46pagvdfr69kq6khmfr"],"amount":1999.99999634}]}