{"txid":"a00652d722879de836bd45f008b7efc864d74b58a69634fb8d88915249139884","block_height":null,"time":null,"vin":[{"txid":"a00652d722879de836bd45f008b7efc864d74b58a69634fb8d88915249139884","vout":0,"amount":416,"coinbase":false},{"txid":"a84cbe12e0a9208c99d3addba4203149c5e10fe544867ffb3fd7052c9fdda64a","vout":556,"amount":3.03708611,"coinbase":false}],"vout":[{"n":0,"addresses":["prl1ztdyk6pdw3kd7u7f5tsfeuz3jsspw0nquv39hvkvg40dzrgjyweqs49eqvw"],"amount":419},{"n":1,"addresses":["prl1ps9qarkmgrhx8xmwm94lvccsf6d9uag57q7ya0qhrztr6e4yrn9sq3tljpy"],"amount":0.03708399}]}