{"txid":"9097343a4125cb56152f54a3b5bf31f5e483ba2f627c251076f307197a1a2af6","block_height":null,"time":null,"vin":[{"txid":"9097343a4125cb56152f54a3b5bf31f5e483ba2f627c251076f307197a1a2af6","vout":1,"amount":286.99,"coinbase":false},{"txid":"1fcb0881d443076e7d7a81a6ec85e6d44d520a96f61cfc73eebb2ff8a77f199b","vout":1,"amount":0.62655144,"coinbase":false}],"vout":[{"n":0,"addresses":["prl1zf97ntaneeghy4y76e8r6f8xuuu7535pqjtwlql33shmd2r9066dqplqczz"],"amount":287},{"n":1,"addresses":["prl1ppwud63x4euwf8frau3arzuweqmznjmwlujr90a4vljqw0qxfezyqx2ag7j"],"amount":0.61654932}]}