{"txid":"ca9e985543b467bad90b61ca27bd7d13bb33581b9c2942312df7683916fc1bf5","block_height":null,"time":null,"vin":[{"txid":"ca9e985543b467bad90b61ca27bd7d13bb33581b9c2942312df7683916fc1bf5","vout":386,"amount":115.69266034,"coinbase":false},{"txid":"0527546950f412a8e81c6311df2cfd8d68dff4a76eb59c6483e1fccc88c426e9","vout":162,"amount":2.64020235,"coinbase":false},{"txid":"4b0217328c19dfcaf4ca145d8e79d6c84d62d33aec11a2c5c60e0e77444f24a0","vout":0,"amount":1.94933886,"coinbase":false}],"vout":[{"n":0,"addresses":["prl1zzvsqgsf3z7t2dl3epx7de4guxdm6v7pv2z73s6cefw489mrs2wnq8kmz6a"],"amount":120},{"n":1,"addresses":["prl1p0h25h8nk4r4gkqfmvd9873gnfc4y2dv9gfl8sft7pwpgd267xnpqmytkrj"],"amount":0.28218699}]}