{"txid":"7b9c4b2d69b28d665a0bf0df9b13124f8c965516585e1a12937d560089ff5212","block_height":null,"time":null,"vin":[{"txid":"7b9c4b2d69b28d665a0bf0df9b13124f8c965516585e1a12937d560089ff5212","vout":78,"amount":230.54618357,"coinbase":false}],"vout":[{"n":0,"addresses":["prl1ztyfcfs99vyvp9rt698dkj064uujqza4ka3t743g7u58m2zmkwxpsgh6qfc"],"amount":100},{"n":1,"addresses":["prl1pgrxt4ea99yjdyvcy82jsdp6qse00wr585yzjmhp4n2l06pjjedqqp9slgk"],"amount":130.54618203}]}