{"txid":"4e04ca84f78278fa8909f6dbecf5b56f8144ea3f7ffd3e8d640bfb02ba146583","block_height":null,"time":null,"vin":[{"txid":"4e04ca84f78278fa8909f6dbecf5b56f8144ea3f7ffd3e8d640bfb02ba146583","vout":0,"amount":19999.99999,"coinbase":false}],"vout":[{"n":0,"addresses":["prl1z9kg0xvuu7sv3zw7rmlf2maplr0q4n54ns6s8es62t3h93f2nn0ks9xqnpk"],"amount":10000},{"n":1,"addresses":["prl1p47rm07xafyztc7dz0pcs0pur3psdfqgfsawrpk646d4gasy0w2mst6rxak"],"amount":9999.99998846}]}