{"txid":"6a1201d76fefcd2cc8c59d4a1e057e0b0ccb08ae89316311bb118e98ed5d3179","block_height":null,"time":null,"vin":[{"txid":"6a1201d76fefcd2cc8c59d4a1e057e0b0ccb08ae89316311bb118e98ed5d3179","vout":403,"amount":103.58268782,"coinbase":false},{"txid":"50733c4796b8bd0acc99fd9769f86830d5d844bcfc0979061f17037ef0c110b9","vout":1,"amount":84.99999846,"coinbase":false},{"txid":"81f15512cbc05bc52e5c36315295bb0f14acb16335a2663d1df948f8b92984d5","vout":0,"amount":80,"coinbase":false}],"vout":[{"n":0,"addresses":["prl1zrt3as8psx77fuuxv4mahtemtr3n2qekjdsf22ec5u95we33jkcks640px9"],"amount":200},{"n":1,"addresses":["prl1p7xkszgdmayzwqrwg8vvp5g6xsd3ex058mt5deqgfg34jywu50hfs27esve"],"amount":68.58268358}]}