{"txid":"7867fd1d68df635ab77f4cbb02e924efa868983741076db186858068a21ab3cc","block_height":null,"time":null,"vin":[{"txid":"7867fd1d68df635ab77f4cbb02e924efa868983741076db186858068a21ab3cc","vout":315,"amount":118.36246549,"coinbase":false}],"vout":[{"n":0,"addresses":["prl1zmngqlthpdhys2v2gz00xp9tukupahhqkx6aurr73vfuu8aw5lfgsl8c0ug"],"amount":118},{"n":1,"addresses":["prl1pk944mxs0nae7dwhwdepgfvsqkg8wzcqgw89h3w7rlgj8jxzfa56skwprvz"],"amount":0.36246395}]}