{"txid":"43c53c6caf26e512795b6551cc65fe0998f49302a005e1affd39b3c809c26623","block_height":null,"time":null,"vin":[{"txid":"43c53c6caf26e512795b6551cc65fe0998f49302a005e1affd39b3c809c26623","vout":51,"amount":328.89327509,"coinbase":false}],"vout":[{"n":0,"addresses":["prl1zvxfh05989rylzf4elfx65gnsfqnhfgypf296znyg5peqaxj807tql4jdfa"],"amount":320},{"n":1,"addresses":["prl1pqvkhhsfwg7avdhpvtcuapup7x59geds9wm7fp8sk6kdytdy08l7sdq9070"],"amount":8.89326689}]}