{"txid":"119720cd4481dc6d0e55725183b1a5262c0009e5c1dcf34a74aa50f900c87812","block_height":null,"time":null,"vin":[{"txid":"119720cd4481dc6d0e55725183b1a5262c0009e5c1dcf34a74aa50f900c87812","vout":0,"amount":1418.24107869,"coinbase":false}],"vout":[{"n":0,"addresses":["prl1zadjvxdy75uhtca9nf0fau60pemp7e5drv2uz7j4ucedm3tj66rjstrvx6d"],"amount":700},{"n":1,"addresses":["prl1pnd3ue0sjs9ga8tdvhxh2v2z65zfjunelz5ersp7clecx8gewhensjpd7hc"],"amount":718.24106808}]}