{"txid":"17115d15a9255d2b0c5950cf68d9ee93e2072b48407b59f10301724529f33854","block_height":null,"time":null,"vin":[{"txid":"17115d15a9255d2b0c5950cf68d9ee93e2072b48407b59f10301724529f33854","vout":1,"amount":879.99999556,"coinbase":false},{"txid":"b2ead9d88509e77ce3b43cfe4ae798b00164cefdb79863a75934b54367465605","vout":1,"amount":861.99999788,"coinbase":false},{"txid":"623d821e10575299e0f370b1eaacafa92c5871dd3d80bffc7f6a1f3cf3ef5ef4","vout":0,"amount":784,"coinbase":false}],"vout":[{"n":0,"addresses":["prl1zakqpspy9g6rg3jacr3ma93p0ew6nujyajkd3nycudh3cug0pxu7supl7tk"],"amount":2000},{"n":1,"addresses":["prl1pkarnsgxwmjnfhnmt0l5ulfgkz23xp3uqwpsvsfwraqhh02cxqdzqf7rqal"],"amount":525.99999074}]}