{"txid":"89a538675c865dd95f134d104df7633fcfa03b2acd3170d754d2ed872c674e1d","block_height":null,"time":null,"vin":[{"txid":"89a538675c865dd95f134d104df7633fcfa03b2acd3170d754d2ed872c674e1d","vout":0,"amount":199.99999,"coinbase":false},{"txid":"9253649262f20b3ec81ec959b09ace8f79f36f24285af2808ccfd562fba2a1e7","vout":39,"amount":23.74417643,"coinbase":false}],"vout":[{"n":0,"addresses":["prl1zu4e7a529udxfqfrvvkqsmldzm8s42x2kxpts3zdg6derh9r2dxastwves3"],"amount":200},{"n":1,"addresses":["prl1p83m62d9e75nq285jzx7etlgk24gpltekwmuxsycql8fdcwrhxc0q2s2nfp"],"amount":23.74414468}]}