{"txid":"50031f3851a8c9961669f1462cb5b7573ec203466e8ddec6d94e5dfbf9b2b7d7","block_height":null,"time":null,"vin":[{"txid":"50031f3851a8c9961669f1462cb5b7573ec203466e8ddec6d94e5dfbf9b2b7d7","vout":0,"amount":1002.99021784,"coinbase":false}],"vout":[{"n":0,"addresses":["prl1pzlnnnufuu9y68ssazhwv0agj4kmkad2hf4tm4z2u64c7ejj8v08q8vtyex"],"amount":2.99020224},{"n":1,"addresses":["prl1z9vf0x8s9vhpwys2qm9wzhaq2tg4j260gys5n5fmks620q5u6l0jsq7wnsr"],"amount":1000}]}