{"txid":"fcdb6f5cf6f8abb6ba7cfa2d47db300aeb32af38779b3d0367edd537f1b8dc34","block_height":null,"time":null,"vin":[{"txid":"fcdb6f5cf6f8abb6ba7cfa2d47db300aeb32af38779b3d0367edd537f1b8dc34","vout":1,"amount":331.86636064,"coinbase":false},{"txid":"7f0a7fad3067678cb87d7355be24e78716620b96c7ef0f7a9da0425fb4a5b14c","vout":1,"amount":162.6914357,"coinbase":false},{"txid":"d734937dded89498e5d0714e29a9e1b3b82fe54d3249ca7c7f432a038728a3cb","vout":1,"amount":49.80553206,"coinbase":false}],"vout":[{"n":0,"addresses":["prl1zye6sfwn89y0s6nffcyf6dtra344ktpc9h6vj0j6964e4zgdmuhzqx3uzf2"],"amount":500},{"n":1,"addresses":["prl1peeq0s7zufusjn3mutcpw9lct5vwpncavqg0khy98tc2jq3qm52hslvhmyr"],"amount":44.3633257}]}