{"txid":"15fbc2e4eeb68389df17894848336e1e775b49d8f3f438391ece3c7f1afbf8da","block_height":null,"time":null,"vin":[{"txid":"15fbc2e4eeb68389df17894848336e1e775b49d8f3f438391ece3c7f1afbf8da","vout":892,"amount":207.80648933,"coinbase":false},{"txid":"288056555173b50a1c1a9c61e8f986c03b43b994b28519f20c766a8b3a5ec515","vout":0,"amount":179.18298437,"coinbase":false}],"vout":[{"n":0,"addresses":["prl1zgznavnjmyezhaj98rua4xk58uyapyewdstdpat2kzkkr7dkswdesnwrm80"],"amount":385},{"n":1,"addresses":["prl1ppypztye8nw8t5ry8k9t9njmxrs07gneher59z0skckvkcfjf69xswznexm"],"amount":1.98919248}]}