{"txid":"60db0dd8183870bf42a7a8619fc61acc19e6cbbff2b6e2900ca766eccfd5a517","block_height":null,"time":null,"vin":[{"txid":"60db0dd8183870bf42a7a8619fc61acc19e6cbbff2b6e2900ca766eccfd5a517","vout":0,"amount":6995.9999969,"coinbase":false}],"vout":[{"n":0,"addresses":["prl1znkuzwmeceehm5y9jhr88qny76vwrp9q008qd5etv6k2mk0e0nx5qs4kw0w"],"amount":3000},{"n":1,"addresses":["prl1p203ykg09wy29er56jcn5vlt3p0466zl5nrdwye2kr3jse7ffdwnsky7ydn"],"amount":3995.99999535}]}