{"txid":"a4622ca4ecaa42bfa4dfd22c2f0a4acd821666463bcdf2324d3751d8108cb6ba","block_height":null,"time":null,"vin":[{"txid":"a4622ca4ecaa42bfa4dfd22c2f0a4acd821666463bcdf2324d3751d8108cb6ba","vout":0,"amount":319.99999,"coinbase":false},{"txid":"4040c32de5c5a8fdc8380e25168e041d01b77e9a7e944cf86d086e9af1ffc4dc","vout":1,"amount":7.6896035,"coinbase":false}],"vout":[{"n":0,"addresses":["prl1z73jgafmgsu3cunsgpjsffrwuwn3qlahe97mlzws4yf5x0arru0rsjszsae"],"amount":325},{"n":1,"addresses":["prl1pcra3fr7ng9l5eft8ezyq0jdlzs6lzcr94w5psdcczqq4gdcz8cjqxv946s"],"amount":2.68959138}]}