{"txid":"9d93f4dac82627fb1969e3b082f93ee0df9ee65ff4eac3abba57073501e5bb2d","block_height":null,"time":null,"vin":[{"txid":"9d93f4dac82627fb1969e3b082f93ee0df9ee65ff4eac3abba57073501e5bb2d","vout":179,"amount":314.07313033,"coinbase":false},{"txid":"e0fff3cb543f3249160f6095fbc95268c0a7f1c4ff02dcfbef074471d88342bb","vout":1,"amount":66.68069191,"coinbase":false}],"vout":[{"n":0,"addresses":["prl1zpx5avfln54ftj8m9753az8ufryt4naw90w08a6yjm7y2y2p9zn3ste3jxz"],"amount":380},{"n":1,"addresses":["prl1p2zu56gqek8ws9k9y40x7vvpj43x7anjysjfr4vd000jfjkufdqash09tu2"],"amount":0.75382012}]}