{"txid":"649664df34ce184d501624cfe3a0f59b23189b67f8505bbb02b8b90dde711227","block_height":null,"time":null,"vin":[{"txid":"649664df34ce184d501624cfe3a0f59b23189b67f8505bbb02b8b90dde711227","vout":477,"amount":242.87130925,"coinbase":false},{"txid":"bbb249c92212163ff37f4ca6dc91453b9e0fb08b8e13f909ea8cb2ad147097a1","vout":0,"amount":215.95551959,"coinbase":false},{"txid":"43c53c6caf26e512795b6551cc65fe0998f49302a005e1affd39b3c809c26623","vout":280,"amount":175.05007174,"coinbase":false}],"vout":[{"n":0,"addresses":["prl1zsgnxlhg38n9a8rncxswez4u508z6y5a5sfu28xyj3xv434yzld6qdvg6w5"],"amount":500},{"n":1,"addresses":["prl1pj6pwjnjc4uv42axkdd8jk8jq76khflma820acwga6vq9ztk54pzsth0s5g"],"amount":133.87687358}]}