{"txid":"ca9e985543b467bad90b61ca27bd7d13bb33581b9c2942312df7683916fc1bf5","block_height":null,"time":null,"vin":[{"txid":"ca9e985543b467bad90b61ca27bd7d13bb33581b9c2942312df7683916fc1bf5","vout":474,"amount":1043.88095403,"coinbase":false},{"txid":"6dabc86d03334716976d8a40c1a051d2faacc9eac7ffbf470a925eb692289eb8","vout":76,"amount":352.39590945,"coinbase":false}],"vout":[{"n":0,"addresses":["prl1zwjry5zfdp6mr8dmshq9wzdpguvs234f6t7hyeasrc6f5rhcu8aeqtjkm7t"],"amount":1396},{"n":1,"addresses":["prl1pvn299dygnjcwl6cy526y868jjh3ndmpa5xvjafr5p8u28tc6vsss7pclc6"],"amount":0.27685194}]}