{"txid":"26d526c24bc40464f90cafe0d0d87d84b4aebec51d667e9698ccee0cc938cc39","block_height":null,"time":null,"vin":[{"txid":"26d526c24bc40464f90cafe0d0d87d84b4aebec51d667e9698ccee0cc938cc39","vout":258,"amount":134.52967758,"coinbase":false}],"vout":[{"n":0,"addresses":["prl1zg00tj7jp4amjksstz8nlj07ge64gqn9w2amqr759vgezltfzm6dqysye06"],"amount":134},{"n":1,"addresses":["prl1plutvq8ndrjzd9h545mmxfch974k7flj59k09kfz4lm0ngx6t50rsmhdt0n"],"amount":0.52967604}]}