{"txid":"ddf65b4b1512a0d5e472ee221fea55bd09a74317540a07a89df7058a9c53ca43","block_height":null,"time":null,"vin":[{"txid":"ddf65b4b1512a0d5e472ee221fea55bd09a74317540a07a89df7058a9c53ca43","vout":0,"amount":2796.40188139,"coinbase":false}],"vout":[{"n":0,"addresses":["prl1pktfen6m5k9tr6rjqt6a5gk4vduc8rmnupgl0h9myjgepqn8tqzuq5v64zq"],"amount":2529.40186589},{"n":1,"addresses":["prl1zh5ahuvdgnf4hjh8wms3gd3jtaz2l0strhvr7rplj5zegc3rjajjs682anj"],"amount":267}]}