{"txid":"d89a9faec8b05b0d1e807e46ae63421eb7aaafb4c8089904a0d25d7909e531c7","block_height":null,"time":null,"vin":[{"txid":"d89a9faec8b05b0d1e807e46ae63421eb7aaafb4c8089904a0d25d7909e531c7","vout":0,"amount":99.99999,"coinbase":false},{"txid":"f1c6aaa39ef43c2aae7ac2d3b0e18a6d5e09ac5dd67f103414f8b98b588e6b57","vout":1,"amount":0.80222451,"coinbase":false}],"vout":[{"n":0,"addresses":["prl1zvqfd9rsg26cy08scn57eg40uzdf7utc0y8wv9s3cxwmmvnq78q5sd0t7jq"],"amount":100},{"n":1,"addresses":["prl1phc9zjg27cj3cjnsnw7nu2aazwsvu3nfzl9mepmcmdrhu0xal3hwshqv5tp"],"amount":0.80221239}]}