{"txid":"c0ff66e5d7d9f553f416c0d2eac53e10686f10aec2767273b40a15fa07afda0c","block_height":null,"time":null,"vin":[{"txid":"c0ff66e5d7d9f553f416c0d2eac53e10686f10aec2767273b40a15fa07afda0c","vout":1,"amount":3415.4844866,"coinbase":false},{"txid":"1f820e49ae9cd2019445c3dec5f52aafd43cc56c40bf1fce530a41ea2bbe769b","vout":0,"amount":3155.2040276,"coinbase":false}],"vout":[{"n":0,"addresses":["prl1zlnc08k5rtfk2k5ds3p8vjrzhq5ggtpdy04pvwkf5j9gad2a7vfws2mdxyw"],"amount":5000},{"n":1,"addresses":["prl1ps57zawz8lvzq3u86j5fa7vp84vsg2v2uj675gar5ddaa6vuqemlstsqe6m"],"amount":1570.68851208}]}