{"txid":"74661f9176f5f6b9785164ccc9f1a9a678323d555f546075a1bf5d9fe5d2a1dc","block_height":null,"time":null,"vin":[{"txid":"74661f9176f5f6b9785164ccc9f1a9a678323d555f546075a1bf5d9fe5d2a1dc","vout":553,"amount":552.16890901,"coinbase":false},{"txid":"febcc114e0430727e69d5295053acf0f31e75d24a6bda67969b32bc090f5e1a4","vout":338,"amount":539.17433391,"coinbase":false}],"vout":[{"n":0,"addresses":["prl1zewz93x3lxcuds640w9sl4xv93fcyzhevysuwppf3mlqlgga64q2semlv6r"],"amount":1000},{"n":1,"addresses":["prl1pprc9k5ccamytuj5nj4hcmeed54562ustacc5tpddwuvyh9el59mqpuq7j5"],"amount":91.34302823}]}