{"txid":"31bca467327707c28bf0fb6e8ba872a38230018542dc6f99ec0f9af22b305db6","block_height":null,"time":null,"vin":[{"txid":"31bca467327707c28bf0fb6e8ba872a38230018542dc6f99ec0f9af22b305db6","vout":0,"amount":22379.15777725,"coinbase":false},{"txid":"cb5d01451349c8d4cdc5dfbefa27fdce84d139cfda1716316e0c9b783ee603f5","vout":1,"amount":496.02616058,"coinbase":false}],"vout":[{"n":0,"addresses":["prl1za0tcv7m42r7eqgx6xuyecxvewqp7kq2fsdndfgkg8rtyaymmtk5qfx8z6c"],"amount":22870},{"n":1,"addresses":["prl1prhdm2l794627zr0zpnpv2gzlx2z84z3zst9uha2yhjpp25t5rcesd2tpc3"],"amount":5.18392637}]}