{"txid":"152ec09038885180990ae008e0a718852448b72bf50dd6d53ffd3b089a0f5808","block_height":null,"time":null,"vin":[{"txid":"152ec09038885180990ae008e0a718852448b72bf50dd6d53ffd3b089a0f5808","vout":0,"amount":999.99999,"coinbase":false},{"txid":"cb5bde02f852375fd32cb9869039577be3c5eca7d1dde517885895218522f9c1","vout":42,"amount":18.34036371,"coinbase":false},{"txid":"79b61aea07412174b2a4e4fe1f836ad3c3c5ad0cd62b0a184b84cf2ac667e640","vout":30,"amount":17.92188334,"coinbase":false}],"vout":[{"n":0,"addresses":["prl1z9y0qreqkd8zjz3tax0vekn2tdehayrtes7xu4tzzeqlw278rrzsswkrp79"],"amount":1020},{"n":1,"addresses":["prl1pm2ww5pg5e49k33md5v7dnnx9kq8uqsmntcafhpd6fhz84rxnhupq4ktsw3"],"amount":16.2622183}]}