{"txid":"77b909dbcb84fbff0c60968ca84cb6a517d2357a6ce12afce7447fb5299d05a1","block_height":null,"time":null,"vin":[{"txid":"77b909dbcb84fbff0c60968ca84cb6a517d2357a6ce12afce7447fb5299d05a1","vout":1,"amount":114.48528383,"coinbase":false}],"vout":[{"n":0,"addresses":["prl1zuzyww4ymk3mark70u50k2syj6ml9yye6sk28evrua866vmvrygzsfpfqva"],"amount":114},{"n":1,"addresses":["prl1p9fe87w3edercg9c3sfh0shh3y9ln7ruscfqsux9u05j5myj74nrqaw7uc6"],"amount":0.48528229}]}