{"txid":"52d7710432007beb7471fe7fdc31b4e9b022c4a496d700636f222a7e20387a0e","block_height":null,"time":null,"vin":[{"txid":"52d7710432007beb7471fe7fdc31b4e9b022c4a496d700636f222a7e20387a0e","vout":0,"amount":824,"coinbase":false},{"txid":"98809aa86a300e9bd237110085525c5b9d66806024c5815e667ff580e5df78ce","vout":0,"amount":400,"coinbase":false},{"txid":"8675b967f329050c03341f00a78f25e8c878cf07c49e27b2b22f63a5047e5346","vout":1,"amount":0.09944401,"coinbase":false}],"vout":[{"n":0,"addresses":["prl1z2rc4kmddk0yavqpn87uwv6y9u70gh4572xe5drw858v80uk0sp9qxe2aq3"],"amount":1224},{"n":1,"addresses":["prl1p9849nsvv3twpqdjxe3v7xk6g0k2upz0vpy4pcyna4fn6v6c8guss2ctcaw"],"amount":0.09944131}]}