{"txid":"2683efb77e59e33e94c3b4ad345708dfb16523b10b124f0ccf13c5a88e0e9776","block_height":null,"time":null,"vin":[{"txid":"2683efb77e59e33e94c3b4ad345708dfb16523b10b124f0ccf13c5a88e0e9776","vout":0,"amount":174.08,"coinbase":false},{"txid":"abfef44bb6482292eb9c8b65df7b1e3ffae8ae1c21380b0b24d6606ffd61d3ed","vout":1,"amount":129.6833175,"coinbase":false}],"vout":[{"n":0,"addresses":["prl1zcfsalccw6m60a7w75kl593vz5yxy8ky626kc3st5rc2smu555p0q2e5x3e"],"amount":300},{"n":1,"addresses":["prl1p0zjujz9n7stxp0rl46s9p8n9scf6eyh96xzdr9u30hms54qkulfq6r87mu"],"amount":3.76331538}]}