{"txid":"6ddd2c2141a4c72beb0afa1046d3faecfc94be67bcad7913279a3f9a3435fdc7","block_height":null,"time":null,"vin":[{"txid":"6ddd2c2141a4c72beb0afa1046d3faecfc94be67bcad7913279a3f9a3435fdc7","vout":0,"amount":162.41701323,"coinbase":false},{"txid":"212c4059e2d96f61530a6fdd170e2c696186f82ee0d9199dac55b78c86f20c2d","vout":121,"amount":55.24434532,"coinbase":false},{"txid":"43c53c6caf26e512795b6551cc65fe0998f49302a005e1affd39b3c809c26623","vout":24,"amount":7.25351895,"coinbase":false}],"vout":[{"n":0,"addresses":["prl1ptmmne9ydh8gm2zwkdcskheu6r4awfyt4f7utjfqaayqz43k53l2qr6mwsv"],"amount":0.91486292},{"n":1,"addresses":["prl1zynqg9p5vl3dhw5dff3ypkzzv4egxvj225gutgpjjcdnallxj2h0qyy03ec"],"amount":224}]}