{"txid":"46974f11e937a59b49f13288f6021274492c5c2b4c2a705d0d27ef9241758fea","block_height":null,"time":null,"vin":[{"txid":"46974f11e937a59b49f13288f6021274492c5c2b4c2a705d0d27ef9241758fea","vout":0,"amount":647.99999,"coinbase":false},{"txid":"7577bdc063f418f053f4c8a9b7dd3af95829b2606179d1394298d76630bb4580","vout":1,"amount":0.19492827,"coinbase":false}],"vout":[{"n":0,"addresses":["prl1zjh6r5ch8yz2llvcwcr0jhmujl09c5mr3gd8u0vg590y7dtz32t4spr84p9"],"amount":648},{"n":1,"addresses":["prl1ph8pm3wq738kt7q3sjusztaml6v8ur444506r44qderqly0whwsmqmxlw2e"],"amount":0.19491615}]}