{"txid":"49cc75032fd606a94970d1bc4c9cd8f661c2bbdba551cb9b245d3e9a3247b536","block_height":null,"time":null,"vin":[{"txid":"49cc75032fd606a94970d1bc4c9cd8f661c2bbdba551cb9b245d3e9a3247b536","vout":0,"amount":559.99999,"coinbase":false},{"txid":"136ddebba603e725ee3e9be06d664432d3678025ad59cc69f756c1e3fc7551a2","vout":1,"amount":0.99999576,"coinbase":false}],"vout":[{"n":0,"addresses":["prl1z8dlhdw4t45g8weal2jw5j0g3sw3ak3g2ucejv49wtprkng7c66eszchuq6"],"amount":560},{"n":1,"addresses":["prl1phvyyj0tndklv63k9sy5uczr6d0hx6qxnu28zqkn8aexg26zcatpqkhr54j"],"amount":0.99998364}]}