{"txid":"9cb0191bc482292fc9b9af54dc068e19dccd63529c70934124b15efaba33ed16","block_height":null,"time":null,"vin":[{"txid":"9cb0191bc482292fc9b9af54dc068e19dccd63529c70934124b15efaba33ed16","vout":0,"amount":10000,"coinbase":false},{"txid":"466a50d4dc17e772dadef32a936d6d822be66a8fd17829cf688dac089f4d3e7e","vout":1,"amount":2997.99999846,"coinbase":false}],"vout":[{"n":0,"addresses":["prl1zdqwf9lrf7nlypfvduldygq0vu3ag2rvg0pqdmglr8gkjrzd4zquqmkczxl"],"amount":10000},{"n":1,"addresses":["prl1pfu0e9fxx63s6gq6q0m2mqj4hawqeg9nxun99gcvuqrzktnu8gkrsfz2rkj"],"amount":2997.99999634}]}