{"txid":"93006d86786f318e603d225f231d37e2cd442351e2c751eda4a25bf2dbc6fe88","block_height":null,"time":null,"vin":[{"txid":"93006d86786f318e603d225f231d37e2cd442351e2c751eda4a25bf2dbc6fe88","vout":0,"amount":999.99999,"coinbase":false},{"txid":"0220bf9288bbeede5ca53a9c8cdd256bae96525d990f901f2ed934b4bbaed572","vout":1,"amount":9.30803508,"coinbase":false}],"vout":[{"n":0,"addresses":["prl1zq2t0mnwtgc8ehq7gep2w9j7eyrsnj8x3756cfhgt5hk7gmvqf3dsnny8as"],"amount":1000},{"n":1,"addresses":["prl1pf5g0d45ef5kc6yl8ehpjrlgzje4ws64yl9ncuclnc8uah9g8ckhqdzeefa"],"amount":9.30802296}]}