{"txid":"587f98d2de2a6523116165fea23ca779fb19d60687b49649f677b02760c40560","block_height":null,"time":null,"vin":[{"txid":"587f98d2de2a6523116165fea23ca779fb19d60687b49649f677b02760c40560","vout":22,"amount":99.4585758,"coinbase":false},{"txid":"5055cbc66f816a78561e9c7f77bd165ca47557095b7660263ad825f092826a7a","vout":50,"amount":46.27542069,"coinbase":false}],"vout":[{"n":0,"addresses":["prl1prldqqc52xerev2f46dudvvfur2xgr2c92skvl7ypsfe5mrpn93ashmhka3"],"amount":0.73392556},{"n":1,"addresses":["prl1z0rjlyry5m3hw5c9fumklp0ncu3xqkd3r93wjw5ey0s607hefdqysqutl5h"],"amount":145}]}