{"txid":"78f910467179bb9a66b319506c07b89c3b6eca9d57908a0d2e4e02f96e28d866","block_height":null,"time":null,"vin":[{"txid":"78f910467179bb9a66b319506c07b89c3b6eca9d57908a0d2e4e02f96e28d866","vout":0,"amount":104.99999,"coinbase":false},{"txid":"c3470ade9f1693a88aa3f429823193b0d833cfa62f2f79862fed922b109c88c2","vout":686,"amount":52.44449344,"coinbase":false}],"vout":[{"n":0,"addresses":["prl1znzf0r7jpfxyshf02swucww26qa026lvudxuqcuqhtjwgal259qtsye4sr4"],"amount":150},{"n":1,"addresses":["prl1pskk83v2k6xmrq7ev9v0y47ralq49ne2lhudkzzwvwe9ke3sjh2fqjc3x8j"],"amount":7.44448132}]}