{"txid":"c995407529d31e98264786434b029a36f265f3954a50a3b0e1ec2907eb09cdc8","block_height":null,"time":null,"vin":[{"txid":"c995407529d31e98264786434b029a36f265f3954a50a3b0e1ec2907eb09cdc8","vout":0,"amount":252.22658945,"coinbase":false}],"vout":[{"n":0,"addresses":["prl1psmu9y2sjz6avxajzw6rrdsmh5nlfhcdmesce9ehp9knslay26nmsef76m5"],"amount":2.22658103},{"n":1,"addresses":["prl1zwecdfzhh43hryfjcq8syjyrklz77d8nyyp0puudgr393af385mpsmczh0m"],"amount":250}]}