{"txid":"6a1201d76fefcd2cc8c59d4a1e057e0b0ccb08ae89316311bb118e98ed5d3179","block_height":null,"time":null,"vin":[{"txid":"6a1201d76fefcd2cc8c59d4a1e057e0b0ccb08ae89316311bb118e98ed5d3179","vout":948,"amount":180.1438049,"coinbase":false}],"vout":[{"n":0,"addresses":["prl1zeqnkyum5xq9w52h2gdd95lkm52pppgmjdtr6cqm64zwy6x0n2jvsfkykkz"],"amount":100},{"n":1,"addresses":["prl1pvxv7nhgzjgs53qplk7pexf6eafu6vj0c5jjyzqa5tf8lgvprsj9q8h9ma6"],"amount":80.14380336}]}