{"txid":"15d387f1d2f4858f7cbd50c86a82cd17641a2869e98f9d407c6e9340c42cd6c7","block_height":null,"time":null,"vin":[{"txid":"15d387f1d2f4858f7cbd50c86a82cd17641a2869e98f9d407c6e9340c42cd6c7","vout":1,"amount":3627.99999846,"coinbase":false}],"vout":[{"n":0,"addresses":["prl1z3n06gxxjfuv2pr5ufa5xqsv8z8r08h05xjweslfp7zujzaefz9gqwvhrau"],"amount":1250},{"n":1,"addresses":["prl1pk0uwp4360363kz8803mfu52qt808ldpqf3tfccsctskk2kpa6x2smjsn4f"],"amount":2377.99999692}]}