{"txid":"8f5ebe5fbdb71befcbd91f5e035c41d4e1c589dc75f2546d84a4cad9b24597cd","block_height":null,"time":null,"vin":[{"txid":"8f5ebe5fbdb71befcbd91f5e035c41d4e1c589dc75f2546d84a4cad9b24597cd","vout":1,"amount":5000,"coinbase":false},{"txid":"9ad5394a3fe2eab66ab8a43df9b9ec9750ff2f0cb7ec00d23e68f7196aa36dae","vout":1,"amount":0.99995664,"coinbase":false}],"vout":[{"n":0,"addresses":["prl1ztvtmsvwx3w725aw3tac8vjk7dzvf0k6zcatx7ddpc63gd3fzt8sqspuxn5"],"amount":5000},{"n":1,"addresses":["prl1p3gg6x95uh2nkewdaq6u8e5am7j7j5wd95h3kmx94mguphrxgk6cq77tj27"],"amount":0.99995452}]}