{"txid":"16d558136850c9eb1a8bd0960f31eeecb879b6163b1a4d524368d933e9064ddd","block_height":null,"time":null,"vin":[{"txid":"16d558136850c9eb1a8bd0960f31eeecb879b6163b1a4d524368d933e9064ddd","vout":36,"amount":288.2136089,"coinbase":false}],"vout":[{"n":0,"addresses":["prl1pkmyma9ckw5le8pfrvutl66hcpdj5cfw3kypclnu07yhppk66z07sdhvxtk"],"amount":142.21352053},{"n":1,"addresses":["prl1zfn2ndnw30r6skh7nqtdnmzm9m2dzkz035kw667syhcat8nfpee7snqdch4"],"amount":146}]}