{"txid":"f6cbeb6ae667d29b86afbd12a21f7e780a6630e013d86f294ac6fb5f7777d946","block_height":null,"time":null,"vin":[{"txid":"f6cbeb6ae667d29b86afbd12a21f7e780a6630e013d86f294ac6fb5f7777d946","vout":1,"amount":831.28999692,"coinbase":false}],"vout":[{"n":0,"addresses":["prl1zjrjpfzjtq4kfpqdt5dw6qm9sgyh5svzwr3jp8zeujy9u6jystkuqc73wh6"],"amount":738},{"n":1,"addresses":["prl1p27r52vrxttdjr5q6xw0vxfsa5fcn7r3l8azkv4ls023rj7md57rsd05g0p"],"amount":93.28999538}]}