{"txid":"7a2c1278b9f0481c91e81c26423df01a785f3e958926a30e24fca4f12601ff0f","block_height":null,"time":null,"vin":[{"txid":"7a2c1278b9f0481c91e81c26423df01a785f3e958926a30e24fca4f12601ff0f","vout":0,"amount":101.99999,"coinbase":false},{"txid":"eb2db16f3262e1023b991ab4f186bf7d8192ff618e4ad5545c72918100b840b2","vout":1,"amount":0.35057981,"coinbase":false}],"vout":[{"n":0,"addresses":["prl1z9q7sjvqgqm5nms4qwz3cff4udqhkg6ahslrdesrs9elsdhcmlv3s8kev36"],"amount":102},{"n":1,"addresses":["prl1pxrhs6z78an2ss734lr7jt9fs5n9ev8k8v7c8gvqtdxs3gd7aptusydaj03"],"amount":0.35056769}]}