{"txid":"decd4e75f103c6b0c61b30633504f71d98041798b90aa391487c899f0cb1333f","block_height":null,"time":null,"vin":[{"txid":"decd4e75f103c6b0c61b30633504f71d98041798b90aa391487c899f0cb1333f","vout":1,"amount":2999.99999384,"coinbase":false},{"txid":"bc8bcfb0105a178ef61b65d9eb771a80478f4552552fe15ed81c811618585eef","vout":0,"amount":999.99999,"coinbase":false}],"vout":[{"n":0,"addresses":["prl1z5434qlt2dds7kvt5s4jrj65shvctqcjd9t80hxurtfnveafzcvgsyzfprs"],"amount":3100},{"n":1,"addresses":["prl1p209gdfdx4vl4y229jsqgx7rrncxpjpt2dgczqm7s8etpy0v60adqq05623"],"amount":899.99998172}]}