{"txid":"6a17e68b23a57e4fd441ba036d24f42b1e5c5f03f52599dd92f085eca63494fb","block_height":null,"time":null,"vin":[{"txid":"6a17e68b23a57e4fd441ba036d24f42b1e5c5f03f52599dd92f085eca63494fb","vout":1,"amount":2441.84987159,"coinbase":false}],"vout":[{"n":0,"addresses":["prl1zm86xl9vxvjx4a35ps5t975w35h5umqch4jl8jhqjudfeg9v26yyqleu508"],"amount":1000},{"n":1,"addresses":["prl1pxgx47sgn9wrzhl5gsugur9j4yxzpf7wpfv4m4ynqr35w9ng4avvqduz955"],"amount":1441.84987005}]}