{"txid":"9486c41a048890326cc0640c0198340c41b035eb9413ec03cfe4454cfb15c3d7","block_height":null,"time":null,"vin":[{"txid":"9486c41a048890326cc0640c0198340c41b035eb9413ec03cfe4454cfb15c3d7","vout":0,"amount":1043.99999,"coinbase":false},{"txid":"3c55589b83176e42449eed208267ac13723d037113e3ac7e7ded79361d800081","vout":1,"amount":0.63996552,"coinbase":false}],"vout":[{"n":0,"addresses":["prl1zh74hvvndpttwfrtvpkctd0vyhwkmulcmsntv940q7x2kvxgaywaqm6jw3g"],"amount":1044},{"n":1,"addresses":["prl1pml4rlyp6w0m0ylvxaxpm4j434qu0rmjgxpguvkz6gl7729uma5tshv3rs4"],"amount":0.6399534}]}