{"txid":"d467f40ef10b8352343361ce1e4e24d67b8d889cb2af53ed7cda9d6a7c751be3","block_height":null,"time":null,"vin":[{"txid":"d467f40ef10b8352343361ce1e4e24d67b8d889cb2af53ed7cda9d6a7c751be3","vout":1,"amount":7224.97617896,"coinbase":false},{"txid":"465545342d26a1ef06c50762640756ee2259a32dcfcb0872cb0e2348c44d7655","vout":1,"amount":5899.99999846,"coinbase":false}],"vout":[{"n":0,"addresses":["prl1zyh6fk67mz0w8543q8lkrf3mkm9mg8c5hf5ypjrvk66tkcnnxa4wq7urg0l"],"amount":12300},{"n":1,"addresses":["prl1pgz7xkmw396pcnw43ptt4sg35gkv5ax789whywt6ja7mqz494hrmq2q3fk9"],"amount":824.9761753}]}