{"txid":"cc537ed17ad1d281f953b2016b4df6687e02da810247693d3edcf5528629cf38","block_height":null,"time":null,"vin":[{"txid":"cc537ed17ad1d281f953b2016b4df6687e02da810247693d3edcf5528629cf38","vout":480,"amount":377.58834224,"coinbase":false}],"vout":[{"n":0,"addresses":["prl1zwtl2h2hm8mmtdwlaet7ra0gp7rnkfxvkpcgxx705m65krwf7e3ws0uuymw"],"amount":300},{"n":1,"addresses":["prl1p2p0lp0xhvg5y8cuqyuck9udzykv3cxkffn0n0ahzuuf0dapr9vzsmyueqx"],"amount":77.5883407}]}