{"txid":"0287f5c53d313d2a0d439e32206dbb9b478c9ba276ffc6af18672cd28b2fb383","block_height":null,"time":null,"vin":[{"txid":"0287f5c53d313d2a0d439e32206dbb9b478c9ba276ffc6af18672cd28b2fb383","vout":0,"amount":2986.65678154,"coinbase":false}],"vout":[{"n":0,"addresses":["prl1zxpgjap2v9u76hhzle3r4kv7k07ndaq29m64s5d3hp392t367hx8sjtvwfc"],"amount":100},{"n":1,"addresses":["prl1p4ggxg7wmzd89ky6h7nu06x46azk6jnugc2yx5jvkjyun3s3zxxuqdw0glu"],"amount":2886.65677999}]}