{"txid":"28bc93d35bf3c8d663eede37e00838b3dbb9ded47ec0c58096625f643589cd45","block_height":null,"time":null,"vin":[{"txid":"28bc93d35bf3c8d663eede37e00838b3dbb9ded47ec0c58096625f643589cd45","vout":0,"amount":99.99999,"coinbase":false},{"txid":"bdcd45e18584edc6c314c97792a0e047178248f5455f874e86ad8c7fe46a7ed2","vout":1,"amount":44.97166122,"coinbase":false}],"vout":[{"n":0,"addresses":["prl1zlkf44rs395j6nduketrmaqrm0km7g6cr05wg67lhy3aultu3a0fsczker0"],"amount":100},{"n":1,"addresses":["prl1pwr5886ypg84da89qdnuar3847aw56m80mzrsnzycwk0xknq5w6vsdwhre6"],"amount":44.9716491}]}