{"txid":"5639151e5bf777522ea0bd174af5af6ff4f46de7faa148acf4656157cdd3116c","block_height":null,"time":null,"vin":[{"txid":"5639151e5bf777522ea0bd174af5af6ff4f46de7faa148acf4656157cdd3116c","vout":12,"amount":1116.19493159,"coinbase":false}],"vout":[{"n":0,"addresses":["prl1zryce8qmdka50akxdulx2uyajzcw9upmps4d740mgss0rasdnkyxsh74t0u"],"amount":1000},{"n":1,"addresses":["prl1ph8e3gxnytz9zmemwygpmlahft0d5gz4wwqs6uu0nqmlwhm80laeqhpm3ex"],"amount":116.19493005}]}