{"txid":"77c9945c5f94b9d0967ad05ff6471be236ae13d14f4a86bd048bb40638ebfcb0","block_height":null,"time":null,"vin":[{"txid":"77c9945c5f94b9d0967ad05ff6471be236ae13d14f4a86bd048bb40638ebfcb0","vout":1,"amount":13029.779928,"coinbase":false}],"vout":[{"n":0,"addresses":["prl1pm483x9zsxel9s6njt83adty94kzdztql6fumtnv6xqe0954azwlqxyyxva"],"amount":10469.7799125},{"n":1,"addresses":["prl1z6j35sukvxf76ypvu07x8zx02d2xtrg4ks9639jthwl5r90efqxlsuqexy4"],"amount":2560}]}