{"txid":"a683a87166bd2038df3bbd9840d9295fbafb578ed92cd983bfb938dc0334fa56","block_height":null,"time":null,"vin":[{"txid":"a683a87166bd2038df3bbd9840d9295fbafb578ed92cd983bfb938dc0334fa56","vout":1,"amount":602.40486107,"coinbase":false}],"vout":[{"n":0,"addresses":["prl1pgx3tzq6z667acemptn9xzj54fqgjwknttx6aqd9x9fshf965j8dq2ra2hj"],"amount":302.4048455},{"n":1,"addresses":["prl1zknqeu9e2vdrmafw2rdtu0g929erjknugg7exf8wtyj48n0cu8z9sqypxjv"],"amount":300}]}