{"txid":"f974b63f42a12c9dfac696f2d3c697a239ffb286832942da0f5e11747775bd19","block_height":null,"time":null,"vin":[{"txid":"f974b63f42a12c9dfac696f2d3c697a239ffb286832942da0f5e11747775bd19","vout":0,"amount":200,"coinbase":false},{"txid":"0653388d505a7324747c01dfc1cbebfc26329c6d98987754754c4c161220fad2","vout":1,"amount":42.40548587,"coinbase":false}],"vout":[{"n":0,"addresses":["prl1zyur8ys3saazmthtr7cnlpvx7wlvjwcug65saenqs9jhsn3ac2fjq57z3py"],"amount":200},{"n":1,"addresses":["prl1pcmh09gq68xeywxcjhzcjv9jvzl4s6g808cll4f4mh955ajpq485qgh8u6v"],"amount":42.40548375}]}