{"txid":"551ab5f640dffb12d0b9fb88c3a612d93b26f28fa6221eeae73983bc970c9a5e","block_height":null,"time":null,"vin":[{"txid":"551ab5f640dffb12d0b9fb88c3a612d93b26f28fa6221eeae73983bc970c9a5e","vout":0,"amount":21707.83609045,"coinbase":false}],"vout":[{"n":0,"addresses":["prl1pa78whp3xerstehcuzkx06k9cn3sl68nn63tugj9t599yt3mnl5kqywdmxr"],"amount":7.8356889},{"n":1,"addresses":["prl1z6qr47sfsv8uga5sl5a6xv9s3k2ql0nn94j2tx52vc0g50vmjr2hq97q2xk"],"amount":21700}]}