{"txid":"476a1adfb9ff749622d917b72d08e228b38c8cc9fa44ef063401a6a1f11a1c57","block_height":null,"time":null,"vin":[{"txid":"476a1adfb9ff749622d917b72d08e228b38c8cc9fa44ef063401a6a1f11a1c57","vout":1,"amount":75.58395765,"coinbase":false},{"txid":"6dabc86d03334716976d8a40c1a051d2faacc9eac7ffbf470a925eb692289eb8","vout":216,"amount":40.21368087,"coinbase":false}],"vout":[{"n":0,"addresses":["prl1zgvmnyqfspwnu6h6el6jcppsnga97r0tg87ejcl00y3audk9pdsrq5hts4u"],"amount":100},{"n":1,"addresses":["prl1pu08fzrmgz2f4ma6t454sqg4vlnzdqjvng4g24pes85crljxuu65srrttup"],"amount":15.7976364}]}