{"txid":"07a0245adbf142538cd0e796f4272c047ac4bef1b4e2c7117e11725271445556","block_height":null,"time":null,"vin":[{"txid":"07a0245adbf142538cd0e796f4272c047ac4bef1b4e2c7117e11725271445556","vout":0,"amount":1649.99999,"coinbase":false}],"vout":[{"n":0,"addresses":["prl1pcpwea77zhyvrpwhxurfy3tzwm9ju79ywjgxd9meaagxjuztr3psqcmc2vq"],"amount":4.99998158},{"n":1,"addresses":["prl1z6a9x52duwhpnmetxfd9utchwghfetcjeqz05sqelm54fd6889uwqmlph89"],"amount":1645}]}