{"txid":"33cc12f487b77d7a377289a5088e6b27aa635c7506647d7198c186b9c226d860","block_height":null,"time":null,"vin":[{"txid":"33cc12f487b77d7a377289a5088e6b27aa635c7506647d7198c186b9c226d860","vout":328,"amount":306.41238667,"coinbase":false}],"vout":[{"n":0,"addresses":["prl1z7sd2j0nx9uvr46t0lz864kn3wpap9sx244fa4jhs85ck35c22pjs4geg5n"],"amount":100},{"n":1,"addresses":["prl1pefy97fscslmg7ls4nnydj4x2qk87e9g20ztf6d9h0sf0s007flhsghwpnu"],"amount":206.41238513}]}