{"txid":"9759e561607e499a36c8fa2e0435733de3ae4d81eda23cf7da7b2499783f4d52","block_height":null,"time":null,"vin":[{"txid":"9759e561607e499a36c8fa2e0435733de3ae4d81eda23cf7da7b2499783f4d52","vout":1,"amount":182.02993894,"coinbase":false}],"vout":[{"n":0,"addresses":["prl1pnrh7w9qyakau2c5sgkkkuvaf0n970pjwjrgl2dy9uq20xmd896jqac55gs"],"amount":43.02993062},{"n":1,"addresses":["prl1zsp2gxevacxwasm93n0802lh2ldyddtr9agj6y9xgdwlrdy8dz9ysvc2m06"],"amount":139}]}