{"txid":"ea7e31ddc284e61b73b30cad54f35f8239b8594735bd3bb3f62ab347c88dcba6","block_height":null,"time":null,"vin":[{"txid":"ea7e31ddc284e61b73b30cad54f35f8239b8594735bd3bb3f62ab347c88dcba6","vout":1,"amount":909.69135551,"coinbase":false},{"txid":"7375c99dac20d04963a7e1d997a4d5dafba3951591ea0b014b82f5b8d259adac","vout":148,"amount":507.65048726,"coinbase":false}],"vout":[{"n":0,"addresses":["prl1ppedj80z93nk2wh3szk4hcaqe4he6xngqg05dk4jez0v3t6cx6pwqe83wvt"],"amount":17.34161688},{"n":1,"addresses":["prl1zxvxvesjxqrgv87lau6t7g2egup8yzpe4z730z489m9n555lym2wqt2dap4"],"amount":1400}]}