{"txid":"17a8dac02b925ffd0dc5df728c3ed3a3b8eb556f54684fa803c346800e7ddfe1","block_height":null,"time":null,"vin":[{"txid":"17a8dac02b925ffd0dc5df728c3ed3a3b8eb556f54684fa803c346800e7ddfe1","vout":0,"amount":400,"coinbase":false},{"txid":"7867fd1d68df635ab77f4cbb02e924efa868983741076db186858068a21ab3cc","vout":175,"amount":42.40548799,"coinbase":false}],"vout":[{"n":0,"addresses":["prl1z54gr9ecndzy70nav3a0ktg46s6weem8t09gv2xpkdcx2wepup7zstlv3ky"],"amount":400},{"n":1,"addresses":["prl1pcmh09gq68xeywxcjhzcjv9jvzl4s6g808cll4f4mh955ajpq485qgh8u6v"],"amount":42.40548587}]}