{"txid":"9643a1270da32454a16d4fad48eee5575605dd697400550f01c63cd274989503","block_height":null,"time":null,"vin":[{"txid":"9643a1270da32454a16d4fad48eee5575605dd697400550f01c63cd274989503","vout":67,"amount":195.30861731,"coinbase":false},{"txid":"83bc21a86da71061833233c7d36e367cfeeda6c0fcd3b9e4249bd42a01ac793b","vout":1,"amount":58.02265261,"coinbase":false}],"vout":[{"n":0,"addresses":["prl1zxwvssm5yv7d7zmwaq0t9z7n7s33cu6p537n0fkcgqfp3mv653fkq5n7fjd"],"amount":250},{"n":1,"addresses":["prl1pewu224ntqz23qaprru7g2srt32pmdaaxlfv4w87ys2yhg80x4ymsga95yp"],"amount":3.3312678}]}