{"txid":"cb2f1f4b7829c4f0bbc266da0f29e2a1aa530030b0f7d3d471ad103d987d7f96","block_height":null,"time":null,"vin":[{"txid":"cb2f1f4b7829c4f0bbc266da0f29e2a1aa530030b0f7d3d471ad103d987d7f96","vout":591,"amount":163.4927029,"coinbase":false},{"txid":"a1eb498bdd69de0497785eeaaee7f9190713c5ce9d6b833046dbb53c53a27827","vout":25,"amount":150.48937847,"coinbase":false},{"txid":"59bc21f7c51be87bba60e629a5831cc3401f80b2d9b3e3e7182364770280a534","vout":1,"amount":0.41087512,"coinbase":false}],"vout":[{"n":0,"addresses":["prl1z2s4ku46jyauq3gh86lwg38yysj3hmqgfm67a73pfc2pha8lpqrds6jep8y"],"amount":314},{"n":1,"addresses":["prl1p3phj9w74n380cd62mjw48l5cp0s0mrgfax6s695lqgc7gt0w3n7q5aluaq"],"amount":0.39295379}]}