{"txid":"c0a36d221e2acff8341c90c2474d201dc3c42c116ea8a769d9b292eff06f6da3","block_height":null,"time":null,"vin":[{"txid":"c0a36d221e2acff8341c90c2474d201dc3c42c116ea8a769d9b292eff06f6da3","vout":0,"amount":200,"coinbase":false},{"txid":"e966cce0d705ad63aa9912a461ae635027aaceb53523a356b3d5a980e5b3076e","vout":1,"amount":22.67955472,"coinbase":false}],"vout":[{"n":0,"addresses":["prl1p644jcg0trtjrzgx9hkv7lpmvc9d89yhpw3hrjsl73edus5q8khys3dt7z9"],"amount":22.67954324},{"n":1,"addresses":["prl1zrplyufascmz6lzjvkq6h699zvdfw2cuan2v82rf4u236khsnh87qxf8djk"],"amount":200}]}