{"txid":"44f67eba7fdefad1aa920162a717e1d9454c1f4913d73b94ae7c346e26910b97","block_height":null,"time":null,"vin":[{"txid":"44f67eba7fdefad1aa920162a717e1d9454c1f4913d73b94ae7c346e26910b97","vout":0,"amount":989.8,"coinbase":false},{"txid":"86cfa88c6aab44a8bfe1a85e70a51019756bd4c19067fffc7ea09431707d1dd2","vout":1,"amount":556.99999634,"coinbase":false},{"txid":"435d6b7983c232d1c6860ed0296864d5b8f71f6a30b2a9719c0b014f92c889e2","vout":1,"amount":469.99999846,"coinbase":false}],"vout":[{"n":0,"addresses":["prl1zd3usxls7xg2c09afzl434mu5v36lndc05fgy6yyq0402ptkr3s9qd22nh9"],"amount":2000},{"n":1,"addresses":["prl1pk4yk46hqqtxynr9qk5z2vfle636hpsmwzepwvgslzvec94ealcsqm3pas0"],"amount":16.7999921}]}