{"txid":"c1f082da07dd01b5c14ee337b40469fa23acd5cfe83f3e54d6c4321031337a64","block_height":null,"time":null,"vin":[{"txid":"c1f082da07dd01b5c14ee337b40469fa23acd5cfe83f3e54d6c4321031337a64","vout":1,"amount":10432.42704146,"coinbase":false}],"vout":[{"n":0,"addresses":["prl1pha9t8p7cecdyha5a3n2t4u8q67vzzft6w4elzykclcxalvuuumvs2l9hkr"],"amount":32.42702596},{"n":1,"addresses":["prl1zvgja6gekueshz7nhvlh62n75ttgf0hqwl5ek6845g0ga4er4dyesmdr4hp"],"amount":10400}]}