{"txid":"a30372b734d2af496a1dbd4b9c828be8f842048741e2981644d99f639a39a9d9","block_height":null,"time":null,"vin":[{"txid":"a30372b734d2af496a1dbd4b9c828be8f842048741e2981644d99f639a39a9d9","vout":0,"amount":11719.53983877,"coinbase":false}],"vout":[{"n":0,"addresses":["prl1pe8dtdnhxm45axmunzamql2jks4429qalf4fx2ul5ru4sgdhpnypqptk8ft"],"amount":8719.5396765},{"n":1,"addresses":["prl1zg35f2z58nyzarlj2ttv604uy9masw0quqxkl5srl43dy9njl5zxq95ghfr"],"amount":3000}]}