{"txid":"d4388a91df6d4f6b8fdf05ea2333c49ea5ab627ac68cf20518cbe0c786f7290e","block_height":null,"time":null,"vin":[{"txid":"d4388a91df6d4f6b8fdf05ea2333c49ea5ab627ac68cf20518cbe0c786f7290e","vout":0,"amount":554.99999,"coinbase":false},{"txid":"53c712f2072ab873127aafeb720eba60a23dd1e19008e5be6eb223fd5308bbc5","vout":1,"amount":319.42349177,"coinbase":false},{"txid":"f0f243f6069ac7e65bd882828d2940a6df860310a44ad5ba8da49d7bcde86919","vout":1,"amount":311.8283405,"coinbase":false}],"vout":[{"n":0,"addresses":["prl1zsh9343783ytfqm2pp2w3znw4f3trx6wqm2cqumk30n5kp9eqmkgqc4ms98"],"amount":1000},{"n":1,"addresses":["prl1pdtp5j0rdtjsa7jggmc63szwn9mmx5hek75g8tccvkfydghvrrwtqy4yx8f"],"amount":186.25155227}]}