{"txid":"514345648b38a0b798e1640c24ead9d511b1e4d3d2f8c6cda0565d389bf41eb6","block_height":null,"time":null,"vin":[{"txid":"514345648b38a0b798e1640c24ead9d511b1e4d3d2f8c6cda0565d389bf41eb6","vout":0,"amount":101.3,"coinbase":false},{"txid":"87a5dfa08d1a0abbb12c4fd356603e82c90ddb68db99592cc5964d75f8e7aff5","vout":834,"amount":96.76386451,"coinbase":false}],"vout":[{"n":0,"addresses":["prl1z3fuhrptc5khdslcep5dha6qsnn8t3w0479j4k3tjpm8terh32whsyjtmrh"],"amount":111},{"n":1,"addresses":["prl1pqge66ze06t7d8ze40zmpu59eev4hmnuw3empel2vnjfuf8xk0k2qd0twwr"],"amount":87.06386239}]}