{"txid":"7867fd1d68df635ab77f4cbb02e924efa868983741076db186858068a21ab3cc","block_height":null,"time":null,"vin":[{"txid":"7867fd1d68df635ab77f4cbb02e924efa868983741076db186858068a21ab3cc","vout":784,"amount":118.36246549,"coinbase":false},{"txid":"3c910a79e2bd3ec3daf465455f726720829d6b32e54d9028298f15d473ea9fb5","vout":957,"amount":61.54389214,"coinbase":false}],"vout":[{"n":0,"addresses":["prl1zympr7es5sepa2z0cprq697zw5vc3c0t3uv6dp79pncs667a2sfzscqwtrk"],"amount":179},{"n":1,"addresses":["prl1plutvq8ndrjzd9h545mmxfch974k7flj59k09kfz4lm0ngx6t50rsmhdt0n"],"amount":0.90635551}]}