{"txid":"0cc08f71ca7372fb958480f29448c190e66b13ff038824c3d430ae5dba18d0bc","block_height":null,"time":null,"vin":[{"txid":"0cc08f71ca7372fb958480f29448c190e66b13ff038824c3d430ae5dba18d0bc","vout":0,"amount":1699.99999,"coinbase":false}],"vout":[{"n":0,"addresses":["prl1z9zg9ndpt3enafmphlzyspahwm3as8s67zpsuwzt6hxuheur7jjtsex8cdf"],"amount":1500},{"n":1,"addresses":["prl1pqaqajcnlx2pqye6t0p76zduhc9qd5mc8nryjl304jtwgxvyqy2ssmcdag8"],"amount":199.99998846}]}