{"txid":"d99ee9ef420bb0db4395df9121c07252779276424f6961e1077dfd8b69a40430","block_height":null,"time":null,"vin":[{"txid":"d99ee9ef420bb0db4395df9121c07252779276424f6961e1077dfd8b69a40430","vout":0,"amount":2000,"coinbase":false},{"txid":"c012167ec0d417ea6d46cd9f03672726cf206b4ebcea7633732362ad50cb51e8","vout":0,"amount":100,"coinbase":false},{"txid":"e3778e47fefc49dc9f60190434a12187248c00c0f16785e40dead8acea81412a","vout":1,"amount":17.88975057,"coinbase":false}],"vout":[{"n":0,"addresses":["prl1zlkcmlzy8vg6he2c6eh2m06gf6dqs6c6875q5zdu7zf343k4fwylqjdunf8"],"amount":2100},{"n":1,"addresses":["prl1phrzldvjrg7kusy7ffd760nwm42lfthdpah29x53x5y6e6uqceyqqpl0lhu"],"amount":17.88974787}]}