{"txid":"003aae5e3a2f91d674dea5eff59a4c6102aa5236f234370b24fbcb27714f5a3c","block_height":null,"time":null,"vin":[{"txid":"003aae5e3a2f91d674dea5eff59a4c6102aa5236f234370b24fbcb27714f5a3c","vout":0,"amount":100,"coinbase":false},{"txid":"b7a5239348e1669c82f4bcd96425ac6ea9cb3ae21d67b56887059171044b8c0c","vout":1,"amount":5.9932913,"coinbase":false}],"vout":[{"n":0,"addresses":["prl1zdg7a6nzac28zn2dnyez4qzre63ql7x37dv57atg6fe6l957xggwqcj96ls"],"amount":100},{"n":1,"addresses":["prl1pcmh09gq68xeywxcjhzcjv9jvzl4s6g808cll4f4mh955ajpq485qgh8u6v"],"amount":5.99328918}]}