{"txid":"ad42e0fc0b400f842bb3addb8ac1fe1cc86e68b095f598db447044b9dfb9747f","block_height":null,"time":null,"vin":[{"txid":"ad42e0fc0b400f842bb3addb8ac1fe1cc86e68b095f598db447044b9dfb9747f","vout":0,"amount":5989.99879535,"coinbase":false}],"vout":[{"n":0,"addresses":["prl1zaq4dr3fshdteppuglua6yq52j572dzgu784ula32z9rkaruk9qyqe38k9k"],"amount":100},{"n":1,"addresses":["prl1psnpms5lg5dl9acav9wm0677l6ufe2ur5anqzxc6tedhhykrr9v8qs6h92z"],"amount":5889.9983938}]}