{"txid":"32e4b0c5e2383782ba7e42835aed10b5ab464609eeda1d2e6f126a99fb02d6f0","block_height":null,"time":null,"vin":[{"txid":"32e4b0c5e2383782ba7e42835aed10b5ab464609eeda1d2e6f126a99fb02d6f0","vout":149,"amount":558.57963821,"coinbase":false},{"txid":"a1eb498bdd69de0497785eeaaee7f9190713c5ce9d6b833046dbb53c53a27827","vout":605,"amount":551.01893542,"coinbase":false}],"vout":[{"n":0,"addresses":["prl1zeypx6sv75e2mgq9hnx7glx4cat04q99c2eye8rjrc8lk3eudeesqkdw6eq"],"amount":900},{"n":1,"addresses":["prl1p2v6q0xapf7kus5rvnuwgqvjktxuk7j253473mtcr9uj3u7tzluts7axcm7"],"amount":209.59857151}]}