{"txid":"39cc3e3d09cce61fa8a75d66a16f4e4fe968583bab40231fd781cd608bbefc8d","block_height":null,"time":null,"vin":[{"txid":"39cc3e3d09cce61fa8a75d66a16f4e4fe968583bab40231fd781cd608bbefc8d","vout":0,"amount":25200,"coinbase":false},{"txid":"b7e30e00eafbbcc575ba2368a6985c3a44b0634c7af9a0ac8d2a011f828bc106","vout":263,"amount":6.3765268,"coinbase":false}],"vout":[{"n":0,"addresses":["prl1zw4cyleer2wcz9qaqa73sk753q6n0k5u35g5q4w72fpred9ymvwls99vta5"],"amount":25200},{"n":1,"addresses":["prl1pxftdm2t06flm4fxqj0le3lgavwyp2ls77vx2qgqmyq04knr8t2dqhm9r4d"],"amount":6.37652468}]}