{"txid":"3c910a79e2bd3ec3daf465455f726720829d6b32e54d9028298f15d473ea9fb5","block_height":null,"time":null,"vin":[{"txid":"3c910a79e2bd3ec3daf465455f726720829d6b32e54d9028298f15d473ea9fb5","vout":301,"amount":105.14397626,"coinbase":false}],"vout":[{"n":0,"addresses":["prl1z4lmjc2nzp0xwfj08mj6rpwyyvnzl8lcpq0ygd0hceqmdvu6yzd0s7ys48r"],"amount":105},{"n":1,"addresses":["prl1p06xpetjp6f4v2ccqt8j3yqw3tjm6qyxrm4d2m6ejnnjgvuuhs75qvat282"],"amount":0.14397472}]}