{"txid":"c549c64b36fa03c0f40b0fb8ff1886dd3b2f9e0ef7a99f6407bb68cc9fdc7ab1","block_height":null,"time":null,"vin":[{"txid":"c549c64b36fa03c0f40b0fb8ff1886dd3b2f9e0ef7a99f6407bb68cc9fdc7ab1","vout":1,"amount":391.76487402,"coinbase":false},{"txid":"72d47592c0e1f69528e01f63936b8db17448bb9242ae762c401f6ddb15a505e7","vout":269,"amount":66.11761822,"coinbase":false}],"vout":[{"n":0,"addresses":["prl1pru7jdxxgfuph25wcjctx3mh8djas4y25ynuss25jnxg2qv8cztsqp37hgx"],"amount":7.88194043},{"n":1,"addresses":["prl1z7ak44t5pady9wf3xtm7y2ynt9uxdedssnfnchl9jf4j5562t3fjssfkmpq"],"amount":450}]}