{"txid":"410dc732064f50d9067b59c1165885d629b48ce74e8d6c551eff7e3bd40fe12d","block_height":null,"time":null,"vin":[{"txid":"410dc732064f50d9067b59c1165885d629b48ce74e8d6c551eff7e3bd40fe12d","vout":0,"amount":116999.9999745,"coinbase":false}],"vout":[{"n":0,"addresses":["prl1zwzgfm4eettd3ag7jeqywazjjly7kj6xpv8l50e5y8cfv4mkf305qgxeptq"],"amount":50000},{"n":1,"addresses":["prl1pdvhn9u7q6hhgtfzsnd22fvagq43t5353ud85drtd36s2csttnpsqvjhc5r"],"amount":66999.999959}]}