{"txid":"ba4c60177c491f6770a579aa8a4f2585a5cb9f4f695c68398872d113800a4bd7","block_height":null,"time":null,"vin":[{"txid":"ba4c60177c491f6770a579aa8a4f2585a5cb9f4f695c68398872d113800a4bd7","vout":0,"amount":1000,"coinbase":false},{"txid":"c07760a0cda3ecfed649e578997fa55eea325f7d01f87d20683ca4b1b8ba249b","vout":1,"amount":999.99998164,"coinbase":false},{"txid":"22c4ada7fd65bf1068b1b01a52fd941ffd26515965b3da7f917a62abc55e5845","vout":1,"amount":115.99998854,"coinbase":false}],"vout":[{"n":0,"addresses":["prl1zsnflxljy2snw92cuw5nmv9jupc8runfey5a70u34wwrvqt23c78qksnm7g"],"amount":2000},{"n":1,"addresses":["prl1pgamsqaeync7z5a0x36awvrwvkj0csar8f9t7s5sflnmragn57wyqj85yg8"],"amount":115.99995565}]}