{"txid":"0527546950f412a8e81c6311df2cfd8d68dff4a76eb59c6483e1fccc88c426e9","block_height":null,"time":null,"vin":[{"txid":"0527546950f412a8e81c6311df2cfd8d68dff4a76eb59c6483e1fccc88c426e9","vout":368,"amount":1411.94715131,"coinbase":false}],"vout":[{"n":0,"addresses":["prl1z4y3flvf0kspnzsd52vpaqg00r6l6mdatp5pz8nvsq90938qj8gpqtleegz"],"amount":500},{"n":1,"addresses":["prl1pwm6j9swl4868cx08fm83efllgmqzn2lwm37vnu4h47l9wezzdtdqv8ql67"],"amount":911.94714977}]}