{"txid":"0527546950f412a8e81c6311df2cfd8d68dff4a76eb59c6483e1fccc88c426e9","block_height":null,"time":null,"vin":[{"txid":"0527546950f412a8e81c6311df2cfd8d68dff4a76eb59c6483e1fccc88c426e9","vout":164,"amount":1214.16528723,"coinbase":false}],"vout":[{"n":0,"addresses":["prl1pve32cwgcwn58kp84wam8w0vd869z37yp8qqtwmnhymm7lnl6wrqs2s6f5u"],"amount":14.16527173},{"n":1,"addresses":["prl1ztrw5ujszcew990sadwalp53umwydsc9ay3qmsnsrng2s0qvydtsqn2qtvn"],"amount":1200}]}