{"txid":"2d4242ab21319dac42b4c08c41da0355170df3a16fe33582965388db243075d2","block_height":null,"time":null,"vin":[{"txid":"2d4242ab21319dac42b4c08c41da0355170df3a16fe33582965388db243075d2","vout":565,"amount":100.36425042,"coinbase":false},{"txid":"33cc12f487b77d7a377289a5088e6b27aa635c7506647d7198c186b9c226d860","vout":294,"amount":48.04585471,"coinbase":false},{"txid":"32e4b0c5e2383782ba7e42835aed10b5ab464609eeda1d2e6f126a99fb02d6f0","vout":79,"amount":34.1478267,"coinbase":false}],"vout":[{"n":0,"addresses":["prl1zdpd2x4lc45kga9ay6mpuch36hldh9snphy2ajfs6drk320sgjmlqehd9sc"],"amount":182},{"n":1,"addresses":["prl1p93jyepmy0wvjd3yftyyqalmsa2wvk4d8yjv3eqjw35pz4jd89tgsk8vcp8"],"amount":0.55792913}]}