{"txid":"eef9d032de97a85267da185fe4e93695ff84599c89a6847b288cf6148158b4cd","block_height":null,"time":null,"vin":[{"txid":"eef9d032de97a85267da185fe4e93695ff84599c89a6847b288cf6148158b4cd","vout":0,"amount":3210.99999,"coinbase":false},{"txid":"411c0f77965f0fb97e55e3e3bec35d05c26a431a87868e1fb88d0ee1fe1ce7c4","vout":1,"amount":0.59647102,"coinbase":false}],"vout":[{"n":0,"addresses":["prl1z08appxceq0uz6zrnuhl25zjzj8tkgkzf06yg527ftnkxrug305asnuyc9g"],"amount":3211},{"n":1,"addresses":["prl1p346r0pzjm6p792nqm7l78zynx4kxf255ydrtlqpp6xf9pjqpt9jsnp72ve"],"amount":0.5964589}]}