{"txid":"6a1201d76fefcd2cc8c59d4a1e057e0b0ccb08ae89316311bb118e98ed5d3179","block_height":null,"time":null,"vin":[{"txid":"6a1201d76fefcd2cc8c59d4a1e057e0b0ccb08ae89316311bb118e98ed5d3179","vout":1127,"amount":144.78641319,"coinbase":false}],"vout":[{"n":0,"addresses":["prl1zvy2jyfum28ya8tcsxm2u08knhhye9s56wl4pxt68q04lhmj3vh9qv6py96"],"amount":144},{"n":1,"addresses":["prl1pgpld7a0dtd0aw3c6wlaq0f7stcauqckcnfd2txzccull9ytrjayszgxxcd"],"amount":0.78641165}]}