{"txid":"de78e1ac77cae599afc7b1b241e8c7045f9d5e829e813ea75241f055f68b1fb0","block_height":null,"time":null,"vin":[{"txid":"de78e1ac77cae599afc7b1b241e8c7045f9d5e829e813ea75241f055f68b1fb0","vout":0,"amount":4492.98139517,"coinbase":false}],"vout":[{"n":0,"addresses":["prl1zfu93janfpratjl7xydvlhf0ar6cr5xxd9ph4kxd0q4svtf6m0uusfx2uap"],"amount":4490},{"n":1,"addresses":["prl1pfrcsffdg0jgscc2xusy62gy8ju4c98ejc3m7wkvdcl5ty9l7fzvstsd93m"],"amount":2.98139362}]}