{"txid":"d0722946287d10a3bfb978ce6aed5eda0987e4fab8c1c654300bb55c70b39756","block_height":null,"time":null,"vin":[{"txid":"d0722946287d10a3bfb978ce6aed5eda0987e4fab8c1c654300bb55c70b39756","vout":0,"amount":221,"coinbase":false},{"txid":"13357ebdb0cea6bffefe60a4a81be49c265a104e382acb80694ccc678ec3cf35","vout":258,"amount":191.13806067,"coinbase":false},{"txid":"d90ca7c419fa74647c89bd14de80f2e48ca81a375de4f5d2d7d9539901672ada","vout":0,"amount":150,"coinbase":false}],"vout":[{"n":0,"addresses":["prl1z37sxsh99ckkrl7rmf6nxz4frq9c2dwx8x2fh8gyjkrff2gjyupnsv4qaju"],"amount":560},{"n":1,"addresses":["prl1p6e9g0p55zfl63dcg6z46cyydltv2n8z8hmjnggya54mjfm0mumfsr2fzft"],"amount":2.13805797}]}