{"txid":"13357ebdb0cea6bffefe60a4a81be49c265a104e382acb80694ccc678ec3cf35","block_height":null,"time":null,"vin":[{"txid":"13357ebdb0cea6bffefe60a4a81be49c265a104e382acb80694ccc678ec3cf35","vout":190,"amount":295.84772042,"coinbase":false},{"txid":"2ed77a80a64435951a8b5729557ad64f3df7ef29fd3ab495e1f5f43f9fc5a505","vout":1,"amount":4,"coinbase":false},{"txid":"0b03e62c7fc9d6553e4e27b6c612a3042ecabece0d3f7fe614123fb4ae1e0d4e","vout":0,"amount":0.71641603,"coinbase":false}],"vout":[{"n":0,"addresses":["prl1z49tfx6dmr5gmyxwrl4009wk5jv7tk0epx8xhd3s4tsu28rpw0lnsh8lg25"],"amount":300.5},{"n":1,"addresses":["prl1p77h3jcx5z3zzc9pjyl9vfajcmtjweyq0z925v2ur53j32x9h4f5sxdescq"],"amount":0.06413375}]}