{"txid":"bac501202b8594d754834ad64944cad993a75ed1d3320258ca1bc5b2aea1f52a","block_height":null,"time":null,"vin":[{"txid":"bac501202b8594d754834ad64944cad993a75ed1d3320258ca1bc5b2aea1f52a","vout":1,"amount":10430.17791088,"coinbase":false}],"vout":[{"n":0,"addresses":["prl1zd3m43y4w4qv90d2x02epu8rhmly5jy9749ftyz2nw8363tuzk07slhckfw"],"amount":1000},{"n":1,"addresses":["prl1pxcce72smsvuyy44kx372qs24865cmqzxyf4arnswx6m6vhfklp3q9sxgal"],"amount":9430.17789538}]}