{"txid":"d36b675e105363a8b4ae3e531d88f366cfd5a424b2e98060e164b84ecbe93336","block_height":null,"time":null,"vin":[{"txid":"d36b675e105363a8b4ae3e531d88f366cfd5a424b2e98060e164b84ecbe93336","vout":608,"amount":116.0344839,"coinbase":false},{"txid":"72f98199d788dd08ebc1539efbc62e3fff9bf2e234d9d970e516b0c7c78af570","vout":0,"amount":116,"coinbase":false}],"vout":[{"n":0,"addresses":["prl1zh3ptxmumh2fxkaxfu8k872ktx4n65ffqymucu040dllsu7kea07qhg720u"],"amount":232},{"n":1,"addresses":["prl1pafasr3qd5xjqvmda8ds4m7de3phgz7veyaphfpsq5hc4rtkwhk2qxa34ky"],"amount":0.03448178}]}