{"txid":"8ff056c030c0eeda5a065c24eef8c0e817f68fd6743d55a5780c9de037744610","block_height":null,"time":null,"vin":[{"txid":"8ff056c030c0eeda5a065c24eef8c0e817f68fd6743d55a5780c9de037744610","vout":1,"amount":4899.99998846,"coinbase":false},{"txid":"f37ec8fa6220f2c5d1e728c2b5bd62e85a2c4125eeb2b66d762cb5e87192d6e2","vout":0,"amount":99.89,"coinbase":false},{"txid":"fd5261c513bde3f39d579b22c70a91c150db84310755b45b403378bf2bdbd9a1","vout":1,"amount":25.81046678,"coinbase":false}],"vout":[{"n":0,"addresses":["prl1zcgddu2fqkeqgf0pxlaulh6204dnz4gczw9wsffg9wfqh3s39zg6qy0mp5u"],"amount":5000},{"n":1,"addresses":["prl1p3lthrt3n7yrrh7qdttq68aq5q76qn0alnmftqqw3hvxh450atm2q3w0pa6"],"amount":25.70045254}]}