{"txid":"26d707fe2e2cece09935f422ce2b2ec159b5b054369f71332b5320ce3603daf0","block_height":null,"time":null,"vin":[{"txid":"26d707fe2e2cece09935f422ce2b2ec159b5b054369f71332b5320ce3603daf0","vout":1,"amount":236.99999692,"coinbase":false}],"vout":[{"n":0,"addresses":["prl1zuryffrydcu3erguuc8pcklxspf8x3s87z596n09gfp56eplkaafsw4uvav"],"amount":200},{"n":1,"addresses":["prl1pazsjqnmy58svgf7e85n0e2quxtj3f698q5f3p34grtnsf0t2jp7q2ynx3s"],"amount":36.99999538}]}