{"txid":"c6d950e7ec16ff7eb6374861dd3fb50ba6e62891de76356764c922e0387f9249","block_height":null,"time":null,"vin":[{"txid":"c6d950e7ec16ff7eb6374861dd3fb50ba6e62891de76356764c922e0387f9249","vout":1,"amount":1112.92994567,"coinbase":false}],"vout":[{"n":0,"addresses":["prl1zmflpfk7j44wakn7ps0xgw8fkqercll08nv04mm3nt48ez4egdcssz0cawd"],"amount":0.18},{"n":1,"addresses":["prl1pza4xkj2r85hkpwwak8l05v84q3mrqnmldquu30yhhl04tptqt58szjdsx6"],"amount":1112.74994413}]}