{"txid":"286f4dbc85fb823344e3c5ca97ae7e7eb0afc8e7ddb4ce1e58a00abd2c76b23f","block_height":null,"time":null,"vin":[{"txid":"286f4dbc85fb823344e3c5ca97ae7e7eb0afc8e7ddb4ce1e58a00abd2c76b23f","vout":129,"amount":133.33794893,"coinbase":false},{"txid":"33cc12f487b77d7a377289a5088e6b27aa635c7506647d7198c186b9c226d860","vout":541,"amount":66.60084383,"coinbase":false}],"vout":[{"n":0,"addresses":["prl1p7apwxdf768zyuvl6fc5lz3ynd77y2sptrpn8crzdesxdwfx488eqdkx9y6"],"amount":48.93877146},{"n":1,"addresses":["prl1zpqgddk0ssv9m6fsyme5sdjt8mm8p2sh9pq7dx349nqrlmcwdngastltqer"],"amount":151}]}