{"txid":"982f9a991f729ddb56cf9491962db7c3e18f6b36c47223ad56dfa67cb9177f3b","block_height":null,"time":null,"vin":[{"txid":"982f9a991f729ddb56cf9491962db7c3e18f6b36c47223ad56dfa67cb9177f3b","vout":0,"amount":1000,"coinbase":false},{"txid":"d36b675e105363a8b4ae3e531d88f366cfd5a424b2e98060e164b84ecbe93336","vout":372,"amount":116.0344839,"coinbase":false},{"txid":"311ef807f6fa2578b77bee7ff4ae8096977edf290e1a07474d2bfc26abd6f1fb","vout":0,"amount":25,"coinbase":false}],"vout":[{"n":0,"addresses":["prl1zv5d2n5r4q6xgcwf493wm2fdjcu4waztwaqc73jrgc5gfl98u5vusg7fzrn"],"amount":1141},{"n":1,"addresses":["prl1p9pg7e4vfg9e9dy6m03zn5gwt2r23629rymrtmv0g9mp72ks6e5jsy7c7xx"],"amount":0.0344812}]}