{"txid":"ec77f92336d8bfdaff5c00f648f0ef3e1a4591d3ffc020b64e4a614d4b2897d7","block_height":null,"time":null,"vin":[{"txid":"ec77f92336d8bfdaff5c00f648f0ef3e1a4591d3ffc020b64e4a614d4b2897d7","vout":0,"amount":419.99999,"coinbase":false},{"txid":"a0864ec7aec81709100edb62717049aa947718b6f7cfb77bb06dfa6c467301fd","vout":1,"amount":7.56384074,"coinbase":false}],"vout":[{"n":0,"addresses":["prl1ppha5lyaq4wespltcpk5d23wzgqmmy0efq7jftpv4z77wqg6e33psscrcxh"],"amount":7.56371114},{"n":1,"addresses":["prl1ze9eccyxmy72h02wjfqq8cwezg05hk0hgqrk0f2wp23qsvchlhepsdfnmdv"],"amount":420}]}