{"txid":"331ad7f2dc7638db73fc9ea4bfeea1b3f108b40e7f7ea599ca9b8fe8f8b8e42c","block_height":null,"time":null,"vin":[{"txid":"331ad7f2dc7638db73fc9ea4bfeea1b3f108b40e7f7ea599ca9b8fe8f8b8e42c","vout":1,"amount":1111.55882565,"coinbase":false}],"vout":[{"n":0,"addresses":["prl1zjatln93ywlvnt6m47sr4ky5mzckr7nnrs50g5r8v3sxs9eka6crqsssatk"],"amount":0.1},{"n":1,"addresses":["prl1pza4xkj2r85hkpwwak8l05v84q3mrqnmldquu30yhhl04tptqt58szjdsx6"],"amount":1111.45882411}]}