{"txid":"93cf287ddacb2d8b08a20dfc1c9cbe9ecb06893f66c58ac482dd67bcbbd9696f","block_height":null,"time":null,"vin":[{"txid":"93cf287ddacb2d8b08a20dfc1c9cbe9ecb06893f66c58ac482dd67bcbbd9696f","vout":659,"amount":113.4947327,"coinbase":false}],"vout":[{"n":0,"addresses":["prl1pt8knz0h3wctx8l7y8epk5flm6fwr0da3a5h5vjrdqrg6rv448w3qxue7kx"],"amount":13.49465327},{"n":1,"addresses":["prl1zsgsr55lhqlxyd6krq8zmr7lxhl57mwdc5nscnl9c23lrzwelh7xq0z7y7w"],"amount":100}]}