{"txid":"c0ecaaac18000fa23e79042412b165b3926eb8a1b02426b3ea1bf21f04e71970","block_height":null,"time":null,"vin":[{"txid":"c0ecaaac18000fa23e79042412b165b3926eb8a1b02426b3ea1bf21f04e71970","vout":0,"amount":700,"coinbase":false},{"txid":"a37296242c4cfed6bc7504b726fc07d7ef43b808624ec916d595aae53dc4c22f","vout":0,"amount":2.98577535,"coinbase":false}],"vout":[{"n":0,"addresses":["prl1p3syugqqc07ss502e6a9nlx75365x0zqaneuh0ym43js5j0xyda0sg00tpy"],"amount":2.98577322},{"n":1,"addresses":["prl1zlkjjaj4demgtk24xk30rrws0477l9edtw20rk5sfr2sa5agej3rqvat2r3"],"amount":700}]}