{"txid":"a038098e8beff53408feeab6704a1f67164c7853688cc5c73ab69202405d82ea","block_height":null,"time":null,"vin":[{"txid":"a038098e8beff53408feeab6704a1f67164c7853688cc5c73ab69202405d82ea","vout":1,"amount":4699.99999846,"coinbase":false},{"txid":"e59652fc6d1161473a1c7a9e58b180d8d4ea84a7d584c4fd9879e567ad46d802","vout":0,"amount":1911,"coinbase":false}],"vout":[{"n":0,"addresses":["prl1zfn686nfy652842q5pwwfrq9pxjh30qt6thwsmrfndau7x2vc42zqnjptfe"],"amount":5000},{"n":1,"addresses":["prl1p29fuvt9z3l5sxy52xzk9fexvujpat0k96n9c8llu59dlknu035nqruzhd3"],"amount":1610.99999634}]}