{"txid":"b7e30e00eafbbcc575ba2368a6985c3a44b0634c7af9a0ac8d2a011f828bc106","block_height":null,"time":null,"vin":[{"txid":"b7e30e00eafbbcc575ba2368a6985c3a44b0634c7af9a0ac8d2a011f828bc106","vout":416,"amount":111.98561863,"coinbase":false},{"txid":"69de903fc85a9d730d97aa8ae20176ae1daacaeb29776b730d40295add2ce8bb","vout":1,"amount":0.71058528,"coinbase":false}],"vout":[{"n":0,"addresses":["prl1z58nfu4g3qf3pggas49c9966x7kz0586ffe0mqcmvd464f8w609msj2mqs8"],"amount":112},{"n":1,"addresses":["prl1plutvq8ndrjzd9h545mmxfch974k7flj59k09kfz4lm0ngx6t50rsmhdt0n"],"amount":0.69620179}]}