{"txid":"5f7929458ea22a594b79d72c5bf2a8b4346555aa8c6e42492b90fd743cd97301","block_height":null,"time":null,"vin":[{"txid":"5f7929458ea22a594b79d72c5bf2a8b4346555aa8c6e42492b90fd743cd97301","vout":0,"amount":9999.99999,"coinbase":false},{"txid":"043b1d547886c2daf48463c639e913953860a9ef2128854156d97c9a6482d2e7","vout":0,"amount":245,"coinbase":false}],"vout":[{"n":0,"addresses":["prl1z9v6qafp4nf626pjcz0yhs47jndtkes7t2rrxyd6q9t0zp59l9ces85ucfc"],"amount":10000},{"n":1,"addresses":["prl1p94mante8tgtvajgghxh93l0z0vykzz7xfly6zdfpd9lsarm3dlystq3ar4"],"amount":244.99998788}]}