{"txid":"c3e074288c236ab9b441b902ab91abea8c7bc7d347351138eb9c0b40bb40ec7e","block_height":null,"time":null,"vin":[{"txid":"c3e074288c236ab9b441b902ab91abea8c7bc7d347351138eb9c0b40bb40ec7e","vout":0,"amount":3899.99999,"coinbase":false},{"txid":"a55caf4dff7f4058558e8fd6e38f9da7fa24448ad20eeb442a7169a6cac9695a","vout":0,"amount":31.99749008,"coinbase":false}],"vout":[{"n":0,"addresses":["prl1pjtmsq4mcchcz6geqd3p3c0xxj6p9yalykun4we4ke0ha5qynvyrsawduuz"],"amount":31.63746873},{"n":1,"addresses":["prl1zqtetm9nndk6sfx4ymccja4yuk9v2lxr5ree3qa8q4cntv56ehuaqau622t"],"amount":3900.36}]}