{"txid":"f64c2f25af96673bb7703503b893928dfd1b9d1cbcc00592c9da661b8308b17e","block_height":null,"time":null,"vin":[{"txid":"f64c2f25af96673bb7703503b893928dfd1b9d1cbcc00592c9da661b8308b17e","vout":1,"amount":468.19998846,"coinbase":false}],"vout":[{"n":0,"addresses":["prl1z0ralmq3gvzh4gejqm8sfndykl8znmf6x884n6w8rt0u58dqlz38s87rkxz"],"amount":349},{"n":1,"addresses":["prl1p2q7dzxez8a4shzs2lykat9usf6tjcr7nq66u4kyn7n9m42zk0whsqfup62"],"amount":119.19998692}]}