{"txid":"33ebb010b1799fc1f83ccc5d1b492684bf314c409ba8f557ecd97fd4c301551c","block_height":null,"time":null,"vin":[{"txid":"33ebb010b1799fc1f83ccc5d1b492684bf314c409ba8f557ecd97fd4c301551c","vout":0,"amount":8900,"coinbase":false},{"txid":"f375fb596dc6e2c4937348412e12a2f1b5261c0fbbde28236bb8aaad8b3493a5","vout":1,"amount":841.49995744,"coinbase":false},{"txid":"1c80947fc90a4aed4f4c0b03c2319c2b07b505bb7575f500d7daccd8aedd34f9","vout":1,"amount":548.99996902,"coinbase":false}],"vout":[{"n":0,"addresses":["prl1zs0c6u7url9du0hdfqzwu8rzhm4ujcuc7q89seew4rlgflh9s7fssdtz3hm"],"amount":10000},{"n":1,"addresses":["prl1p94mante8tgtvajgghxh93l0z0vykzz7xfly6zdfpd9lsarm3dlystq3ar4"],"amount":290.49992376}]}