{"txid":"f706e3afd5192d2690d54927f68c9aef661fe9d68a3a7345e2f4b86905ab88da","block_height":null,"time":null,"vin":[{"txid":"f706e3afd5192d2690d54927f68c9aef661fe9d68a3a7345e2f4b86905ab88da","vout":174,"amount":1244.94194174,"coinbase":false},{"txid":"72d47592c0e1f69528e01f63936b8db17448bb9242ae762c401f6ddb15a505e7","vout":617,"amount":756.3780877,"coinbase":false}],"vout":[{"n":0,"addresses":["prl1z7ktnl2kd3tcvmyyh5dwht4pa3wf09glyz7a7qkpyw2dftclljhqquqmplz"],"amount":2000},{"n":1,"addresses":["prl1pgznx4d5saa73wpe3w2qmw96qrnyhsfmjsch2vulnv8j5g9nv8vyq642m0m"],"amount":1.32002732}]}