{"txid":"f706e3afd5192d2690d54927f68c9aef661fe9d68a3a7345e2f4b86905ab88da","block_height":null,"time":null,"vin":[{"txid":"f706e3afd5192d2690d54927f68c9aef661fe9d68a3a7345e2f4b86905ab88da","vout":447,"amount":523.2075347,"coinbase":false}],"vout":[{"n":0,"addresses":["prl1zae6khxv0kp4jsfaqj080qjncw0vmg20mr52unc7wvkeptth9dj8srcdkm9"],"amount":500},{"n":1,"addresses":["prl1px4sjkgdc95ywl5nkcaktzd2d290las2dywftplkuuyrwaa726plsjzl7sc"],"amount":23.20732991}]}