{"txid":"72d47592c0e1f69528e01f63936b8db17448bb9242ae762c401f6ddb15a505e7","block_height":null,"time":null,"vin":[{"txid":"72d47592c0e1f69528e01f63936b8db17448bb9242ae762c401f6ddb15a505e7","vout":519,"amount":2751.84987621,"coinbase":false}],"vout":[{"n":0,"addresses":["prl1zes3srguzmhgf5wzfnxz8ms3lggcs9fy4gv9whk7tjrnqs0h9xr5q38dwc5"],"amount":100},{"n":1,"addresses":["prl1pxgx47sgn9wrzhl5gsugur9j4yxzpf7wpfv4m4ynqr35w9ng4avvqduz955"],"amount":2651.84987467}]}