{"txid":"9bca00289f949110c8cfa630facb18ab50618103c361a7cb1ec4e298ae8490e0","block_height":null,"time":null,"vin":[{"txid":"9bca00289f949110c8cfa630facb18ab50618103c361a7cb1ec4e298ae8490e0","vout":0,"amount":999.99999,"coinbase":false},{"txid":"4386414f60abea2f58f6ebc0ce1b8fc6459ab1e00bab35fd16dbddbdba0dba47","vout":0,"amount":53.53604867,"coinbase":false}],"vout":[{"n":0,"addresses":["prl1zuw4q2u6yw0w6argwnam6ftsxacqg54e2xpsh4gs7efrkpkh9683q267duu"],"amount":1000},{"n":1,"addresses":["prl1puaf7dmvp498dkn89d4rjqujtk53epcua242n2qv90mpyq4cdepcqsqfz72"],"amount":53.53603654}]}