{"txid":"7a1d20261e388bcf32c52fa767eaabb4e0731634f647b00544ed3503cddc33b0","block_height":null,"time":null,"vin":[{"txid":"7a1d20261e388bcf32c52fa767eaabb4e0731634f647b00544ed3503cddc33b0","vout":0,"amount":612.48155015,"coinbase":false},{"txid":"bf4948645de01d56e4f09bd6c69e5f3e3b702118cf141573cbcac1316818d0b8","vout":0,"amount":139.03483825,"coinbase":false}],"vout":[{"n":0,"addresses":["prl1psxh50ye4lj69ywdctujwyg59yva0e4wgddh37ldgq8qj36xplecqnwy5mt"],"amount":0.5161754},{"n":1,"addresses":["prl1z7d77kys70wpn8pycm650frdqyjw53zuhcnt9dampwxz8eu40a24qfpjkh7"],"amount":751}]}