{"txid":"649664df34ce184d501624cfe3a0f59b23189b67f8505bbb02b8b90dde711227","block_height":null,"time":null,"vin":[{"txid":"649664df34ce184d501624cfe3a0f59b23189b67f8505bbb02b8b90dde711227","vout":462,"amount":170.75851684,"coinbase":false}],"vout":[{"n":0,"addresses":["prl1zgpylrcteurh30wa8sc002fc24sapy774ytuprz22k7g92gk8uktqwqqf9x"],"amount":170},{"n":1,"addresses":["prl1pf24jdx9ca90zgzaf7jygwx0ckl5am5jh5zwet3y2dkq5cynk4ggqs3qhzj"],"amount":0.7585153}]}