{"txid":"fadb5ab387838c7d91bce9e09e18f027e68ec090689d0445c31bc3afbeeaef6b","block_height":null,"time":null,"vin":[{"txid":"fadb5ab387838c7d91bce9e09e18f027e68ec090689d0445c31bc3afbeeaef6b","vout":0,"amount":4999.99999,"coinbase":false},{"txid":"d36b675e105363a8b4ae3e531d88f366cfd5a424b2e98060e164b84ecbe93336","vout":1027,"amount":348.10345169,"coinbase":false}],"vout":[{"n":0,"addresses":["prl1zqpqpjnwym5dl3q0ytmwtqa8yq97yasyaf3kvkx6l32u8qh8z5ykqrzm20t"],"amount":5000},{"n":1,"addresses":["prl1p8nl69mjchl9eylaj3dwknmtugxuuspn2wkrh7zu7ykzv27ymrk4q9epaag"],"amount":348.10343957}]}