{"txid":"a676e3ca1ecca2486f53cb65dbaa9279a5222924e1abd61babc155a2a9039fd7","block_height":null,"time":null,"vin":[{"txid":"a676e3ca1ecca2486f53cb65dbaa9279a5222924e1abd61babc155a2a9039fd7","vout":0,"amount":196,"coinbase":false},{"txid":"43c53c6caf26e512795b6551cc65fe0998f49302a005e1affd39b3c809c26623","vout":224,"amount":44.12355065,"coinbase":false}],"vout":[{"n":0,"addresses":["prl1pyjjy47wm4em84c9n6zs4rz0thfl57df2auwyfaxdv2uls449wsvsznmus4"],"amount":40.12353916},{"n":1,"addresses":["prl1zj8a62qp0j9an8n5swtalmj76a4m8sta2vr752wn3wkkymys0wgfsvspacp"],"amount":200}]}