{"txid":"13bcc091cc81d47415df5a656fb822aed0fd02c2ce3ed17de34094900213fa82","block_height":null,"time":null,"vin":[{"txid":"13bcc091cc81d47415df5a656fb822aed0fd02c2ce3ed17de34094900213fa82","vout":0,"amount":500,"coinbase":false},{"txid":"337662ca37c4bd7c0023aec72ba61dc8763d38adb4644ce26ba5caf31868a15d","vout":1,"amount":0.55272447,"coinbase":false}],"vout":[{"n":0,"addresses":["prl1zlp082amyw4qpmr2k4552dyjsp7g0kd6tjme34pa2tq9qrxwvrqsswytkth"],"amount":500},{"n":1,"addresses":["prl1pcmh09gq68xeywxcjhzcjv9jvzl4s6g808cll4f4mh955ajpq485qgh8u6v"],"amount":0.55272235}]}