{"txid":"513a461326685c820f7fc6c72c628258a6dd26641aa789c5d46bbbe53bc9388d","block_height":null,"time":null,"vin":[{"txid":"513a461326685c820f7fc6c72c628258a6dd26641aa789c5d46bbbe53bc9388d","vout":0,"amount":2556,"coinbase":false},{"txid":"596a19fe801538537bf54e3a5e3ef22c9dd5cbefe5c7d7e03fd24dc262b3bf67","vout":1,"amount":1.94431352,"coinbase":false},{"txid":"a280aa68eebe19a7e20c3d5db6e14dd4acd69eb881050d9e609888321240d132","vout":1,"amount":0.98999462,"coinbase":false}],"vout":[{"n":0,"addresses":["prl1zc5v83dmavwmh45xquvjr6j52537828uqqt3vdecccdgark70gr8qxspehj"],"amount":2558},{"n":1,"addresses":["prl1p7mgg720lykprjhyef65eek8tyx3pp32fx2sckpsufncxc9q040rs42y3qf"],"amount":0.93429362}]}