{"txid":"c76aac3f10faaeb756b18249a078f363ed799de14a3ed820fd2c9fc229f5ce78","block_height":null,"time":null,"vin":[{"txid":"c76aac3f10faaeb756b18249a078f363ed799de14a3ed820fd2c9fc229f5ce78","vout":0,"amount":998.99984003,"coinbase":false},{"txid":"3ca536a219e21eb9bc577336b1af4a8ae3fe82f27a4f8cea599719eba1496503","vout":1,"amount":131.96141871,"coinbase":false}],"vout":[{"n":0,"addresses":["prl1z6xcgz3knkeh07dhthhg9jv5gflmwnu29w0g9awv48ngsqz0xzceqtd9hzt"],"amount":1000},{"n":1,"addresses":["prl1pv7ykrehv99e9t0n26wakm59qt0t0ruy83k8ew809cq55zqqevrfsm85cx8"],"amount":130.96103891}]}