{"txid":"2be2f3f68899b1c792a71fa2d631ab80f20d36633f886240f9c2f44bb75c5e4e","block_height":null,"time":null,"vin":[{"txid":"2be2f3f68899b1c792a71fa2d631ab80f20d36633f886240f9c2f44bb75c5e4e","vout":14,"amount":136.41692569,"coinbase":false},{"txid":"47c70991a59ff9a6f64d296d2946fb6fc819da1934b80dbd544526f39570afa8","vout":369,"amount":109.08884826,"coinbase":false},{"txid":"043bb71e00306526389f2f3ec6f2d61f484c0a3f38ed66b0c6b5c306a0bdd1c7","vout":716,"amount":92.86905879,"coinbase":false}],"vout":[{"n":0,"addresses":["prl1zc7yx7f65m9zpk9fjyyn9c7tq637ruehhrxwxdmm2e4glt3uphmps6gyc07"],"amount":338},{"n":1,"addresses":["prl1ph8pm3wq738kt7q3sjusztaml6v8ur444506r44qderqly0whwsmqmxlw2e"],"amount":0.37483004}]}