{"txid":"dae62037e8e33579bea7932e2f30c2c54e74233524dce3b7417feb4230c89e21","block_height":null,"time":null,"vin":[{"txid":"dae62037e8e33579bea7932e2f30c2c54e74233524dce3b7417feb4230c89e21","vout":0,"amount":1.96314119,"coinbase":false},{"txid":"53261556ac1ae577b182df2ec2f3033672eddd9073eb2c9ccec9af0ec54ee7f4","vout":0,"amount":599.99999,"coinbase":false},{"txid":"ca9e985543b467bad90b61ca27bd7d13bb33581b9c2942312df7683916fc1bf5","vout":40,"amount":1801.62737279,"coinbase":false}],"vout":[{"n":0,"addresses":["prl1p8v73jxag7wu6kprg6dkcvcchqxfst2g9yggkr3mf7jcptnjncaxqu2s344"],"amount":3.58950398},{"n":1,"addresses":["prl1zqxpan69mnxu0nkllx79pz2yly2589aj6g3raqaarer0azzecck4swm75zy"],"amount":2400}]}