{"txid":"03cffbdc5c2c914e7e4ce5afcad74fe62b4ac982745f4acf5e4a20b744db760e","block_height":null,"time":null,"vin":[{"txid":"03cffbdc5c2c914e7e4ce5afcad74fe62b4ac982745f4acf5e4a20b744db760e","vout":1,"amount":25249.99999846,"coinbase":false}],"vout":[{"n":0,"addresses":["prl1zzf6wjj4q6n5kt9cerhqvxd0xkfnvd9ngn5q68rqs4djqjnmyhglsnhd4ax"],"amount":10000},{"n":1,"addresses":["prl1p94mante8tgtvajgghxh93l0z0vykzz7xfly6zdfpd9lsarm3dlystq3ar4"],"amount":15249.99999692}]}