{"txid":"95d5e45ec4062ed2ba359617a944c1c98a4127e41c6d2178d09715c262599b45","block_height":null,"time":null,"vin":[{"txid":"95d5e45ec4062ed2ba359617a944c1c98a4127e41c6d2178d09715c262599b45","vout":1,"amount":21364.99999695,"coinbase":false}],"vout":[{"n":0,"addresses":["prl1z83zy0yx8xklkw6rgp9xrscpjgt6l7n89k2k4ar08uzleqcehr75sgw68np"],"amount":20000},{"n":1,"addresses":["prl1prxnx60qxxh6klfha7j4xs9m3fszz7kc046lfct5fdu2m3htvnc2qd3f728"],"amount":1364.99999541}]}