{"txid":"57ad7588ba2b4a826b393d4af5bd09ea91011cf09513e3e3924d87c4ee655563","block_height":null,"time":null,"vin":[{"txid":"57ad7588ba2b4a826b393d4af5bd09ea91011cf09513e3e3924d87c4ee655563","vout":410,"amount":1029.1497159,"coinbase":false}],"vout":[{"n":0,"addresses":["prl1pyq0y29hhnu0wl8qpdzvg0hyxvrrvw7q7wd0k85rftqtu7vjjq2cqcdyncw"],"amount":29.14970744},{"n":1,"addresses":["prl1z0vncufw4wzyfgu8pfl2ea733jvy2g8l573ps28j62d46kxf09mkqcgyhpn"],"amount":1000}]}