{"txid":"57e7de8895e08d149f5f49608897d3e343ea1dcaa5710cae1011c8cd68ce9972","block_height":null,"time":null,"vin":[{"txid":"57e7de8895e08d149f5f49608897d3e343ea1dcaa5710cae1011c8cd68ce9972","vout":0,"amount":286.6218582,"coinbase":false}],"vout":[{"n":0,"addresses":["prl1zxlzm6nr8g06q6s6zwq79hy2uaeqvtds0nf884xml9xff2q8z0jesde2hfl"],"amount":100},{"n":1,"addresses":["prl1p29k2s3qhz58fcvpnwu9x3ycf7e5a9javtexdlhy8s3585pyc276qma4kx8"],"amount":186.62184986}]}