{"txid":"f819441d8d6ba372deda56d30020c7f2c35470d6f397c24ef101483af6ca7e36","block_height":null,"time":null,"vin":[{"txid":"f819441d8d6ba372deda56d30020c7f2c35470d6f397c24ef101483af6ca7e36","vout":1,"amount":22999.99999788,"coinbase":false},{"txid":"929250ec977c9a814f176de2fe974eeebef255b161b54ffcbf94da8cfe98a52d","vout":1,"amount":19199.99999692,"coinbase":false}],"vout":[{"n":0,"addresses":["prl1zr0fxxnmp66f766yf98sy8la68585qh6p4wakr7ge9kcdq77a7v0qjjvek0"],"amount":42000},{"n":1,"addresses":["prl1p94mante8tgtvajgghxh93l0z0vykzz7xfly6zdfpd9lsarm3dlystq3ar4"],"amount":199.99999268}]}