{"txid":"ad4adb5b899b1aed49167e8675554a4322fe2011fe5768bbe5669d6e87b8bd7a","block_height":null,"time":null,"vin":[{"txid":"ad4adb5b899b1aed49167e8675554a4322fe2011fe5768bbe5669d6e87b8bd7a","vout":1497,"amount":106.09533491,"coinbase":false}],"vout":[{"n":0,"addresses":["prl1pcttgxpq23pj64dvnacjhvmgsamed8nmg3zw25crl5uejj678j45slv4gz7"],"amount":0.09525357},{"n":1,"addresses":["prl1z0rl3kvga7hzu8d2twsrgrj0yc648su5xc4yppp4phmytxgwkh60qrrnmgr"],"amount":106}]}