{"txid":"8f69aafb095eb1cb0a7cb7b443aad28fa7ab01f00d4ce2c117be231410dea744","block_height":null,"time":null,"vin":[{"txid":"8f69aafb095eb1cb0a7cb7b443aad28fa7ab01f00d4ce2c117be231410dea744","vout":1488,"amount":175.51882336,"coinbase":false},{"txid":"636cc0ddb80a705dfc0ecd019a77764d280c34293f47376bed08cc2070c37479","vout":960,"amount":142.54677655,"coinbase":false}],"vout":[{"n":0,"addresses":["prl1zjyvr0hnrrmkx388dfyrsk9a6wq5x7hppus85vcrezejvfm4qcxfqxu4kky"],"amount":300},{"n":1,"addresses":["prl1py62pdg6eyz8ycluywqknf66j7er2rus63wp4avh8djtumhwtlxwsyye3cy"],"amount":18.06559779}]}