{"txid":"2064a6a6211ff1130034469db610affc9adc8065e03ab6d3f3c5d63b60cd2701","block_height":null,"time":null,"vin":[{"txid":"2064a6a6211ff1130034469db610affc9adc8065e03ab6d3f3c5d63b60cd2701","vout":0,"amount":150,"coinbase":false},{"txid":"0b1d5aac4fd4f5988df6d372c75e1eca873bf6b97e9bf7b4ae0b4c29cc8f91fa","vout":438,"amount":25.82523433,"coinbase":false}],"vout":[{"n":0,"addresses":["prl1pc3mc47vjwgl0uvmr2u7nye5n7vhul4ytptrqdpgth6t2trk9m7vqtemsdf"],"amount":25.82468252},{"n":1,"addresses":["prl1z94j4820788n63s5pkdjcdzvhr84zm3u55xjgkz5dun5fgnj43kyq5paq6m"],"amount":150}]}