{"txid":"dd7d5d43ca137cbf2dbbaa79544cddff6f05a052b1d42fc52abf6853c91af105","block_height":null,"time":null,"vin":[{"txid":"dd7d5d43ca137cbf2dbbaa79544cddff6f05a052b1d42fc52abf6853c91af105","vout":0,"amount":99,"coinbase":false},{"txid":"9d006506770db0242715d54b2c0f929ead7585906e2ab6a69d316e007a3ea594","vout":51,"amount":39.8119126,"coinbase":false}],"vout":[{"n":0,"addresses":["prl1zl39pd4u4gpl4l22jf39jshs6hwu3l00dk8pqsxcv4yufut23z8qqngwedt"],"amount":100},{"n":1,"addresses":["prl1pzl0435lt6lzy74ycxksfu9f5823fugtw8fhhycgm6wlng7a5cgqqrsatcg"],"amount":38.81191048}]}