{"txid":"2d4242ab21319dac42b4c08c41da0355170df3a16fe33582965388db243075d2","block_height":null,"time":null,"vin":[{"txid":"2d4242ab21319dac42b4c08c41da0355170df3a16fe33582965388db243075d2","vout":262,"amount":446.10378657,"coinbase":false},{"txid":"ca9e985543b467bad90b61ca27bd7d13bb33581b9c2942312df7683916fc1bf5","vout":118,"amount":46.01889,"coinbase":false}],"vout":[{"n":0,"addresses":["prl1zh23jvu4urdvj9ka9lyqpjrlunrxnl0za4xmff87944lwwsg62ulqns4pha"],"amount":492},{"n":1,"addresses":["prl1p3phj9w74n380cd62mjw48l5cp0s0mrgfax6s695lqgc7gt0w3n7q5aluaq"],"amount":0.12267445}]}