{"txid":"a31d219b28e4bc4e3c470a72882cc047b57abf7ec0f113f343c52b135b9c6920","block_height":null,"time":null,"vin":[{"txid":"a31d219b28e4bc4e3c470a72882cc047b57abf7ec0f113f343c52b135b9c6920","vout":0,"amount":764.99998995,"coinbase":false}],"vout":[{"n":0,"addresses":["prl1prgqses0hcp4l26urxmnk75699t2dmrpm38r35s36e70w7l03389s4fmfyp"],"amount":4.99998155},{"n":1,"addresses":["prl1zkcla5x8904pdg4mdy0h3ft8aj6x0xqlmzf4s3q57gkjn3sdz0qzswyfl8z"],"amount":760}]}