{"txid":"609d03ca189d355a0de56ecb922c8b89308e29ca04908b585049e01dfc05744a","block_height":null,"time":null,"vin":[{"txid":"609d03ca189d355a0de56ecb922c8b89308e29ca04908b585049e01dfc05744a","vout":545,"amount":2565.35773422,"coinbase":false},{"txid":"ad1f5ec0a0c7e4915f6bad1816e5d27f25f03758dc469a813a582bc7e41682a8","vout":554,"amount":184.05509092,"coinbase":false}],"vout":[{"n":0,"addresses":["prl1zsw72tqqvll8w3ztguhl5pjpv80l90zqgjfuwdse8ffzlr26mauwstwrhp8"],"amount":2747},{"n":1,"addresses":["prl1puh8qs32q9x9fl3m5v02nxemtej9p6yq0zk4xt2gfrzlzyxd9h58qjxalcx"],"amount":2.41281356}]}