{"txid":"8c8c3ac13148a3b35ca3eca9a4c4cc57d663fc6f735b7636c03bf2732199b916","block_height":null,"time":null,"vin":[{"txid":"8c8c3ac13148a3b35ca3eca9a4c4cc57d663fc6f735b7636c03bf2732199b916","vout":0,"amount":499.99999,"coinbase":false},{"txid":"1d86e40d839ff111347159fb6e4f0f772d2d0042d2e03885ee616cd284f35dde","vout":1,"amount":94.62234616,"coinbase":false}],"vout":[{"n":0,"addresses":["prl1zt4x499kksde6ns9ykepdg2cu9pmzvs38j7jjka6ts7zvt9p3rzws4dxsly"],"amount":593},{"n":1,"addresses":["prl1p3lthrt3n7yrrh7qdttq68aq5q76qn0alnmftqqw3hvxh450atm2q3w0pa6"],"amount":1.62233404}]}