{"txid":"c94fb99aa31b585a6d8320235d1b22b7f07314155fc091c0133a68702c59d760","block_height":null,"time":null,"vin":[{"txid":"c94fb99aa31b585a6d8320235d1b22b7f07314155fc091c0133a68702c59d760","vout":430,"amount":157.99337452,"coinbase":false}],"vout":[{"n":0,"addresses":["prl1ze4cjqwvvdfs73u32s2pl9xflyrpewlyqdpwn0xh4y5z57eq7lywsq2qafr"],"amount":100},{"n":1,"addresses":["prl1pf5g0d45ef5kc6yl8ehpjrlgzje4ws64yl9ncuclnc8uah9g8ckhqdzeefa"],"amount":57.99337298}]}