{"txid":"a6eca98bd8d42b2c73f0560564f9705be5e5a761d5d4f067538f71b9c31069da","block_height":null,"time":null,"vin":[{"txid":"a6eca98bd8d42b2c73f0560564f9705be5e5a761d5d4f067538f71b9c31069da","vout":0,"amount":99.99999,"coinbase":false},{"txid":"bc96594019b0b26c654c6c734f402c83d5093cb81610c5a1a201d1218138732c","vout":1,"amount":6.15478896,"coinbase":false}],"vout":[{"n":0,"addresses":["prl1z578v483tcwkje3v7kznx0ejx0lw8yrvff3pj3gr6w3d2dpgt3vuslcdvjh"],"amount":106},{"n":1,"addresses":["prl1p7p2knhtp0ny0p3vhlcnsekagrphdu0x24d5tq4clgmejttdwj7usdewvll"],"amount":0.15477684}]}