{"txid":"7867fd1d68df635ab77f4cbb02e924efa868983741076db186858068a21ab3cc","block_height":null,"time":null,"vin":[{"txid":"7867fd1d68df635ab77f4cbb02e924efa868983741076db186858068a21ab3cc","vout":1109,"amount":245.57207971,"coinbase":false}],"vout":[{"n":0,"addresses":["prl1zqd859yynuy5lz4pjvmt6rnrdadr620ccudhx6lun8j8cl3yjkwrqlclw4q"],"amount":245},{"n":1,"addresses":["prl1psja4gsprqj2652e830txu8uuzq59qusm3s04p5a7dhrmrtflnrvq29g8m6"],"amount":0.57207817}]}