{"txid":"6f50b4ad7bdc8e2034f4f387e8acca5e4c302ae03647805c69ddf6b5870f9c9b","block_height":null,"time":null,"vin":[{"txid":"6f50b4ad7bdc8e2034f4f387e8acca5e4c302ae03647805c69ddf6b5870f9c9b","vout":0,"amount":21999.99999,"coinbase":false},{"txid":"ccb4a060d406b9f13b1e088782ccf8ab9ee4335498e1e977b5da624050996119","vout":18,"amount":187.10365336,"coinbase":false}],"vout":[{"n":0,"addresses":["prl1phfmu4gqtpjeewy02e6gqy8p9a95vtecjahds2369qnygx50tj45sdtxug6"],"amount":187.10309155},{"n":1,"addresses":["prl1zgflptknvv4httf8w2ak32v76npf5s7gvc606veyav6qtys5vksvsjzfrnj"],"amount":22000}]}