{"txid":"57ad7588ba2b4a826b393d4af5bd09ea91011cf09513e3e3924d87c4ee655563","block_height":null,"time":null,"vin":[{"txid":"57ad7588ba2b4a826b393d4af5bd09ea91011cf09513e3e3924d87c4ee655563","vout":63,"amount":938.2074874,"coinbase":false},{"txid":"6dabc86d03334716976d8a40c1a051d2faacc9eac7ffbf470a925eb692289eb8","vout":405,"amount":12.55200403,"coinbase":false}],"vout":[{"n":0,"addresses":["prl1zzmrawx26tygpj4wrdg2gryed74wr28cx4xe9hkxvkgy8shzz8wrq7jmkl3"],"amount":950},{"n":1,"addresses":["prl1p6dy56mnkyf8vhgdwgxgywf9nwneteq7jhntq5urqjjfqe3sqatgscr4kjx"],"amount":0.75947987}]}