{"txid":"18812746ad083cf16219de26e8fa545e74a77379aaa6cbb32f1eb61fb6956c84","block_height":null,"time":null,"vin":[{"txid":"18812746ad083cf16219de26e8fa545e74a77379aaa6cbb32f1eb61fb6956c84","vout":0,"amount":448.99999,"coinbase":false},{"txid":"8f3a03af7b928b4efb195cc34e0e73e36e18291caf10d7c9c3518d52f0632140","vout":1,"amount":362.98618946,"coinbase":false}],"vout":[{"n":0,"addresses":["prl1zhum6dtu9xhz9r8nfydgrlmv5ma4apk66qz2vmtdndtg5qs7cenfsw406f5"],"amount":575},{"n":1,"addresses":["prl1puna9a3e854p30s8hcxk4u2sm754xj2x3yx5vpe4exq49d2vk72sq9fkmnc"],"amount":236.98617734}]}