{"txid":"731c53ddd3bbf847fd0418071ad844d0db64579ab4a28d6a4573ac16b6feaa8c","block_height":null,"time":null,"vin":[{"txid":"731c53ddd3bbf847fd0418071ad844d0db64579ab4a28d6a4573ac16b6feaa8c","vout":0,"amount":30222.8050319,"coinbase":false}],"vout":[{"n":0,"addresses":["prl1z9agfllz2srznx4rw0qh5kggpq4hg092eul6lzcchpeeqgxq5lfjsf3pc4d"],"amount":30000},{"n":1,"addresses":["prl1p9227tkvlhul8aqd4xpcgk8y3303hllehs8akft9zuyjqklfp3z6qj0m75f"],"amount":222.80503036}]}