{"txid":"40c46ea61d2fb7cc89a73f1d6d2410ef84c8847120eb225ad8b78ca97ad534e2","block_height":null,"time":null,"vin":[{"txid":"40c46ea61d2fb7cc89a73f1d6d2410ef84c8847120eb225ad8b78ca97ad534e2","vout":1,"amount":2691.46397123,"coinbase":false}],"vout":[{"n":0,"addresses":["prl1pg3c08s5yvuvvgskcr04sh6tjw8gv0yd0r8w3ye5p6c9a8f8tymqsvk8xgr"],"amount":2331.46395573},{"n":1,"addresses":["prl1z8fl4y6ejjwjegvfq0w3zls2f89x5cj5nvw09dulnxhy9t9ufpy0syhsh00"],"amount":360}]}