{"txid":"7f6a999b1fbdce84aaa5ce4843aa66929f596c1b258dbc03acddeb7079d58f5c","block_height":null,"time":null,"vin":[{"txid":"7f6a999b1fbdce84aaa5ce4843aa66929f596c1b258dbc03acddeb7079d58f5c","vout":1029,"amount":344.63022192,"coinbase":false},{"txid":"4e7ef575feb1fc9ebe4c218520ab233ec069314d82e03fb7bc2e444debec5c31","vout":48,"amount":287.73193358,"coinbase":false},{"txid":"87a5dfa08d1a0abbb12c4fd356603e82c90ddb68db99592cc5964d75f8e7aff5","vout":256,"amount":184.97911517,"coinbase":false}],"vout":[{"n":0,"addresses":["prl1z7n02cw429ddhf4xvpqyw2tq7f9r8a6pq39d37mys6m9enqpf4hzql7ewrv"],"amount":800},{"n":1,"addresses":["prl1p78zj9gadcdtvhqcmn9erzv3gysct5f72k096zku35a20rk9utw2st9j0vr"],"amount":17.34113428}]}