{"txid":"61b666603e6b356baa82f60687e2533bb4d602bddc9051db96d209242ee0a638","block_height":null,"time":null,"vin":[{"txid":"61b666603e6b356baa82f60687e2533bb4d602bddc9051db96d209242ee0a638","vout":1,"amount":4053.99998846,"coinbase":false}],"vout":[{"n":0,"addresses":["prl1zj0zg0u2qgjpru2nwxxtfxkuz7eu79gm5tqjeurufuk6juumypvcs425j9l"],"amount":1000},{"n":1,"addresses":["prl1pqgcesycgzff79d3zun2tkyh5ghrhcug4jwx0rh3h7fdvg39ypxkqjh5v05"],"amount":3053.99998692}]}