{"txid":"6ff8892836f81ea7b75f8e86f0be6752db112be3fc248ff0ae0640f0a4f61ce4","block_height":null,"time":null,"vin":[{"txid":"6ff8892836f81ea7b75f8e86f0be6752db112be3fc248ff0ae0640f0a4f61ce4","vout":1,"amount":722.38073454,"coinbase":false}],"vout":[{"n":0,"addresses":["prl1zdxt8rvx777lzgzm5g2zn378uw5yzwgcz9tnjcruvcd60n9dgmzxqr5wxr9"],"amount":100},{"n":1,"addresses":["prl1p09tv0fjr4gmtcgcxa3eml8sugutmgy2juxclshdn4mv5ss92wl5qujaw2r"],"amount":622.380733}]}