{"txid":"7960d259ed17aa5f1f0a2c2301c1ff6213deb2724ecce3b6198007777143218c","block_height":null,"time":null,"vin":[{"txid":"7960d259ed17aa5f1f0a2c2301c1ff6213deb2724ecce3b6198007777143218c","vout":1,"amount":2748.99999846,"coinbase":false}],"vout":[{"n":0,"addresses":["prl1zvnny6t8hp6g8djr4ywsy0mm42pdx25wx382amkdtqmuqhr9hqm4s0697d5"],"amount":780},{"n":1,"addresses":["prl1pml4rlyp6w0m0ylvxaxpm4j434qu0rmjgxpguvkz6gl7729uma5tshv3rs4"],"amount":1968.99999692}]}