{"txid":"0468335b5bae585c75f8543abd666369867959275a2f9f25b74417b6e33b19a4","block_height":null,"time":null,"vin":[{"txid":"0468335b5bae585c75f8543abd666369867959275a2f9f25b74417b6e33b19a4","vout":1,"amount":2377.99999692,"coinbase":false},{"txid":"292c0de5cba2a0333291963c7f881fa8f98e60baae919d5be364f2ad53bb5a93","vout":0,"amount":1249.99999,"coinbase":false}],"vout":[{"n":0,"addresses":["prl1zh6qavata8y43dj6yl0uud9lmnwf5my8tuk54kqs3ape9qcnfkq0q0gz2d7"],"amount":2500},{"n":1,"addresses":["prl1pk0uwp4360363kz8803mfu52qt808ldpqf3tfccsctskk2kpa6x2smjsn4f"],"amount":1127.9999848}]}