{"txid":"968274d83af5bfa4226835dfba52ba0bd7f63bd7389bacbd5a9f16b7c919955e","block_height":null,"time":null,"vin":[{"txid":"968274d83af5bfa4226835dfba52ba0bd7f63bd7389bacbd5a9f16b7c919955e","vout":0,"amount":3081.99999,"coinbase":false},{"txid":"7f35ca16d438f1aa1c5e51a0c226a594677ec55c33b2aeb19a4f7f981f6ece13","vout":30,"amount":21.36822465,"coinbase":false}],"vout":[{"n":0,"addresses":["prl1zz92zgy2kxcehlnp3x6agz773zxurk3jxazf066ju02kktcxpu6ks660xuk"],"amount":3103},{"n":1,"addresses":["prl1pu4zp9m7f2j9us9j84r68rd0wygxelhyvfs27grp6dch2nns5lc0q8q0ulp"],"amount":0.36821253}]}