{"txid":"f2d7569f561e185bb43ab6a16e23dc4cfe10aa16ce27b0712a4c15bfab66fea3","block_height":null,"time":null,"vin":[{"txid":"f2d7569f561e185bb43ab6a16e23dc4cfe10aa16ce27b0712a4c15bfab66fea3","vout":0,"amount":133.99999,"coinbase":false},{"txid":"37cff8e935f32c43acdf6fa861eb26fadced457b8ea496ad1f55a1596558f2d9","vout":1,"amount":0.57550697,"coinbase":false}],"vout":[{"n":0,"addresses":["prl1pk5ycrr8hk9lqwj9pqf0se58d4xranweq9harnsth72pufrq0wwesxt35jc"],"amount":0.57548542},{"n":1,"addresses":["prl1zckf23szffd3e0shhgh6uuw6tm3zq84f380amwlgaahfj0c6lfh7sxukauk"],"amount":134}]}