{"txid":"0527546950f412a8e81c6311df2cfd8d68dff4a76eb59c6483e1fccc88c426e9","block_height":null,"time":null,"vin":[{"txid":"0527546950f412a8e81c6311df2cfd8d68dff4a76eb59c6483e1fccc88c426e9","vout":373,"amount":142.12078923,"coinbase":false},{"txid":"156bf5a272c54a6b36e443db1009b785fd9a68b8599534d0a39f267292c969c9","vout":0,"amount":1.26836546,"coinbase":false}],"vout":[{"n":0,"addresses":["prl1zd5jzqydkxsvajt7ny5uy5xu0xja3599hycp4mzznd6jf0rp38asseraqls"],"amount":143},{"n":1,"addresses":["prl1ptfnsa3nqeac8js7qjyrlmv9pamsxfvnwerz7zd9t9u2tjele9hrqrkx6u7"],"amount":0.3891432}]}