{"txid":"32e4b0c5e2383782ba7e42835aed10b5ab464609eeda1d2e6f126a99fb02d6f0","block_height":null,"time":null,"vin":[{"txid":"32e4b0c5e2383782ba7e42835aed10b5ab464609eeda1d2e6f126a99fb02d6f0","vout":204,"amount":87.64549843,"coinbase":false},{"txid":"13357ebdb0cea6bffefe60a4a81be49c265a104e382acb80694ccc678ec3cf35","vout":266,"amount":47.60136717,"coinbase":false}],"vout":[{"n":0,"addresses":["prl1z2ydww4p972622negsnpqgcaa8u95x0fspa2sdldqhpt20c4kz3cqwvkkfa"],"amount":100},{"n":1,"addresses":["prl1pdf4pmugphtk3z7wmk88j52e3sr636r4jsfdwlrwal30aj8r7fflsmlnss0"],"amount":35.24686347}]}