{"txid":"cddef920ea148832ed733cd9920a466c2e3bc30f510af506c18ccb388a16bd29","block_height":null,"time":null,"vin":[{"txid":"cddef920ea148832ed733cd9920a466c2e3bc30f510af506c18ccb388a16bd29","vout":0,"amount":5125,"coinbase":false},{"txid":"599fe2f60f1a9c9359ffb7dc9f7269bb208e125b05696d463106218263ba3a16","vout":1,"amount":1.79999306,"coinbase":false}],"vout":[{"n":0,"addresses":["prl1zdmyazdcsd5r9h6q6vgf5m4wl2cefsv9h8wl6l0astwphl6gp30lscdzxpr"],"amount":5125},{"n":1,"addresses":["prl1pc5v7m7p60444h8gjl69a67q209mx8pyp3z4z9n0wdk44j5dtfx7qm78kpr"],"amount":1.79999094}]}