{"txid":"09573cb727de72f59873d1a5573e991c0e8f31285e9911460e02858a9be40b07","block_height":null,"time":null,"vin":[{"txid":"09573cb727de72f59873d1a5573e991c0e8f31285e9911460e02858a9be40b07","vout":1,"amount":1112.74994413,"coinbase":false}],"vout":[{"n":0,"addresses":["prl1zxpnspeem2u8muf3246nz6ph5w7y2cpnwhrp065zqaj64pww7fqrqt7jzcy"],"amount":0.05},{"n":1,"addresses":["prl1pza4xkj2r85hkpwwak8l05v84q3mrqnmldquu30yhhl04tptqt58szjdsx6"],"amount":1112.69994259}]}