{"txid":"21f7186a2e07745f613d265eed226de22c78027abcf9500d68e215466b70ee8d","block_height":null,"time":null,"vin":[{"txid":"21f7186a2e07745f613d265eed226de22c78027abcf9500d68e215466b70ee8d","vout":72,"amount":163.87643139,"coinbase":false}],"vout":[{"n":0,"addresses":["prl1zsgwdd9zevyte56uhmctepnpcppv3spcuwym8jtdkadtvdxn6euksw9yvwv"],"amount":100},{"n":1,"addresses":["prl1p2jytct4lvcxupfa5lss5vu3fmga8h7c5lmn6r6yk0ffa3apds5hqt4we37"],"amount":63.87642299}]}