{"txid":"7857b73643e0cd96ceecd9f2d9008a34cdefcb96b35a57861322d211244f633c","block_height":null,"time":null,"vin":[{"txid":"7857b73643e0cd96ceecd9f2d9008a34cdefcb96b35a57861322d211244f633c","vout":538,"amount":424.12297256,"coinbase":false},{"txid":"80c666258a8ef7cd61a15aecf0e5f90ad4ce43749f54beee73bae69a4d3e9be8","vout":569,"amount":302.90451694,"coinbase":false}],"vout":[{"n":0,"addresses":["prl1zpwj2qhergyvnlf39ed0aztrta8m464qg8q0emykwrm3p9umlx2tsh35k7l"],"amount":676},{"n":1,"addresses":["prl1pvhq2n4hv3wuqjkgz8ezehphxr3h4rlut0xjcea6wpf6gauvfdg8s6fp7s2"],"amount":51.02748738}]}