{"txid":"6e29297c39c0789d8ee2e166d0e8b62a59bea5ebef7c146867ec4ef2e764ccf3","block_height":null,"time":null,"vin":[{"txid":"6e29297c39c0789d8ee2e166d0e8b62a59bea5ebef7c146867ec4ef2e764ccf3","vout":1,"amount":299.99999846,"coinbase":false},{"txid":"f99d7923c88f2a373797ac06690f3c054f8f9ab6882f443a4c306fc736670aa6","vout":1,"amount":298.99999846,"coinbase":false}],"vout":[{"n":0,"addresses":["prl1zqxu49jsgawhpy5e0t40al5n3lr8usfau9umfs0w4ethcua9tw8aqa08dxr"],"amount":500},{"n":1,"addresses":["prl1pzmr904ef067506akv00h53aavc9m6mjerllkxarztqm49gdxetsq8dldx5"],"amount":98.9999948}]}