{"txid":"d0e471fcdb3ad3c0f0ca9e1c71bf6ce832994dcfeb8228b86ad39992c311fa1c","block_height":null,"time":null,"vin":[{"txid":"d0e471fcdb3ad3c0f0ca9e1c71bf6ce832994dcfeb8228b86ad39992c311fa1c","vout":1,"amount":199.99999692,"coinbase":false}],"vout":[{"n":0,"addresses":["prl1z9d6s8twk6zjn64k6vctlxwvegmr9hn5ksmunpw2esxh5zddm8arsxnhzsp"],"amount":100},{"n":1,"addresses":["prl1pzmr904ef067506akv00h53aavc9m6mjerllkxarztqm49gdxetsq8dldx5"],"amount":99.99999538}]}