{"txid":"212c4059e2d96f61530a6fdd170e2c696186f82ee0d9199dac55b78c86f20c2d","block_height":null,"time":null,"vin":[{"txid":"212c4059e2d96f61530a6fdd170e2c696186f82ee0d9199dac55b78c86f20c2d","vout":202,"amount":292.3463904,"coinbase":false}],"vout":[{"n":0,"addresses":["prl1zjnlz6y9ghemd5utu2uw6jy2dhn0ek0dhr5f89gap453d3nrfuzws5ylfg3"],"amount":200},{"n":1,"addresses":["prl1pg4q7d7q2d8ugww2nmjulu0ad7mdk3ps0l8t590dfpqlsgcdfsgjs4ugpc3"],"amount":92.34638206}]}