{"txid":"8d9ea2887d88c2fb1bdc6ed8b8c42a0926aa0e25d01b326ecae5487fbf1fce39","block_height":null,"time":null,"vin":[{"txid":"8d9ea2887d88c2fb1bdc6ed8b8c42a0926aa0e25d01b326ecae5487fbf1fce39","vout":0,"amount":2796.53794824,"coinbase":false}],"vout":[{"n":0,"addresses":["prl1pt58etkyt77vu3j5p08fdewpjahpukpk7qy98dmt4qgrwy6zm4mkqwfak3x"],"amount":2696.53793274},{"n":1,"addresses":["prl1z5uk8em5cxmzl900zxejt9h7wr2j8xq40lzrx25zxkza433qvv9nqu5fgfl"],"amount":100}]}