{"txid":"57ad7588ba2b4a826b393d4af5bd09ea91011cf09513e3e3924d87c4ee655563","block_height":null,"time":null,"vin":[{"txid":"57ad7588ba2b4a826b393d4af5bd09ea91011cf09513e3e3924d87c4ee655563","vout":251,"amount":269.98204359,"coinbase":false},{"txid":"41f32cf59976f5517bc31fc056d3beb6773918a642cdc450dc0e12e8ba43ab07","vout":0,"amount":7.22271178,"coinbase":false},{"txid":"3a162664540141df670efcf142991fb31867ad7e979157807b03b6aad1fe5422","vout":11,"amount":6.46460734,"coinbase":false}],"vout":[{"n":0,"addresses":["prl1pvyju47d54hc6j3httaaq9j4vm0mlgp9ljknp5hsq9wvqp0j595hsd6yt72"],"amount":3.66934806},{"n":1,"addresses":["prl1zrqlynmq5c3txmsjdlvdd4p4w5mejwpnx6mlu7vgefd5asc9efcqqfakfm3"],"amount":280}]}