{"txid":"a70cebeeccdc297df8e72bdecbe1455abae4525fb0f210440c700ed012367b5b","block_height":null,"time":null,"vin":[{"txid":"a70cebeeccdc297df8e72bdecbe1455abae4525fb0f210440c700ed012367b5b","vout":0,"amount":1059.99998175,"coinbase":false}],"vout":[{"n":0,"addresses":["prl1prlpwenr2uf9qw4d4u8vf3el2cs8clflhky7nwu9f25ava690z03qluu4ra"],"amount":59.99997343},{"n":1,"addresses":["prl1zx48c9xen6zqm9alpqrnle62phqgvqwxyzdzrukn9nprlfpw8aerqqtkhd9"],"amount":1000}]}