{"txid":"79cc7e1a237f8caf4b89714dc84de1b7a09ba5348894b6c1a139a7695d58fb3c","block_height":null,"time":null,"vin":[{"txid":"79cc7e1a237f8caf4b89714dc84de1b7a09ba5348894b6c1a139a7695d58fb3c","vout":0,"amount":99.99999,"coinbase":false},{"txid":"0b0ca4677d87c95414dcc696b1850859749e805a7a0b7126f4d4a47b87564212","vout":25,"amount":14.56906394,"coinbase":false}],"vout":[{"n":0,"addresses":["prl1zzlx5adaca7wr5s09skk4t9vvmzedyykxruyxr69era4z2xsjfdds9f84e3"],"amount":110},{"n":1,"addresses":["prl1p3gdn483vp8er0cl4xjpe4np6mn66wlqudjppkl4l6mf6c2ttwzssslzd9s"],"amount":4.56905182}]}