{"txid":"46e66ac83805169eb40d722d4f30ef8279adbfef44b70276c1dbe2b0af1701b5","block_height":null,"time":null,"vin":[{"txid":"46e66ac83805169eb40d722d4f30ef8279adbfef44b70276c1dbe2b0af1701b5","vout":1,"amount":152.66257515,"coinbase":false}],"vout":[{"n":0,"addresses":["prl1pukr9wuqddwdc309cjtnwaegnpn5mwxyfksytjy5pd04w8pjk7kxqmcvj5w"],"amount":52.66256665},{"n":1,"addresses":["prl1z0rd22ukjzjr0kff57lwwe3grk3a674md52dgtkyrz3xhfxsrvujq6y92n2"],"amount":100}]}