{"txid":"183afcfa921895fa9bfed89783bcd93137892d2e6eb72a632f8439275d68efab","block_height":null,"time":null,"vin":[{"txid":"183afcfa921895fa9bfed89783bcd93137892d2e6eb72a632f8439275d68efab","vout":1,"amount":49134.46121119,"coinbase":false}],"vout":[{"n":0,"addresses":["prl1p9kulxx30vndkvgqd082g4hluu4lmqccly9qdtlpje6g4x3p7s40s7rjwa4"],"amount":39134.46112788},{"n":1,"addresses":["prl1z8frnk8dw9lkpdnl45t00unk2hev8dhs3xtaulhc3z86k7u5kfzvs3kxf4n"],"amount":10000}]}