{"txid":"0b1d5aac4fd4f5988df6d372c75e1eca873bf6b97e9bf7b4ae0b4c29cc8f91fa","block_height":null,"time":null,"vin":[{"txid":"0b1d5aac4fd4f5988df6d372c75e1eca873bf6b97e9bf7b4ae0b4c29cc8f91fa","vout":848,"amount":97.21523513,"coinbase":false},{"txid":"a5c2743d28986743b0d86ab9184a223cf42ab48ea343513e1cf90e3d9235f2f8","vout":0,"amount":23.2,"coinbase":false}],"vout":[{"n":0,"addresses":["prl1zk0l70ul64fall7qtu7med5anz7g69736t49uf0ehyqqhvgggtx4qw9rmq3"],"amount":120},{"n":1,"addresses":["prl1p3phj9w74n380cd62mjw48l5cp0s0mrgfax6s695lqgc7gt0w3n7q5aluaq"],"amount":0.41523301}]}