{"txid":"bbdfc25fa595305fd6b0aba179b55e45db2715cf46823986949b7c5ac21fd4fd","block_height":null,"time":null,"vin":[{"txid":"bbdfc25fa595305fd6b0aba179b55e45db2715cf46823986949b7c5ac21fd4fd","vout":370,"amount":111.94424179,"coinbase":false},{"txid":"aa9bc0116fd5e4c6e1b13f335cad87c0084641a27f7eee553480ffa104ea58e4","vout":1,"amount":93.8066121,"coinbase":false}],"vout":[{"n":0,"addresses":["prl1zg0ql9dxc2rk0nanh7pwdtqd84q2gjr28vemr0c2v6sml892064nqu80lym"],"amount":200},{"n":1,"addresses":["prl1pf5g0d45ef5kc6yl8ehpjrlgzje4ws64yl9ncuclnc8uah9g8ckhqdzeefa"],"amount":5.75085177}]}