{"txid":"2d4242ab21319dac42b4c08c41da0355170df3a16fe33582965388db243075d2","block_height":null,"time":null,"vin":[{"txid":"2d4242ab21319dac42b4c08c41da0355170df3a16fe33582965388db243075d2","vout":23,"amount":421.08467856,"coinbase":false}],"vout":[{"n":0,"addresses":["prl1zxl70fer5q8uyfzkvqttsqxv9f4hx77nd0fd6k2053j2wy5x2dgjs577gsk"],"amount":421},{"n":1,"addresses":["prl1pl3lk2je4ra68dg76l57tejxmew9qse3vnksl0u43agn0dqrqqnaq8ks0nu"],"amount":0.08467013}]}