{"txid":"199b79a6bf6b6c2be0324d9b9a2236fef04e71d7b59e42410ce8ec970fdd9cbc","block_height":null,"time":null,"vin":[{"txid":"199b79a6bf6b6c2be0324d9b9a2236fef04e71d7b59e42410ce8ec970fdd9cbc","vout":1,"amount":5782.54277179,"coinbase":false}],"vout":[{"n":0,"addresses":["prl1pdknwhf83tvk3na2ahvhqdz86awaczujcseak484j5g4t70hpa6kq0u0r7u"],"amount":4582.54276328},{"n":1,"addresses":["prl1zw0lyats8l08s0tsch0xf92pmcfzwd6h7lqgqqe252xes6z0ntmns9ah0yf"],"amount":1200}]}