{"txid":"57ad7588ba2b4a826b393d4af5bd09ea91011cf09513e3e3924d87c4ee655563","block_height":null,"time":null,"vin":[{"txid":"57ad7588ba2b4a826b393d4af5bd09ea91011cf09513e3e3924d87c4ee655563","vout":243,"amount":823.93993585,"coinbase":false},{"txid":"0527546950f412a8e81c6311df2cfd8d68dff4a76eb59c6483e1fccc88c426e9","vout":153,"amount":204.94670708,"coinbase":false}],"vout":[{"n":0,"addresses":["prl1p54lvs86925w8rnadupgdqumx75zergsde7yrpjuxkyw9tlju0tdqyzt0s2"],"amount":28.8866408},{"n":1,"addresses":["prl1zc4p7j5hcm6f2c3e84dz4xh5ufckl45gqtj7xqa59aqp5f5dnlh3sey56sj"],"amount":1000}]}