{"txid":"5b9b1bd9c88554532e5ed33fd1dec3eec1de5c9a308278b25ac73ef453ae3c56","block_height":null,"time":null,"vin":[{"txid":"5b9b1bd9c88554532e5ed33fd1dec3eec1de5c9a308278b25ac73ef453ae3c56","vout":0,"amount":999.99999,"coinbase":false},{"txid":"422bbdc4085bbf5bddbcce7246b91459aa5f07679da884ec0bf467b942aa6a59","vout":11,"amount":106.54935148,"coinbase":false}],"vout":[{"n":0,"addresses":["prl1zm675h4kxgtxfxm5gr0e9vjw790hpxa4ryq546qrsqyjp9dldme5szfl0r3"],"amount":1000},{"n":1,"addresses":["prl1ptf5at8hfu5dnnsr45u6j4m08mrdl2pgz09mww2v35732edfuqy6smck2jg"],"amount":106.54933936}]}