{"txid":"87fc63c39839664ecb4c5e0186c37e4cf93dcbaecf0765368a0586fdbcd9d015","block_height":null,"time":null,"vin":[{"txid":"87fc63c39839664ecb4c5e0186c37e4cf93dcbaecf0765368a0586fdbcd9d015","vout":1,"amount":177.2501196,"coinbase":false}],"vout":[{"n":0,"addresses":["prl1z82jfgrdgaumfg2fvahe0afj2akmasz8mu37fdd4y877wh38zngtq04sgut"],"amount":177},{"n":1,"addresses":["prl1py5a53p4jmr4wdvvd63lmmr53gxwtgrr4awpavhxaydzaefuh9qxswmlf96"],"amount":0.25011135}]}