{"txid":"33cc12f487b77d7a377289a5088e6b27aa635c7506647d7198c186b9c226d860","block_height":null,"time":null,"vin":[{"txid":"33cc12f487b77d7a377289a5088e6b27aa635c7506647d7198c186b9c226d860","vout":559,"amount":767.01845652,"coinbase":false},{"txid":"c0cd6cc652f128f7fa0ee8e090a297817887ec969b66217172e62050637c852c","vout":1,"amount":101.47683116,"coinbase":false},{"txid":"a4597072cfa1168344396f90c78f7ea8cad1778fe709e171a52b1939af73403e","vout":1,"amount":8.60652835,"coinbase":false}],"vout":[{"n":0,"addresses":["prl1zvup85hgsamxxevwcaqfd9ksckqhxeuwwnhu60xdjp7yvgg77pufsen8ww3"],"amount":870},{"n":1,"addresses":["prl1p7rj2rtxyrjszfngpjjdkhafzsrg7s9p2ps5zft2ddpw9snwgavds6dsws5"],"amount":7.10181333}]}