{"txid":"3164c286bf791a4e95158b81718ba1e26f609a578e36c6de834fc51142bdb8f6","block_height":null,"time":null,"vin":[{"txid":"3164c286bf791a4e95158b81718ba1e26f609a578e36c6de834fc51142bdb8f6","vout":0,"amount":999.99999,"coinbase":false},{"txid":"d70538c43cde95828d37e35be7d623528557a950d1e3e24e1e5efcc9c1b954cd","vout":1,"amount":81.20571549,"coinbase":false}],"vout":[{"n":0,"addresses":["prl1z8sx8dr7tak4d0wjrr8v9zm46lfxpacgq9rrr2lpy99j3ztx3r9nqcrsr9j"],"amount":1000},{"n":1,"addresses":["prl1ppwud63x4euwf8frau3arzuweqmznjmwlujr90a4vljqw0qxfezyqx2ag7j"],"amount":81.20570337}]}