{"txid":"57ad7588ba2b4a826b393d4af5bd09ea91011cf09513e3e3924d87c4ee655563","block_height":null,"time":null,"vin":[{"txid":"57ad7588ba2b4a826b393d4af5bd09ea91011cf09513e3e3924d87c4ee655563","vout":615,"amount":107.0788278,"coinbase":false}],"vout":[{"n":0,"addresses":["prl1pmd833e9htnnjc6326wl5v0wtx0x9jweaqpjav9ywrkzy3udazyrsgynznz"],"amount":4.07881938},{"n":1,"addresses":["prl1zvsvgyg8r5f6m998esx3ej0lv4zfxzwq3gjh8qugdgzurlwm40dyq3fn9ka"],"amount":103}]}