{"txid":"7a55b67c31732875d85c298c8daaff935ff232c51a540d906227b505384f59f1","block_height":null,"time":null,"vin":[{"txid":"7a55b67c31732875d85c298c8daaff935ff232c51a540d906227b505384f59f1","vout":1,"amount":0.89999846,"coinbase":false}],"vout":[{"n":0,"addresses":["prl1zkk57wl95gwvxz5raagdznh8duklml235kcv9utaa49pnr88lv9aq45vwr2"],"amount":0.25},{"n":1,"addresses":["prl1ph0httxz3rf9wh6v7z3htzjdsmfhm0rp7sf5395wk7hp6updw3hwqptlax9"],"amount":0.64999692}]}