{"txid":"2d577b9901a59ac09e0bc5c22335c699226069cc10480c6a56d7cc496600cd53","block_height":null,"time":null,"vin":[{"txid":"2d577b9901a59ac09e0bc5c22335c699226069cc10480c6a56d7cc496600cd53","vout":0,"amount":999.99999,"coinbase":false}],"vout":[{"n":0,"addresses":["prl1zvxr36pktz45dfzu5q5xn723me2f9fav78kk3vkzrgatjq7fnhstqcmx76x"],"amount":476},{"n":1,"addresses":["prl1pzuqw9tss8y9tlryy57kty89at7yjnxgnx3tvdc7k3sv0v6gap8lsdh9tyq"],"amount":523.99998846}]}