{"txid":"629b402caf1dc2ed34226ce5613f2dd9ad021aea2c2cbc478b7c9d9c154feedd","block_height":null,"time":null,"vin":[{"txid":"629b402caf1dc2ed34226ce5613f2dd9ad021aea2c2cbc478b7c9d9c154feedd","vout":1,"amount":7037.89655436,"coinbase":false}],"vout":[{"n":0,"addresses":["prl1pvaam9lw3xx6fyscq3yk4wnlv9n39s3v55xucuawz54v2lfnqavpskdj3x7"],"amount":0.89654613},{"n":1,"addresses":["prl1z7dn4nzek5n59qc5aph2ukletvhpq55n96dqg8jjz65mmav0w2t2s0up50j"],"amount":7037}]}