{"txid":"5b297dcea895480475b6c0f53d34184410d392af6791609ee830e079aef25b88","block_height":null,"time":null,"vin":[{"txid":"5b297dcea895480475b6c0f53d34184410d392af6791609ee830e079aef25b88","vout":0,"amount":1725,"coinbase":false},{"txid":"2ff0b5f4421041d29f3e901687cc8a79f53adf9a1eacc150c816683da8ca0ffa","vout":2,"amount":58.85761164,"coinbase":false},{"txid":"c0e1d797f2e663f106850c97da8c5dcbbd082d5640ba9f98944837079e6a4de8","vout":20,"amount":47.56540152,"coinbase":false}],"vout":[{"n":0,"addresses":["prl1zhsmatuhk9r3txwuqra7svuzrxepqqn3etrg63ep80gay63aus7lshrufqe"],"amount":1786},{"n":1,"addresses":["prl1p05va5gete4h94j70vwdndxnjy0ywyehapqh37zpymf2warksrteqdrwzc2"],"amount":45.42299845}]}