{"txid":"0527546950f412a8e81c6311df2cfd8d68dff4a76eb59c6483e1fccc88c426e9","block_height":null,"time":null,"vin":[{"txid":"0527546950f412a8e81c6311df2cfd8d68dff4a76eb59c6483e1fccc88c426e9","vout":251,"amount":1545.6277189,"coinbase":false}],"vout":[{"n":0,"addresses":["prl1zr8z0qe3xy6v9089cjaxccfgz5glwkvajqfsuplthgn6m3pxvfals08mjaa"],"amount":1500},{"n":1,"addresses":["prl1p3mzfwrw9y2tpj9cyfxw3nzusyevvwmulwkarwpqpgrnl9k542xqsqc6220"],"amount":45.62771736}]}