{"txid":"f706e3afd5192d2690d54927f68c9aef661fe9d68a3a7345e2f4b86905ab88da","block_height":null,"time":null,"vin":[{"txid":"f706e3afd5192d2690d54927f68c9aef661fe9d68a3a7345e2f4b86905ab88da","vout":723,"amount":899.49062544,"coinbase":false},{"txid":"1ed0f03fd11f2495cadc9e9b8b6c1010eb57de9ce9c47809ed6d439781470758","vout":0,"amount":189,"coinbase":false},{"txid":"40bc68d200d96815c3148e3d47c7770446e5e8ef91a95bdd5cc53f035808d5f0","vout":0,"amount":50,"coinbase":false}],"vout":[{"n":0,"addresses":["prl1pp5edwu8hjchujm7n5gmq4mm37h3nm89khd4m8wmtc75f4hf0yrzq62ugyq"],"amount":3.49026871},{"n":1,"addresses":["prl1zqj2r3efczqfjkwwp8nx5te3achclnn9kgnu0z5g7rpgm6rnelv3s6uumhq"],"amount":1135}]}