{"txid":"dc8fc233e174ff5257ca8d559f6055bc7933755efeadbebd6c2283f5aa4facf7","block_height":null,"time":null,"vin":[{"txid":"dc8fc233e174ff5257ca8d559f6055bc7933755efeadbebd6c2283f5aa4facf7","vout":0,"amount":2775.2410893,"coinbase":false}],"vout":[{"n":0,"addresses":["prl1pmy4p7959zcsxgns3yaezuk7saqepcnyqvwecphtlcyd5k2ehj6gq6lkvlz"],"amount":1418.24107869},{"n":1,"addresses":["prl1zzu4txpk3rm5xvcadua2h972lyqtx5vvvjefddakxdfwqgey6m8yqmry86l"],"amount":1357}]}