{"txid":"7a342882f745c6463f2105a7110027cca9be5d9fabca9cc6ca9de175096ff544","block_height":null,"time":null,"vin":[{"txid":"7a342882f745c6463f2105a7110027cca9be5d9fabca9cc6ca9de175096ff544","vout":0,"amount":999.99999,"coinbase":false},{"txid":"a4f23afbfc1d5546760f4eb8defbef8c8aa573f7f06226955a6418e26a550161","vout":0,"amount":500,"coinbase":false},{"txid":"857aac03081fdfe9e7dac73281df4f9f291b016ac51ab5efd7485b19be0d6724","vout":1,"amount":91.20649152,"coinbase":false}],"vout":[{"n":0,"addresses":["prl1zkfhqd0ef9pqlh7yul5qlmza5qwu88hurpxwcj59eevcdfgykh8rq9yx252"],"amount":1500},{"n":1,"addresses":["prl1pj5jw9ay386l29n0jqz7smmuppf77m30uqs5dyea0wmp4492aq5gq6kspps"],"amount":91.20647882}]}