{"txid":"a80e290c76f59c06ef5bd050250fbf3116f2342a8785bdda20dd4934155321b6","block_height":null,"time":null,"vin":[{"txid":"a80e290c76f59c06ef5bd050250fbf3116f2342a8785bdda20dd4934155321b6","vout":0,"amount":180.50619437,"coinbase":false}],"vout":[{"n":0,"addresses":["prl1zllvd43fay8pzq23r3egme9ts2ng9x0eatr5w4eneqplam8xyv2us5vx6fe"],"amount":180},{"n":1,"addresses":["prl1pj5zxgtxd88alh5sevpnul03d8rpldsklanzgfg82uz9vyj2nrzgqgp8nsz"],"amount":0.50619283}]}