{"txid":"57ad7588ba2b4a826b393d4af5bd09ea91011cf09513e3e3924d87c4ee655563","block_height":null,"time":null,"vin":[{"txid":"57ad7588ba2b4a826b393d4af5bd09ea91011cf09513e3e3924d87c4ee655563","vout":8,"amount":163.93860927,"coinbase":false},{"txid":"21f7186a2e07745f613d265eed226de22c78027abcf9500d68e215466b70ee8d","vout":49,"amount":15.61378644,"coinbase":false},{"txid":"ca9e985543b467bad90b61ca27bd7d13bb33581b9c2942312df7683916fc1bf5","vout":498,"amount":2.0771465,"coinbase":false}],"vout":[{"n":0,"addresses":["prl1prk0x77r9mqjtd5rpd6wa5zwgx2jmslqyygn6h86dnrygf8ktenksct8mgu"],"amount":1.62952751},{"n":1,"addresses":["prl1zm620qq38ynlny5gc9mjv9yxa6fqmvq764vvfv55ln9htxjfmdtdsnn6vpq"],"amount":180}]}