{"txid":"bae0afec9235a292016a90c9137e03bdbe070eb1e3dced7bd58c63f870aa3ae0","block_height":null,"time":null,"vin":[{"txid":"bae0afec9235a292016a90c9137e03bdbe070eb1e3dced7bd58c63f870aa3ae0","vout":0,"amount":117.99999,"coinbase":false},{"txid":"83a542f76746eba7e597ec66d34d376cd6726a51b2c50269b331d7c17055a59b","vout":1,"amount":0.36245183,"coinbase":false}],"vout":[{"n":0,"addresses":["prl1z4hwxlv62tklerzryks28tdl5w7fusa96spude6u5nejnt4fdfazst3e2a6"],"amount":118},{"n":1,"addresses":["prl1pvhq2n4hv3wuqjkgz8ezehphxr3h4rlut0xjcea6wpf6gauvfdg8s6fp7s2"],"amount":0.36243971}]}