{"txid":"d1321634f24ab09c55dc749f08e85a142f8098a364b243e5e83f9b4e6cc15ad6","block_height":null,"time":null,"vin":[{"txid":"d1321634f24ab09c55dc749f08e85a142f8098a364b243e5e83f9b4e6cc15ad6","vout":509,"amount":791.56644308,"coinbase":false},{"txid":"13357ebdb0cea6bffefe60a4a81be49c265a104e382acb80694ccc678ec3cf35","vout":34,"amount":500.8407359,"coinbase":false},{"txid":"d85b757523afc8273b7dff1f406a39c9f32d14b2bc721745c7cb6144dfd46e7e","vout":1,"amount":17.89502117,"coinbase":false}],"vout":[{"n":0,"addresses":["prl1pkq5fe64t0tludf58f2g4ncg7u82d6zy2acnzuj3jv2jpeqn2aqxsr3js75"],"amount":10.30150067},{"n":1,"addresses":["prl1zd2g9sfxxljrq42v83l7wner4vzztklw4qetdu6wug8ryvwlsw6sq2qp6z6"],"amount":1300}]}