{"txid":"d462d2448a9e9c4150c1a6ec205888ade57cf21730b5f50d53daa6d7b977e42c","block_height":null,"time":null,"vin":[{"txid":"d462d2448a9e9c4150c1a6ec205888ade57cf21730b5f50d53daa6d7b977e42c","vout":0,"amount":2791.03119364,"coinbase":false}],"vout":[{"n":0,"addresses":["prl1zckms39cvezwfpse4u3zunrplr86863juc4w6uklrmyx3wch7ufnszsndxu"],"amount":1100},{"n":1,"addresses":["prl1pxf2ly7h4xazzusjxrwwl7zwv8e3gam7278ck4ne32s3y58h4em4q68fxgn"],"amount":1691.03119209}]}