{"txid":"cecb5bb08707fe33133146bfbf5913c08c5db9cb9134e0af9623008e6d6926e6","block_height":null,"time":null,"vin":[{"txid":"cecb5bb08707fe33133146bfbf5913c08c5db9cb9134e0af9623008e6d6926e6","vout":0,"amount":4900,"coinbase":false},{"txid":"75ad79bdbcab13c11436bcf521374514462c6473852d8b980b336d18eac27b08","vout":38,"amount":2.20352367,"coinbase":false}],"vout":[{"n":0,"addresses":["prl1zpwlug7gdauy2z299zlzud6g9a09w0dhu6j3799tmu7tqdx00fvmsu42dwa"],"amount":4900},{"n":1,"addresses":["prl1ph026vtks7zq2wh8z7ap58lnfe7ky008umrvs67h2chyqqfl6mehqmmtqt2"],"amount":2.20352155}]}