{"txid":"cb40075f2f5007658aa26ef459429cbde7f2be77643de3a995a6283540ee88f6","block_height":null,"time":null,"vin":[{"txid":"cb40075f2f5007658aa26ef459429cbde7f2be77643de3a995a6283540ee88f6","vout":31,"amount":71.32065437,"coinbase":false},{"txid":"874f16dd1f958d6f68f2fdd6f39cbe14f685e219391b8aff3c646b49f99c6c2e","vout":808,"amount":65.22455082,"coinbase":false},{"txid":"7e016cbdb2305a9990d69492c38e2643b2bfee5e6aacd5b417ca30986cba14c3","vout":506,"amount":43.87163269,"coinbase":false}],"vout":[{"n":0,"addresses":["prl1zmt87s5zp0gmjwka3wq3tc487rz4m6nrey5ncxthlqyx2glkd62vq4kdq9x"],"amount":140},{"n":1,"addresses":["prl1p9pg7e4vfg9e9dy6m03zn5gwt2r23629rymrtmv0g9mp72ks6e5jsy7c7xx"],"amount":40.41683518}]}