{"txid":"99029598d74b4a46e7849becc8b6c711295e6c06f1e050230b4dc44f3d5ead06","block_height":null,"time":null,"vin":[{"txid":"99029598d74b4a46e7849becc8b6c711295e6c06f1e050230b4dc44f3d5ead06","vout":0,"amount":1000,"coinbase":false},{"txid":"6c64cc221d59d3e34b3dd879c4124ce7c226b2102a292d2eba6661d0aa2cf223","vout":1,"amount":0.99999422,"coinbase":false}],"vout":[{"n":0,"addresses":["prl1zfvs4x9nhd8hmfhcr8r5suje58rc730wzscw0gd6njkh740v0gems6sk5et"],"amount":1000},{"n":1,"addresses":["prl1pplvtsac7kg3gvv0c8u9d7hskgm2tmalk7j39sn72pqhttv4z4c5qf0w845"],"amount":0.9999921}]}