{"txid":"236dc735aeb597589f0e36ba408fe5340a087d1f714ce75945465da0f177d0a4","block_height":null,"time":null,"vin":[{"txid":"236dc735aeb597589f0e36ba408fe5340a087d1f714ce75945465da0f177d0a4","vout":0,"amount":11065.93780195,"coinbase":false}],"vout":[{"n":0,"addresses":["prl1z2r9n7jruvaggz0zss8888t9kr0lhfz3ma76rmcs6uzc3gp9450ts8mua0z"],"amount":6000},{"n":1,"addresses":["prl1pc0eu4yzlymjwev9sf5fq5g93wfdsd0f4cw3x7tfrpqg229nyv6rsx3elyj"],"amount":5065.93778645}]}