{"txid":"5b7a0ad81a0fd7dd2cd9031a91503be425d26e88525f9c91453708a621762e67","block_height":null,"time":null,"vin":[{"txid":"5b7a0ad81a0fd7dd2cd9031a91503be425d26e88525f9c91453708a621762e67","vout":0,"amount":99.99999,"coinbase":false},{"txid":"31c2b83dc6b91593860c5ffc235b214888fe5f0b6d7c0ce47a0407bcb153a007","vout":1,"amount":72.8410589,"coinbase":false}],"vout":[{"n":0,"addresses":["prl1pjr3af2k4uehkqdm38z2rpy3ml66y7w2auvzry7yk6xqa2ws746psx82csd"],"amount":72.84103726},{"n":1,"addresses":["prl1zu2enle4pruxs8tanfg7x70dhn4za7rwyagh5t4hdwrfkzvh64nxqvuyqxg"],"amount":100}]}