{"txid":"286f4dbc85fb823344e3c5ca97ae7e7eb0afc8e7ddb4ce1e58a00abd2c76b23f","block_height":null,"time":null,"vin":[{"txid":"286f4dbc85fb823344e3c5ca97ae7e7eb0afc8e7ddb4ce1e58a00abd2c76b23f","vout":324,"amount":111.0727605,"coinbase":false}],"vout":[{"n":0,"addresses":["prl1zhscy7dvy749uc7rrcc8y9d9jj2wllzpnemhd8cvephcmeyathwwscwmuzv"],"amount":100},{"n":1,"addresses":["prl1p6e9g0p55zfl63dcg6z46cyydltv2n8z8hmjnggya54mjfm0mumfsr2fzft"],"amount":11.07275896}]}