{"txid":"097a0c02a75c8f164cb56a2c4a57190d02136db10f8ba284ace51f7e1e439d6a","block_height":null,"time":null,"vin":[{"txid":"097a0c02a75c8f164cb56a2c4a57190d02136db10f8ba284ace51f7e1e439d6a","vout":0,"amount":350,"coinbase":false},{"txid":"0c99250a80e685848ec33e1fbed95c5106e91e99e034ace35e758311365abbfa","vout":716,"amount":107.88125111,"coinbase":false}],"vout":[{"n":0,"addresses":["prl1z4e5wx0vjp6mcjtwd8dy7gahvq8nww57nxrele2dx2ne8nzwzk4pqspawjd"],"amount":350},{"n":1,"addresses":["prl1p0r8wp55aktf50s4hw2a2gftkn75lvpm34sfqj6vetkf0mava2w9smnkk5j"],"amount":107.88124899}]}