{"txid":"1a89ee232f4f465c27ff41fd8636a353e7dcd6f961148f06b48905248f14c243","block_height":null,"time":null,"vin":[{"txid":"1a89ee232f4f465c27ff41fd8636a353e7dcd6f961148f06b48905248f14c243","vout":1004,"amount":89.36518738,"coinbase":false},{"txid":"cc537ed17ad1d281f953b2016b4df6687e02da810247693d3edcf5528629cf38","vout":1298,"amount":80.27905975,"coinbase":false}],"vout":[{"n":0,"addresses":["prl1p3lahz0386lfqqcw2v74w90qrt9pdcajz9jt2shf47wh2nrkmjxysm2vjuk"],"amount":4.64413875},{"n":1,"addresses":["prl1zg55pd6hu2nvvq295kdslh48725mscudad8fvf889ty0r0f54jxpqec595s"],"amount":165}]}