{"txid":"cb2f1f4b7829c4f0bbc266da0f29e2a1aa530030b0f7d3d471ad103d987d7f96","block_height":null,"time":null,"vin":[{"txid":"cb2f1f4b7829c4f0bbc266da0f29e2a1aa530030b0f7d3d471ad103d987d7f96","vout":421,"amount":204.68309696,"coinbase":false},{"txid":"2bdd9f156a8853a8d0db440ca0974db8997bf952001f6336b61af38e046a0650","vout":1,"amount":0.49999846,"coinbase":false}],"vout":[{"n":0,"addresses":["prl1z2pyhyeq2q2pdah2av9rg77en5wg0glfgagtw57y05yhr4s6kzq9sepdwg7"],"amount":205},{"n":1,"addresses":["prl1pxl4wx7sxadu3r79msheg0qd8h63435wh8pk3ps872te4smv0nppqw8vcuq"],"amount":0.1830933}]}