{"txid":"a8889cb024e72e67291e6f49b8bab5185b4ab14426c3d805c9ea47c0572cbbe8","block_height":null,"time":null,"vin":[{"txid":"a8889cb024e72e67291e6f49b8bab5185b4ab14426c3d805c9ea47c0572cbbe8","vout":0,"amount":34999.99999,"coinbase":false},{"txid":"0c8900ac654bd2922d9c8c3f7a17855d60d35ccd50fce9c226c887614b1ac091","vout":0,"amount":2745.34434277,"coinbase":false},{"txid":"f93b6703f134ec07b45fa53911660ba202ffa0dedfdcc902cd3f4aa5e3cccfcb","vout":0,"amount":894.91004409,"coinbase":false}],"vout":[{"n":0,"addresses":["prl1z07xly8rx4qc9jm9aks7deyr90js7zrspymsu8n59pjh0yh8fwdssavhljk"],"amount":38000},{"n":1,"addresses":["prl1p2kmscag7zyjqumj4s0xscarhzl2yjfjl224gdayut8vc040m4plqm290fa"],"amount":640.25436239}]}