{"txid":"32e4b0c5e2383782ba7e42835aed10b5ab464609eeda1d2e6f126a99fb02d6f0","block_height":null,"time":null,"vin":[{"txid":"32e4b0c5e2383782ba7e42835aed10b5ab464609eeda1d2e6f126a99fb02d6f0","vout":302,"amount":113.84936127,"coinbase":false},{"txid":"6b86975c961b770e9afbf7c095120928be39c240803421252b15f535bca526ba","vout":1,"amount":0.74554249,"coinbase":false}],"vout":[{"n":0,"addresses":["prl1zzaskrkwhkpjx4vgrxqc8yndmgutekj743vjna3apqs0slkm4ey2sl72zy5"],"amount":114},{"n":1,"addresses":["prl1pcra3fr7ng9l5eft8ezyq0jdlzs6lzcr94w5psdcczqq4gdcz8cjqxv946s"],"amount":0.59490164}]}