{"txid":"649664df34ce184d501624cfe3a0f59b23189b67f8505bbb02b8b90dde711227","block_height":null,"time":null,"vin":[{"txid":"649664df34ce184d501624cfe3a0f59b23189b67f8505bbb02b8b90dde711227","vout":373,"amount":2338.23513394,"coinbase":false},{"txid":"43c53c6caf26e512795b6551cc65fe0998f49302a005e1affd39b3c809c26623","vout":5,"amount":1162.87540351,"coinbase":false},{"txid":"cff2616088b4a2200126cc1b0b27983a77554e5cdd5d34b3b955246d099071d7","vout":1,"amount":2.14141332,"coinbase":false}],"vout":[{"n":0,"addresses":["prl1zw928hzmhyafdcylu9k75mas3u40exm607gwqgxsscz09a9qxtavqfjhd3f"],"amount":3503},{"n":1,"addresses":["prl1pjjeh52a7djl09nyhfjqcdz6p74fv6muj7n2krt6y8xs5xc4q7zhs49gej5"],"amount":0.25194807}]}