{"txid":"f706e3afd5192d2690d54927f68c9aef661fe9d68a3a7345e2f4b86905ab88da","block_height":null,"time":null,"vin":[{"txid":"f706e3afd5192d2690d54927f68c9aef661fe9d68a3a7345e2f4b86905ab88da","vout":591,"amount":282.2014934,"coinbase":false}],"vout":[{"n":0,"addresses":["prl1zgx7j7v7j3zg5qkrxnhemmmrwuf4j0t5wwx9faz42hd4hd6fm2y5s7p7ugg"],"amount":282},{"n":1,"addresses":["prl1pqw8c5wrl8qampwsr0ekwtpfw2mtjp2dhn0023t4yqshpw96njfuqzmm8z4"],"amount":0.20149186}]}