{"txid":"a7e056732f6fd20bd974fbd7418faeafd5ddbbaf7e5c2c6a232d277eba6088e5","block_height":null,"time":null,"vin":[{"txid":"a7e056732f6fd20bd974fbd7418faeafd5ddbbaf7e5c2c6a232d277eba6088e5","vout":0,"amount":17276.6907053,"coinbase":false},{"txid":"e4791c528fa77777827e0a3e5e6cd0e92b0b46fb9cd7d3c1f048b6a94565d6cf","vout":1,"amount":13699.99999692,"coinbase":false}],"vout":[{"n":0,"addresses":["prl1zgetyntc667mcp5akvc7qaq0xaq57jcdgswhjr5wqszcugu7wcr8qrfzmmv"],"amount":30000},{"n":1,"addresses":["prl1p72ux52ej2z3rq0ktxkezn9kzlj8ynnl7kvl8v92hsx9f4tgm65qseawlm7"],"amount":976.6907001}]}