{"txid":"7867fd1d68df635ab77f4cbb02e924efa868983741076db186858068a21ab3cc","block_height":null,"time":null,"vin":[{"txid":"7867fd1d68df635ab77f4cbb02e924efa868983741076db186858068a21ab3cc","vout":222,"amount":118.36246549,"coinbase":false},{"txid":"7867fd1d68df635ab77f4cbb02e924efa868983741076db186858068a21ab3cc","vout":1008,"amount":91.80731982,"coinbase":false}],"vout":[{"n":0,"addresses":["prl1ztdwraf8rsuj5r5ula7gu4zjgplfl3a6t3h46dzkrv98zgv9gahtqlspvmt"],"amount":210},{"n":1,"addresses":["prl1p06xpetjp6f4v2ccqt8j3yqw3tjm6qyxrm4d2m6ejnnjgvuuhs75qvat282"],"amount":0.16978319}]}