{"txid":"21f7186a2e07745f613d265eed226de22c78027abcf9500d68e215466b70ee8d","block_height":null,"time":null,"vin":[{"txid":"21f7186a2e07745f613d265eed226de22c78027abcf9500d68e215466b70ee8d","vout":17,"amount":1407.44955922,"coinbase":false}],"vout":[{"n":0,"addresses":["prl1zqlqwdzdxnjvc28kq0wh0wavarwpta3jmjstdhvxlcx6h583qvausz0vcd2"],"amount":200},{"n":1,"addresses":["prl1p3slg7gshj55vq3na3cgttjwafsfnp56l2q66z98r85gkdvtmsysq28vx32"],"amount":1207.44955768}]}