{"txid":"a273e947556383acb7f4af463185571e51650859de9690f65ce46a61567f606f","block_height":null,"time":null,"vin":[{"txid":"a273e947556383acb7f4af463185571e51650859de9690f65ce46a61567f606f","vout":0,"amount":320.96743451,"coinbase":false}],"vout":[{"n":0,"addresses":["prl1pg49kem2rs8ar6a0rv240ge9lvzcgu7hlh605w9923t5yzv9sz8csakldst"],"amount":0.96742613},{"n":1,"addresses":["prl1zfzj62ytu5t8mr9qhhjscpt8fjw7s6r5zcrunqqp5wvjxeuuuqnws72qypr"],"amount":320}]}