{"txid":"f514c258798f794034209eeb2d1c7cb93f1a92813627b7db84efce24a13e8a80","block_height":null,"time":null,"vin":[{"txid":"f514c258798f794034209eeb2d1c7cb93f1a92813627b7db84efce24a13e8a80","vout":43,"amount":49.685229,"coinbase":false},{"txid":"5670f0dafd5515461e1deecc0d1450198f5ac7b3f8d1034c44cb07eb6f7c006c","vout":50,"amount":49.22507173,"coinbase":false},{"txid":"8dfecd5baf8d3a0ad9cf5d6a264cecd3b0c358343d7780d6ecfd9c65985bf6ec","vout":40,"amount":46.44304549,"coinbase":false}],"vout":[{"n":0,"addresses":["prl1zjhntezgc2g0lefhl6jau0ekt2f2w7n7qtj5cvqfr42u3zasemtsszkexgj"],"amount":100},{"n":1,"addresses":["prl1p5afcdxywm5v2kmgkuuzqp4qt7hl7s0f3xzqktckxekka53rlu6ks49cyrh"],"amount":45.35334352}]}