{"txid":"cbb5fe90964928a7af04a0809fa08ae3ae7f2d4055841c99199f7cbd79192601","block_height":null,"time":null,"vin":[{"txid":"cbb5fe90964928a7af04a0809fa08ae3ae7f2d4055841c99199f7cbd79192601","vout":0,"amount":154,"coinbase":false},{"txid":"31db5179fe303013cc5c92cda4fcbadef4931329fceaf33cb88a397963825878","vout":0,"amount":0.41410588,"coinbase":false}],"vout":[{"n":0,"addresses":["prl1z3k8hlw48nrnnjrkauhrkltgwaq3hztsfgm0vgssxjse4uft4ufrqaqxd09"],"amount":154},{"n":1,"addresses":["prl1pk5twtp74s74dymzgddqgjnprgf2uqmaznhwm0240p9ujlq4w9txsd7ngpe"],"amount":0.41355175}]}