{"txid":"1ae289500070e0fabbca64650f1da484023fff85c0b10055efdc2c3da019576f","block_height":null,"time":null,"vin":[{"txid":"1ae289500070e0fabbca64650f1da484023fff85c0b10055efdc2c3da019576f","vout":1,"amount":2143.32200365,"coinbase":false}],"vout":[{"n":0,"addresses":["prl1zq92vql9y4t5a0az9um2m4380vck8sq8mj5vhx62ena78md5mh5nqrdgvws"],"amount":100},{"n":1,"addresses":["prl1pxgx47sgn9wrzhl5gsugur9j4yxzpf7wpfv4m4ynqr35w9ng4avvqduz955"],"amount":2043.32200211}]}