{"txid":"16804e9cbf51a4119fdb4ec311ae15fc7f15fadb51d5832a9ec99d9ca347e243","block_height":null,"time":null,"vin":[{"txid":"16804e9cbf51a4119fdb4ec311ae15fc7f15fadb51d5832a9ec99d9ca347e243","vout":885,"amount":48.38752607,"coinbase":false},{"txid":"8ed75b447bd4009e6f774a1c400d9258b0b718d3443c8c4f4bdd871754a60e16","vout":0,"amount":46.5,"coinbase":false},{"txid":"ca3847993da129b9025468dd8be5d5cbe78cea6afc914a26773ce914ba78f4ce","vout":0,"amount":40.2,"coinbase":false}],"vout":[{"n":0,"addresses":["prl1zhx02gh8mhjhp07qvm7xezltv9ufd680sultzfm6azylaytf3h23sm4h3s8"],"amount":135},{"n":1,"addresses":["prl1pqge66ze06t7d8ze40zmpu59eev4hmnuw3empel2vnjfuf8xk0k2qd0twwr"],"amount":0.08752337}]}