{"txid":"57ad7588ba2b4a826b393d4af5bd09ea91011cf09513e3e3924d87c4ee655563","block_height":null,"time":null,"vin":[{"txid":"57ad7588ba2b4a826b393d4af5bd09ea91011cf09513e3e3924d87c4ee655563","vout":205,"amount":250.2918024,"coinbase":false},{"txid":"70ac4336ea4e8716fcf327d709f144528c787e55693269cb48537743b4670901","vout":0,"amount":73.66181584,"coinbase":false}],"vout":[{"n":0,"addresses":["prl1pyq4y7junwm4t38ckell2chaf9anzp70vmk7erjsh7vtystktlfysvhlq2g"],"amount":3.95361611},{"n":1,"addresses":["prl1z89pv5gdaguh68eq307nvlpkw0vjpsju8lmpvnl06gr4lsvq2s4rs0xvz0r"],"amount":320}]}