{"txid":"1cdb863ff234385fe5d4999e8a2eb486cf6d9372e1c0b377ac5e14be74908647","block_height":null,"time":null,"vin":[{"txid":"1cdb863ff234385fe5d4999e8a2eb486cf6d9372e1c0b377ac5e14be74908647","vout":1,"amount":696.99998538,"coinbase":false},{"txid":"7005d6cea2694a22be08025ad229ebee449ec3b3331824a0554b6906ae876a51","vout":1,"amount":297,"coinbase":false},{"txid":"ea90b701a95728b6813e19f41187df01aacf5642695f27134627d80c40a83bd3","vout":0,"amount":297,"coinbase":false}],"vout":[{"n":0,"addresses":["prl1zwcvjrppxrcv5nu25n7m7ysqf9r5nunwd5agcyjmtz4gnqeq5hd3qzyumf6"],"amount":1000},{"n":1,"addresses":["prl1phtelnzd37d7ac8errht86c3jaw8pmdvrkj8yp6lpp38aureyw3uqveudvy"],"amount":290.99998268}]}