{"txid":"43c53c6caf26e512795b6551cc65fe0998f49302a005e1affd39b3c809c26623","block_height":null,"time":null,"vin":[{"txid":"43c53c6caf26e512795b6551cc65fe0998f49302a005e1affd39b3c809c26623","vout":182,"amount":175.8940235,"coinbase":false}],"vout":[{"n":0,"addresses":["prl1z9cw67ufvhnxdyhh5q9u7q9u6e4px09tpeakrjpl24k3qzvpa3uxq4wheft"],"amount":150},{"n":1,"addresses":["prl1pjf0a5mpv2yhdkejv2h70mqye43avlx5s7sn8g4uwtej22zq0pzesac338w"],"amount":25.89401514}]}