{"txid":"f706e3afd5192d2690d54927f68c9aef661fe9d68a3a7345e2f4b86905ab88da","block_height":null,"time":null,"vin":[{"txid":"f706e3afd5192d2690d54927f68c9aef661fe9d68a3a7345e2f4b86905ab88da","vout":511,"amount":947.39082298,"coinbase":false},{"txid":"f812cc5209d56cf8298e3f0a00436381b763b8550746b63e4e50ea8028a26b14","vout":0,"amount":69.46030113,"coinbase":false}],"vout":[{"n":0,"addresses":["prl1zmjz50qvn0ws9t3sf2jt7plukjhqh4uadjceldgafren5h4l7f4tqrsu8yv"],"amount":1000},{"n":1,"addresses":["prl1p7rj2rtxyrjszfngpjjdkhafzsrg7s9p2ps5zft2ddpw9snwgavds6dsws5"],"amount":16.85112199}]}