{"txid":"a67ae4c9d374901a1de0d07f43291298d6b4d4333e403b9364fb8ff8e95d1d8b","block_height":null,"time":null,"vin":[{"txid":"a67ae4c9d374901a1de0d07f43291298d6b4d4333e403b9364fb8ff8e95d1d8b","vout":0,"amount":3920,"coinbase":false},{"txid":"a68545ebb07a3673536ff05b0ead0f274fe6b80a841059dd6a0fad12f1a850ac","vout":0,"amount":2360,"coinbase":false},{"txid":"0527546950f412a8e81c6311df2cfd8d68dff4a76eb59c6483e1fccc88c426e9","vout":155,"amount":4.05869887,"coinbase":false}],"vout":[{"n":0,"addresses":["prl1zje2nktl0w6hra0g7hqgk4syzp4p98x7zluaqw9ew7dcsjs4rjtzqgm5tcx"],"amount":6280},{"n":1,"addresses":["prl1pqaqajcnlx2pqye6t0p76zduhc9qd5mc8nryjl304jtwgxvyqy2ssmcdag8"],"amount":4.05869617}]}