{"txid":"43c53c6caf26e512795b6551cc65fe0998f49302a005e1affd39b3c809c26623","block_height":null,"time":null,"vin":[{"txid":"43c53c6caf26e512795b6551cc65fe0998f49302a005e1affd39b3c809c26623","vout":259,"amount":218.76065575,"coinbase":false}],"vout":[{"n":0,"addresses":["prl1zy2wamrgjn8dp6m5umcd9p9xn7qzt86tt66kmtgsse5cyuz690xxsw0jdd0"],"amount":200},{"n":1,"addresses":["prl1pyp67s9ajpqmv4g8zyyyjqwtcqym0khv0hmeh3wnv54n3py7ct39qdk4dfe"],"amount":18.76064743}]}