{"txid":"9324596ed1bc57ac6b56cbe52e26d5af6e186ef76c1e291532a8958a9eb78b3f","block_height":null,"time":null,"vin":[{"txid":"9324596ed1bc57ac6b56cbe52e26d5af6e186ef76c1e291532a8958a9eb78b3f","vout":0,"amount":861.2,"coinbase":false},{"txid":"33cc12f487b77d7a377289a5088e6b27aa635c7506647d7198c186b9c226d860","vout":643,"amount":830.43328428,"coinbase":false},{"txid":"afc370aae889a409cdaf38f054a9a3b2a676ecb6f90f4a2a0a33ac61c6ea0395","vout":1,"amount":234.15142295,"coinbase":false}],"vout":[{"n":0,"addresses":["prl1z3vtlg5cu9qrjj9nkwlm6fnpdp34a3ehmyvkr9vxt0xwzncgfn23qv3flch"],"amount":1900},{"n":1,"addresses":["prl1phrzldvjrg7kusy7ffd760nwm42lfthdpah29x53x5y6e6uqceyqqpl0lhu"],"amount":25.78470453}]}