{"txid":"bc1e5558f7754cea7ae2d1a332174b876d4197b973152927f16a26dd17d0e7f5","block_height":null,"time":null,"vin":[{"txid":"bc1e5558f7754cea7ae2d1a332174b876d4197b973152927f16a26dd17d0e7f5","vout":1,"amount":100.5222671,"coinbase":false},{"txid":"e958f525951cb2aa1c12bd7f259f521b56ec160a027454ef40484a9efc7b4fd8","vout":1,"amount":99.89,"coinbase":false}],"vout":[{"n":0,"addresses":["prl1zfpt6zm4kz02ugwyrjxv2vv2ydrvdy8st6sd3qkhlh954qgk3jzhswtsesx"],"amount":200},{"n":1,"addresses":["prl1pq97mgvn7gxgn5gxtuwancd5x00z6mqzp0q56x7d9uz32qvw4sn3qxk5r72"],"amount":0.41226498}]}