{"txid":"2f3321b1182c702d9d7d9b6661e1310fa85c22fbf084fc3836921866ffc2b605","block_height":null,"time":null,"vin":[{"txid":"2f3321b1182c702d9d7d9b6661e1310fa85c22fbf084fc3836921866ffc2b605","vout":0,"amount":99.99999,"coinbase":false},{"txid":"ddcfc3b8c359956e32d07085c13424a63afbeb39ed35e3f792b750f82bf909aa","vout":0,"amount":6.26838687,"coinbase":false}],"vout":[{"n":0,"addresses":["prl1pyrmhxrk2ngzmkaymqxnnxm9az8u8nkfvhkqxkmwdhlln4kfl8ylqxrr9um"],"amount":1.26836546},{"n":1,"addresses":["prl1zrc9nfe36srjqrvz28k67ljs9emrzqwffzfs7as2ms9l7scy979uqjjj6pa"],"amount":105}]}