{"txid":"3fd395ed451daf37352ddae35bc807cdd15687335f80c1f4595bb2964dede8d6","block_height":null,"time":null,"vin":[{"txid":"3fd395ed451daf37352ddae35bc807cdd15687335f80c1f4595bb2964dede8d6","vout":0,"amount":240.24707577,"coinbase":false}],"vout":[{"n":0,"addresses":["prl1zp5aksuj7hrvyr60czqah5c6c72t5ww0n0vshstgul6ffxrnp62uq0q09jd"],"amount":100},{"n":1,"addresses":["prl1pdaevqmg2h7q6nskj5zk24xyz3hwvmf4a4fkapvtalmtugkl87v3q8gzeun"],"amount":140.2470602}]}