{"txid":"ae04e59705b58d860ee91d2e1fcc19fc05acaa7c53deddaffa200a71e61f832c","block_height":null,"time":null,"vin":[{"txid":"ae04e59705b58d860ee91d2e1fcc19fc05acaa7c53deddaffa200a71e61f832c","vout":198,"amount":1176.72426413,"coinbase":false}],"vout":[{"n":0,"addresses":["prl1zzpx5h3uxjvd8q86et7hz9g5z3sd2vr45k8c7xlmyuc0akujhqhdqvl80s6"],"amount":1000},{"n":1,"addresses":["prl1pxxvxjvgqp6t3hym522w6c554psfta8m9wd3a20m9h9472n77tdkss8x8gg"],"amount":176.7242558}]}