{"txid":"597bf9d3fa5cc3bb98c6990267b1bb457630418d41ebc8764084ec598f98459a","block_height":null,"time":null,"vin":[{"txid":"597bf9d3fa5cc3bb98c6990267b1bb457630418d41ebc8764084ec598f98459a","vout":1,"amount":4016.99999692,"coinbase":false}],"vout":[{"n":0,"addresses":["prl1ze9unypu26f6hh9tgct7dz3gy0zrthdeev3wtgmwk63h5a0xlfdfstade5h"],"amount":100},{"n":1,"addresses":["prl1pfgu27k8plywltl9edan27g9r295x288qyfth8hlashve3afpu7nqr6e43l"],"amount":3916.99999538}]}