{"txid":"32be6951cc8442f9f785284011ca1fb536562448f4be9b32590eeae50a815153","block_height":null,"time":null,"vin":[{"txid":"32be6951cc8442f9f785284011ca1fb536562448f4be9b32590eeae50a815153","vout":1493,"amount":503.46068138,"coinbase":false}],"vout":[{"n":0,"addresses":["prl1z8zet7v6dl9nsfjuaysdxw5wyga2kkpdqsklj58ljd2s3x27r7n7qn6p80c"],"amount":500},{"n":1,"addresses":["prl1p2p0lp0xhvg5y8cuqyuck9udzykv3cxkffn0n0ahzuuf0dapr9vzsmyueqx"],"amount":3.46067984}]}