{"txid":"6a1201d76fefcd2cc8c59d4a1e057e0b0ccb08ae89316311bb118e98ed5d3179","block_height":null,"time":null,"vin":[{"txid":"6a1201d76fefcd2cc8c59d4a1e057e0b0ccb08ae89316311bb118e98ed5d3179","vout":819,"amount":180.1438049,"coinbase":false},{"txid":"d36b675e105363a8b4ae3e531d88f366cfd5a424b2e98060e164b84ecbe93336","vout":817,"amount":74.1214643,"coinbase":false}],"vout":[{"n":0,"addresses":["prl1zssz6h5uf6ys79uafmnkcm5qpnvk5zv8u7j2mwulg8gcey9kudjxq9h56ht"],"amount":250},{"n":1,"addresses":["prl1psuga0pl72gunpsltyvu5jf808qk9d87ndg23yzz78lygx6nvuvcstyfs9y"],"amount":4.26526708}]}