{"txid":"43c53c6caf26e512795b6551cc65fe0998f49302a005e1affd39b3c809c26623","block_height":null,"time":null,"vin":[{"txid":"43c53c6caf26e512795b6551cc65fe0998f49302a005e1affd39b3c809c26623","vout":13,"amount":253.81749523,"coinbase":false},{"txid":"b9c977aff9a19fe64630aa84efb031a2e6d5e7dd33839804318ec8e2deacbd83","vout":1,"amount":6.36065608,"coinbase":false}],"vout":[{"n":0,"addresses":["prl1p8wsr7anpvnjp3ensvjazzat8dqnxq7nj0hfknt4xvpctfumcdktq40muc4"],"amount":5.17813988},{"n":1,"addresses":["prl1zpfd2v3wmfy2y4tllxwj64mq4x0dmzgzgca43ryu6lgyqqlw9tkyqdx5q6y"],"amount":255}]}