{"txid":"5dd5ffe0618bc925fcad4619db93361699b0450593471a79927ef26a4e854ac9","block_height":null,"time":null,"vin":[{"txid":"5dd5ffe0618bc925fcad4619db93361699b0450593471a79927ef26a4e854ac9","vout":4,"amount":133.79150077,"coinbase":false}],"vout":[{"n":0,"addresses":["prl1zv8yknfxwxcv5uwthsza3a77jeapkj83jm39n36dr6r3lws3u6ytscuctx7"],"amount":100},{"n":1,"addresses":["prl1p4c8f07maluhv29tntdmw2wt3ct73ph5qdmfde4a5r85s6rcz83fsptjsku"],"amount":33.79148517}]}