{"txid":"0419119c936d1976cf280f8e72e89e816cc8bc3c1ae4121bdee4965061a4974a","block_height":null,"time":null,"vin":[{"txid":"0419119c936d1976cf280f8e72e89e816cc8bc3c1ae4121bdee4965061a4974a","vout":0,"amount":614.46,"coinbase":false},{"txid":"5df02923e820915a1ba02a453e9c6d8a47f0ec7a31a827e075a7c0b00ac9f519","vout":0,"amount":499.99999,"coinbase":false}],"vout":[{"n":0,"addresses":["prl1zuxg56dhyyeq5rgv89flq9nj2zk894fu93u24ax4talw56k9yderslwp54v"],"amount":1000},{"n":1,"addresses":["prl1pml4rlyp6w0m0ylvxaxpm4j434qu0rmjgxpguvkz6gl7729uma5tshv3rs4"],"amount":114.45998788}]}