{"txid":"1bf19b73784a2b44b313fea447caad5ac644770117111628ee5c6bffc3cb125d","block_height":null,"time":null,"vin":[{"txid":"1bf19b73784a2b44b313fea447caad5ac644770117111628ee5c6bffc3cb125d","vout":1,"amount":763.59999634,"coinbase":false},{"txid":"d77487900d1fdcbb9e797268b7194302aaa76514f18142e3101ced7d18f95b22","vout":0,"amount":744.8,"coinbase":false},{"txid":"ce437da554744d989422ce0af95214c06d8bec650e7086104f700569afb8ad05","vout":1,"amount":634.97999152,"coinbase":false}],"vout":[{"n":0,"addresses":["prl1zgk7daa8vev6ewszk7nw4musdymeht9r70fr0qyu90yex7m9f84ysr0gagh"],"amount":2000},{"n":1,"addresses":["prl1pml4rlyp6w0m0ylvxaxpm4j434qu0rmjgxpguvkz6gl7729uma5tshv3rs4"],"amount":143.37998516}]}