{"txid":"85d8e06be4047db15d078ffda1e1f2fba85aa6a39082e7ff5a2c3d1dc2c0170b","block_height":null,"time":null,"vin":[{"txid":"85d8e06be4047db15d078ffda1e1f2fba85aa6a39082e7ff5a2c3d1dc2c0170b","vout":0,"amount":250.99999,"coinbase":false}],"vout":[{"n":0,"addresses":["prl1zgqprxajenmslsry4p7ujdmnhnlsqlnljhyy4xs6afmvaahfgetyspjx03d"],"amount":241},{"n":1,"addresses":["prl1pvanhv6zp6t7vdam8w3tft4s0vnd394fy0fgvzjhenvump8fe2ahq74yzfa"],"amount":9.99998846}]}