{"txid":"190410a130dbe414d3fa2bde1e32b8bb9881ae1c9ff2e566df5d20730a39902a","block_height":null,"time":null,"vin":[{"txid":"190410a130dbe414d3fa2bde1e32b8bb9881ae1c9ff2e566df5d20730a39902a","vout":0,"amount":2710.99999,"coinbase":false}],"vout":[{"n":0,"addresses":["prl1plnpga0v5z0z2ggxr6mrk3hkhj8f8yxdhfxs4fmmlppghjqkaq47q42jk5u"],"amount":710.9999745},{"n":1,"addresses":["prl1zzd5ej4qe4k78whgr3h39tn68jzt4h3p44fg3jkha6vxqacvf9xkq93rqew"],"amount":2000}]}