{"txid":"99c5118303e5964ba37d905e2a55007a1d4f935d9b20bf813e21124c681c1e54","block_height":null,"time":null,"vin":[{"txid":"99c5118303e5964ba37d905e2a55007a1d4f935d9b20bf813e21124c681c1e54","vout":659,"amount":266.25057149,"coinbase":false},{"txid":"53a4cfefa0f7f73b3630639a2cef87ac2ef403b9531f5f465c069a88b816ed43","vout":665,"amount":204.12310494,"coinbase":false}],"vout":[{"n":0,"addresses":["prl1ptv9eealrgqg85kn3h5fy8j7ylqw9vwlklphylm6stlz3yrm3glwsadfgyl"],"amount":170.37365513},{"n":1,"addresses":["prl1zs7ff04yv6hrfcnavyu3vwnp0wv8rt7yan8r3zh74xnvjk9s8jwnqa7qmyj"],"amount":300}]}