{"txid":"4b9ced34a3bcd24d14a50a7b945b86c2ae469736d905b7161d44c1656c09c417","block_height":null,"time":null,"vin":[{"txid":"4b9ced34a3bcd24d14a50a7b945b86c2ae469736d905b7161d44c1656c09c417","vout":0,"amount":99.99999,"coinbase":false},{"txid":"57ad7588ba2b4a826b393d4af5bd09ea91011cf09513e3e3924d87c4ee655563","vout":100,"amount":92.21137873,"coinbase":false}],"vout":[{"n":0,"addresses":["prl1z63ec03jvwx9cdyq550xxd5ghu8vwcl48hyg4aw33geprqznawk8q8fs07r"],"amount":120},{"n":1,"addresses":["prl1p8hdhnj6n3kaedl0y96j9wxsvgwm4ehf72pkvlu9tqx7966kws2ps635nnf"],"amount":72.2113571}]}