{"txid":"18a55f05e8eb20e630f7ed2705e1c8994e924e99bebb058fab203709476978bc","block_height":null,"time":null,"vin":[{"txid":"18a55f05e8eb20e630f7ed2705e1c8994e924e99bebb058fab203709476978bc","vout":0,"amount":132.23833071,"coinbase":false}],"vout":[{"n":0,"addresses":["prl1pgfcrexn63d4a46pdwl5f5umgu37w5f56x5memarzc4pxy7fmp0fsugrgcn"],"amount":2.23832225},{"n":1,"addresses":["prl1zll53plergmmcc4tfdy29dsx7kcd4s7g0lggwe0ur0gst39skufdsd5ymzg"],"amount":130}]}