{"txid":"ca37de787dfbc15f64c3503bee35f5316bd19198d2066246fed655fe6158906c","block_height":null,"time":null,"vin":[{"txid":"ca37de787dfbc15f64c3503bee35f5316bd19198d2066246fed655fe6158906c","vout":0,"amount":2759.57674516,"coinbase":false},{"txid":"2a018a591af2a1253ba6f902bf8b858f98fe1f4fe15e1e43817a2ed8f2fd4692","vout":0,"amount":2759.56102745,"coinbase":false}],"vout":[{"n":0,"addresses":["prl1zktm38du3ln4a2xv6gpsddecnlvx6sdygx9vpxw95wfkn5fjw39aqg8mpk5"],"amount":5500},{"n":1,"addresses":["prl1p0hmy2m24m2sldtlyalax4n762jyk8uy9meuzjp3t9jfz32j34vzszyhn5z"],"amount":19.13775797}]}