{"txid":"0d9b7021b473400c18752718393f887e1c2761dabfb01cdd25d1ae4e917aad29","block_height":null,"time":null,"vin":[{"txid":"0d9b7021b473400c18752718393f887e1c2761dabfb01cdd25d1ae4e917aad29","vout":0,"amount":2331.46395573,"coinbase":false}],"vout":[{"n":0,"addresses":["prl1zfxc2x2kyzqlze4j2z9hdmx0dpugaqz0lvkz28f7vsq0fqut764dqn6pke9"],"amount":500},{"n":1,"addresses":["prl1pnlyam3qlvarfv6pvj0qsc5pq6lj0pg6gcwgg755ndmvddhty53zqs9499g"],"amount":1831.46394023}]}