{"txid":"fa94c4a6a73ac6c4667e62536fa62538e95b3d5a2ca22c8fdaa701425b485b9c","block_height":null,"time":null,"vin":[{"txid":"fa94c4a6a73ac6c4667e62536fa62538e95b3d5a2ca22c8fdaa701425b485b9c","vout":0,"amount":100,"coinbase":false},{"txid":"fa94c4a6a73ac6c4667e62536fa62538e95b3d5a2ca22c8fdaa701425b485b9c","vout":1,"amount":3.33797905,"coinbase":false}],"vout":[{"n":0,"addresses":["prl1z9e4v0fp8vfvdm2mqe2z2rhcsy3uf6dccgjj7nwawl24agda94sps6wdgef"],"amount":100},{"n":1,"addresses":["prl1pjj0ylq0a82y3pn2twj9xqmnurqsk8r4vltssv4mrl4hn6lm5hrtq3nx502"],"amount":3.3379675}]}