{"txid":"2d431325722020776ac617eb849488821955eedc4c7f9d531cf39c9e7d66f7c2","block_height":null,"time":null,"vin":[{"txid":"2d431325722020776ac617eb849488821955eedc4c7f9d531cf39c9e7d66f7c2","vout":0,"amount":199.99999,"coinbase":false}],"vout":[{"n":0,"addresses":["prl1pfzr5rpfukka4uvtaqc9ctr43pxa8f0ptcpydy8gafp40w8dcc0yqyvscav"],"amount":99.9999816},{"n":1,"addresses":["prl1zq9c4pm5ncddp3hcyl0a7jp6jhz0hmtxzg3gmv2vx6pvprrzvh0esenqusy"],"amount":100}]}