{"txid":"bee7a57ae51780d639da39c6a8bfcce07695e57c4e3e01321a46fe490e890d3a","block_height":null,"time":null,"vin":[{"txid":"bee7a57ae51780d639da39c6a8bfcce07695e57c4e3e01321a46fe490e890d3a","vout":0,"amount":5935.9664058,"coinbase":false}],"vout":[{"n":0,"addresses":["prl1zzlrn9ln0aawv0v8mn9pxxhlywvrmqf9anxtl874rfp23n5pukq8sctgc4a"],"amount":5000},{"n":1,"addresses":["prl1psqzgrevchj708fejvxaq99jj0lcq2d49na96ckdxmh0r9p8g85hs7934te"],"amount":935.96639754}]}