{"txid":"edeaa5048fa363e96b772e7c38c76e9fd8d593ec1aacf3a042170747bee91fe4","block_height":null,"time":null,"vin":[{"txid":"edeaa5048fa363e96b772e7c38c76e9fd8d593ec1aacf3a042170747bee91fe4","vout":1,"amount":89134.461305,"coinbase":false}],"vout":[{"n":0,"addresses":["prl1zh9qmnvcldc9zux7czv2ayed4cv3r90gjcy25hh83953guc6a3qeqkwky4x"],"amount":40000},{"n":1,"addresses":["prl1pqadc9zdd759uy959yn324w3lzu6hlzl80xnt2pkfjgl9w259gjpseddku6"],"amount":49134.46121119}]}