{"txid":"956a9aa7344f5f4a7fbbf23d4111ebf84a368069fba627fad33413e87acf9939","block_height":null,"time":null,"vin":[{"txid":"956a9aa7344f5f4a7fbbf23d4111ebf84a368069fba627fad33413e87acf9939","vout":1,"amount":9799.99999692,"coinbase":false}],"vout":[{"n":0,"addresses":["prl1z98ts035ewymhcrgpvsdgcpk7f29h9wpgce3q5r54fkcz4vufg4kq4zp4ny"],"amount":100},{"n":1,"addresses":["prl1p209gdfdx4vl4y229jsqgx7rrncxpjpt2dgczqm7s8etpy0v60adqq05623"],"amount":9699.99999538}]}