{"txid":"44e123370675629cd2ee982249a3d4cd058fe8b62466d7bc5b1f02911b696bac","block_height":null,"time":null,"vin":[{"txid":"44e123370675629cd2ee982249a3d4cd058fe8b62466d7bc5b1f02911b696bac","vout":1,"amount":2095,"coinbase":false},{"txid":"cfaab44783df3cbe4eb2740ebeb4664f4f5a5cc9d0e431b8f002f2334dd61a98","vout":10,"amount":98.15298566,"coinbase":false},{"txid":"dfc907a3c963a3db534ae9eaa117ae9f7217d2d13244e9b6fd8ce43b2873173d","vout":15,"amount":67.8496373,"coinbase":false}],"vout":[{"n":0,"addresses":["prl1pra3c935mm8yn9k8q8tkxkp7qxmkfn33l27jy8mgeecvgq4qgr6xqphmmg3"],"amount":10.00260832},{"n":1,"addresses":["prl1zqpuzt5mseht6ffvhnzkkx25h5qswugnmfqwpgah34t4c2lnt0q5q0mwd6x"],"amount":2251}]}