{"txid":"5db30e8b20ae190e7368a76c1798405c383aa59b4b6492f80ecd2adc477d7ba1","block_height":null,"time":null,"vin":[{"txid":"5db30e8b20ae190e7368a76c1798405c383aa59b4b6492f80ecd2adc477d7ba1","vout":1,"amount":500,"coinbase":false},{"txid":"dd400041115e1a65f65767cf3348eda99821a7da46679b1ce5054cc00f7d528d","vout":0,"amount":140.38293246,"coinbase":false}],"vout":[{"n":0,"addresses":["prl1px3n7y32uy368lm6q9u8ywn4tywqan6gqn5m8al2adsr67d9hjm3s3lv48v"],"amount":140.38292083},{"n":1,"addresses":["prl1zq36akz4hmme2p9hh9ucru9vquhzfhp8csqe0xu5xhf5ah8984yqqeued0k"],"amount":500}]}