{"txid":"426ec45b3a73bc8bd461ca9ae397f9fdcd9a922810623c5d550b06ea40700336","block_height":null,"time":null,"vin":[{"txid":"426ec45b3a73bc8bd461ca9ae397f9fdcd9a922810623c5d550b06ea40700336","vout":1,"amount":57,"coinbase":false},{"txid":"8c6fee5cc0bab28dace4cf73c20df43eba80d1916b1f2790e203f79af6c943cb","vout":1,"amount":38.99998788,"coinbase":false},{"txid":"814bf14a26d8508e768a74652ca8d52817324b2d5afad303699d2102b48185aa","vout":1,"amount":20.99998788,"coinbase":false}],"vout":[{"n":0,"addresses":["prl1zyky8nmnkflw0cjxer9kxnetjtfgd69e74s2kp309x4uue9p94ljs7nd6p6"],"amount":100},{"n":1,"addresses":["prl1p73c4aczn8kuwgk4x9k3kqegs2uzz05m75hc70zwefeftx7hk7pnq2y93ef"],"amount":16.99997306}]}