{"txid":"270a2b098178e1b8af2f264023a6a37d530a745a418b1328a49d55994a273f8d","block_height":null,"time":null,"vin":[{"txid":"270a2b098178e1b8af2f264023a6a37d530a745a418b1328a49d55994a273f8d","vout":1,"amount":2438.9999923,"coinbase":false}],"vout":[{"n":0,"addresses":["prl1zf2h43pwke26cq984v6mnxmy0wsqd8nfry28gtfrayawntrjfrepq8gl5sp"],"amount":1880},{"n":1,"addresses":["prl1p47rm07xafyztc7dz0pcs0pur3psdfqgfsawrpk646d4gasy0w2mst6rxak"],"amount":558.99999076}]}