{"txid":"cd29abc33209bda46242cf21d75c7fc829e193a76e33d62e73577ff5f9c8721f","block_height":null,"time":null,"vin":[{"txid":"cd29abc33209bda46242cf21d75c7fc829e193a76e33d62e73577ff5f9c8721f","vout":0,"amount":205.27111665,"coinbase":false}],"vout":[{"n":0,"addresses":["prl1zans6k20zzhyqc9wn3657dfz279ku9zus0yxzw48yjxuua4fzx56qh5aef7"],"amount":204},{"n":1,"addresses":["prl1pzyzdnp4wr4tw6z0fgmp9lqztm0e9kn5uphwklpt9x043ucvqc0rsqfjrk8"],"amount":1.27110833}]}