{"txid":"8890e29b55c7eeca9bad58d6aa9f8758de9cdf6979dc64340db1102f8bf21e50","block_height":null,"time":null,"vin":[{"txid":"8890e29b55c7eeca9bad58d6aa9f8758de9cdf6979dc64340db1102f8bf21e50","vout":0,"amount":639.78707242,"coinbase":false},{"txid":"5c92dfa44c180f7914c31b94ccf0f31e651972ca65c57b0bc630aa80c77c9cbb","vout":0,"amount":353.99146423,"coinbase":false},{"txid":"1ae12c11ea80360fa568c346ea8f900ce553464d8dd40431a600bbd968287b80","vout":0,"amount":100,"coinbase":false}],"vout":[{"n":0,"addresses":["prl1zjeczzq4p2hqggzaxy94tremcqmf2wyf3hzgecer97mt5c040nghql06mga"],"amount":1000},{"n":1,"addresses":["prl1phjr5wstzmldfc5z3c7g7awyzwpxfe0u5hqxla5jn3d47lvaq2dcqun6juj"],"amount":93.77853395}]}