{"txid":"649664df34ce184d501624cfe3a0f59b23189b67f8505bbb02b8b90dde711227","block_height":null,"time":null,"vin":[{"txid":"649664df34ce184d501624cfe3a0f59b23189b67f8505bbb02b8b90dde711227","vout":389,"amount":62.06916335,"coinbase":false},{"txid":"43c53c6caf26e512795b6551cc65fe0998f49302a005e1affd39b3c809c26623","vout":148,"amount":37.06058951,"coinbase":false},{"txid":"21f7186a2e07745f613d265eed226de22c78027abcf9500d68e215466b70ee8d","vout":106,"amount":19.73883145,"coinbase":false}],"vout":[{"n":0,"addresses":["prl1z6wnskmcku6vsq2ptaw7j0dp26fh7d9qzk8v99j6dkqjf5gze7eqs4g4hl4"],"amount":116},{"n":1,"addresses":["prl1pmkd5v50hrfy0gxa0ywfat36as354nknnhrtrkczalfx4tnapfv9snll2sa"],"amount":2.86856998}]}