{"txid":"b942d15a5d49cc2690ef4e7205aec7ad989ce2f183f68f40e99ad5c9c5b6349e","block_height":null,"time":null,"vin":[{"txid":"b942d15a5d49cc2690ef4e7205aec7ad989ce2f183f68f40e99ad5c9c5b6349e","vout":0,"amount":0.3104887,"coinbase":false},{"txid":"c494de1966d551e4a0feb06610c8437b55b08b1cd711d228036b0bcf643d719f","vout":0,"amount":3080.99999,"coinbase":false}],"vout":[{"n":0,"addresses":["prl1p8v73jxag7wu6kprg6dkcvcchqxfst2g9yggkr3mf7jcptnjncaxqu2s344"],"amount":0.3094787},{"n":1,"addresses":["prl1z2usjlfapdh5t7r4eh2gqrdms4px7gtlepn0s6anx26d53uxyye4qn2hdwu"],"amount":3081}]}