{"txid":"f9d79e4c6d3da296216015e50de9ceac504ccd37aa523c694dc1cc2d901c8e20","block_height":null,"time":null,"vin":[{"txid":"f9d79e4c6d3da296216015e50de9ceac504ccd37aa523c694dc1cc2d901c8e20","vout":0,"amount":171.99999,"coinbase":false},{"txid":"9726c025789d1f4f3506ba79c63557828bffc0a54edb6a61b7d1aef028866771","vout":1510,"amount":43.32653081,"coinbase":false}],"vout":[{"n":0,"addresses":["prl1z7kgq94nzty0vg7524puh0s5ya4r52wahddsfznscs629yx0n3ugqmguuqf"],"amount":215},{"n":1,"addresses":["prl1p0t92jvyhwynh4weduqqjqmvmweuhkky5seyfm7xjlrte5yl8d0wqusy6vl"],"amount":0.32651869}]}