{"txid":"bce739af27563f93442eeb607fb96ec313c260653dc9b30836afd19d7af8cf3e","block_height":null,"time":null,"vin":[{"txid":"bce739af27563f93442eeb607fb96ec313c260653dc9b30836afd19d7af8cf3e","vout":0,"amount":199.99999,"coinbase":false},{"txid":"78dac1bfd89e18e81b04956786e1e6fb2574a87af5ab1f77cff18de62f55755c","vout":31,"amount":10.20471933,"coinbase":false}],"vout":[{"n":0,"addresses":["prl1zp26hatvznkj0xg2vt0c4y0jls8tj620cahythr2sfrkfjx2drxsqwu3uh5"],"amount":200},{"n":1,"addresses":["prl1p4smu2w2pfcvsh4assdhujfwq45npwdur0t5pt4e06s9ymvc9pu3s04qska"],"amount":10.20469773}]}