{"txid":"b5523b880262a36125513d77801bdddb08345e137c3093e743980cd125286267","block_height":null,"time":null,"vin":[{"txid":"b5523b880262a36125513d77801bdddb08345e137c3093e743980cd125286267","vout":1,"amount":395.87799634,"coinbase":false}],"vout":[{"n":0,"addresses":["prl1zazswem7ckegrejyrary3cv5gry3lsvdrzahfe5alpxm7ytrfkmaslxavk4"],"amount":200},{"n":1,"addresses":["prl1pzmr904ef067506akv00h53aavc9m6mjerllkxarztqm49gdxetsq8dldx5"],"amount":195.8779948}]}