{"txid":"2bf9c86bc01bae2d81c7a50372fab7583ce4d19c191631eaf863aa50850acf24","block_height":null,"time":null,"vin":[{"txid":"2bf9c86bc01bae2d81c7a50372fab7583ce4d19c191631eaf863aa50850acf24","vout":0,"amount":241.24933742,"coinbase":false}],"vout":[{"n":0,"addresses":["prl1zyzka9hqzzkpczx40gd727jmuh9865y2uh9t3tszvaylc5sqr70qsh3hv34"],"amount":200},{"n":1,"addresses":["prl1pqr9jmtawfg6hp26f760f4lncj066krpmlu5twepu0n5nr5yw5hcq0dd4al"],"amount":41.24932909}]}