{"txid":"d1321634f24ab09c55dc749f08e85a142f8098a364b243e5e83f9b4e6cc15ad6","block_height":null,"time":null,"vin":[{"txid":"d1321634f24ab09c55dc749f08e85a142f8098a364b243e5e83f9b4e6cc15ad6","vout":331,"amount":298.65014384,"coinbase":false},{"txid":"3ce44b51b132405c163f5c5a447572933c680ececd4aee705b350b2bfca29836","vout":0,"amount":294.834,"coinbase":false}],"vout":[{"n":0,"addresses":["prl1zsalh0ua86z58k7kv4hg5nysczpa2hkaqms06rpleanqeg3zfgkus0qs8sp"],"amount":469},{"n":1,"addresses":["prl1paf5mcn74e86cm4xvfmrpparpa34xh0l5detljv4a37cawa2vryeqjt9jdz"],"amount":124.48359203}]}