{"txid":"09ff29faa5589a245c9987eba6e20717cc79760f706fcc079f6a362e9e580b5e","block_height":null,"time":null,"vin":[{"txid":"09ff29faa5589a245c9987eba6e20717cc79760f706fcc079f6a362e9e580b5e","vout":0,"amount":1999.99999,"coinbase":false}],"vout":[{"n":0,"addresses":["prl1zvksftzrkz9pg7wyvnrwmejgnpm87z433hz8a54mjvw7dj8f3yvksr8ypjw"],"amount":1030},{"n":1,"addresses":["prl1pj44lfaxyre3zv9qam5x2mu3ag8du6jmpa4j24fat0k5mft23pu9sms2xps"],"amount":969.99998149}]}