{"txid":"33cee2d5011541adf130986664a40bdd5372c4b915c30a49eb94a33e00591b6a","block_height":null,"time":null,"vin":[{"txid":"33cee2d5011541adf130986664a40bdd5372c4b915c30a49eb94a33e00591b6a","vout":1,"amount":317.95989779,"coinbase":false},{"txid":"f18f68e72c23844b4994c7c8269566e68770db51b1452d553783a6a759553c4b","vout":1,"amount":196.02,"coinbase":false},{"txid":"7867fd1d68df635ab77f4cbb02e924efa868983741076db186858068a21ab3cc","vout":798,"amount":118.36246549,"coinbase":false}],"vout":[{"n":0,"addresses":["prl1zlks2yw7d3v4m2lk0fhn8tlq49rq7t90vwsspfeh7afx39hppkpxswxnamk"],"amount":535},{"n":1,"addresses":["prl1phtelnzd37d7ac8errht86c3jaw8pmdvrkj8yp6lpp38aureyw3uqveudvy"],"amount":97.34236058}]}