{"txid":"957f1c0a32db36f27fd4e607f65611fe92379a8c36e62ab2a1a7e8d32c8041ae","block_height":null,"time":null,"vin":[{"txid":"957f1c0a32db36f27fd4e607f65611fe92379a8c36e62ab2a1a7e8d32c8041ae","vout":1,"amount":587.8224791,"coinbase":false},{"txid":"511540d6ccd75b569cdd910d45181e469f30ed6bfe808ca0c99c319847f1d9c4","vout":1,"amount":0.09943437,"coinbase":false},{"txid":"292e7ca0590b7f700f3f3cefc241863051f724a1e057b46c43a293d495de5278","vout":1,"amount":0.0938029,"coinbase":false}],"vout":[{"n":0,"addresses":["prl1ztvqvyfte80ujj8qcdkqm3v3tuf2ha6rrkelh30m8sy7v04yjfl6qztktgs"],"amount":588},{"n":1,"addresses":["prl1p9849nsvv3twpqdjxe3v7xk6g0k2upz0vpy4pcyna4fn6v6c8guss2ctcaw"],"amount":0.01571367}]}