{"txid":"60c6df314654a0bad148f1c038f2ba9f486f487b013f02fefb3031f1cab08c0c","block_height":null,"time":null,"vin":[{"txid":"60c6df314654a0bad148f1c038f2ba9f486f487b013f02fefb3031f1cab08c0c","vout":0,"amount":4653.29799363,"coinbase":false}],"vout":[{"n":0,"addresses":["prl1p4st35avp3kv39edf26ve3veu3wzljz3w3grca3ancae33l3mahusazver9"],"amount":1353.29798543},{"n":1,"addresses":["prl1z8ysph6t53y6a4rj6vvp2vzdq8hlepslhtwcgqymrxgscdznhk90qup54eu"],"amount":3300}]}