{"txid":"07d5f4838fc21b9beec97688f2a565e5724bf77f72a8c378ee16a16d780b983b","block_height":null,"time":null,"vin":[{"txid":"07d5f4838fc21b9beec97688f2a565e5724bf77f72a8c378ee16a16d780b983b","vout":1,"amount":2262.9276971,"coinbase":false}],"vout":[{"n":0,"addresses":["prl1z75qur7yun4dt7lyjzq8uwysyps5ftj2ejrmtzac26emlepe00zwqml2e3t"],"amount":2000},{"n":1,"addresses":["prl1p3lthrt3n7yrrh7qdttq68aq5q76qn0alnmftqqw3hvxh450atm2q3w0pa6"],"amount":262.92769556}]}