{"txid":"43c53c6caf26e512795b6551cc65fe0998f49302a005e1affd39b3c809c26623","block_height":null,"time":null,"vin":[{"txid":"43c53c6caf26e512795b6551cc65fe0998f49302a005e1affd39b3c809c26623","vout":216,"amount":3065.60124687,"coinbase":false}],"vout":[{"n":0,"addresses":["prl1p540n5j36ytdt4qw292dxp3a26upeq3r992jex7r0egswp9d0n8pqzkhuhz"],"amount":1034.60116887},{"n":1,"addresses":["prl1zpd8pk56r5rlp0g40da5cegr9any5r5x5ptaus50hy3t8a6kymt6qlt5jdd"],"amount":2031}]}