{"txid":"901d9d76ce699437d950cb7fb8fea7583ed3cfd79fbe31b56fe6a91f2f778865","block_height":null,"time":null,"vin":[{"txid":"901d9d76ce699437d950cb7fb8fea7583ed3cfd79fbe31b56fe6a91f2f778865","vout":0,"amount":768.22842691,"coinbase":false}],"vout":[{"n":0,"addresses":["prl1z4g0w8rcwg0je02ta8myxy6kse7gguch2hc7mzn5vetwkr9w8qsws95tke9"],"amount":300},{"n":1,"addresses":["prl1pasdh5slfwtvmthtl8fu2z5903s5k9lj5vf22xecvjjd2qadm0msqtz9tjm"],"amount":468.22825394}]}