{"txid":"16a1424b1aa6cdfa75665b55fb74b0cbf9308dba054ed7d25611982d17686eef","block_height":null,"time":null,"vin":[{"txid":"16a1424b1aa6cdfa75665b55fb74b0cbf9308dba054ed7d25611982d17686eef","vout":1,"amount":45.00071875,"coinbase":false},{"txid":"5a2be7a37b93dd290ce6f3bbaf8ffc2efebeddfc5c62b54343202c84e23e6b04","vout":960,"amount":43.5326972,"coinbase":false},{"txid":"5102ae3439982a1b6452e3d3bfd73f51df0f34dde4d5d969c38779c912a90b84","vout":1,"amount":42.69942215,"coinbase":false}],"vout":[{"n":0,"addresses":["prl1zrl8u9nrleufg42es0zxcz4h7vxdcpelqrfz0rnyxgrkumt3evnjqzm60m0"],"amount":100},{"n":1,"addresses":["prl1pzl0435lt6lzy74ycxksfu9f5823fugtw8fhhycgm6wlng7a5cgqqrsatcg"],"amount":31.2328354}]}