{"txid":"1c3b4f09c82891522c0dfc98138c971e45205502f98bcae31c470ad86d5f0338","block_height":null,"time":null,"vin":[{"txid":"1c3b4f09c82891522c0dfc98138c971e45205502f98bcae31c470ad86d5f0338","vout":0,"amount":660.99999,"coinbase":false}],"vout":[{"n":0,"addresses":["prl1zktwzewtq80lhhl5645vp2kuhchlrqtu73kemnqekl7f4x097dmvq2uvx4s"],"amount":660},{"n":1,"addresses":["prl1p7ah4qngwkfnuwtzs7mhf9g8hfycf0u43kykxkwrx8gqsmd0l36kqw3wlt5"],"amount":0.99998159}]}