{"txid":"cde8dac00b7a760096feae564e8f5fff6f0c8df64c586d475017380c6dccfe14","block_height":null,"time":null,"vin":[{"txid":"cde8dac00b7a760096feae564e8f5fff6f0c8df64c586d475017380c6dccfe14","vout":0,"amount":5000,"coinbase":false},{"txid":"ff9a2405c8ff67a433c7322f4532013244e449a3c1b27ac5fe0030678a916811","vout":1,"amount":2999.99999846,"coinbase":false},{"txid":"03fe6f84c47fcba332cfe6c90474e006d8db5bde68a324ef4846f99f34cfa552","vout":846,"amount":238.53762026,"coinbase":false}],"vout":[{"n":0,"addresses":["prl1z78chx7e5mdr370lq8r46mkjhmt6q3969vd94dpmshlv6umhwju6suy66ef"],"amount":8000},{"n":1,"addresses":["prl1pqgcesycgzff79d3zun2tkyh5ghrhcug4jwx0rh3h7fdvg39ypxkqjh5v05"],"amount":238.53761602}]}