{"txid":"cb2f1f4b7829c4f0bbc266da0f29e2a1aa530030b0f7d3d471ad103d987d7f96","block_height":null,"time":null,"vin":[{"txid":"cb2f1f4b7829c4f0bbc266da0f29e2a1aa530030b0f7d3d471ad103d987d7f96","vout":391,"amount":455.31916886,"coinbase":false}],"vout":[{"n":0,"addresses":["prl1pl7u8s40u0q0zw8y0rv9mmtfy5pncxn9xg3gtk2qegfm770gj8n4q3zyjre"],"amount":218.3189593},{"n":1,"addresses":["prl1zwe7k0mruea30fwcx2lulty06u6u2jj47r078cvk83fmsc7yg7jkqdkafw2"],"amount":237}]}