{"txid":"ca9e985543b467bad90b61ca27bd7d13bb33581b9c2942312df7683916fc1bf5","block_height":null,"time":null,"vin":[{"txid":"ca9e985543b467bad90b61ca27bd7d13bb33581b9c2942312df7683916fc1bf5","vout":433,"amount":271.01737757,"coinbase":false}],"vout":[{"n":0,"addresses":["prl1zd765l9rnlu8d5mhjqqf8e8fuahydtl5fecd052dyw2tzxgzexlvsndw0pn"],"amount":200},{"n":1,"addresses":["prl1prn7qfatdsv5mr0px9l9rhjsqcmyt4gkmevwwpjsarz37au75adnseh0r7z"],"amount":71.01736919}]}