{"txid":"f98da854711852c702fe1c4a08426ff693fe0c4351c561611c8f080b5efa07d0","block_height":null,"time":null,"vin":[{"txid":"f98da854711852c702fe1c4a08426ff693fe0c4351c561611c8f080b5efa07d0","vout":1,"amount":398.36041951,"coinbase":false}],"vout":[{"n":0,"addresses":["prl1p252aj4f4yzfdd6avlkh4vpfv23ehm09qpqfa7264tx4dnzkucemsm5s3aq"],"amount":3.36041107},{"n":1,"addresses":["prl1z0u9w84qth694unkuk6kctpghee627prvxzu059g0vvu7lac0plmsnr5qfl"],"amount":395}]}