{"txid":"94c097e536e6815b1fcea1d0f6333e7d673fb2f3fdb84cbe8db4205cae1d9db2","block_height":null,"time":null,"vin":[{"txid":"94c097e536e6815b1fcea1d0f6333e7d673fb2f3fdb84cbe8db4205cae1d9db2","vout":0,"amount":33852.02628343,"coinbase":false}],"vout":[{"n":0,"addresses":["prl1zm9xl0854axm62j5ys8kpj7dpve5xs8f64tk7a6rh85hr0kd93h2sjpyp60"],"amount":256},{"n":1,"addresses":["prl1pnlzu3a2tkvln8pfngmkjxsaecr46tuh9vrnrk4ssqv52lvvv8rdqvr5xm5"],"amount":33596.02627513}]}