{"txid":"457554945ef0b15e30fec149624eb24a8d402e9bc8fb96a47008f2d27eee361d","block_height":null,"time":null,"vin":[{"txid":"457554945ef0b15e30fec149624eb24a8d402e9bc8fb96a47008f2d27eee361d","vout":49,"amount":224.14674578,"coinbase":false}],"vout":[{"n":0,"addresses":["prl1zq60tzfl4swfx9eqgqve46lk6hzks8rftdyh3d069s2058ettgx4q8yhzq5"],"amount":100},{"n":1,"addresses":["prl1p7rj2rtxyrjszfngpjjdkhafzsrg7s9p2ps5zft2ddpw9snwgavds6dsws5"],"amount":124.14674424}]}