{"txid":"bf8427cb816da771b67088a3426e529aec493b8c00b6666166c071bab51d1cf5","block_height":null,"time":null,"vin":[{"txid":"bf8427cb816da771b67088a3426e529aec493b8c00b6666166c071bab51d1cf5","vout":1,"amount":6500,"coinbase":false},{"txid":"97a45c054b652186e274b8d2a796f4085a2642d01a3b7d831644e9774f9cb2a1","vout":1,"amount":0.19994874,"coinbase":false}],"vout":[{"n":0,"addresses":["prl1zvrzxj02nzyu0kg3mu2cvwlcp8tzdlszdrwdujkenw23wpqvg87rq677pe5"],"amount":6500},{"n":1,"addresses":["prl1p3gg6x95uh2nkewdaq6u8e5am7j7j5wd95h3kmx94mguphrxgk6cq77tj27"],"amount":0.19994662}]}