{"txid":"06af4c1b9b5fb8c97bbcf38b60dc53a5fe2b2a7d62544e88cbff9129f85fa24b","block_height":null,"time":null,"vin":[{"txid":"06af4c1b9b5fb8c97bbcf38b60dc53a5fe2b2a7d62544e88cbff9129f85fa24b","vout":0,"amount":399.99999,"coinbase":false},{"txid":"71552b791e1d2ad8a8140bd9ad167b8364a1ecf3c9f8d0b60ccf402e4fd1f065","vout":261,"amount":201.17591491,"coinbase":false}],"vout":[{"n":0,"addresses":["prl1zkk2r0akqex5fkmdy3ewqrecja0n0n6rkklz9k25r09wv7zcql5ysy6cr9m"],"amount":482},{"n":1,"addresses":["prl1pkld3f3mezwqvcg6ghtmrfsgqlk90v7zh78r9k83agn40gdaqrwwqlazura"],"amount":119.17590279}]}