{"txid":"425f603dab08aaee6339f6a91bd4eb9216f1b8f07f5e84bf68c05d8b377ae88b","block_height":null,"time":null,"vin":[{"txid":"425f603dab08aaee6339f6a91bd4eb9216f1b8f07f5e84bf68c05d8b377ae88b","vout":0,"amount":10199.99999,"coinbase":false}],"vout":[{"n":0,"addresses":["prl1zcc3agylgxd8yq84d27pelq6ww60jsf2vryhnkpwedu23y894cx5qzd3739"],"amount":10000},{"n":1,"addresses":["prl1p3slg7gshj55vq3na3cgttjwafsfnp56l2q66z98r85gkdvtmsysq28vx32"],"amount":199.99998846}]}