{"txid":"3a5724df52e73e9c5ab76a3ed0327815f532f34de802b5291404638e93d72478","block_height":null,"time":null,"vin":[{"txid":"3a5724df52e73e9c5ab76a3ed0327815f532f34de802b5291404638e93d72478","vout":1,"amount":987.64153015,"coinbase":false},{"txid":"f0310861295a6b9ec6376e667222faff706de9421a8d53afaa9cab089f605c6a","vout":0,"amount":872.72139321,"coinbase":false},{"txid":"60bcbbb01d53f1a6f7c535a3ac1226278e0f1247077cbf9c062df1a725617328","vout":0,"amount":785.4283155,"coinbase":false}],"vout":[{"n":0,"addresses":["prl1zjmp6dheqamjuetv44sjygmcmgwq23kmtnhdj3qrz5ff3874u0s9sjzmtl2"],"amount":2500},{"n":1,"addresses":["prl1pxgx47sgn9wrzhl5gsugur9j4yxzpf7wpfv4m4ynqr35w9ng4avvqduz955"],"amount":145.79123616}]}