{"txid":"e45e3dc6d147cae907ea7d12c9b972b9879c257a8949651df5d56ebecdc39636","block_height":null,"time":null,"vin":[{"txid":"e45e3dc6d147cae907ea7d12c9b972b9879c257a8949651df5d56ebecdc39636","vout":1,"amount":8210.9352356,"coinbase":false}],"vout":[{"n":0,"addresses":["prl1zc6xaq6mqlk6qf3ghm50mxemxfhwcuhusxd45pqctzk24te6wj34s8hqxwg"],"amount":4500},{"n":1,"addresses":["prl1pgz7xkmw396pcnw43ptt4sg35gkv5ax789whywt6ja7mqz494hrmq2q3fk9"],"amount":3710.93523406}]}