{"txid":"43c53c6caf26e512795b6551cc65fe0998f49302a005e1affd39b3c809c26623","block_height":null,"time":null,"vin":[{"txid":"43c53c6caf26e512795b6551cc65fe0998f49302a005e1affd39b3c809c26623","vout":157,"amount":321.03832732,"coinbase":false}],"vout":[{"n":0,"addresses":["prl1z7gas942lglyef9mcmhjhdm2qaszr5ddw2f28r78l4w0l43ww06dqk0xwrn"],"amount":320},{"n":1,"addresses":["prl1pxp6f368srh5s9kvavarumrjmyz3mxpkqgvx8zpru7yd4a3c9cxjqvd5ekj"],"amount":1.03831895}]}