{"txid":"52cc344c49811fe230ea48d03b330721fd686f63560ab2c6893f3ed99c00fd0e","block_height":null,"time":null,"vin":[{"txid":"52cc344c49811fe230ea48d03b330721fd686f63560ab2c6893f3ed99c00fd0e","vout":1,"amount":1110.92361641,"coinbase":false}],"vout":[{"n":0,"addresses":["prl1ze9jnetytkvz9699ufgk9c7yhc8fsfnp7sacysv5gftwewt836pvqajxr24"],"amount":0.227},{"n":1,"addresses":["prl1pza4xkj2r85hkpwwak8l05v84q3mrqnmldquu30yhhl04tptqt58szjdsx6"],"amount":1110.69661487}]}