{"txid":"ad482d03c9b4136094bfb89e1a09acaa78a59500a37aec97cc506f60fb43d0c4","block_height":null,"time":null,"vin":[{"txid":"ad482d03c9b4136094bfb89e1a09acaa78a59500a37aec97cc506f60fb43d0c4","vout":0,"amount":79,"coinbase":false},{"txid":"8cd4ed6d78bacdb28f4fa2a1fe822e0627b3f702e533a4669ac4bd116f90dc51","vout":0,"amount":79,"coinbase":false},{"txid":"30da5b7fb41f90e3661174104f34a693c6befa2e49c3887af9a970bd065cb115","vout":1,"amount":6.22009854,"coinbase":false}],"vout":[{"n":0,"addresses":["prl1z9d07kvkh3pfslew4a8rtvkw62lcsmk5ela30ya3wzw2vrlyt78hqxst8tq"],"amount":160},{"n":1,"addresses":["prl1pwh3fakyxkvg6zqgchfm73e3xsc72vhvwy0hyzth358x8a6kqasysxhkdqx"],"amount":4.22009584}]}