{"txid":"f19ca1830f15fe747fdf8392a1cd6670ff11dbfb6886b55c29ee1181c669fb9b","block_height":null,"time":null,"vin":[{"txid":"f19ca1830f15fe747fdf8392a1cd6670ff11dbfb6886b55c29ee1181c669fb9b","vout":0,"amount":91.4,"coinbase":false},{"txid":"c09c2bff3d9567ca80cc6dd2f64a774458327fac95fa77647022b0ad2d7ebea6","vout":1,"amount":85.02701517,"coinbase":false}],"vout":[{"n":0,"addresses":["prl1zzqtty7r8aqmvm4jw59rmgr6tdjaj9974w494f3xe6kcr7k52aq0s7nuqvx"],"amount":100},{"n":1,"addresses":["prl1plh6csdu6f6k2w5serqu9edzy6u0xdnkdukjpp8uyaagnvyc4stzsztq2dd"],"amount":76.42701305}]}