{"txid":"6f277fcc27fac6a24bdb50ad68606cd9b41b077f4a12dd01c4dae0bd2cf5e3de","block_height":null,"time":null,"vin":[{"txid":"6f277fcc27fac6a24bdb50ad68606cd9b41b077f4a12dd01c4dae0bd2cf5e3de","vout":1,"amount":2243.32200519,"coinbase":false}],"vout":[{"n":0,"addresses":["prl1zjscjpd40zhmkkwsd65awv7ng9umcdft35wccmvawz96m49mnk6rq0qwt02"],"amount":100},{"n":1,"addresses":["prl1pxgx47sgn9wrzhl5gsugur9j4yxzpf7wpfv4m4ynqr35w9ng4avvqduz955"],"amount":2143.32200365}]}