{"txid":"7fcf055389bf9fb2c887000b49368b737eebdfac9e88f9d36e855d341e729dc8","block_height":null,"time":null,"vin":[{"txid":"7fcf055389bf9fb2c887000b49368b737eebdfac9e88f9d36e855d341e729dc8","vout":1,"amount":1112.04993797,"coinbase":false}],"vout":[{"n":0,"addresses":["prl1z625f9qfhzr5f6lsem45gux87tnpgz5vlsmyx9903e9ard5k8ug8sjgdayf"],"amount":0.1},{"n":1,"addresses":["prl1pza4xkj2r85hkpwwak8l05v84q3mrqnmldquu30yhhl04tptqt58szjdsx6"],"amount":1111.94993643}]}