{"txid":"57ad7588ba2b4a826b393d4af5bd09ea91011cf09513e3e3924d87c4ee655563","block_height":null,"time":null,"vin":[{"txid":"57ad7588ba2b4a826b393d4af5bd09ea91011cf09513e3e3924d87c4ee655563","vout":181,"amount":205.25390818,"coinbase":false}],"vout":[{"n":0,"addresses":["prl1zx47jkqnt2xqtytezj7j0xwnnvz567687h0wz0pnpyv9qqnjyhkasnnatj0"],"amount":200},{"n":1,"addresses":["prl1pytkkd6qnnmmfqxu9durd79ap3ysyu27v6g6t9xdlhnuq73jsgd0sz0v6x5"],"amount":5.25389978}]}