{"txid":"1f4b386f0b7c929e3d4a85b6c4c939e429ea4687296d0327f726b864b962bb21","block_height":null,"time":null,"vin":[{"txid":"1f4b386f0b7c929e3d4a85b6c4c939e429ea4687296d0327f726b864b962bb21","vout":1,"amount":450,"coinbase":false},{"txid":"1f4b386f0b7c929e3d4a85b6c4c939e429ea4687296d0327f726b864b962bb21","vout":0,"amount":14.99989662,"coinbase":false}],"vout":[{"n":0,"addresses":["prl1pken2rqn5agrkac9pc990js6kkpm8yf6rx5ky93vpx9yjcjl9yh4skxl70d"],"amount":14.99987505},{"n":1,"addresses":["prl1zkxjs3kaxyxugm2ah7s9rl688t3t9tvfmqay0ldfzcclslexef35sysaps4"],"amount":450}]}