{"txid":"7a647790125e14017133ec4700ed4308b90f45731ad2d1f7eee3fa773be3ec82","block_height":null,"time":null,"vin":[{"txid":"7a647790125e14017133ec4700ed4308b90f45731ad2d1f7eee3fa773be3ec82","vout":1,"amount":1903.67402604,"coinbase":false}],"vout":[{"n":0,"addresses":["prl1zhsxe6k350yj36exr6larjcw7auzacgsc8rz426yaafen455c2ums0wq8rk"],"amount":1775},{"n":1,"addresses":["prl1peqtapqsw953ez6k4elkj6na9p8nhw89663v85rdzqy454t7uvm4qvej4vm"],"amount":128.67401779}]}