{"txid":"f3eb8d7ba225009c5992daa3b331b81d3c1ee1a331e5dceb94246ede8c7d5308","block_height":null,"time":null,"vin":[{"txid":"f3eb8d7ba225009c5992daa3b331b81d3c1ee1a331e5dceb94246ede8c7d5308","vout":1,"amount":0.08403218,"coinbase":false}],"vout":[{"n":0,"addresses":["prl1zmmhthn7ddkxmqxdn6uh0eqx2ru3w86d9gg4n0rzydhm9vs8pn9lsy4u83l"],"amount":0.05},{"n":1,"addresses":["prl1p00330xumy7rdavdd4pd9rnzftegz2u9395xzvd7wgcm3ulexu6yspuee3u"],"amount":0.03403064}]}