{"txid":"7867fd1d68df635ab77f4cbb02e924efa868983741076db186858068a21ab3cc","block_height":null,"time":null,"vin":[{"txid":"7867fd1d68df635ab77f4cbb02e924efa868983741076db186858068a21ab3cc","vout":156,"amount":118.36246549,"coinbase":false},{"txid":"3c910a79e2bd3ec3daf465455f726720829d6b32e54d9028298f15d473ea9fb5","vout":214,"amount":105.64864123,"coinbase":false}],"vout":[{"n":0,"addresses":["prl1z0794p6ergujqs07qevfm9qfv2298c6ur70sx79nt9dfhx4xzjyksmsnfl0"],"amount":220},{"n":1,"addresses":["prl1pjv3lhhq4u86qkz78keptjtfas89vjmfxekhd8zmkh5ffy2awe0sslav3lk"],"amount":4.0111046}]}