{"txid":"4e912e8229168580e6179a7a9cc7dd7b5e41235c1be0aea544064880c7e5b8d0","block_height":null,"time":null,"vin":[{"txid":"4e912e8229168580e6179a7a9cc7dd7b5e41235c1be0aea544064880c7e5b8d0","vout":1,"amount":6111.07556222,"coinbase":false}],"vout":[{"n":0,"addresses":["prl1phrm3lw6a4446etecnv7ffy03gmxxn29yp3akad4fyd4lss8hz62snu87d5"],"amount":0.07555375},{"n":1,"addresses":["prl1zf7pj750rkj372zpe6nkf9uytnxdndg454u7d2pxhg45g4u75ktjqerjz4f"],"amount":6111}]}