{"txid":"e0bef36f1d906b2d9a4fcbd2cb884584eb801e0127143de3cc7229b0b6ec708f","block_height":null,"time":null,"vin":[{"txid":"e0bef36f1d906b2d9a4fcbd2cb884584eb801e0127143de3cc7229b0b6ec708f","vout":1,"amount":4799.99999788,"coinbase":false}],"vout":[{"n":0,"addresses":["prl1zd4uy5dazh8jhh3kaavl9vyqs6sz2lgfnvn8v7dtgglx6gl7rzfuqje635d"],"amount":799},{"n":1,"addresses":["prl1p60mu9ev7f6tt6shqdjxjsxsfet0pue7a8evhr7waklq4axm4t5ksmp2vxu"],"amount":4000.99999634}]}