{"txid":"13b7bac2995281d0fb560c5462dda54b70e0f6a37d0fafde62ed6b87bee6d304","block_height":null,"time":null,"vin":[{"txid":"13b7bac2995281d0fb560c5462dda54b70e0f6a37d0fafde62ed6b87bee6d304","vout":1,"amount":1731.83999846,"coinbase":false},{"txid":"bcbfec344a1b73810be1f73464854a77ca99fa35b7eafa9760ddeb2dcd17bc1f","vout":0,"amount":1726.76,"coinbase":false}],"vout":[{"n":0,"addresses":["prl1zja6m6wg6dsngk8wl36ezcp9cymwtrdwnwun9aadztxr6l8pjxr6qg7sm7a"],"amount":2695},{"n":1,"addresses":["prl1pml4rlyp6w0m0ylvxaxpm4j434qu0rmjgxpguvkz6gl7729uma5tshv3rs4"],"amount":763.59999634}]}