{"txid":"3187e529d6fbc34c78380e022e84a74d2aeed772da0f505063cd891ab3e972c3","block_height":null,"time":null,"vin":[{"txid":"3187e529d6fbc34c78380e022e84a74d2aeed772da0f505063cd891ab3e972c3","vout":0,"amount":100,"coinbase":false},{"txid":"617e3b582f2e159bdd3597b6b817b15d93bbb6c670453afd50e10483f9a45bf0","vout":1,"amount":0.49999846,"coinbase":false}],"vout":[{"n":0,"addresses":["prl1zll6lugtr4zm3l3acrdk9znxn7lxs30km5936ettkrt7v2fvktvhq6j2mra"],"amount":100},{"n":1,"addresses":["prl1p9849nsvv3twpqdjxe3v7xk6g0k2upz0vpy4pcyna4fn6v6c8guss2ctcaw"],"amount":0.49999634}]}