{"txid":"95c0968c40449cf6d6d0cb037d93883c92d43acd34674e1fed1ecc69f8183c17","block_height":null,"time":null,"vin":[{"txid":"95c0968c40449cf6d6d0cb037d93883c92d43acd34674e1fed1ecc69f8183c17","vout":1,"amount":4048.99997576,"coinbase":false},{"txid":"f16012a3dcf7fc57d1053c90c9f7205d4850d58b98955acd386e79ed4d5dcb17","vout":1,"amount":1499.99999538,"coinbase":false}],"vout":[{"n":0,"addresses":["prl1zz87rdzr3hnx7n28xyzu0d87tph2s2qj9dnhnry8ujgp625sr8a0sgqm5k9"],"amount":5000},{"n":1,"addresses":["prl1p94mante8tgtvajgghxh93l0z0vykzz7xfly6zdfpd9lsarm3dlystq3ar4"],"amount":548.99996902}]}