{"txid":"7857b73643e0cd96ceecd9f2d9008a34cdefcb96b35a57861322d211244f633c","block_height":null,"time":null,"vin":[{"txid":"7857b73643e0cd96ceecd9f2d9008a34cdefcb96b35a57861322d211244f633c","vout":1699,"amount":274.74888181,"coinbase":false}],"vout":[{"n":0,"addresses":["prl1z5t7lymrr0tf2twaw75sdjc6tc98st256xjhksefydthz7c3am43qupeanw"],"amount":159},{"n":1,"addresses":["prl1prl535pmvzu8pmwmjz0vadcln5j4nq42zhv9g65ce9lek9cpns6nqzz96ee"],"amount":115.74878945}]}