{"txid":"df65666c7acca9fa0230ca33b0ff64337a8eb31b1b2312c698eb4a4990570b47","block_height":null,"time":null,"vin":[{"txid":"df65666c7acca9fa0230ca33b0ff64337a8eb31b1b2312c698eb4a4990570b47","vout":1,"amount":73.68286435,"coinbase":false},{"txid":"44ae534e7e1a2de4ef6de4fc9bacccb6cd89377c7c86ea6b1d70e758645b02b3","vout":0,"amount":57.61506326,"coinbase":false},{"txid":"ba69ff4625c9742ef2fedc7a2ebcc92c5ff8e0905fd637fc2517f2b3f5daa6b7","vout":334,"amount":34.85731976,"coinbase":false}],"vout":[{"n":0,"addresses":["prl1pj95dpzupyyp9s70l6hhhy9qgmwhl6grj2p4zzp7wqmfh7xvz2vksruusjc"],"amount":26.15515872},{"n":1,"addresses":["prl1zgvtd7tsr5gud9q3lxlvpvkarc4zuggplumvuagnc3sp22vkw57fsje8ywt"],"amount":140}]}