{"txid":"18bce77e08170a3762e53aa3736a3921e12e9def8a7085246d08f60591464383","block_height":null,"time":null,"vin":[{"txid":"18bce77e08170a3762e53aa3736a3921e12e9def8a7085246d08f60591464383","vout":0,"amount":0.3094787,"coinbase":false},{"txid":"f706e3afd5192d2690d54927f68c9aef661fe9d68a3a7345e2f4b86905ab88da","vout":430,"amount":5013.46408542,"coinbase":false}],"vout":[{"n":0,"addresses":["prl1p8v73jxag7wu6kprg6dkcvcchqxfst2g9yggkr3mf7jcptnjncaxqu2s344"],"amount":4359.77256412},{"n":1,"addresses":["prl1z9h78e553sa46mefg03x9l6r6xr7hvs3308rl5jzygejwg46ssedsta55l5"],"amount":654}]}