{"txid":"c6972f80e69c002bcd8324de52f34089149e54ce5f6113fe459fafbbef1d6db4","block_height":null,"time":null,"vin":[{"txid":"c6972f80e69c002bcd8324de52f34089149e54ce5f6113fe459fafbbef1d6db4","vout":0,"amount":9859.99983755,"coinbase":false}],"vout":[{"n":0,"addresses":["prl1z7dcnvxmpllmjangdeeyl2s4p0kd0zstcprykdy8w5cmevyzkaa4sj6q9l4"],"amount":860},{"n":1,"addresses":["prl1p45v2w2vjphwldy5ftrrxuacnag7ynww3urefvjncujtwua46xzmstq99r2"],"amount":8999.99975621}]}