{"txid":"2d4242ab21319dac42b4c08c41da0355170df3a16fe33582965388db243075d2","block_height":null,"time":null,"vin":[{"txid":"2d4242ab21319dac42b4c08c41da0355170df3a16fe33582965388db243075d2","vout":538,"amount":1094.21336875,"coinbase":false}],"vout":[{"n":0,"addresses":["prl1z3tamurcqwvqefzcecx5sl24ctzjfvdruracenm8vwqh7t5kf2jdqkxdgdf"],"amount":1094},{"n":1,"addresses":["prl1pf9vtwhen2326w4mzzz7w3aqhyj5vlxqf7h8fg3f4avrjrpmcs40s2cqjqt"],"amount":0.21336034}]}