{"txid":"72023f0769cd850ec7520b7d4ca9cce5ad37239efe3c8a60d37b4de517ed53db","block_height":null,"time":null,"vin":[{"txid":"72023f0769cd850ec7520b7d4ca9cce5ad37239efe3c8a60d37b4de517ed53db","vout":1,"amount":896.99998692,"coinbase":false}],"vout":[{"n":0,"addresses":["prl1znh504sn57svt3ceprcjs8ce20k20fwt3ca0ygjeryn5fv323vteq20ced5"],"amount":200},{"n":1,"addresses":["prl1phtelnzd37d7ac8errht86c3jaw8pmdvrkj8yp6lpp38aureyw3uqveudvy"],"amount":696.99998538}]}