{"txid":"21f7186a2e07745f613d265eed226de22c78027abcf9500d68e215466b70ee8d","block_height":null,"time":null,"vin":[{"txid":"21f7186a2e07745f613d265eed226de22c78027abcf9500d68e215466b70ee8d","vout":20,"amount":118.19616338,"coinbase":false}],"vout":[{"n":0,"addresses":["prl1pu54wjdny6l49pmwnmffhfj7lynjckglfhn3jh8gjt5su60e00dms2y0kz6"],"amount":8.19615508},{"n":1,"addresses":["prl1z2af5kenaxz0qwwuaeh6hqtng8gv5ald7n2rzlcgjllxs28c6hfzqw78r97"],"amount":110}]}