{"txid":"3e6a12c4219b9e881b1212b049c16d7992d358e0f18434840e0012e0df1a6ebd","block_height":null,"time":null,"vin":[{"txid":"3e6a12c4219b9e881b1212b049c16d7992d358e0f18434840e0012e0df1a6ebd","vout":280,"amount":989.09365086,"coinbase":false}],"vout":[{"n":0,"addresses":["prl1ze96lfq0llmv4zuguwlrf3qq48gxugxul6cgdns70x6yps4fr9rsskrh60e"],"amount":500},{"n":1,"addresses":["prl1pfzn2dsrzyvr34ue4xfu9pj0nz5zg82raw383shtqwgyczc4jpags7ep8at"],"amount":489.09364932}]}