{"txid":"cb47f4ad3740f3f346276fb553a33d340e49f55470b349962558fae09b959f59","block_height":null,"time":null,"vin":[{"txid":"cb47f4ad3740f3f346276fb553a33d340e49f55470b349962558fae09b959f59","vout":0,"amount":11999.99999,"coinbase":false}],"vout":[{"n":0,"addresses":["prl1phvxkyyecua0vu5fm27ndu8v7mdpyzrrue9dj3w7577fn289nprqqcwjmtx"],"amount":6999.99998225},{"n":1,"addresses":["prl1zkeplhdtmy6pqwlveqlcha0hl0nn7d4k2gvuka7pte5wg8ur6qqrqaylz9t"],"amount":5000}]}