{"txid":"4d588a4d8cd3aca39a3138b7a6cbd5883d1cfd39aff18ab175d6f64ab98ed001","block_height":null,"time":null,"vin":[{"txid":"4d588a4d8cd3aca39a3138b7a6cbd5883d1cfd39aff18ab175d6f64ab98ed001","vout":341,"amount":172.0182711,"coinbase":false},{"txid":"05664c3e07edb0b98b2f545c82b188601db725df55493a967c2823202d3ada88","vout":859,"amount":162.27984343,"coinbase":false}],"vout":[{"n":0,"addresses":["prl1zdwc3k4668wh6mjjm5ydgcw70kpnv6uk8wt4vc270avvshzzl8weqw97f4v"],"amount":200},{"n":1,"addresses":["prl1pf5g0d45ef5kc6yl8ehpjrlgzje4ws64yl9ncuclnc8uah9g8ckhqdzeefa"],"amount":134.29811241}]}