{"txid":"09c03b148f31f29fc60bd4f0a8349ce3beab74837ee10312c9b588259814c39d","block_height":null,"time":null,"vin":[{"txid":"09c03b148f31f29fc60bd4f0a8349ce3beab74837ee10312c9b588259814c39d","vout":1,"amount":1111.45882411,"coinbase":false}],"vout":[{"n":0,"addresses":["prl1z5mmfpdhq2wudszypjejrevsdjmaga4t0zvvs27rlzx5tcgp7840qwr6k4f"],"amount":0.2},{"n":1,"addresses":["prl1pza4xkj2r85hkpwwak8l05v84q3mrqnmldquu30yhhl04tptqt58szjdsx6"],"amount":1111.25882257}]}