{"txid":"862363df6935b9f26c6feec12fc46928cd09ec27199204ad750cede80d9afdf1","block_height":null,"time":null,"vin":[{"txid":"862363df6935b9f26c6feec12fc46928cd09ec27199204ad750cede80d9afdf1","vout":874,"amount":74.1319137,"coinbase":false},{"txid":"f2279dd1c47bfa78e914e275bd4e98666eb0d0613545765df4ea8ba1c79084df","vout":720,"amount":28.73442874,"coinbase":false}],"vout":[{"n":0,"addresses":["prl1zezrr6un7tynvpm64hzl56n7s42klrhnlcnzrdsxvh4xnskywd9kqgmpa28"],"amount":100},{"n":1,"addresses":["prl1py4vmmsfjyrem69uslajypz4x5zw6cf096ucdgwx3vkcls4p0r9kqhtt723"],"amount":2.86634032}]}