{"txid":"4edf237f34d022019823b77d9057cf66bf2f7ebc515176e4af730410645c8936","block_height":null,"time":null,"vin":[{"txid":"4edf237f34d022019823b77d9057cf66bf2f7ebc515176e4af730410645c8936","vout":102,"amount":9934.72675827,"coinbase":false}],"vout":[{"n":0,"addresses":["prl1zmqjnw7upafvyevnaydr3uhxgm6tn4p3d2hp56p9mx0vgaq80sjtseuqap7"],"amount":9930},{"n":1,"addresses":["prl1pt9qddqymytc9m5khnrc6xutpvdxmykkuaxcxu2rzxuy6fgfl5azs5cwjse"],"amount":4.72674267}]}