{"txid":"649664df34ce184d501624cfe3a0f59b23189b67f8505bbb02b8b90dde711227","block_height":null,"time":null,"vin":[{"txid":"649664df34ce184d501624cfe3a0f59b23189b67f8505bbb02b8b90dde711227","vout":59,"amount":231.82509591,"coinbase":false}],"vout":[{"n":0,"addresses":["prl1pr8z28m059l0utrum5m29q44hchunln29ng9yh2423dcunv6caygs0wlrwa"],"amount":131.82508754},{"n":1,"addresses":["prl1zdd0wlq6v3thq7t3eym0c8rarrn9nq24wr9v9g33kdj8qg7uek3eq2d8cn5"],"amount":100}]}