{"txid":"195f3885dd436c5497203ed7cf46560cfbcf6fb03a5ae40fd2b5ba67f31103c8","block_height":null,"time":null,"vin":[{"txid":"195f3885dd436c5497203ed7cf46560cfbcf6fb03a5ae40fd2b5ba67f31103c8","vout":1,"amount":262.92769556,"coinbase":false},{"txid":"3c6d818ce04898958392e15c93f5bd9122622b2fc388ba9d3b1e8107e1650d89","vout":1,"amount":194.6407544,"coinbase":false},{"txid":"4bc12f1786d420e60f41c59f733314e8004465dd87d54520c24ad225f1cda433","vout":0,"amount":137.0538989,"coinbase":false}],"vout":[{"n":0,"addresses":["prl1zcw2yeu7f634ecxjfdqzc8ywx6nyrvdzad7z0mmmjchsyvl79z2qsvsp3kk"],"amount":500},{"n":1,"addresses":["prl1p3lthrt3n7yrrh7qdttq68aq5q76qn0alnmftqqw3hvxh450atm2q3w0pa6"],"amount":94.62234616}]}