{"txid":"1f26abd1b4aecc80af634261450c0967fe3cca7a902c65b98bf7abcabb038aa2","block_height":null,"time":null,"vin":[{"txid":"1f26abd1b4aecc80af634261450c0967fe3cca7a902c65b98bf7abcabb038aa2","vout":1,"amount":213.23999846,"coinbase":false},{"txid":"96307e188f87188bcf4dbf260636740bb6a4364026dd46464be11ca9512d0ff8","vout":0,"amount":20,"coinbase":false}],"vout":[{"n":0,"addresses":["prl1z0c5lfgew974rupy8gjshnzgy4mxhyp72z6ur3ujj36y37efthk8sww7yfz"],"amount":233},{"n":1,"addresses":["prl1pzrj0glenjc7rv4hyj7qftkwj4jsv2xvuwx2ws8jw30x2n75dt7fqpstwpf"],"amount":0.23999634}]}