{"txid":"8a7b7d8a16678d1c9cb86f99ac20cd0abae072516bc1daf359d4c426f3811696","block_height":null,"time":null,"vin":[{"txid":"8a7b7d8a16678d1c9cb86f99ac20cd0abae072516bc1daf359d4c426f3811696","vout":0,"amount":8999.99996866,"coinbase":false}],"vout":[{"n":0,"addresses":["prl1zh7mxn9cj54fm0stphhegeh53swln7q50cenpcc9g22hg2p62sv8s25eq8d"],"amount":1000},{"n":1,"addresses":["prl1pre86m8sl5gd65gl26ldlj6uuz6htdte6t5ddczmqflj3davtpy7slsq8mq"],"amount":7999.99996038}]}