{"txid":"75acb1b65f0f0d134055e6b72027ec0dcc9d0f5f9131d4a8df7ab43c8c5dcdf1","block_height":null,"time":null,"vin":[{"txid":"75acb1b65f0f0d134055e6b72027ec0dcc9d0f5f9131d4a8df7ab43c8c5dcdf1","vout":0,"amount":320.99999,"coinbase":false},{"txid":"b25be48fcf7c1b938b6c1e4601ef24e6e01f6ec3beb76b445d30e73e9e22feaa","vout":1,"amount":0.95987067,"coinbase":false}],"vout":[{"n":0,"addresses":["prl1z006fa7yesfw6vjxkk8r82hc3juc0elcec44y63me95j5sfvf2qys9wjuk3"],"amount":321},{"n":1,"addresses":["prl1p9pg7e4vfg9e9dy6m03zn5gwt2r23629rymrtmv0g9mp72ks6e5jsy7c7xx"],"amount":0.95985855}]}