{"txid":"0b1d5aac4fd4f5988df6d372c75e1eca873bf6b97e9bf7b4ae0b4c29cc8f91fa","block_height":null,"time":null,"vin":[{"txid":"0b1d5aac4fd4f5988df6d372c75e1eca873bf6b97e9bf7b4ae0b4c29cc8f91fa","vout":332,"amount":254.60691091,"coinbase":false},{"txid":"5c7fe4ebde67524329a20a1dd13000666bd9a9003aa2f422183806ba2e8ec017","vout":426,"amount":223.84905251,"coinbase":false},{"txid":"061de1994885b7febbe1d320401fd987cde9c5b191e0291e3b56912a85da17cd","vout":192,"amount":24.41591248,"coinbase":false}],"vout":[{"n":0,"addresses":["prl1z7vlcqx2wpxmf3ap5k784xh9sgzkgmehqkd3a7l70hjdyatacjrvqwv3wm0"],"amount":500},{"n":1,"addresses":["prl1pyvr4z0yy6m5vlnelk09kqxs3retmaewqdv9jd6vww6kzmhh9r7ksvvmywy"],"amount":2.8717759}]}