{"txid":"f2279dd1c47bfa78e914e275bd4e98666eb0d0613545765df4ea8ba1c79084df","block_height":null,"time":null,"vin":[{"txid":"f2279dd1c47bfa78e914e275bd4e98666eb0d0613545765df4ea8ba1c79084df","vout":687,"amount":208.34917346,"coinbase":false},{"txid":"74661f9176f5f6b9785164ccc9f1a9a678323d555f546075a1bf5d9fe5d2a1dc","vout":739,"amount":206.58504169,"coinbase":false},{"txid":"05664c3e07edb0b98b2f545c82b188601db725df55493a967c2823202d3ada88","vout":453,"amount":190.74706635,"coinbase":false}],"vout":[{"n":0,"addresses":["prl1pwc7fffyfvfd02v0x47dxlzvavnxjhal0jpzeuh9ms0qpdpugsj9qqdy7wa"],"amount":105.68058202},{"n":1,"addresses":["prl1z5hkxm05drp4h7l3272esh2yv63q2jjtrd7upszmjvg0gd9mjtzjqr8fq45"],"amount":500}]}