{"txid":"9521f0f680ae786421ccca62528901070a3d88feb982f96beb543bffa9bbba4a","block_height":null,"time":null,"vin":[{"txid":"9521f0f680ae786421ccca62528901070a3d88feb982f96beb543bffa9bbba4a","vout":1,"amount":783.99998846,"coinbase":false}],"vout":[{"n":0,"addresses":["prl1zysnxxdf89hgtvkcsvgs7h8saauefex6ty8v4nppz6lgc9elhl7aqtxagxr"],"amount":571},{"n":1,"addresses":["prl1phtelnzd37d7ac8errht86c3jaw8pmdvrkj8yp6lpp38aureyw3uqveudvy"],"amount":212.99998692}]}