{"txid":"70bdb833938b3e9242b2362fdc002ee74b90188979bc70a43ff33a56bf876e75","block_height":null,"time":null,"vin":[{"txid":"70bdb833938b3e9242b2362fdc002ee74b90188979bc70a43ff33a56bf876e75","vout":1,"amount":2749.99999692,"coinbase":false}],"vout":[{"n":0,"addresses":["prl1zfkw9eu6fpysnyjypldgzrlkn7w9wk8795379kglr60jaykq29ucslvufpv"],"amount":2500},{"n":1,"addresses":["prl1pfu0e9fxx63s6gq6q0m2mqj4hawqeg9nxun99gcvuqrzktnu8gkrsfz2rkj"],"amount":249.99999538}]}