{"txid":"607964c3bc4018b3c6cc09501030f4ab5cf531693d09ebc1bd4cc7d3faf6a8de","block_height":null,"time":null,"vin":[{"txid":"607964c3bc4018b3c6cc09501030f4ab5cf531693d09ebc1bd4cc7d3faf6a8de","vout":1,"amount":10416.99999788,"coinbase":false}],"vout":[{"n":0,"addresses":["prl1zql98qwhz4lu6v5k6w99vs0k4um6p67ptuzs8ynzann70eyd5rc8setetst"],"amount":5000},{"n":1,"addresses":["prl1p47rm07xafyztc7dz0pcs0pur3psdfqgfsawrpk646d4gasy0w2mst6rxak"],"amount":5416.99999634}]}