{"txid":"ffe0be77b43c4dd0fff0c4ed764a1f67269f63da471e257459175aff3bee47a6","block_height":null,"time":null,"vin":[{"txid":"ffe0be77b43c4dd0fff0c4ed764a1f67269f63da471e257459175aff3bee47a6","vout":1,"amount":165.94991328,"coinbase":false}],"vout":[{"n":0,"addresses":["prl1pgud4d0rta7z0efr4s5v5y90gzeca82jca3vxwkkl7dnwrq9hhzrq9q7j8m"],"amount":65.94990506},{"n":1,"addresses":["prl1z30znyxwhmlxj9xx4fmu6zzgzweftqu394slfxxmclm8thypqnsmqlr3jzu"],"amount":100}]}