{"txid":"57ad7588ba2b4a826b393d4af5bd09ea91011cf09513e3e3924d87c4ee655563","block_height":null,"time":null,"vin":[{"txid":"57ad7588ba2b4a826b393d4af5bd09ea91011cf09513e3e3924d87c4ee655563","vout":143,"amount":5488.24247691,"coinbase":false},{"txid":"21f7186a2e07745f613d265eed226de22c78027abcf9500d68e215466b70ee8d","vout":362,"amount":5446.74764367,"coinbase":false}],"vout":[{"n":0,"addresses":["prl1znvmn4e7nmgau0tawqexdluwh93uxwms58lhxugc2j3d2vnxe8z8qmgfpw7"],"amount":10000},{"n":1,"addresses":["prl1p8cgw4w7fxjur8aefc7uqy7a38z4yq89whxejl809ld4ljxuewynsc22m9d"],"amount":934.99010898}]}