{"txid":"cbafdd3cda17d36ff6ba7826c1fe13ca9b00a71dc6100f4b2ad79c844857e1c6","block_height":null,"time":null,"vin":[{"txid":"cbafdd3cda17d36ff6ba7826c1fe13ca9b00a71dc6100f4b2ad79c844857e1c6","vout":1614,"amount":225.63619584,"coinbase":false}],"vout":[{"n":0,"addresses":["prl1p2lu3afns8yxm6ksflx66wm500dswjt8gfgrdftlq8hs4dwg7mfcqar67qr"],"amount":16.63610329},{"n":1,"addresses":["prl1zhznr2z0duq72hrft4ekcn805huk70k2evsd5erqp7g7cy0wwhrlspsrnje"],"amount":209}]}