{"txid":"ac14f390d6476aa35b5fb94bfd85247c3f786d45e5b44c884eb78285a5eff552","block_height":null,"time":null,"vin":[{"txid":"ac14f390d6476aa35b5fb94bfd85247c3f786d45e5b44c884eb78285a5eff552","vout":0,"amount":132.99999,"coinbase":false},{"txid":"b53866594cdc19800709fef85818bc29393d391b8166180c929357a4762b657f","vout":1,"amount":0.9018319,"coinbase":false}],"vout":[{"n":0,"addresses":["prl1z4vnfgskmkel6kw8wddya3rnjprch2uqpvaca9gqsk47jp2ys6pzq9hefn6"],"amount":133},{"n":1,"addresses":["prl1p7c5d5sygh5j4n26eya2pv67czl0yjhacdq9hzsck2zuq4h67fgxshnzssf"],"amount":0.90181978}]}