{"txid":"e54319797aa308372a3fe65595342262d9fa0eaef7ae2ea06ee16246d297b92f","block_height":null,"time":null,"vin":[{"txid":"e54319797aa308372a3fe65595342262d9fa0eaef7ae2ea06ee16246d297b92f","vout":0,"amount":7500,"coinbase":false},{"txid":"e54319797aa308372a3fe65595342262d9fa0eaef7ae2ea06ee16246d297b92f","vout":1,"amount":7.95899667,"coinbase":false}],"vout":[{"n":0,"addresses":["prl1pj982gxry7mrwa09c670vhuxu8lp9uz3ncgmvdfshlr52t5nrx39sydffkj"],"amount":7.95898496},{"n":1,"addresses":["prl1z7s4mh0uevdjqpedgv66asnt87mx73cewk8wpsfup6n0t7nna8csqtj8wvk"],"amount":7500}]}