{"txid":"7e3f1c27249181013bf16f4b8d2e5933b087cf4d50ca9cd3107ed40dea29fc5d","block_height":null,"time":null,"vin":[{"txid":"7e3f1c27249181013bf16f4b8d2e5933b087cf4d50ca9cd3107ed40dea29fc5d","vout":1,"amount":155.22767341,"coinbase":false},{"txid":"581d5ecf124fd4977a388acc705bdfb261f40b54241f6a68d4e2fbba7b73d773","vout":0,"amount":99.99999,"coinbase":false},{"txid":"3bb15c44908fddec999232f8d15841cb9ea76a2356c33fb6436b801d48d6dd6f","vout":0,"amount":99.99999,"coinbase":false}],"vout":[{"n":0,"addresses":["prl1zy0tenyjj7rqqhncxauwgjvjsh0yuc22yy7mc4dsv2qxty0qjk7pqylv6e9"],"amount":300},{"n":1,"addresses":["prl1p7fve65ytvrmjj0aj3fzqp063msvxyv2jqas7322yc4gd7hghg09szu2gyv"],"amount":55.22765071}]}