{"txid":"e1d1e457d07e9383f826a8e3e4a050a830cc651f3a4e93e9ba67de853b91424d","block_height":null,"time":null,"vin":[{"txid":"e1d1e457d07e9383f826a8e3e4a050a830cc651f3a4e93e9ba67de853b91424d","vout":0,"amount":199.99999,"coinbase":false},{"txid":"23ee48c04137d930f5b6cd70a636cb5837f5136d4716eb2d73f61cf7deb6c491","vout":1,"amount":50.08089451,"coinbase":false}],"vout":[{"n":0,"addresses":["prl1zk40v9hnw57c39396lp33knhwcufc9wkjwwf5zmu6jg7y6v8zk49sypgyme"],"amount":200},{"n":1,"addresses":["prl1p0zjujz9n7stxp0rl46s9p8n9scf6eyh96xzdr9u30hms54qkulfq6r87mu"],"amount":50.08088239}]}