{"txid":"bba1a8b307b5b8f3efe277300d58acaa117dfc0d244568f24de2e9015ef9eeba","block_height":null,"time":null,"vin":[{"txid":"bba1a8b307b5b8f3efe277300d58acaa117dfc0d244568f24de2e9015ef9eeba","vout":1,"amount":3410.64059376,"coinbase":false}],"vout":[{"n":0,"addresses":["prl1zpaau9lv6dwz26kqnfm6g7ytqr0535xgnj8qq4wmpcl2zg9k2d9rskql65w"],"amount":1000},{"n":1,"addresses":["prl1pdf8l9ery0957wnwhkd0efw0pvunyjcmcu5zswjkawp3xs7dsceuqm7dpk9"],"amount":2410.64059222}]}