{"txid":"0f2be46417597e6207d90bed42f3145e11381c17c8e997f62c91ad27f693eeda","block_height":null,"time":null,"vin":[{"txid":"0f2be46417597e6207d90bed42f3145e11381c17c8e997f62c91ad27f693eeda","vout":0,"amount":340.999922,"coinbase":false},{"txid":"d1321634f24ab09c55dc749f08e85a142f8098a364b243e5e83f9b4e6cc15ad6","vout":176,"amount":267.37637809,"coinbase":false},{"txid":"061de1994885b7febbe1d320401fd987cde9c5b191e0291e3b56912a85da17cd","vout":163,"amount":202.09436716,"coinbase":false}],"vout":[{"n":0,"addresses":["prl1pvrmxm90pquhsjznc565naxt3twr73feajrhhczsz5vh4v7s833fq8n7zsy"],"amount":10.46996564},{"n":1,"addresses":["prl1zxjhjrvjw33wwet9c6exmt4xwzp8fj9k8nnk7c94fr7g7l6t8e9gqk93p7l"],"amount":800}]}