{"txid":"11e6b26b309fd85d55df5ce78f5710737335baded1ae531c6601c9211a858fa9","block_height":null,"time":null,"vin":[{"txid":"11e6b26b309fd85d55df5ce78f5710737335baded1ae531c6601c9211a858fa9","vout":1,"amount":959.99999846,"coinbase":false},{"txid":"47cfc5d7ba97e03ebba26c4fe4eb2359d50bfdc37b477c25a5e4a7b9a0ce2bd5","vout":1,"amount":516.99999846,"coinbase":false}],"vout":[{"n":0,"addresses":["prl1zqcntxvxjq5w5znlwvy58ur329zxsddv9qasflryxq2u4sg4wa52synqv7s"],"amount":1000},{"n":1,"addresses":["prl1phtelnzd37d7ac8errht86c3jaw8pmdvrkj8yp6lpp38aureyw3uqveudvy"],"amount":476.9999948}]}