{"txid":"97b20aa7ae9cc88072b48c483d38823b5500a388b07293d13ccabd3a5178e54a","block_height":null,"time":null,"vin":[{"txid":"97b20aa7ae9cc88072b48c483d38823b5500a388b07293d13ccabd3a5178e54a","vout":0,"amount":118.69999,"coinbase":false}],"vout":[{"n":0,"addresses":["prl1zkak0tppwt3c6e08tn4rymdumnxkvsk2ufhfyzcqky8maxn6rx7esn2ks52"],"amount":118},{"n":1,"addresses":["prl1p0l0pz9f439u48s9ut7jt0jm5dnhc4l3wg8f9ptzs2gsy9wre4c3shk94w4"],"amount":0.69998846}]}