{"txid":"cd3255d88280904eb8c8a9bfcd317ad1a9318e830c3a29a80a76a97a65e1d1ce","block_height":null,"time":null,"vin":[{"txid":"cd3255d88280904eb8c8a9bfcd317ad1a9318e830c3a29a80a76a97a65e1d1ce","vout":702,"amount":77.57804491,"coinbase":false},{"txid":"eccf49bc1303e8b8c84dc7e90bc1999c04d003d95564e7498881c1e902c21d7b","vout":695,"amount":72.04850865,"coinbase":false}],"vout":[{"n":0,"addresses":["prl1z4sq73f4urmun3atft556f2gj9hpdy4h4k5hdge8zgxmml83xsqasxruldr"],"amount":149},{"n":1,"addresses":["prl1ppwud63x4euwf8frau3arzuweqmznjmwlujr90a4vljqw0qxfezyqx2ag7j"],"amount":0.62655144}]}