{"txid":"72d47592c0e1f69528e01f63936b8db17448bb9242ae762c401f6ddb15a505e7","block_height":null,"time":null,"vin":[{"txid":"72d47592c0e1f69528e01f63936b8db17448bb9242ae762c401f6ddb15a505e7","vout":634,"amount":218.07379023,"coinbase":false},{"txid":"7e6e4bab7e0956e404e2cc3c70b75d12bc1d326cb7493b17f7c2b6f6220c2561","vout":0,"amount":205,"coinbase":false},{"txid":"a1a8b3590a2390217970e494c85123c48ba5dd55587a107a268a4494847f7233","vout":0,"amount":82.749778,"coinbase":false}],"vout":[{"n":0,"addresses":["prl1z6zu3pyk3ufhmmlt7n23vhr4yvjcgpjgz562jfwhr7pxwzudtkm8qzefnyn"],"amount":500},{"n":1,"addresses":["prl1p6e9g0p55zfl63dcg6z46cyydltv2n8z8hmjnggya54mjfm0mumfsr2fzft"],"amount":5.82356553}]}