{"txid":"73efb58becf9b3c892b324e1778bf2791d480185c88dd10d5ed836086b6474a1","block_height":null,"time":null,"vin":[{"txid":"73efb58becf9b3c892b324e1778bf2791d480185c88dd10d5ed836086b6474a1","vout":1,"amount":690.74354349,"coinbase":false},{"txid":"649664df34ce184d501624cfe3a0f59b23189b67f8505bbb02b8b90dde711227","vout":495,"amount":368.96688879,"coinbase":false},{"txid":"30120183bcd90eec4a543cb848b11dc93f7b4748567dd0a91ba0365e6182565d","vout":10,"amount":1.50419517,"coinbase":false}],"vout":[{"n":0,"addresses":["prl1zx408srxy74wj6l2spmj0g0zukj7v9zf3xr6myrk2u05pp3sv5pfqcck0h2"],"amount":1061},{"n":1,"addresses":["prl1pg877m45zrd5ph0j3w74zyt0enp94ya6r6zfrml0r9h8us8mfrdds0fnam3"],"amount":0.21462475}]}