{"txid":"104959d7baa71a3d2152f6fee52c8a8b58591dda36acc367dd731f14aa77367a","block_height":null,"time":null,"vin":[{"txid":"104959d7baa71a3d2152f6fee52c8a8b58591dda36acc367dd731f14aa77367a","vout":1,"amount":13499.99958845,"coinbase":false},{"txid":"77c8a2f9da1aa3e17d7e3a4b114b25fff23717fbd16aede15d70242b8badac6b","vout":0,"amount":6605,"coinbase":false}],"vout":[{"n":0,"addresses":["prl1zdl58jxx3ymurens5s72q66062x2hs6c9cf8ae6cehxsuuv746m3s9su3u4"],"amount":20000},{"n":1,"addresses":["prl1psecmu3salxmn484lpeuczwj83xqx9cdxctgrq2mzca9qnnx3p37qxzu6nh"],"amount":104.99903664}]}