{"txid":"2d4242ab21319dac42b4c08c41da0355170df3a16fe33582965388db243075d2","block_height":null,"time":null,"vin":[{"txid":"2d4242ab21319dac42b4c08c41da0355170df3a16fe33582965388db243075d2","vout":165,"amount":84.63871549,"coinbase":false},{"txid":"33cc12f487b77d7a377289a5088e6b27aa635c7506647d7198c186b9c226d860","vout":417,"amount":60.08729449,"coinbase":false},{"txid":"0e03889e51eb4f0e3c23d740c28c36cc4d51c4630d606d8e0f7ba5726cdd74c5","vout":0,"amount":0.57548542,"coinbase":false}],"vout":[{"n":0,"addresses":["prl1z6737dgldnvq9jy3cjeh7gqa52eyt3szwncu7e8rtrps4k2fjsqgs2y972a"],"amount":145},{"n":1,"addresses":["prl1p6wv0tmvmsdv3z3u0x7mm896cg75jmftatfgpp4lz6h6wjwz0hudsnlw7c0"],"amount":0.30148042}]}