{"txid":"ae04e59705b58d860ee91d2e1fcc19fc05acaa7c53deddaffa200a71e61f832c","block_height":null,"time":null,"vin":[{"txid":"ae04e59705b58d860ee91d2e1fcc19fc05acaa7c53deddaffa200a71e61f832c","vout":97,"amount":175.2629213,"coinbase":false}],"vout":[{"n":0,"addresses":["prl1z8xjhsqty8wftagu2fm9l4szswfed9dcrd88a4rnqprmpe7q7n8msvfk2vt"],"amount":100},{"n":1,"addresses":["prl1pr2v35y9jnnx5gdwdf2j0rkjc6u3466tkn9jg3e3jf50pucfhawes5uelzk"],"amount":75.2629131}]}