{"txid":"fb33db0ef5192edd4635ed4c35c1a780c1499ac3513cb51547e9b67d19788c33","block_height":null,"time":null,"vin":[{"txid":"fb33db0ef5192edd4635ed4c35c1a780c1499ac3513cb51547e9b67d19788c33","vout":0,"amount":122.99999,"coinbase":false},{"txid":"f5c2252e51cf27efe88b6ff42e5853cf6acf9ac034ac1f47e183de5140f0d3cb","vout":65,"amount":0.96781419,"coinbase":false},{"txid":"377a1596568c71b91d9aa7acfbf32cd641e03cfb1166d077b0c7e92bdf8a4fe9","vout":1,"amount":0.55144339,"coinbase":false}],"vout":[{"n":0,"addresses":["prl1zcyeyumheq6seewapuxxd5yj5q7hfttq0r0053yqz49hy74rkcfdqghdjyy"],"amount":124},{"n":1,"addresses":["prl1py4vmmsfjyrem69uslajypz4x5zw6cf096ucdgwx3vkcls4p0r9kqhtt723"],"amount":0.51924488}]}