{"txid":"2d4242ab21319dac42b4c08c41da0355170df3a16fe33582965388db243075d2","block_height":null,"time":null,"vin":[{"txid":"2d4242ab21319dac42b4c08c41da0355170df3a16fe33582965388db243075d2","vout":522,"amount":661.68090943,"coinbase":false}],"vout":[{"n":0,"addresses":["prl1pfgf6dcq2r63kzuexws3hln00rz2wsyxhdd2tvwa3xr3wqlzj2ses5z5jyx"],"amount":0.680901},{"n":1,"addresses":["prl1z80cyl0h740wdkg3xl3uwllq4u6zxheejygd9xn04u6m705a2cfkqup77pr"],"amount":661}]}