{"txid":"745bb8ec0b028941732f5c8c8c197a08683c54d309f292e20a8c38b5468dff4c","block_height":null,"time":null,"vin":[{"txid":"745bb8ec0b028941732f5c8c8c197a08683c54d309f292e20a8c38b5468dff4c","vout":0,"amount":229.2766481,"coinbase":false}],"vout":[{"n":0,"addresses":["prl1zlmra9pl7y3nsc79szcrcue93hgcdu3yltku052t87j0ujqt43ufs6qngqt"],"amount":100},{"n":1,"addresses":["prl1pzn7zgu88qq85m2sfffd4huq5xv6d78xycnjzd0n9eyrvwcann6jqpzh7ng"],"amount":129.27641949}]}