{"txid":"ec34f11f9293690e091a3f82ecd9af5e1db603efdd2a7a4390f013e97f644d40","block_height":null,"time":null,"vin":[{"txid":"ec34f11f9293690e091a3f82ecd9af5e1db603efdd2a7a4390f013e97f644d40","vout":0,"amount":244.99999735,"coinbase":false},{"txid":"200fbee55cfadec2a0030f02dc5c3351f67ccfb1784f2d82507894f47b348d63","vout":1243,"amount":185.48169949,"coinbase":false}],"vout":[{"n":0,"addresses":["prl1zcu5a2c3w74ka3c8u0xpxaks7u70hrky0zzjpwawgn0avf3vn2dzsvf4ras"],"amount":284},{"n":1,"addresses":["prl1psr07w39lz85n23tffktvfmngtre5rdq9uck26qkx7enun8jpfl4qux2t57"],"amount":146.48169472}]}