{"txid":"ca9e985543b467bad90b61ca27bd7d13bb33581b9c2942312df7683916fc1bf5","block_height":null,"time":null,"vin":[{"txid":"ca9e985543b467bad90b61ca27bd7d13bb33581b9c2942312df7683916fc1bf5","vout":268,"amount":110.02667676,"coinbase":false},{"txid":"5b93d4bfcdbe4aaa92ec6472ff07ac148b72de57ebda7cfc9058384589772d4c","vout":1,"amount":3.94397207,"coinbase":false}],"vout":[{"n":0,"addresses":["prl1zv2rmdpjpzr7kwu6tgyev9mx4yyfuey49gh390lcytw00fft70ftqtrz3f0"],"amount":113},{"n":1,"addresses":["prl1pyxgnsuf3tt5xuadzu6htt9pmpxywg38a6tazvplqzecxjzp06wqs78xxfj"],"amount":0.97063732}]}