{"txid":"21f7186a2e07745f613d265eed226de22c78027abcf9500d68e215466b70ee8d","block_height":null,"time":null,"vin":[{"txid":"21f7186a2e07745f613d265eed226de22c78027abcf9500d68e215466b70ee8d","vout":195,"amount":638.29247692,"coinbase":false},{"txid":"ae04e59705b58d860ee91d2e1fcc19fc05acaa7c53deddaffa200a71e61f832c","vout":282,"amount":544.52412272,"coinbase":false},{"txid":"f3c5b1f4e3de329b60a76961bf0f59dd256eea2c860d673b200009e87a766181","vout":0,"amount":469.05390297,"coinbase":false}],"vout":[{"n":0,"addresses":["prl1p0h5xfuzsvapp8k40ruc2ajaqye2jlyjhdq7vtd7kq6fzkmwuc0yqdkgdg4"],"amount":0.87048813},{"n":1,"addresses":["prl1zlqqjs0yemnunzq380p8h5xw9mk994zjzgk86gq35q6ntdk2mmsqskp5xge"],"amount":1651}]}