{"txid":"9f484826f06ba878ba6b7b4ad9965a4c0050f21607f282e23e6f1554e242f83a","block_height":null,"time":null,"vin":[{"txid":"9f484826f06ba878ba6b7b4ad9965a4c0050f21607f282e23e6f1554e242f83a","vout":0,"amount":913.80919101,"coinbase":false}],"vout":[{"n":0,"addresses":["prl1pjt3ftu2sgmtyyfm4k3jnhcwarsc9ap5z7dyzmyl8kwqrw8fauhqqwl5w56"],"amount":0.8091827},{"n":1,"addresses":["prl1z45qtysm0cj9ufxg3r5a8uz5h3u9k6lmcpgnuxx0dysqc5cwpc3tqukcwmr"],"amount":913}]}