{"txid":"0aa23b8fd8cce72291dacc06386144d22813717f2a51312fa5df4303e156a78a","block_height":null,"time":null,"vin":[{"txid":"0aa23b8fd8cce72291dacc06386144d22813717f2a51312fa5df4303e156a78a","vout":0,"amount":5058.96034458,"coinbase":false}],"vout":[{"n":0,"addresses":["prl1zrvz295v3a3tspkun9g69tk9f6suyxg5apxpmtrlpjdj5yntk2ueqf3tc4y"],"amount":100},{"n":1,"addresses":["prl1pxgx47sgn9wrzhl5gsugur9j4yxzpf7wpfv4m4ynqr35w9ng4avvqduz955"],"amount":4958.96034304}]}