{"txid":"43c53c6caf26e512795b6551cc65fe0998f49302a005e1affd39b3c809c26623","block_height":null,"time":null,"vin":[{"txid":"43c53c6caf26e512795b6551cc65fe0998f49302a005e1affd39b3c809c26623","vout":470,"amount":573.60177283,"coinbase":false}],"vout":[{"n":0,"addresses":["prl1zp4jqmwdtltnhwvgm5w94hu0f9rwjkxpzkgv4ryj79kxz6nr38ljqwaq47k"],"amount":150},{"n":1,"addresses":["prl1pnhsjjzezl4j9puzc2uyhqlx5juaq2t6gsvpzv97aj378nu6wgwvqtfjg56"],"amount":423.60176453}]}