{"txid":"4e7ef575feb1fc9ebe4c218520ab233ec069314d82e03fb7bc2e444debec5c31","block_height":null,"time":null,"vin":[{"txid":"4e7ef575feb1fc9ebe4c218520ab233ec069314d82e03fb7bc2e444debec5c31","vout":323,"amount":904.65228642,"coinbase":false},{"txid":"3d8de71b1daedf468b521c4f744e69e13c178865792b43941b2226d815e5ba38","vout":1,"amount":86.16173323,"coinbase":false},{"txid":"4e98253795a0dc9e2b0574dcb1e23f986cd524f657587bf42a550a98461523f5","vout":1,"amount":40.97313535,"coinbase":false}],"vout":[{"n":0,"addresses":["prl1zu479rda69f8a4qfj8pfe2ush0nhxpw2mzrpmtx4r4ftp8svz864qyv5wt4"],"amount":1000},{"n":1,"addresses":["prl1pxnfa2kn3fnwujmv8uxwkh4hhfjjuan3sp4zzy7duwe9x5zafwafqfr38gp"],"amount":31.7871523}]}