{"txid":"3fb817a8d8f01112f4b94dc0be3a7187b367b18a8c4834389e617c9a3ff5990c","block_height":null,"time":null,"vin":[{"txid":"3fb817a8d8f01112f4b94dc0be3a7187b367b18a8c4834389e617c9a3ff5990c","vout":32,"amount":94.08034501,"coinbase":false},{"txid":"068b04d0c9ddde927a968de5924a0c687daf34463460881717266024c84cae7d","vout":13,"amount":69.3469674,"coinbase":false},{"txid":"65e9e30c9b8903c412908e74e95600475861b6c519de9d23797a8f46727bdb52","vout":67,"amount":62.27445537,"coinbase":false}],"vout":[{"n":0,"addresses":["prl1z2m3stpf8yx70mhqfegs2wms9gymsutd4gl38dy9ljjfqpmgv0y5qy6w0hm"],"amount":200},{"n":1,"addresses":["prl1p5afcdxywm5v2kmgkuuzqp4qt7hl7s0f3xzqktckxekka53rlu6ks49cyrh"],"amount":25.70176508}]}