{"txid":"22ff90ba057b1ca139385d357fd80e79d16b12d913190d5d41959b6e79fe015b","block_height":null,"time":null,"vin":[{"txid":"22ff90ba057b1ca139385d357fd80e79d16b12d913190d5d41959b6e79fe015b","vout":0,"amount":350,"coinbase":false},{"txid":"ebb683e0b639bd76754198e10706bdcfdcd12e2a1f99ff3ef2fb8da54e3e11c9","vout":0,"amount":200,"coinbase":false},{"txid":"08dd39c811c9e5df16493a822ea219b3d8f46d9559f40a60edf2095e5b6db907","vout":1,"amount":2.13805797,"coinbase":false}],"vout":[{"n":0,"addresses":["prl1ztw6p7smn2apt0vkw9plkj8ckdfpnpts2799hg0jf2w2zfydafcfqjta0kz"],"amount":550},{"n":1,"addresses":["prl1p6e9g0p55zfl63dcg6z46cyydltv2n8z8hmjnggya54mjfm0mumfsr2fzft"],"amount":2.13805527}]}