{"txid":"651ffac8302d6816da5b1bdcb7316a4d6e949e9b20706fbfc2a1c9249fc95747","block_height":null,"time":null,"vin":[{"txid":"651ffac8302d6816da5b1bdcb7316a4d6e949e9b20706fbfc2a1c9249fc95747","vout":1,"amount":2149.99998384,"coinbase":false}],"vout":[{"n":0,"addresses":["prl1z867khqf9ap6797p3p7ujl97ummkan5j74d5uvnapnpcs8p6jwckqtta2vf"],"amount":250},{"n":1,"addresses":["prl1pvxv7nhgzjgs53qplk7pexf6eafu6vj0c5jjyzqa5tf8lgvprsj9q8h9ma6"],"amount":1899.9999823}]}