{"txid":"286f4dbc85fb823344e3c5ca97ae7e7eb0afc8e7ddb4ce1e58a00abd2c76b23f","block_height":null,"time":null,"vin":[{"txid":"286f4dbc85fb823344e3c5ca97ae7e7eb0afc8e7ddb4ce1e58a00abd2c76b23f","vout":257,"amount":235.43249346,"coinbase":false},{"txid":"212c4059e2d96f61530a6fdd170e2c696186f82ee0d9199dac55b78c86f20c2d","vout":7,"amount":23.66992076,"coinbase":false},{"txid":"62fa8cb5adc75f3a6ad1e51df153d61008d333a89546b4a3f8fa99b5e090d573","vout":55,"amount":11.76805521,"coinbase":false}],"vout":[{"n":0,"addresses":["prl1zur46npr3d37303nur0xu9lflpeh6zjc9jz7n6cchavtkykluggcsfak9qj"],"amount":270},{"n":1,"addresses":["prl1p0zjujz9n7stxp0rl46s9p8n9scf6eyh96xzdr9u30hms54qkulfq6r87mu"],"amount":0.87046673}]}