{"txid":"7867fd1d68df635ab77f4cbb02e924efa868983741076db186858068a21ab3cc","block_height":null,"time":null,"vin":[{"txid":"7867fd1d68df635ab77f4cbb02e924efa868983741076db186858068a21ab3cc","vout":335,"amount":118.36246549,"coinbase":false},{"txid":"1aac29dd4111a416ce71c2ad78b967b08105b96cb72c641a8805ca03bd5cef3b","vout":1,"amount":4.22009584,"coinbase":false}],"vout":[{"n":0,"addresses":["prl1ze2j3j2ty0xl7jmwlwjs4c032ml46k0dkjxqpwwcqd6yeluvvuuqsvuw9du"],"amount":122},{"n":1,"addresses":["prl1pwh3fakyxkvg6zqgchfm73e3xsc72vhvwy0hyzth358x8a6kqasysxhkdqx"],"amount":0.58255921}]}