{"txid":"a6f2a6b7e4d4df8afbe6ae1253789aa21a80e20f5624d5be3aac9be7a2849b8e","block_height":null,"time":null,"vin":[{"txid":"a6f2a6b7e4d4df8afbe6ae1253789aa21a80e20f5624d5be3aac9be7a2849b8e","vout":0,"amount":4865.23435549,"coinbase":false}],"vout":[{"n":0,"addresses":["prl1zatx4p63y2thcpxa8mzj3up8mndwzct9cn03ynl3seu8auj5jeuzs5yyhc4"],"amount":500},{"n":1,"addresses":["prl1pfzn2dsrzyvr34ue4xfu9pj0nz5zg82raw383shtqwgyczc4jpags7ep8at"],"amount":4365.23435395}]}