{"txid":"e7aa97eb4fb1779c98b7294e7196235c39bb29c4169e2df999804ef4c208893a","block_height":null,"time":null,"vin":[{"txid":"e7aa97eb4fb1779c98b7294e7196235c39bb29c4169e2df999804ef4c208893a","vout":0,"amount":2775.22523601,"coinbase":false}],"vout":[{"n":0,"addresses":["prl1zspcglstqmk9xfq98ew2nm09vldyx0mtpcuz52aju07nnywfgh7xqd0jg9j"],"amount":2775},{"n":1,"addresses":["prl1pu4zp9m7f2j9us9j84r68rd0wygxelhyvfs27grp6dch2nns5lc0q8q0ulp"],"amount":0.22523447}]}