{"txid":"a10ac8e309b18a809d7a83eb4e1b004ec7521efe53542cd9fa57f8d1ca56797d","block_height":null,"time":null,"vin":[{"txid":"a10ac8e309b18a809d7a83eb4e1b004ec7521efe53542cd9fa57f8d1ca56797d","vout":1,"amount":180.99999846,"coinbase":false}],"vout":[{"n":0,"addresses":["prl1zuma0wczcwlxe649gcmaw2yphy2ur5spjt4aqyp2429d90sjva72s4dejx2"],"amount":154},{"n":1,"addresses":["prl1pazsjqnmy58svgf7e85n0e2quxtj3f698q5f3p34grtnsf0t2jp7q2ynx3s"],"amount":26.99999692}]}