{"txid":"5a7fcbd96df785388d42249e6f5cb20a8c508c674e81be4f12766cb949336d9c","block_height":null,"time":null,"vin":[{"txid":"5a7fcbd96df785388d42249e6f5cb20a8c508c674e81be4f12766cb949336d9c","vout":1,"amount":375.29999846,"coinbase":false}],"vout":[{"n":0,"addresses":["prl1zljw39euhh2dd3fky2ayztczjz4tfe44k8ysp8h9249d9z9yvy0fsnehkgp"],"amount":100},{"n":1,"addresses":["prl1p5cfe5vz0sjf76t3uaxgg5kh8ujz29tt6gqf3sfnqxfmrhf560jqqpkll9a"],"amount":275.29999692}]}