{"txid":"2977e6ac1786ae17b324390a4b8c026a7de672a3e15b02d5561209589a178f00","block_height":null,"time":null,"vin":[{"txid":"2977e6ac1786ae17b324390a4b8c026a7de672a3e15b02d5561209589a178f00","vout":0,"amount":113.99999,"coinbase":false},{"txid":"037e86d24c00e67865eb6d26bf08d192cd9c7490e18e0a43385998afdd7bb8da","vout":1,"amount":0.48528229,"coinbase":false}],"vout":[{"n":0,"addresses":["prl1zzregkqudw2ka72m8xade299x9k7y9rjnry48yxem9a45xyfspchscxf0c7"],"amount":114},{"n":1,"addresses":["prl1p9fe87w3edercg9c3sfh0shh3y9ln7ruscfqsux9u05j5myj74nrqaw7uc6"],"amount":0.48527017}]}