{"txid":"8db643db40cdf79b43c2ccf8e2d35cb60299d97684ef17c9998ce176b84e163c","block_height":null,"time":null,"vin":[{"txid":"8db643db40cdf79b43c2ccf8e2d35cb60299d97684ef17c9998ce176b84e163c","vout":1,"amount":12409.99998692,"coinbase":false}],"vout":[{"n":0,"addresses":["prl1zzp7f5emwlwld4fdra93s3va207qzqn555ymhx6yyqswxsetggfwsacqz5f"],"amount":1250},{"n":1,"addresses":["prl1p209gdfdx4vl4y229jsqgx7rrncxpjpt2dgczqm7s8etpy0v60adqq05623"],"amount":11159.99998538}]}