{"txid":"afedb485891841cbad5da0f6deda6333c788e38c1ed0bf35c296b576cdd6ca53","block_height":null,"time":null,"vin":[{"txid":"afedb485891841cbad5da0f6deda6333c788e38c1ed0bf35c296b576cdd6ca53","vout":686,"amount":168.62557639,"coinbase":false},{"txid":"6d1dc6dab9a9dd676923ca8c8fbcd8f03f5c83aec450e0dcb464a0440546c799","vout":280,"amount":101.07238714,"coinbase":false}],"vout":[{"n":0,"addresses":["prl1zzek0nv44szsduwwkgjdwjm8n6xk2gylxcdst7l0za5av5y659lxq636gf6"],"amount":200},{"n":1,"addresses":["prl1pzl0435lt6lzy74ycxksfu9f5823fugtw8fhhycgm6wlng7a5cgqqrsatcg"],"amount":69.69796141}]}