{"txid":"88d178825e84d20a2243ffd3f0a46c71e1b25b61371e1748f008ae5d873efd12","block_height":null,"time":null,"vin":[{"txid":"88d178825e84d20a2243ffd3f0a46c71e1b25b61371e1748f008ae5d873efd12","vout":1,"amount":3275.25146,"coinbase":false},{"txid":"2abe1c300c4f9024e0fb80e3d64e04593ae3ecd26b3c35479078e2dd67d854af","vout":0,"amount":3181.512293,"coinbase":false}],"vout":[{"n":0,"addresses":["prl1z6022ya4fvcvzgd0chvmr8ykdw28dgn744st0dcagrw8jn92899xq29emlf"],"amount":5000},{"n":1,"addresses":["prl1pgz7xkmw396pcnw43ptt4sg35gkv5ax789whywt6ja7mqz494hrmq2q3fk9"],"amount":1456.76375088}]}