{"txid":"ca9e985543b467bad90b61ca27bd7d13bb33581b9c2942312df7683916fc1bf5","block_height":null,"time":null,"vin":[{"txid":"ca9e985543b467bad90b61ca27bd7d13bb33581b9c2942312df7683916fc1bf5","vout":302,"amount":3512.5762809,"coinbase":false},{"txid":"49ac00362f74334713448758fcc8918bce2a0cf95ba31ca7e56fc20ddf9d8437","vout":0,"amount":690,"coinbase":false}],"vout":[{"n":0,"addresses":["prl1ze7gcj6wl70m0ezzs5n6h548p5qqknhvfkepakyd2l9udsccsm7usv7ym3r"],"amount":4200},{"n":1,"addresses":["prl1ppwud63x4euwf8frau3arzuweqmznjmwlujr90a4vljqw0qxfezyqx2ag7j"],"amount":2.57627878}]}