{"txid":"649664df34ce184d501624cfe3a0f59b23189b67f8505bbb02b8b90dde711227","block_height":null,"time":null,"vin":[{"txid":"649664df34ce184d501624cfe3a0f59b23189b67f8505bbb02b8b90dde711227","vout":195,"amount":814.47465513,"coinbase":false}],"vout":[{"n":0,"addresses":["prl1p7ahvj4kel2g30t9tsvrg85ntfvqkhhlerkjsc980n6lcg7p5wrvqzcj4m7"],"amount":14.47463963},{"n":1,"addresses":["prl1zu2g9nw3rdj8t5y79cy6p728gdzfq4tvz9v3v9x57ps7j90x5uxpqdx94fh"],"amount":800}]}