{"txid":"7a08515cbbd514598814f2c673173823599e76d87a157c971d5f803cf3d08fad","block_height":null,"time":null,"vin":[{"txid":"7a08515cbbd514598814f2c673173823599e76d87a157c971d5f803cf3d08fad","vout":0,"amount":599.99983049,"coinbase":false},{"txid":"1a89ee232f4f465c27ff41fd8636a353e7dcd6f961148f06b48905248f14c243","vout":186,"amount":10.57669833,"coinbase":false}],"vout":[{"n":0,"addresses":["prl1pcsx78c9h0wst75nextv3syputexw0h0dn43usvdteexnx5ulvw2quv0tyk"],"amount":10.5764193},{"n":1,"addresses":["prl1zp3ce8sphh5wjtcddn0mcjz63qafzzvex4qg7punes97xetpgvt3qa03vpx"],"amount":600}]}