{"txid":"16d558136850c9eb1a8bd0960f31eeecb879b6163b1a4d524368d933e9064ddd","block_height":null,"time":null,"vin":[{"txid":"16d558136850c9eb1a8bd0960f31eeecb879b6163b1a4d524368d933e9064ddd","vout":1389,"amount":444.2415655,"coinbase":false},{"txid":"cbafdd3cda17d36ff6ba7826c1fe13ca9b00a71dc6100f4b2ad79c844857e1c6","vout":1749,"amount":154.99260412,"coinbase":false}],"vout":[{"n":0,"addresses":["prl1zrvyhfdkkxfm46m0uj3t04jxu0n98fxp4xyt5wdnljex49z955zwsty2767"],"amount":599},{"n":1,"addresses":["prl1p4pa5xfp4shsm4t98f7umnsw696slkayss6dyunk6tn4nhx8nkc6srksm7u"],"amount":0.2340401}]}