{"txid":"3bce76099f1f49154a8b4bfc816c3ed6127803d944e05c186eed9e44b96885ea","block_height":null,"time":null,"vin":[{"txid":"3bce76099f1f49154a8b4bfc816c3ed6127803d944e05c186eed9e44b96885ea","vout":0,"amount":3499.99999,"coinbase":false},{"txid":"ba69ff4625c9742ef2fedc7a2ebcc92c5ff8e0905fd637fc2517f2b3f5daa6b7","vout":708,"amount":232.63293488,"coinbase":false}],"vout":[{"n":0,"addresses":["prl1pq6u7mgxrzc4hytn798yk3v7dmm23952xshsastp9gw4kza89xzdqy0wmx4"],"amount":32.63285573},{"n":1,"addresses":["prl1zfg9adjcymq62ad2ptls0x6zkeqshjgsmutuuffx4smcmkthkgyysjcm0vy"],"amount":3700}]}