{"txid":"14b9c4957e199e9658348dc0ecd40c12f32b978ed453f3e11037b8991354fc91","block_height":null,"time":null,"vin":[{"txid":"14b9c4957e199e9658348dc0ecd40c12f32b978ed453f3e11037b8991354fc91","vout":1,"amount":2043.32200211,"coinbase":false}],"vout":[{"n":0,"addresses":["prl1zl7uftqa8puf0j5f4t8nyruypggakz7xmu8s03kulf5ykhxyjkz4qplt0r3"],"amount":930},{"n":1,"addresses":["prl1pxgx47sgn9wrzhl5gsugur9j4yxzpf7wpfv4m4ynqr35w9ng4avvqduz955"],"amount":1113.32200057}]}