{"txid":"ed3b5aa38678859780e3cd253022c871274a188c3cff1efea94000b319c41680","block_height":null,"time":null,"vin":[{"txid":"ed3b5aa38678859780e3cd253022c871274a188c3cff1efea94000b319c41680","vout":0,"amount":290.99999,"coinbase":false}],"vout":[{"n":0,"addresses":["prl1p9nmx4e26cyk876ency6f96sdvx3n85kagfyefk28qzdphl6flr7qfj9t5t"],"amount":190.99991071},{"n":1,"addresses":["prl1zta4z44qk6ztap3cvzv7f2wgq89w6ejngtjtv5su2cvt983pr2m3q94e25q"],"amount":100}]}