{"txid":"cc7ff13da9a878130060bd5e532e7f62b958c66b54fd026dba728d6a68323853","block_height":null,"time":null,"vin":[{"txid":"cc7ff13da9a878130060bd5e532e7f62b958c66b54fd026dba728d6a68323853","vout":0,"amount":199.99999,"coinbase":false},{"txid":"29256cf437b745ca9a9e81b98adcb1ff6482d8d65d2dae03804b487bc9ed75c7","vout":1,"amount":4.14839219,"coinbase":false}],"vout":[{"n":0,"addresses":["prl1z82cal6cw0sq2em25ums4n9t9kcpwtu2xhjh62gqswkzfk5d42dpqnw2rjc"],"amount":200},{"n":1,"addresses":["prl1p8c9dnzn5duqxswed0mnxfxm6xj3nxvf6nr0y34gjscgw5te358pqqv6fkw"],"amount":4.14838007}]}