{"txid":"efd3d59357b276450cee96cdb3cd41b6a2ffb13349259e15e25adde312a9c406","block_height":null,"time":null,"vin":[{"txid":"efd3d59357b276450cee96cdb3cd41b6a2ffb13349259e15e25adde312a9c406","vout":0,"amount":250,"coinbase":false},{"txid":"a450eb64d6882f88897b1dff50b7b716ea1866dabbb4eb4d49e9cc2d22112e46","vout":1,"amount":0.5535869,"coinbase":false}],"vout":[{"n":0,"addresses":["prl1ztqyvw9t9jmk53s2d9e8hfftvgcnnna2h3duhr5hm7e6ke3xwsq7sduu7xy"],"amount":250},{"n":1,"addresses":["prl1pcmh09gq68xeywxcjhzcjv9jvzl4s6g808cll4f4mh955ajpq485qgh8u6v"],"amount":0.55358478}]}