{"txid":"21f7186a2e07745f613d265eed226de22c78027abcf9500d68e215466b70ee8d","block_height":null,"time":null,"vin":[{"txid":"21f7186a2e07745f613d265eed226de22c78027abcf9500d68e215466b70ee8d","vout":508,"amount":813.67933742,"coinbase":false},{"txid":"649664df34ce184d501624cfe3a0f59b23189b67f8505bbb02b8b90dde711227","vout":231,"amount":550.78985954,"coinbase":false}],"vout":[{"n":0,"addresses":["prl1zg7vlpkh6xuj3xxjs8gw6g5845wg5trf2xj40sxdq4mz4rd482mjqn4eg2a"],"amount":1364},{"n":1,"addresses":["prl1pn63tzppvpc4swkhvu2aql9emjga78p7jpxpdn5anzypaag6vafysy2mcjp"],"amount":0.46918562}]}