{"txid":"6586c87941f310bdf39d73d8c725106b5511deec4993a5d3135ea2627fea7d8c","block_height":null,"time":null,"vin":[{"txid":"6586c87941f310bdf39d73d8c725106b5511deec4993a5d3135ea2627fea7d8c","vout":1,"amount":101.9353067,"coinbase":false}],"vout":[{"n":0,"addresses":["prl1zv250kqa9z6nhls0jmq4lcz8uj94znf686n2yqvtnw40chgen2zfs2dv9s5"],"amount":100},{"n":1,"addresses":["prl1p0r8wp55aktf50s4hw2a2gftkn75lvpm34sfqj6vetkf0mava2w9smnkk5j"],"amount":1.93530516}]}