{"txid":"5ba0c285cb5e24252086f1f602bdc2ab9954e7a0ed526aa4f6b66ba299d7a4d9","block_height":null,"time":null,"vin":[{"txid":"5ba0c285cb5e24252086f1f602bdc2ab9954e7a0ed526aa4f6b66ba299d7a4d9","vout":0,"amount":1299.99999,"coinbase":false},{"txid":"5ba098f285859c65168297e57a59b91b928a214ea0d08bb783f65c319d69811d","vout":1,"amount":39.41449731,"coinbase":false}],"vout":[{"n":0,"addresses":["prl1za8v64mk0w2ejzk3egp6wa9wq37a667jw8r4du5tcqpn5hf2k2gwq3r2nys"],"amount":1300},{"n":1,"addresses":["prl1pj09qgjrhfhgssvlz8z3k0tt20ql6ammdldqdsz8kvn8m0tsjlmxsv6cc2w"],"amount":39.41448519}]}