{"txid":"dd9540836d7e340d69cc21d438d7db3cfc6a91227c2516e017f05b45db74df51","block_height":null,"time":null,"vin":[{"txid":"dd9540836d7e340d69cc21d438d7db3cfc6a91227c2516e017f05b45db74df51","vout":658,"amount":500.3403343,"coinbase":false},{"txid":"164195011378b14975058eef5cd405da90e39f4a5a7aeea98ae73dd6e12fb82f","vout":668,"amount":455.73091292,"coinbase":false},{"txid":"e7364edbe8963ed3c3221305bb41c0665e20824b08c5ca17e119a7a2eed18933","vout":694,"amount":185.18173508,"coinbase":false}],"vout":[{"n":0,"addresses":["prl1zw6jrgsg95eevl348ls0vtuzg3y7q6d5kjtkp33yapsgszxk7g8jslst90c"],"amount":1000},{"n":1,"addresses":["prl1p5yx44d69vu27yw662uw5c3pwsglla9xu2nlxp5m5e9pkc6gm3adsu9fclw"],"amount":141.2529796}]}