{"txid":"34532486d4708613b91d4cc259f20f39395fbb4fa521188613ad53466bfb3c21","block_height":null,"time":null,"vin":[{"txid":"34532486d4708613b91d4cc259f20f39395fbb4fa521188613ad53466bfb3c21","vout":0,"amount":6834.71290995,"coinbase":false},{"txid":"f3d7cc9194e9a0492906eeee013a72828a5bc2bf4f5dde25e24db874dc4d141d","vout":1,"amount":2826.81718354,"coinbase":false}],"vout":[{"n":0,"addresses":["prl1zyn62auknlq58s5d6vdsxvfltdqla6rwudqm5dyrx256ug8xz3c8safmguz"],"amount":9600},{"n":1,"addresses":["prl1penjst2qdtah32dnyvz2my7305yvgpmfny4shez2hvlgqkyp9czqs3kxv9g"],"amount":61.53008211}]}