{"txid":"61fdd055f552fd252c0e7f67f67ec44470d76fefa92915fc1e6c04bb70d7378a","block_height":null,"time":null,"vin":[{"txid":"61fdd055f552fd252c0e7f67f67ec44470d76fefa92915fc1e6c04bb70d7378a","vout":1,"amount":92.98999692,"coinbase":false}],"vout":[{"n":0,"addresses":["prl1pqm6640gwyf9v3ksj4mccqg6j04lykdt4u77alqwrmuuszjjsunmstjs8xm"],"amount":92.97998859},{"n":1,"addresses":["prl1zmusaluv2y347nssw8j7mer35drut55fmp9ar50zyj8v6g6qulv9s8wewg9"],"amount":0.01}]}