{"txid":"8f3041ca6f92f66eea8d80ef5bd834a6d2a008df01b9394d6045a79408bbdf17","block_height":null,"time":null,"vin":[{"txid":"8f3041ca6f92f66eea8d80ef5bd834a6d2a008df01b9394d6045a79408bbdf17","vout":0,"amount":199.99999,"coinbase":false},{"txid":"9d93f4dac82627fb1969e3b082f93ee0df9ee65ff4eac3abba57073501e5bb2d","vout":259,"amount":5.46989038,"coinbase":false}],"vout":[{"n":0,"addresses":["prl1z2twa0sfu825npzau4zgq0wu5km8kkhayc033jat6ptdtr38zauvqggk24f"],"amount":200},{"n":1,"addresses":["prl1pqrprqr99zsgz0afpj8cyl6ywkd23sckunr5j3l23hxdfktzl4hgqxrsz7m"],"amount":5.46976563}]}