{"txid":"423501d2eef95068ceabbc0617a77d4cd38552a4592bb8c89b5338500fcec582","block_height":null,"time":null,"vin":[{"txid":"423501d2eef95068ceabbc0617a77d4cd38552a4592bb8c89b5338500fcec582","vout":0,"amount":1999.99999,"coinbase":false},{"txid":"afd365970b5b5e3e3027c4b6516baacf9e3eb9636c82945b9c5f35e95006d08d","vout":1,"amount":0.20583193,"coinbase":false}],"vout":[{"n":0,"addresses":["prl1zzzz5l9ntz2nl50ctytwfyn2c8qxpy4gjmusfxcjclh0hkn6ta89qp353d9"],"amount":2000},{"n":1,"addresses":["prl1p3wnufntm78sp3aze9tjffjhjsa7hd2dyyke2nh6u9n4nxt7fhn9s2tfh7p"],"amount":0.20581981}]}