{"txid":"ca9e985543b467bad90b61ca27bd7d13bb33581b9c2942312df7683916fc1bf5","block_height":null,"time":null,"vin":[{"txid":"ca9e985543b467bad90b61ca27bd7d13bb33581b9c2942312df7683916fc1bf5","vout":44,"amount":188.13057279,"coinbase":false},{"txid":"6dabc86d03334716976d8a40c1a051d2faacc9eac7ffbf470a925eb692289eb8","vout":298,"amount":61.95032384,"coinbase":false}],"vout":[{"n":0,"addresses":["prl1zuwuqk5f5489q2cktjv6rph2d3yr20lhm382fta464mwudpmumntqcvtwvl"],"amount":200},{"n":1,"addresses":["prl1p0zjujz9n7stxp0rl46s9p8n9scf6eyh96xzdr9u30hms54qkulfq6r87mu"],"amount":50.08089451}]}