{"txid":"0c1e092e5c37411b12e88208cdd051c605ff2e95fb7cd3f55245bef64623fcda","block_height":null,"time":null,"vin":[{"txid":"0c1e092e5c37411b12e88208cdd051c605ff2e95fb7cd3f55245bef64623fcda","vout":1,"amount":186.62184986,"coinbase":false},{"txid":"762b52e5e174ceb56b3969a531d1b317b6484cbc5bf8c2731d9f79b8c004c21a","vout":0,"amount":7.32875978,"coinbase":false}],"vout":[{"n":0,"addresses":["prl1p0adtwsdaagtfvkfzpj6gfk4zh6vkkv6qjuamhwqcx0yjnljj0y6smdn4t8"],"amount":3.95059819},{"n":1,"addresses":["prl1zfk4vazrul6jyjj7xqqfzc4vcww3x27trjqapknawkem3nkx5k6mq3xqmf6"],"amount":190}]}