{"txid":"ce5d15d3449a69177f5cb47edd59b242ec5035b4fa556484f2d246247b809b70","block_height":null,"time":null,"vin":[{"txid":"ce5d15d3449a69177f5cb47edd59b242ec5035b4fa556484f2d246247b809b70","vout":1,"amount":4669.61337574,"coinbase":false},{"txid":"1f31d23be990700ca360d9b8dde997af26db5823c7f8367a99fcac9c0cca32e4","vout":0,"amount":1262.74975274,"coinbase":false}],"vout":[{"n":0,"addresses":["prl1zc6tym5m2sklfdw2xcq5eczffnsyym8mm8r7fg836q9paw860nhkqka9cqt"],"amount":5932},{"n":1,"addresses":["prl1p8yfuwrmy52swm3vppn34st0g3v9jewdyf7w24w5qntm0pm57qdqqc53q0m"],"amount":0.36312636}]}