{"txid":"6b16367481e52643d26e9c042a0907c7390262e2ab8975e146264e954098fb63","block_height":null,"time":null,"vin":[{"txid":"6b16367481e52643d26e9c042a0907c7390262e2ab8975e146264e954098fb63","vout":0,"amount":499.99999,"coinbase":false},{"txid":"f56e150eef60c36a2dc23c3a90b4a111cbf314e97bcd1697b76ea14f15885cf6","vout":1,"amount":0.59272549,"coinbase":false}],"vout":[{"n":0,"addresses":["prl1zvjumhxp0pjj3frvwsc39dphrel460fl8jvfttfm2zqnv46x6y44qkng8pa"],"amount":500},{"n":1,"addresses":["prl1p2zu56gqek8ws9k9y40x7vvpj43x7anjysjfr4vd000jfjkufdqash09tu2"],"amount":0.59271337}]}