{"txid":"0527546950f412a8e81c6311df2cfd8d68dff4a76eb59c6483e1fccc88c426e9","block_height":null,"time":null,"vin":[{"txid":"0527546950f412a8e81c6311df2cfd8d68dff4a76eb59c6483e1fccc88c426e9","vout":417,"amount":288.40607947,"coinbase":false}],"vout":[{"n":0,"addresses":["prl1z0s6fjfgqlmsqsztgrc3r67d3zwuagxpjfj3nt907wusu9ut4pl4skuf6xq"],"amount":100},{"n":1,"addresses":["prl1pytdr3ff6ha5hjh3zdxygfjqke28ep7yq8gr4kj6ggr5muydhqnjs8v68ar"],"amount":188.40607107}]}