{"txid":"beca96dcc95dccbe942fd890335f92a541fd9f119bb9cbbfec7c85e87bdaaa33","block_height":null,"time":null,"vin":[{"txid":"beca96dcc95dccbe942fd890335f92a541fd9f119bb9cbbfec7c85e87bdaaa33","vout":1,"amount":704.99999788,"coinbase":false},{"txid":"8d0e96f81baa87c8067c61db50d88b9caeb2872890cd54fed81129141ef59173","vout":1,"amount":291.99997849,"coinbase":false},{"txid":"88a9e7a10ffb1f24a1358c598e9e192ae2ac386b2f1f6e44fa89d680d6698ed2","vout":0,"amount":196,"coinbase":false}],"vout":[{"n":0,"addresses":["prl1pjgjys46kmmetw59xnn5k3239qytxpwtm568w9phfzdj5me22d75qs2gyl4"],"amount":192.99995776},{"n":1,"addresses":["prl1zxn0kp07m5r8sjj89g0zd8ufwflryzh8hkd9nwyc74lrr3dfqzpys0ewf04"],"amount":1000}]}