{"txid":"9f7138be53f14ded871039085fbb4dd094a0f598745d270e1a47b88a9f787fb5","block_height":null,"time":null,"vin":[{"txid":"9f7138be53f14ded871039085fbb4dd094a0f598745d270e1a47b88a9f787fb5","vout":4,"amount":1494.59300585,"coinbase":false},{"txid":"1665415bc5c6a70331c854b7883864dae97ba9c6d9469a4af7ae89e0bc1e400a","vout":5,"amount":863.63390909,"coinbase":false},{"txid":"f435728a5e04f2026649ce6a19d82c789e5fd36273e46fbfb5d1f41146aee625","vout":11,"amount":665.16288771,"coinbase":false}],"vout":[{"n":0,"addresses":["prl1z025kkkp6ztggl75u7wt9uhcxx9tkhk29lev7t6e2at50wewp0v0sdkgnec"],"amount":3000},{"n":1,"addresses":["prl1pdqk0eu8f57jvzc526kwk9sla0q8wd0s6wuufh5knfep30ur2gx2qrnt2l2"],"amount":23.38978788}]}