{"txid":"f8dce4b36a8486d3604e040ea2e79e5bc7937c5659a7ae211ed69f64aec70424","block_height":null,"time":null,"vin":[{"txid":"f8dce4b36a8486d3604e040ea2e79e5bc7937c5659a7ae211ed69f64aec70424","vout":0,"amount":469.99999,"coinbase":false},{"txid":"a1c3890655025f52585609b9ae8437ee9e72100098ef309d555e92a8992cf643","vout":0,"amount":16.09186123,"coinbase":false}],"vout":[{"n":0,"addresses":["prl1p24fhnfflf6jhccs4m08nug2r9ww8d08w05s4ngttmfetwnem4ujqlx7nxj"],"amount":16.09183967},{"n":1,"addresses":["prl1zdcxe33wtet92p0h5vvhyk8c90t59c940cu5nklfr4ztvervnel2sxee4hm"],"amount":470}]}