{"txid":"bcd4af51a027cec2491533d15ede2fff8e28a822e0bf1527e0aabee04f9069a2","block_height":null,"time":null,"vin":[{"txid":"bcd4af51a027cec2491533d15ede2fff8e28a822e0bf1527e0aabee04f9069a2","vout":0,"amount":200,"coinbase":false},{"txid":"bcd4af51a027cec2491533d15ede2fff8e28a822e0bf1527e0aabee04f9069a2","vout":1,"amount":14.99983792,"coinbase":false}],"vout":[{"n":0,"addresses":["prl1pyk5n6gnhxshtgsffy5jzqv0kws9y8rxtvhze8mth4d6n2muaqdws0y3h5g"],"amount":14.99981639},{"n":1,"addresses":["prl1zpq6xnehx6s0tsmkux75gxcht925s2mjsafresg2rs40max2kyfpqe65ctd"],"amount":200}]}