{"txid":"4e9902a688f2da70e75d5733df6cf7f701700ea9fb00ef5a06b88a074ed630b4","block_height":null,"time":null,"vin":[{"txid":"4e9902a688f2da70e75d5733df6cf7f701700ea9fb00ef5a06b88a074ed630b4","vout":0,"amount":2593.32200981,"coinbase":false}],"vout":[{"n":0,"addresses":["prl1z07n7qgdjjmlcl7g3ufes540p3y04znky79d38djgykydpq09yqzss87adk"],"amount":100},{"n":1,"addresses":["prl1pxgx47sgn9wrzhl5gsugur9j4yxzpf7wpfv4m4ynqr35w9ng4avvqduz955"],"amount":2493.32200827}]}