{"txid":"2064f2044914e13ec69f879b6d8d47280e31e1ec29373ea51fb9804995f6ab64","block_height":null,"time":null,"vin":[{"txid":"2064f2044914e13ec69f879b6d8d47280e31e1ec29373ea51fb9804995f6ab64","vout":1,"amount":1799.99998788,"coinbase":false},{"txid":"d7aab33b8cab323dfbb6ed2cb057c1d950c490e42533307218f401b7ae67fb19","vout":1,"amount":1644.99998614,"coinbase":false}],"vout":[{"n":0,"addresses":["prl1z9vrha3dwrwj2hhxqghvlksxe6emuj8ak0q7sgx56jm2xcklj0lqq6df5pr"],"amount":3000},{"n":1,"addresses":["prl1p209gdfdx4vl4y229jsqgx7rrncxpjpt2dgczqm7s8etpy0v60adqq05623"],"amount":444.9999719}]}