{"txid":"6dabc86d03334716976d8a40c1a051d2faacc9eac7ffbf470a925eb692289eb8","block_height":null,"time":null,"vin":[{"txid":"6dabc86d03334716976d8a40c1a051d2faacc9eac7ffbf470a925eb692289eb8","vout":414,"amount":215.69867067,"coinbase":false}],"vout":[{"n":0,"addresses":["prl1za0hj4dscxsjhrhhk08s4ccwrpj579t2jgq8arzl22htfclwwqtaqnkxrxa"],"amount":215},{"n":1,"addresses":["prl1ph6869wxfxmvs2zynqmnskmvfv09yhspqrupr24jv4naklujaqhzspwxccr"],"amount":0.69866227}]}