{"txid":"dc4e04f003c64e681ebb82deed18c888fe5d8afb4aad96a33eeca3c035febe1d","block_height":null,"time":null,"vin":[{"txid":"dc4e04f003c64e681ebb82deed18c888fe5d8afb4aad96a33eeca3c035febe1d","vout":1,"amount":120,"coinbase":false},{"txid":"fbc1a97e8a50cbd18126d155df502283539e23b9b714776d78d569140cc75996","vout":0,"amount":2.96500015,"coinbase":false}],"vout":[{"n":0,"addresses":["prl1pfnfnn08he8fprfsvj7f8yhhh8r0upsyvjhj042x8cj4mdzrd07cqlrft57"],"amount":2.96498861},{"n":1,"addresses":["prl1zw60cwevaqw788u9hae6vcynhmlp9vqp0p3y94f5k7ntaetu5vzhsfvc9a0"],"amount":120}]}