{"txid":"5dd5ffe0618bc925fcad4619db93361699b0450593471a79927ef26a4e854ac9","block_height":null,"time":null,"vin":[{"txid":"5dd5ffe0618bc925fcad4619db93361699b0450593471a79927ef26a4e854ac9","vout":29,"amount":156.06738928,"coinbase":false}],"vout":[{"n":0,"addresses":["prl1pdutex5g2ysycp6903peuvrnm4w58zznfpnh80gy9pvcv9p8p7w8s55cy8e"],"amount":1.06737336},{"n":1,"addresses":["prl1z4drvz9ureqnv33ehuaprkcuwjkm7zwnh54k94yccv2y6ad8n4ysqsraqfe"],"amount":155}]}