{"txid":"3fb32a3111d66c3147fcf310cf3a5965da5d4862edcd8981b7ad64925bde9064","block_height":null,"time":null,"vin":[{"txid":"3fb32a3111d66c3147fcf310cf3a5965da5d4862edcd8981b7ad64925bde9064","vout":0,"amount":192,"coinbase":false},{"txid":"e15b7ce40935f5da49a2446955a6065f4a002a5bf56a3f2360a8969aec3431f2","vout":1,"amount":0.19207621,"coinbase":false}],"vout":[{"n":0,"addresses":["prl1z56lztx0325la8kuswuddfegmwmzmj27gdg2erq4ads9rmdxdl5lsgdpd8m"],"amount":192},{"n":1,"addresses":["prl1p8rgq8j7k9lm5y02uyu6fpg404jc2kjwjrx9u6a5zkuauyeydlyyqfmsps8"],"amount":0.19207409}]}