{"txid":"5206387a93bc4274e253748acb54de1492ac1bb9b4bcf7ba1b04c4fa287b3860","block_height":null,"time":null,"vin":[{"txid":"5206387a93bc4274e253748acb54de1492ac1bb9b4bcf7ba1b04c4fa287b3860","vout":266,"amount":207.11715938,"coinbase":false},{"txid":"9d93f4dac82627fb1969e3b082f93ee0df9ee65ff4eac3abba57073501e5bb2d","vout":284,"amount":187.32799611,"coinbase":false}],"vout":[{"n":0,"addresses":["prl1zwc78wcydev7rgrh7lx366gnqgz7lfd4y2k4938wglvqflq20h8cqsmycqq"],"amount":340},{"n":1,"addresses":["prl1psxzlz9arnuvx2dfr9naplsncwh3q7dep9vp82tl9ykrdxr2hy5fqxcx6x5"],"amount":54.44515337}]}