{"txid":"e6334137d7811133030d3f445f4ea9789f9dcae86f13ff55ab2f5a77689da150","block_height":null,"time":null,"vin":[{"txid":"e6334137d7811133030d3f445f4ea9789f9dcae86f13ff55ab2f5a77689da150","vout":0,"amount":200,"coinbase":false},{"txid":"8705f5156897e1e876cad43ecb3d1e3a8aa02595a4774f80725762bdbcc84624","vout":1,"amount":0.55272023,"coinbase":false}],"vout":[{"n":0,"addresses":["prl1zul8ndzceu2d7m6vnpv78yxgjg023duxm3dysldpdqya9ldtqq53st28p7q"],"amount":200},{"n":1,"addresses":["prl1pcmh09gq68xeywxcjhzcjv9jvzl4s6g808cll4f4mh955ajpq485qgh8u6v"],"amount":0.55271811}]}