{"txid":"4f28fe16812b1b68539edf754fa3be2069a861000ef9b5122e0a1da2740320fe","block_height":null,"time":null,"vin":[{"txid":"4f28fe16812b1b68539edf754fa3be2069a861000ef9b5122e0a1da2740320fe","vout":0,"amount":937.99999,"coinbase":false},{"txid":"919cb65fe914c6772d4d73a576662ce1730a0742a2f459165a22569da982e9e9","vout":0,"amount":414,"coinbase":false},{"txid":"3dc7b7b4cebf481de35d0acabc3cdccce99111c0ca14a5800734638fed4f9e6c","vout":1,"amount":0.5357757,"coinbase":false}],"vout":[{"n":0,"addresses":["prl1z24sz95wwnk43j5r8g2xkze8cuf9cvme32kq96ctymyv90mj0fhjssxhvnr"],"amount":1352},{"n":1,"addresses":["prl1phevp48awcweysg35t522h63xx9gsd4dl93qu84r5l0f4j824mgzs7teplk"],"amount":0.535763}]}