{"txid":"420eae1248127128079c1823340d27a6f03188c74b71a4c9a652d76e053e792f","block_height":null,"time":null,"vin":[{"txid":"420eae1248127128079c1823340d27a6f03188c74b71a4c9a652d76e053e792f","vout":0,"amount":99.99999,"coinbase":false},{"txid":"609d03ca189d355a0de56ecb922c8b89308e29ca04908b585049e01dfc05744a","vout":388,"amount":78.90770397,"coinbase":false}],"vout":[{"n":0,"addresses":["prl1zsyae6dn2jg593ancceky2whlfyx5e623p7mgteww2tp7g8v9e50qx94ngu"],"amount":100},{"n":1,"addresses":["prl1pgu56cpxwpnj223jvccyyej9yvd9nmxucy4hqk7djvft6w0g39nuqnhkrvu"],"amount":78.90769185}]}