{"txid":"24ed06cbe602ea11098342a00c5ec0b87afb6e5299bd6d64de7df57820ede446","block_height":null,"time":null,"vin":[{"txid":"24ed06cbe602ea11098342a00c5ec0b87afb6e5299bd6d64de7df57820ede446","vout":1,"amount":2493.32200827,"coinbase":false}],"vout":[{"n":0,"addresses":["prl1zlw8r3j643admnq9sl8e9f2l4dz5dped7guy9mq26twxpzwd0u5fs74ksnf"],"amount":150},{"n":1,"addresses":["prl1pxgx47sgn9wrzhl5gsugur9j4yxzpf7wpfv4m4ynqr35w9ng4avvqduz955"],"amount":2343.32200673}]}