{"txid":"3f7ca47119398b5b59798fddcf424ad74b4c5d378b7064bd3ffd3edaa535df83","block_height":null,"time":null,"vin":[{"txid":"3f7ca47119398b5b59798fddcf424ad74b4c5d378b7064bd3ffd3edaa535df83","vout":1,"amount":124.74546923,"coinbase":false}],"vout":[{"n":0,"addresses":["prl1zvrs60l6up84rw7t9jdp9ywqekfsxu9hl3kwqqdft2ww4lhxqjlaqt4j4a3"],"amount":100},{"n":1,"addresses":["prl1pfafu7zcj5z8epfp2u832aqgz8mq3a3wl7e3as22yepykwg5v80tq2cdc05"],"amount":24.74546769}]}