{"txid":"e837d430d562a717f09a72280418a78e484edf5b866c763f133228b978366247","block_height":null,"time":null,"vin":[{"txid":"e837d430d562a717f09a72280418a78e484edf5b866c763f133228b978366247","vout":0,"amount":321.86315403,"coinbase":false},{"txid":"73e43216ce5af8e7be84b8214b5845c342896fdd0753e97291c1ff437baec119","vout":0,"amount":63,"coinbase":false}],"vout":[{"n":0,"addresses":["prl1zmkqw2pekxg3u2walfpex0d0rs5dg945wp6dy3cqjd6u523f6wyaqspptks"],"amount":384},{"n":1,"addresses":["prl1pa8ruu2s9hltrepx3vl5zrt6kcaxdkgjdktae9e3d2py7c263uc2s809rlx"],"amount":0.86315191}]}