{"txid":"0527546950f412a8e81c6311df2cfd8d68dff4a76eb59c6483e1fccc88c426e9","block_height":null,"time":null,"vin":[{"txid":"0527546950f412a8e81c6311df2cfd8d68dff4a76eb59c6483e1fccc88c426e9","vout":21,"amount":1903.23150032,"coinbase":false}],"vout":[{"n":0,"addresses":["prl1zduzq8eekck0j6ghq6ttxtx6p9mz8lvg9ply79gmpt8ccyntsny6qnfkmus"],"amount":1900},{"n":1,"addresses":["prl1px7kjjj5yfhmxsm7dm6r530xac5snw5ztj733rywq2l2s8wklx9nq5chryk"],"amount":3.23149878}]}