{"txid":"219e1bb266608fc8ad69febc74bf8e1617a89984abe83d8e41ed4cf43c5204ba","block_height":null,"time":null,"vin":[{"txid":"219e1bb266608fc8ad69febc74bf8e1617a89984abe83d8e41ed4cf43c5204ba","vout":1,"amount":28416.99999846,"coinbase":false}],"vout":[{"n":0,"addresses":["prl1z46rkn2g2ssp68h2vcd6ru8hs0a39vpl3c4e0kcfc4kflnvp70lnq9j2k9n"],"amount":15000},{"n":1,"addresses":["prl1pj4uyx93qkxerv4zes5tq2404q4v5sxm2nd4sd595vxr9ald6t3dsnmydtt"],"amount":13416.99999692}]}