{"txid":"0e5630d51c1a3d274d76bf43c79e063310e7a4e80bdd20c6eead8aa25395ae80","block_height":null,"time":null,"vin":[{"txid":"0e5630d51c1a3d274d76bf43c79e063310e7a4e80bdd20c6eead8aa25395ae80","vout":1,"amount":1112.69994259,"coinbase":false}],"vout":[{"n":0,"addresses":["prl1zd6kq3yv69z6rq025kdh770vxx8wepqwexm0vf8jd5974ad9c27ws3lkewm"],"amount":0.1},{"n":1,"addresses":["prl1pza4xkj2r85hkpwwak8l05v84q3mrqnmldquu30yhhl04tptqt58szjdsx6"],"amount":1112.59994105}]}