{"txid":"ca9e985543b467bad90b61ca27bd7d13bb33581b9c2942312df7683916fc1bf5","block_height":null,"time":null,"vin":[{"txid":"ca9e985543b467bad90b61ca27bd7d13bb33581b9c2942312df7683916fc1bf5","vout":462,"amount":873.67172718,"coinbase":false}],"vout":[{"n":0,"addresses":["prl1phagy5l4wwkun5qc40t843l2fvfzws0pga0kzqppmut9uqju8htps5ehldp"],"amount":0.67171878},{"n":1,"addresses":["prl1zy5achz0dse567gh7hdwzq4qa8cp5d00f09emml2qced8ta4s3wcsp0grhc"],"amount":873}]}