{"txid":"b28517b6a373eb2c6d5a0e9426d2607e60d71db89d082dee8383d99caf58b069","block_height":null,"time":null,"vin":[{"txid":"b28517b6a373eb2c6d5a0e9426d2607e60d71db89d082dee8383d99caf58b069","vout":1,"amount":2558.99999384,"coinbase":false}],"vout":[{"n":0,"addresses":["prl1zhqerljphwtch4084ut6smdg07g8u2s2pqnqg0a9jhdrcv3pusztq8ectm5"],"amount":120},{"n":1,"addresses":["prl1p47rm07xafyztc7dz0pcs0pur3psdfqgfsawrpk646d4gasy0w2mst6rxak"],"amount":2438.9999923}]}