{"txid":"2232281891e94c99725e1b3edd47068dc88fa0be7dea0f597077f5ab280a2bed","block_height":null,"time":null,"vin":[{"txid":"2232281891e94c99725e1b3edd47068dc88fa0be7dea0f597077f5ab280a2bed","vout":1,"amount":11159.99998538,"coinbase":false}],"vout":[{"n":0,"addresses":["prl1zd4wnaaqyh2uvleey8ypvgrh72ptva52zjsm36xk0aqskgxcclt7s60g773"],"amount":1250},{"n":1,"addresses":["prl1p209gdfdx4vl4y229jsqgx7rrncxpjpt2dgczqm7s8etpy0v60adqq05623"],"amount":9909.99998384}]}