{"txid":"1a89ee232f4f465c27ff41fd8636a353e7dcd6f961148f06b48905248f14c243","block_height":null,"time":null,"vin":[{"txid":"1a89ee232f4f465c27ff41fd8636a353e7dcd6f961148f06b48905248f14c243","vout":115,"amount":341.04840195,"coinbase":false}],"vout":[{"n":0,"addresses":["prl1z6w3573pw0uh7q4a6azue86wk6eetyvklhsk0q6qt5k9wg22vn4hs50jxnu"],"amount":300},{"n":1,"addresses":["prl1p2p0lp0xhvg5y8cuqyuck9udzykv3cxkffn0n0ahzuuf0dapr9vzsmyueqx"],"amount":41.04840041}]}