{"txid":"9302cd12add11fb4a69dadac8440f5b953f2fc83b6cfe186f3588a1e52191973","block_height":null,"time":null,"vin":[{"txid":"9302cd12add11fb4a69dadac8440f5b953f2fc83b6cfe186f3588a1e52191973","vout":0,"amount":2818.60729729,"coinbase":false},{"txid":"d0c7a9051c41c01c7936230eb1af1c5bd15b87569acdaf00ab211eddbab1e105","vout":0,"amount":2809.10676862,"coinbase":false},{"txid":"4ebf0d5b689d3e85e2ba92f90e01b42b32b677ae7b012fc5247c9f33a2490302","vout":0,"amount":2808.7844665,"coinbase":false}],"vout":[{"n":0,"addresses":["prl1pfwqhlu2xzjxs76wmqgv5r6ev9l7jc895pn4wyyycgwv8x6ygd52svfnrel"],"amount":1.49823582},{"n":1,"addresses":["prl1zg20m64jgdvakd36spfjf93hu4gsvssw8nnv6pczpu8ml89879gks6r4yvf"],"amount":8435}]}