{"txid":"b4dfcd19b4b3452ad969a4b1efc054345d93b28dd250498c0ac597b3acafae9b","block_height":null,"time":null,"vin":[{"txid":"b4dfcd19b4b3452ad969a4b1efc054345d93b28dd250498c0ac597b3acafae9b","vout":0,"amount":566.99999,"coinbase":false},{"txid":"03a105958d9fb14831370becd7b91ab482017dff1bd0182e2fb4447a24f7baf3","vout":0,"amount":1.5409845,"coinbase":false}],"vout":[{"n":0,"addresses":["prl1z6jyntqzj43x7pess52m6yjgt8n2005rsyyyfwzzu3hggyz9n62ns7ukv72"],"amount":567},{"n":1,"addresses":["prl1pckztm9drnrgm8pw25m7eeessppj9g4n5yef4c0xsq2jdddrtqnsqtcpxmc"],"amount":1.5409532}]}