{"txid":"72d47592c0e1f69528e01f63936b8db17448bb9242ae762c401f6ddb15a505e7","block_height":null,"time":null,"vin":[{"txid":"72d47592c0e1f69528e01f63936b8db17448bb9242ae762c401f6ddb15a505e7","vout":215,"amount":620.24950611,"coinbase":false}],"vout":[{"n":0,"addresses":["prl1zcx5thgjujvlhza2vgdrrhelvy2g74zwzvyt8gvqwj48ucxjr6wfs7gupyh"],"amount":600},{"n":1,"addresses":["prl1p7rj2rtxyrjszfngpjjdkhafzsrg7s9p2ps5zft2ddpw9snwgavds6dsws5"],"amount":20.24950457}]}