{"txid":"8379b03b3441074cdc9a28d6ebfa66dee9ae3ab169520372a126160899c2591a","block_height":null,"time":null,"vin":[{"txid":"8379b03b3441074cdc9a28d6ebfa66dee9ae3ab169520372a126160899c2591a","vout":1576,"amount":44.12009463,"coinbase":false},{"txid":"bd53a5b24e78edb2bac7dffd92ede2f36f6c3f6bd05ca6c6fc4381a697787758","vout":724,"amount":38.31560795,"coinbase":false},{"txid":"2fa9d0cb74fb6e2ef3632fcd47b0f5e2ca467f0814e29291498089550e5a9c16","vout":390,"amount":33.78127813,"coinbase":false}],"vout":[{"n":0,"addresses":["prl1pur26y5z4dnwtxp6j92mv2q37wfyy38rjwhxmxg6uqmkxhls2l5cq6vdtqc"],"amount":16.21684107},{"n":1,"addresses":["prl1z0uhxrduckxgk7lpzcwa7ucpw92qxkk76m0pr3ygsw7s9k4vk9erq5akvwy"],"amount":100}]}