{"txid":"21f7186a2e07745f613d265eed226de22c78027abcf9500d68e215466b70ee8d","block_height":null,"time":null,"vin":[{"txid":"21f7186a2e07745f613d265eed226de22c78027abcf9500d68e215466b70ee8d","vout":312,"amount":126.75108463,"coinbase":false}],"vout":[{"n":0,"addresses":["prl1ph9r4n8y72agfxrs3ljfpzs3fqur025kaeqsj9gfhz7vadwwdexkq77su0d"],"amount":26.75107643},{"n":1,"addresses":["prl1zqmt6pjvceg0y8rj5ynt6y6he6y3q9j4g7pmw0a5uyesnsdafmtvstzeync"],"amount":100}]}