{"txid":"5b41e57f3c5861c74e46f414c603528c0eae6a9500fc1566512f97996c90cdaf","block_height":null,"time":null,"vin":[{"txid":"5b41e57f3c5861c74e46f414c603528c0eae6a9500fc1566512f97996c90cdaf","vout":747,"amount":508.1905776,"coinbase":false},{"txid":"7f30982e245867ff1be7a088db14b3e5ce4dcaa29b581370fe1f976c1bd51d75","vout":639,"amount":321.52616113,"coinbase":false},{"txid":"043bb71e00306526389f2f3ec6f2d61f484c0a3f38ed66b0c6b5c306a0bdd1c7","vout":887,"amount":136.24789658,"coinbase":false}],"vout":[{"n":0,"addresses":["prl1zxpdnz4fegq5k53a5t67dsfn5sj5qftv2yyd7ynjv3x45advptp9qy0xp8d"],"amount":840},{"n":1,"addresses":["prl1pe3ys7gkqxw7pwjax60qm8umd7ha3cvjdslp8aspnrlt2s52uuvasc6py39"],"amount":125.96463261}]}