{"txid":"ca9e985543b467bad90b61ca27bd7d13bb33581b9c2942312df7683916fc1bf5","block_height":null,"time":null,"vin":[{"txid":"ca9e985543b467bad90b61ca27bd7d13bb33581b9c2942312df7683916fc1bf5","vout":316,"amount":819.90321926,"coinbase":false}],"vout":[{"n":0,"addresses":["prl1pe87xk5ywjtk8ljzgrk27ncxrhcefvj9nkeptp4jktkcntlenhw0qghf0p9"],"amount":219.90321088},{"n":1,"addresses":["prl1zqsqent2qc8ejpcxcnpa9nzfswv7tn65qqzxwkk5nm8y7e4vazpmqmwwkfd"],"amount":600}]}