{"txid":"649664df34ce184d501624cfe3a0f59b23189b67f8505bbb02b8b90dde711227","block_height":null,"time":null,"vin":[{"txid":"649664df34ce184d501624cfe3a0f59b23189b67f8505bbb02b8b90dde711227","vout":75,"amount":1052.51636304,"coinbase":false}],"vout":[{"n":0,"addresses":["prl1pd72qs37ee4e0skxxktwnhvrg2h9kkt0d9g0d570r707gyukjyleqp8xkq7"],"amount":52.51635476},{"n":1,"addresses":["prl1zqv0dwgjk3myhue5yqgsycss3nakssmrhk9tv6lg3zv3nt7tqhvvqq40ne7"],"amount":1000}]}