{"txid":"0bf709fad82e3be0ed1e3e3e088d30d5412a671e9bf2b70d6b74e78844ef44aa","block_height":null,"time":null,"vin":[{"txid":"0bf709fad82e3be0ed1e3e3e088d30d5412a671e9bf2b70d6b74e78844ef44aa","vout":0,"amount":1999.99999,"coinbase":false}],"vout":[{"n":0,"addresses":["prl1zysr3krgevtrgr2awx89uf4gpwklkkgfaq3z4y9ycgddhp5dlcr9qds4h2c"],"amount":1000},{"n":1,"addresses":["prl1pjsecl0e3r63ukt4lzxmk4qfavxgqcg65vh6fc9yvmmvw6gm3229qe8cfrt"],"amount":999.99998846}]}