{"txid":"bc570566c497bf66f54410ea1cb89390164edb29f1efe0650bae784784006689","block_height":null,"time":null,"vin":[{"txid":"bc570566c497bf66f54410ea1cb89390164edb29f1efe0650bae784784006689","vout":0,"amount":8.48246849,"coinbase":false},{"txid":"33cc12f487b77d7a377289a5088e6b27aa635c7506647d7198c186b9c226d860","vout":227,"amount":1163.34353869,"coinbase":false}],"vout":[{"n":0,"addresses":["prl1p8v73jxag7wu6kprg6dkcvcchqxfst2g9yggkr3mf7jcptnjncaxqu2s344"],"amount":0.82500718},{"n":1,"addresses":["prl1z7kqc36vrerkl9zk6a8xgnsj2vs4vu4eddpmnx6q9946dyeheq4js66lft8"],"amount":1171}]}