{"txid":"ce976e42af962afd5e8825ff7d04337f938aa2efd78a7d36aa48cc888b5baf71","block_height":null,"time":null,"vin":[{"txid":"ce976e42af962afd5e8825ff7d04337f938aa2efd78a7d36aa48cc888b5baf71","vout":0,"amount":1088.99679549,"coinbase":false}],"vout":[{"n":0,"addresses":["prl1phxr9mds2gz4rm24pk9qpr0s6leuemmjnwld5wm6dad67ppsrrk5sdlfyhw"],"amount":588.99677999},{"n":1,"addresses":["prl1z4u94qh20qwfcy708tq3vearg3ep70pqnn6mk784tctuvypy4s8ws3yzx8m"],"amount":500}]}