{"txid":"8309137b7eff651864fe55962e9a3cec8242164e589c6b9c80f9daed26ca41b3","block_height":null,"time":null,"vin":[{"txid":"8309137b7eff651864fe55962e9a3cec8242164e589c6b9c80f9daed26ca41b3","vout":0,"amount":50000,"coinbase":false},{"txid":"69d6f691a4b9345c2feab5f0c9ace5151114091dbe4178bb24c9e5e787c63964","vout":1,"amount":0.99951134,"coinbase":false}],"vout":[{"n":0,"addresses":["prl1z65gpzsu3tqvjxpeefudhq436vlqhnqde6knkyuue3uklrckf455qujduy8"],"amount":50000},{"n":1,"addresses":["prl1p9zlyzsdll3zhcz00n5p85sax7gspx0mc7mm5948hjepged5k0ajsc6uhrn"],"amount":0.99949992}]}