{"txid":"30f2588c3567c8a65a6accca369320d6838003f8708f8c84d6d6acfc5c913e7f","block_height":null,"time":null,"vin":[{"txid":"30f2588c3567c8a65a6accca369320d6838003f8708f8c84d6d6acfc5c913e7f","vout":0,"amount":100,"coinbase":false},{"txid":"cf0f74e782f6c6a5a7173afdfb5a0559f8a1d12a75ace5af9eba941f4d429fed","vout":1,"amount":0.09999845,"coinbase":false}],"vout":[{"n":0,"addresses":["prl1ppf959pzmduxmxf2t7hnlhm4gyzfve4pzs3s840lzh0stvanfs8qskqlngq"],"amount":2},{"n":1,"addresses":["prl1pdmn4p4z2e8p48x8y2wvwqrlj6gtq0wu686qznqjacacnpuz6ctts9eujqm"],"amount":98},{"n":2,"addresses":["prl1prlt0axuzv7s0nalpgfrhr3j89zdct2fqwkyvcq482n32zwsqx40q73nufl"],"amount":0.09999589}]}