{"txid":"a4c1bb179015d0d7034117a70125044968f692b5a0709038b1a55ea22881021d","block_height":null,"time":null,"vin":[{"txid":"a4c1bb179015d0d7034117a70125044968f692b5a0709038b1a55ea22881021d","vout":0,"amount":771.99999,"coinbase":false}],"vout":[{"n":0,"addresses":["prl1pxsux59hsugqlzhrxwf42lkd64q8x203xhelh774e40q3a4mmrn2qwvxwxq"],"amount":0.99998168},{"n":1,"addresses":["prl1zcr3vr0nrahpkg2jsee8ak8fmg98vr9f5ay95u23vxdcdkclr5ppqjdnkgz"],"amount":771}]}