{"txid":"3ea4eee4ada993e76261e3b49dc493b99cd1620f1d62b73e21f2fd5f0982123e","block_height":null,"time":null,"vin":[{"txid":"3ea4eee4ada993e76261e3b49dc493b99cd1620f1d62b73e21f2fd5f0982123e","vout":0,"amount":200.9,"coinbase":false},{"txid":"d4ddf465eda8758298ce00d2ce600d177e2a4c99077ecd2e6d6f68b509329a28","vout":0,"amount":59.32039382,"coinbase":false},{"txid":"9d93f4dac82627fb1969e3b082f93ee0df9ee65ff4eac3abba57073501e5bb2d","vout":189,"amount":41.08093513,"coinbase":false}],"vout":[{"n":0,"addresses":["prl1pc2phvsfnjfuj6q27403ffvrmwy404vxh8yqtxprpetzhv0anmmzs2c8ynr"],"amount":1.30131404},{"n":1,"addresses":["prl1z0tq4dryzn8ckcuy7ut0g65eey2ss6pvhlxqslluxvwa6lh86ha0qv0r96w"],"amount":300}]}