{"txid":"2dc1d3cc099f8dead47b1b9ca84301a43529fccfbb7d45b65f862a6463822c1a","block_height":null,"time":null,"vin":[{"txid":"2dc1d3cc099f8dead47b1b9ca84301a43529fccfbb7d45b65f862a6463822c1a","vout":258,"amount":128.89512615,"coinbase":false},{"txid":"456d4a0dbc2aa040cf8d7a3c8cf77f9313e704c6b89451b237edcf428430dba8","vout":1,"amount":0.06444689,"coinbase":false},{"txid":"d9b3ec2e9ce0e982a1137f5e929fa1a759f201277c88ff8c384ed476a25f9eb3","vout":1,"amount":0.05751377,"coinbase":false}],"vout":[{"n":0,"addresses":["prl1zywsn23lpp2srw23v9m6yw783p8l0930sgfm3ldqt3lfmr7drrvcs9g0fgt"],"amount":129},{"n":1,"addresses":["prl1plutvq8ndrjzd9h545mmxfch974k7flj59k09kfz4lm0ngx6t50rsmhdt0n"],"amount":0.01708411}]}