{"txid":"211f16c1dd6d2ad998c3c6af89734aa4125ceab763703ac0d68f9774409b0a57","block_height":null,"time":null,"vin":[{"txid":"211f16c1dd6d2ad998c3c6af89734aa4125ceab763703ac0d68f9774409b0a57","vout":1,"amount":1547.6934517,"coinbase":false}],"vout":[{"n":0,"addresses":["prl1zkguxdpueeksljv36jtxr8ql63ft422g98tezgyarqkarcap80quqehy738"],"amount":1186},{"n":1,"addresses":["prl1pyf92fpsncyr965v0vlwy82ycdwdcj4cresfk3c5g49wdz2pa72ds9geh6h"],"amount":361.6933742}]}