{"txid":"5f6479c2ed04659d5b001bf5384c7586eb280e652198ceedbe5f53418acb9a31","block_height":null,"time":null,"vin":[{"txid":"5f6479c2ed04659d5b001bf5384c7586eb280e652198ceedbe5f53418acb9a31","vout":1,"amount":10799.9999923,"coinbase":false},{"txid":"c76b5aadf4145a923a8de85f0ce654e7e13710379e631a89acf3814e97148266","vout":0,"amount":8999.99999,"coinbase":false},{"txid":"30104efd14ba5a30cba0cdf3b1558fe8073525872c2448167802e8c0ddff511a","vout":0,"amount":4999.99999,"coinbase":false}],"vout":[{"n":0,"addresses":["prl1zprvurk8hhpnryq87cnjeek3efy70wscftm96c52rvtkznn6hmm8scqnw0z"],"amount":23250},{"n":1,"addresses":["prl1p209gdfdx4vl4y229jsqgx7rrncxpjpt2dgczqm7s8etpy0v60adqq05623"],"amount":1549.9999696}]}