{"txid":"641abdc4fa1f68a4a8239a9ab42a5a091a33701941e634ab0982b6bda78dce78","block_height":null,"time":null,"vin":[{"txid":"641abdc4fa1f68a4a8239a9ab42a5a091a33701941e634ab0982b6bda78dce78","vout":0,"amount":1300,"coinbase":false},{"txid":"f141053a0a051721d68341043253ff95d84463f2fe9311d6e04f6484f43f015f","vout":1,"amount":1.01032913,"coinbase":false}],"vout":[{"n":0,"addresses":["prl1zjnpcyg25x3ka2deez3sh9ezp2radnyw74nsc7hvhtkkucqyt3ueqlhc0yw"],"amount":1300},{"n":1,"addresses":["prl1p7gjrt99lmjr659ru3cnk6fczztnx22x4ryzrm648zkwfs4hfwcfsyc8m2p"],"amount":1.01032701}]}