{"txid":"46e74eee25d84cfbe9c093ebb66b640d1f71112ae739fb2b16936ab2801e4372","block_height":null,"time":null,"vin":[{"txid":"46e74eee25d84cfbe9c093ebb66b640d1f71112ae739fb2b16936ab2801e4372","vout":1,"amount":239.99999997,"coinbase":false}],"vout":[{"n":0,"addresses":["prl1p24l2nguj0vmvxjkjkd0l675e8qahyk8gsmg2p7k7zvtenl3xjsmqt63jyy"],"amount":239.99998997}]}