{"txid":"57ad7588ba2b4a826b393d4af5bd09ea91011cf09513e3e3924d87c4ee655563","block_height":null,"time":null,"vin":[{"txid":"57ad7588ba2b4a826b393d4af5bd09ea91011cf09513e3e3924d87c4ee655563","vout":434,"amount":204.14839373,"coinbase":false}],"vout":[{"n":0,"addresses":["prl1z5p48sn0ae40ftf7jjn9swu02ctwsj9nzrd2hwpdq7rqj8uw5dp8spqp9u8"],"amount":200},{"n":1,"addresses":["prl1p8c9dnzn5duqxswed0mnxfxm6xj3nxvf6nr0y34gjscgw5te358pqqv6fkw"],"amount":4.14839219}]}