{"txid":"12eea0dc1158f89367056ec328b00b5fbcc4f8c6d41d0088eea87c3defd66ae8","block_height":null,"time":null,"vin":[{"txid":"12eea0dc1158f89367056ec328b00b5fbcc4f8c6d41d0088eea87c3defd66ae8","vout":99,"amount":82.38992205,"coinbase":false},{"txid":"a1eb498bdd69de0497785eeaaee7f9190713c5ce9d6b833046dbb53c53a27827","vout":449,"amount":62.68728056,"coinbase":false},{"txid":"d63343343dbfab19e662d471205bbef2a95b63ac30d52ddfb62acf2d22f5663b","vout":796,"amount":56.75897053,"coinbase":false}],"vout":[{"n":0,"addresses":["prl1p2h5rmhtvqwxglhvhjc782ymdp6a6jx8njka9fre8vdy6ggcgc32ql6kkn2"],"amount":1.83587923},{"n":1,"addresses":["prl1zr97z4j4weqgcxqpx0ev7779q3sm0p68r4uqav08456euf5e725ss2jgjkt"],"amount":200}]}