{"txid":"35dc43454c17d9bb25c31337cabb0baef0e87305df3d5caef24eb53bc7658f97","block_height":null,"time":null,"vin":[{"txid":"35dc43454c17d9bb25c31337cabb0baef0e87305df3d5caef24eb53bc7658f97","vout":0,"amount":230.99999,"coinbase":false},{"txid":"e8e86b2feb5d575c255581f66f71c11f6ab23b82a3e4e0b2fcb844791e780580","vout":1,"amount":0.48999846,"coinbase":false}],"vout":[{"n":0,"addresses":["prl1z2mp9q7hd88f4q40zu5j376gj3uhu37qqg6yn8hupkmdyh52898eqk5r825"],"amount":231},{"n":1,"addresses":["prl1p77h3jcx5z3zzc9pjyl9vfajcmtjweyq0z925v2ur53j32x9h4f5sxdescq"],"amount":0.48998634}]}