{"txid":"21f7186a2e07745f613d265eed226de22c78027abcf9500d68e215466b70ee8d","block_height":null,"time":null,"vin":[{"txid":"21f7186a2e07745f613d265eed226de22c78027abcf9500d68e215466b70ee8d","vout":465,"amount":1192.68191312,"coinbase":false}],"vout":[{"n":0,"addresses":["prl1p30amm6h7vw7a7a6en60t89td23cd9avu2fvec589ylxk3gzfcs3sp5dvug"],"amount":1092.68190479},{"n":1,"addresses":["prl1zj57pmca88clll3tsf0cpmqutq72vh7acdpk27tu5fal09w468rtq6v7l6t"],"amount":100}]}