{"txid":"d1321634f24ab09c55dc749f08e85a142f8098a364b243e5e83f9b4e6cc15ad6","block_height":null,"time":null,"vin":[{"txid":"d1321634f24ab09c55dc749f08e85a142f8098a364b243e5e83f9b4e6cc15ad6","vout":520,"amount":418.20556397,"coinbase":false},{"txid":"24340df1f76ceca999d989ad259b15c453c04f7dd0e56105c17966d12106ed28","vout":1,"amount":0.59271337,"coinbase":false},{"txid":"85cf4db5223c4be4f53ac3822bd1dac07562875e7139f17cce420f9f4cc5a380","vout":1,"amount":0.45457966,"coinbase":false}],"vout":[{"n":0,"addresses":["prl1z9y5v3vcwamw9ae5qdw9xn477379umjh498ajgalz3c9vpqrc4ujs0atj43"],"amount":419},{"n":1,"addresses":["prl1p2zu56gqek8ws9k9y40x7vvpj43x7anjysjfr4vd000jfjkufdqash09tu2"],"amount":0.2528543}]}