{"txid":"5c50b25d51787bf55b2040825a048683d2dc5c224aa45d2cb78f9d48cc6f9110","block_height":null,"time":null,"vin":[{"txid":"5c50b25d51787bf55b2040825a048683d2dc5c224aa45d2cb78f9d48cc6f9110","vout":0,"amount":512.56753458,"coinbase":false}],"vout":[{"n":0,"addresses":["prl1p46u0cutlegkkhrqhq6kk6j7eewj5545370pvyg9l9296qhk5mzeslx4emx"],"amount":12.56751908},{"n":1,"addresses":["prl1zmu62x0lw0ckprmmr6m8wduc30774g66g2ntvel99sa2c3dn7hzasfquthx"],"amount":500}]}