{"txid":"e25b060ca54128ae2a774918ba3fc3fb9ee27fe92a01fc7fc223966e47042522","block_height":null,"time":null,"vin":[{"txid":"e25b060ca54128ae2a774918ba3fc3fb9ee27fe92a01fc7fc223966e47042522","vout":1,"amount":0.44999846,"coinbase":false}],"vout":[{"n":0,"addresses":["prl1z3dkly3w88rhurczpcqtq360fxxutnpx73fm8qdrqk4l0v55l8v3q70pth0"],"amount":0.09},{"n":1,"addresses":["prl1ptcg9cunp7tss0wpkzazq9cgezn4ctm0jw83kwcfnhafy7h84hn7s6k2jt4"],"amount":0.35999692}]}