{"txid":"ad4adb5b899b1aed49167e8675554a4322fe2011fe5768bbe5669d6e87b8bd7a","block_height":null,"time":null,"vin":[{"txid":"ad4adb5b899b1aed49167e8675554a4322fe2011fe5768bbe5669d6e87b8bd7a","vout":1227,"amount":255.9488078,"coinbase":false}],"vout":[{"n":0,"addresses":["prl1pmfgh766ncngty0d44zfy7mmqf35y9k3ahmk3r50j7xf6vajtwa4s7tlc7s"],"amount":105.94872624},{"n":1,"addresses":["prl1z6f7tuqz48c5kdfwpvk43v76uy4zqptdn9h4npj6em2sep3rkc9zqfgskzd"],"amount":150}]}