{"txid":"ca9e985543b467bad90b61ca27bd7d13bb33581b9c2942312df7683916fc1bf5","block_height":null,"time":null,"vin":[{"txid":"ca9e985543b467bad90b61ca27bd7d13bb33581b9c2942312df7683916fc1bf5","vout":258,"amount":185.60679055,"coinbase":false},{"txid":"6dabc86d03334716976d8a40c1a051d2faacc9eac7ffbf470a925eb692289eb8","vout":397,"amount":15.89098019,"coinbase":false}],"vout":[{"n":0,"addresses":["prl1psl48jr8qepanu9qmeppge0953hwjxhtd69rlmd8agrsywvyg5vkq2vhlz3"],"amount":1.49775919},{"n":1,"addresses":["prl1zwqc22e7evfgsenrdrp4f823meujz8r5qstmcxeepagurjgnu8ztq3qaykl"],"amount":200}]}