{"txid":"246fb8d7b5a7248c4b1dcb4e4611e0a7833d7752bb2bf48bc58f3807bfbb0e0f","block_height":null,"time":null,"vin":[{"txid":"246fb8d7b5a7248c4b1dcb4e4611e0a7833d7752bb2bf48bc58f3807bfbb0e0f","vout":0,"amount":120.99999,"coinbase":false},{"txid":"0b0ca4677d87c95414dcc696b1850859749e805a7a0b7126f4d4a47b87564212","vout":29,"amount":1.2248328,"coinbase":false},{"txid":"6613b17a788a9fbd038f102bd52507fe09b880e948176d1e7e9a90ce639844f7","vout":13,"amount":1.03213372,"coinbase":false}],"vout":[{"n":0,"addresses":["prl1zwauws8knap4z2kzahj2f7v402wn5t4u07w4hx6aawwt35n5a8p8sy9ez2p"],"amount":123},{"n":1,"addresses":["prl1py4vmmsfjyrem69uslajypz4x5zw6cf096ucdgwx3vkcls4p0r9kqhtt723"],"amount":0.25695382}]}