{"txid":"5dd5ffe0618bc925fcad4619db93361699b0450593471a79927ef26a4e854ac9","block_height":null,"time":null,"vin":[{"txid":"5dd5ffe0618bc925fcad4619db93361699b0450593471a79927ef26a4e854ac9","vout":24,"amount":361.51058082,"coinbase":false},{"txid":"c9b0da2d05f0ac671513913245297671d3f2eb19e2a45c069da77e7fbc4906f6","vout":4,"amount":16.75422992,"coinbase":false},{"txid":"0ace4ec180d711337888cf4a06fc8f59191e7e9ef3126ac697f17e6d6e6b88ba","vout":31,"amount":10.13078,"coinbase":false}],"vout":[{"n":0,"addresses":["prl1zm5m67tgd2ddju8njt5ygq7jgfh9m0mwexfezy8qgfyjnmmgm7xhsmz04h9"],"amount":388},{"n":1,"addresses":["prl1pmc4lpcd6kgw8l2h2e6zm0295yhvm66mk6kcn747jy6z08h2r2q2q2mun65"],"amount":0.39556325}]}