{"txid":"0527546950f412a8e81c6311df2cfd8d68dff4a76eb59c6483e1fccc88c426e9","block_height":null,"time":null,"vin":[{"txid":"0527546950f412a8e81c6311df2cfd8d68dff4a76eb59c6483e1fccc88c426e9","vout":55,"amount":1346.53306515,"coinbase":false},{"txid":"8fb60da1967b796035d262bd6a8317b5942039cd231962abbf6b935f1c04bf21","vout":1,"amount":95.25521478,"coinbase":false}],"vout":[{"n":0,"addresses":["prl1zyaxq0l4w3xrrs70l45vvm5cwuhr5dyuduvv4qtwanhlcqht3t2ls6zx7n3"],"amount":1400},{"n":1,"addresses":["prl1pwezlv5ss9upxwuwzq8ewpfm7ag6px050hcms0htp53hk6vlct2tqa4lnju"],"amount":41.78826839}]}