{"txid":"21f7186a2e07745f613d265eed226de22c78027abcf9500d68e215466b70ee8d","block_height":null,"time":null,"vin":[{"txid":"21f7186a2e07745f613d265eed226de22c78027abcf9500d68e215466b70ee8d","vout":131,"amount":126.81635816,"coinbase":false}],"vout":[{"n":0,"addresses":["prl1ze8fq53aye0take8kz4mfuttka58lnl88ct7dg0hapzryyx6kkkzsu8ctej"],"amount":120},{"n":1,"addresses":["prl1pf24jdx9ca90zgzaf7jygwx0ckl5am5jh5zwet3y2dkq5cynk4ggqs3qhzj"],"amount":6.81635662}]}