{"txid":"d7b26dfcde358999ddbea7a496acc2ce750d3560cb0ac270d74dd4e9eb6fe723","block_height":null,"time":null,"vin":[{"txid":"d7b26dfcde358999ddbea7a496acc2ce750d3560cb0ac270d74dd4e9eb6fe723","vout":0,"amount":1999.99999,"coinbase":false}],"vout":[{"n":0,"addresses":["prl1pkdt36n6wt0juet57fzucr30nxx72cf39fm7jsks9vx0sy2fe3vfqnm55xv"],"amount":999.99997939},{"n":1,"addresses":["prl1zj5ftlq97kdedu9z0x4k5xs9g3um93my65lm6j2u8r9rel0v3437sq5gq8c"],"amount":1000}]}