{"txid":"609d03ca189d355a0de56ecb922c8b89308e29ca04908b585049e01dfc05744a","block_height":null,"time":null,"vin":[{"txid":"609d03ca189d355a0de56ecb922c8b89308e29ca04908b585049e01dfc05744a","vout":730,"amount":105.0462766,"coinbase":false}],"vout":[{"n":0,"addresses":["prl1pt2mt2xmmwkcnks4h4sy99rs2fkh0ka3r77sldau3aapzt8tahr7qpw82l8"],"amount":5.046268},{"n":1,"addresses":["prl1zw6m5tnz3u3a5fj6lu3h0n8gmpzu3cdz8x99ql66xa00hk0g0lt4s0lg3es"],"amount":100}]}