{"txid":"438da5e73f47e7f6baf4730f388f6f2de7613798b51b8a0662621dc77a950eea","block_height":null,"time":null,"vin":[{"txid":"438da5e73f47e7f6baf4730f388f6f2de7613798b51b8a0662621dc77a950eea","vout":1,"amount":9500,"coinbase":false},{"txid":"6206ad08d87f77df93d0a33bfe96e866e28b10da913350e3591863301931b85e","vout":1,"amount":9473.99999538,"coinbase":false},{"txid":"675ee02b398a2d386b0107e1d931c77e6932901595a083c8c94078780d8b634d","vout":1,"amount":9100,"coinbase":false}],"vout":[{"n":0,"addresses":["prl1zu2z837y5pwq9swnqauaxjekpjgnjvt760g3pul5zp09ltysufpxq2c3ww2"],"amount":20000},{"n":1,"addresses":["prl1p94mante8tgtvajgghxh93l0z0vykzz7xfly6zdfpd9lsarm3dlystq3ar4"],"amount":8073.99999268}]}