{"txid":"419458b7f16dca70d7d206412588a99abfb791926c359dca1062cd51b4659b9a","block_height":null,"time":null,"vin":[{"txid":"419458b7f16dca70d7d206412588a99abfb791926c359dca1062cd51b4659b9a","vout":0,"amount":1229.99999,"coinbase":false}],"vout":[{"n":0,"addresses":["prl1z8kaw24g2dnugdmpcglvw277e79v4syl8hf7mt4fm7mppwa0963gq9u508z"],"amount":340},{"n":1,"addresses":["prl1pcrg9snzd8ya9xwxvhn5raghdt8autvw6vvf4n7vd67tclfgjfcwsgjuppz"],"amount":889.99997894}]}