{"txid":"43c53c6caf26e512795b6551cc65fe0998f49302a005e1affd39b3c809c26623","block_height":null,"time":null,"vin":[{"txid":"43c53c6caf26e512795b6551cc65fe0998f49302a005e1affd39b3c809c26623","vout":305,"amount":4672.13588787,"coinbase":false},{"txid":"72c8fdbcdaa9928efdd01a2fb77749945c91ef09f84607a934947ea87f924e91","vout":1,"amount":7.37442536,"coinbase":false}],"vout":[{"n":0,"addresses":["prl1zrqrvu080uqt6fcg4qydhq2ll06u7v4q6hvwnaavuypr3e4zl5mwsu39msy"],"amount":4679},{"n":1,"addresses":["prl1prlgglhezl4ajhladjuklgtegrjgyhghzwgnxrzesn5d0slupz2qqfmjl56"],"amount":0.51031111}]}