{"txid":"041bf3ece8fe861f82e107679b5de70a60ac02b8bc4b06fa4e6f400d41e7e56d","block_height":null,"time":null,"vin":[{"txid":"041bf3ece8fe861f82e107679b5de70a60ac02b8bc4b06fa4e6f400d41e7e56d","vout":297,"amount":249.62884835,"coinbase":false},{"txid":"7d3a5fcf840dca0d1eb4d91fb80a70374155c3fa1ab5e8726adb4b5b59c4d4ee","vout":1,"amount":0.43344942,"coinbase":false}],"vout":[{"n":0,"addresses":["prl1zc6exzrkpmgqtach2fmf7r3hq53lp7mq87sendalvxk6ktjaqwgfqju6fwd"],"amount":250},{"n":1,"addresses":["prl1pl4p6cmg34g037qs7c6e7m77xdqdlyny84zh8zju4kyvl4f4xfjwqq67e7y"],"amount":0.06229565}]}