{"txid":"405cc3f9e099246d75910fd2833849a95128c954c0678934bd120816fb6d556e","block_height":null,"time":null,"vin":[{"txid":"405cc3f9e099246d75910fd2833849a95128c954c0678934bd120816fb6d556e","vout":0,"amount":735,"coinbase":false},{"txid":"6e89c0678f8c66a937471f0a3dfbfcbc2c1b942c6c08396d17f36c3819601ac6","vout":1,"amount":499.99997634,"coinbase":false}],"vout":[{"n":0,"addresses":["prl1zmqrvwpyemjnl66sdfwatzvnsa2mx9wq9kfldl3glzc4u0j4cu7espzvexv"],"amount":1000},{"n":1,"addresses":["prl1p209gdfdx4vl4y229jsqgx7rrncxpjpt2dgczqm7s8etpy0v60adqq05623"],"amount":234.99997422}]}