{"txid":"4edf237f34d022019823b77d9057cf66bf2f7ebc515176e4af730410645c8936","block_height":null,"time":null,"vin":[{"txid":"4edf237f34d022019823b77d9057cf66bf2f7ebc515176e4af730410645c8936","vout":68,"amount":1218.91111373,"coinbase":false},{"txid":"d7d7275c7b7ff928881bcf3bbafb5c2e614d8f32a327d10f543652a04f057dcf","vout":1,"amount":796.09999846,"coinbase":false},{"txid":"64207d395b1b16cf689ee316fb39b0646363e1f5d6249ea6a75f79be39328712","vout":1,"amount":5.39998634,"coinbase":false}],"vout":[{"n":0,"addresses":["prl1zjrmdqv2eltgkyx04z2weg70eklc8c8fn54jm6jml8tn39gcaedvsywyf4a"],"amount":2020},{"n":1,"addresses":["prl1pqaqajcnlx2pqye6t0p76zduhc9qd5mc8nryjl304jtwgxvyqy2ssmcdag8"],"amount":0.41109583}]}