{"txid":"89f7ae825efeece8cdc1929e0e772fb96dbbf7848f8dbec397ac575702aac16f","block_height":null,"time":null,"vin":[{"txid":"89f7ae825efeece8cdc1929e0e772fb96dbbf7848f8dbec397ac575702aac16f","vout":0,"amount":1545.40309732,"coinbase":false}],"vout":[{"n":0,"addresses":["prl1p6xm2hltrund4zuycpgvsf2655cx6c30u6e5j2e233zauecz2aemqdq2478"],"amount":45.40308182},{"n":1,"addresses":["prl1zphsn7phdked6zjnxv09l0rhdeec8ncwy9hd3p3yg0htt6fg4gmxsxfl42q"],"amount":1500}]}