{"txid":"bd81ceedec19bb1308175d70894e7045839a02fdd85b145e568f960a334ffaed","block_height":null,"time":null,"vin":[{"txid":"bd81ceedec19bb1308175d70894e7045839a02fdd85b145e568f960a334ffaed","vout":579,"amount":87.46244813,"coinbase":false},{"txid":"a16220eec20bca25658bf1f64d615162a287cc41ef694ad44da3557bbe378dff","vout":692,"amount":85.54988868,"coinbase":false},{"txid":"5d1a50dc7209e49fa9cdbdaaa7f98f36c890f9f870577a3ae283bd3153571848","vout":1,"amount":8.40925769,"coinbase":false}],"vout":[{"n":0,"addresses":["prl1zyvk5xzwwtutfcr2mmy3uea3f595hekwgstx5rpuymg7ynjpnlktsmlh2ep"],"amount":181},{"n":1,"addresses":["prl1p2p0lp0xhvg5y8cuqyuck9udzykv3cxkffn0n0ahzuuf0dapr9vzsmyueqx"],"amount":0.4215918}]}