{"txid":"9d03131ff4295cc27ac7beb547701bdb7082cf47d8ce7ebad3a9befb27a1dd8a","block_height":null,"time":null,"vin":[{"txid":"9d03131ff4295cc27ac7beb547701bdb7082cf47d8ce7ebad3a9befb27a1dd8a","vout":0,"amount":1255.06459702,"coinbase":false}],"vout":[{"n":0,"addresses":["prl1zcv8ty3ek9jv6y6ea36luldgzj3hxh8vzwzwrulga23f75m4n2chs3zl53f"],"amount":1000},{"n":1,"addresses":["prl1p8yfuwrmy52swm3vppn34st0g3v9jewdyf7w24w5qntm0pm57qdqqc53q0m"],"amount":255.06459548}]}