{"txid":"6e48d3f0814e991a1e827fc064e9c100c402c0b7824261fa7ecf1f4455560c03","block_height":null,"time":null,"vin":[{"txid":"6e48d3f0814e991a1e827fc064e9c100c402c0b7824261fa7ecf1f4455560c03","vout":1,"amount":200,"coinbase":false},{"txid":"6e48d3f0814e991a1e827fc064e9c100c402c0b7824261fa7ecf1f4455560c03","vout":0,"amount":139.18065573,"coinbase":false}],"vout":[{"n":0,"addresses":["prl1zs3w4j54wxqkpl96jlyrcq9cjavh23akaw02w040vy22hf3hk249su47zkv"],"amount":200},{"n":1,"addresses":["prl1py7up07ntgnswenm4s3t0ehcz64zkp79hpkrx6j5ykx4m5w38rwdqd8xa2k"],"amount":139.18064438}]}