{"txid":"7f56f2d62c421ac7b9b72f2c7a0af9b707b949077fdfa6143d01c206bd97be1b","block_height":null,"time":null,"vin":[{"txid":"7f56f2d62c421ac7b9b72f2c7a0af9b707b949077fdfa6143d01c206bd97be1b","vout":249,"amount":155.89959816,"coinbase":false},{"txid":"b638632162fce42021f3ad340ff3d4dfad4d40541db459b6a56a01b43e97c422","vout":1344,"amount":60.12954604,"coinbase":false}],"vout":[{"n":0,"addresses":["prl1zcdkgdjeaugaah85s62kjkpwj3nhfcjf7t6y90kk7g6l3k24upmzqyxjv06"],"amount":200},{"n":1,"addresses":["prl1px0xy0rzp8g7hm8rzn5cmuaj03yns7csnjc899htgg6m4ek08plgsxg6aeq"],"amount":16.02914208}]}