{"txid":"51eaba7f47816fc020ea269e4507edfbb352ac49ff65c19eed8ea46fff2ec9d3","block_height":null,"time":null,"vin":[{"txid":"51eaba7f47816fc020ea269e4507edfbb352ac49ff65c19eed8ea46fff2ec9d3","vout":0,"amount":248.01658082,"coinbase":false}],"vout":[{"n":0,"addresses":["prl1zrpxp22sqqcqj76p8v8ly5kvz0yzv2enuxd3hyvhq9wlnge4fmrks759g2r"],"amount":100},{"n":1,"addresses":["prl1pqjeu7u9zhkzgphxgh4lhr0emu2mms76alvj4agh9pft6fl9lqkgqjqak25"],"amount":148.01657928}]}