{"txid":"1774972b35adbcc1eb8ac6f2c6f36187a299a3e61212f31a0a01847bce29fe9e","block_height":null,"time":null,"vin":[{"txid":"1774972b35adbcc1eb8ac6f2c6f36187a299a3e61212f31a0a01847bce29fe9e","vout":1,"amount":1309.47147673,"coinbase":false}],"vout":[{"n":0,"addresses":["prl1zmuha5gm05rh47egzcwlm8jmqmegvxyzkh6dqgztc4yjmccey86ls2cwqgq"],"amount":1000},{"n":1,"addresses":["prl1pw4zq0fj5ateap05k72a8mlms02u9uqv58xuvuxf0ymvhq4hdne4sgdnare"],"amount":309.47132173}]}