{"txid":"7867fd1d68df635ab77f4cbb02e924efa868983741076db186858068a21ab3cc","block_height":null,"time":null,"vin":[{"txid":"7867fd1d68df635ab77f4cbb02e924efa868983741076db186858068a21ab3cc","vout":8,"amount":118.36246549,"coinbase":false}],"vout":[{"n":0,"addresses":["prl1zv8np7whfka9j43vl8tzpppx6syj2wkv8z6kwrz2xxplpjn05a57suqserj"],"amount":118},{"n":1,"addresses":["prl1phdzlpv8lukdvr8j7f4mylu4dlp5e0czm9j3m66mcevtmlme7gyws2sghkj"],"amount":0.36246395}]}