{"txid":"67dd1ce8057ea811bf4803235067adf1a344f247ed004df0f351f9b1cfc5b143","block_height":null,"time":null,"vin":[{"txid":"67dd1ce8057ea811bf4803235067adf1a344f247ed004df0f351f9b1cfc5b143","vout":1,"amount":370.8224964,"coinbase":false},{"txid":"0b1d5aac4fd4f5988df6d372c75e1eca873bf6b97e9bf7b4ae0b4c29cc8f91fa","vout":84,"amount":122.32289498,"coinbase":false}],"vout":[{"n":0,"addresses":["prl1pm9jp8rqj7egn5tg57rzxvj3sfdwjnkzretu957mu7j9vyxvk97xsh4jxdy"],"amount":0.14483957},{"n":1,"addresses":["prl1znsm6fzhh8u7lg94fxu7nvzfce7v4sccy0sx0ysnleu8ayvwkdy3sh5cnzp"],"amount":493}]}