{"txid":"0cbfe50adedc48ce5993a97595605996a28a1eab9dbc6e7bdcfb118860ca3231","block_height":null,"time":null,"vin":[{"txid":"0cbfe50adedc48ce5993a97595605996a28a1eab9dbc6e7bdcfb118860ca3231","vout":0,"amount":205.99999,"coinbase":false},{"txid":"41fd617dfece138d07648152b7b279de775639e286953c42324c74f8b05782a6","vout":1,"amount":0.73731219,"coinbase":false}],"vout":[{"n":0,"addresses":["prl1zpa902ld430y98ecpzk8yg3mrffwxlaq0vwlw52qw4dw67ens4jmq373wuu"],"amount":206},{"n":1,"addresses":["prl1p9hwqvmag4phez0w8fxx906wn9emcrgrlwvnev3j6pgkkdkgxu3ns6sqgaz"],"amount":0.73730007}]}