{"txid":"bc9307df27eb53c90690bbcca302db3c2b339f7851b1315e7ffcd9709916fcf8","block_height":null,"time":null,"vin":[{"txid":"bc9307df27eb53c90690bbcca302db3c2b339f7851b1315e7ffcd9709916fcf8","vout":0,"amount":109.99999999,"coinbase":false}],"vout":[{"n":0,"addresses":["prl1pzkz90kpg0j4qt3zutl2rnzhexmkfehvcl5dg0vq2p2g4jtmp5h2q3chz0m"],"amount":109.99998999}]}