{"txid":"b4d4d53d4ca0188f3ebf6b38dc4a2e10c2b5f3385da96fedeabe0c1041c25b58","block_height":null,"time":null,"vin":[{"txid":"b4d4d53d4ca0188f3ebf6b38dc4a2e10c2b5f3385da96fedeabe0c1041c25b58","vout":0,"amount":576,"coinbase":false},{"txid":"6391b336c79828f8073404329d4dae7af73fa931a011bb063aaa69e275fd70c1","vout":260,"amount":349.7465176,"coinbase":false},{"txid":"9273030f950478a2ee74802710035671292adc258376b12ad4005767b8c1d4a1","vout":145,"amount":244.12510151,"coinbase":false}],"vout":[{"n":0,"addresses":["prl1ztja4ulm89lt5rh3wafmqgsccw3cy2mu6mr9p8rr8paunhkdtv38sxcdqy9"],"amount":1050},{"n":1,"addresses":["prl1ph8pm3wq738kt7q3sjusztaml6v8ur444506r44qderqly0whwsmqmxlw2e"],"amount":119.87161641}]}