{"txid":"d8fed8de11611c0316419adc2a33a1eb701dd0a120d51c210b1de578645f2926","block_height":null,"time":null,"vin":[{"txid":"d8fed8de11611c0316419adc2a33a1eb701dd0a120d51c210b1de578645f2926","vout":0,"amount":2999.99999,"coinbase":false}],"vout":[{"n":0,"addresses":["prl1z76apnj6z3760jpp2ez3l5sx42pgen9clnhxty6h34skj0hyjenaqzw7ks0"],"amount":400},{"n":1,"addresses":["prl1px0a0apc2xwua09hcahcsmk47ufmxqnzm0plr9pn054cpxdalannq6n2kq9"],"amount":2599.99997854}]}