{"txid":"7b1f70f5441b2e18484481e902686f23981d636dce78fce2c9f5112c83f3937d","block_height":null,"time":null,"vin":[{"txid":"7b1f70f5441b2e18484481e902686f23981d636dce78fce2c9f5112c83f3937d","vout":1,"amount":387.74312148,"coinbase":false}],"vout":[{"n":0,"addresses":["prl1phvfwwprkgw77qxaheeshwqpq5kw0zt89x2nzc44hvewwvpkvn2zs2h2636"],"amount":287.74271993},{"n":1,"addresses":["prl1zpycx2k6aem92x79ltkjp56ug3f26rpya8cjwra4t4kn9qg58804s9ggk4l"],"amount":100}]}