{"txid":"4edf237f34d022019823b77d9057cf66bf2f7ebc515176e4af730410645c8936","block_height":null,"time":null,"vin":[{"txid":"4edf237f34d022019823b77d9057cf66bf2f7ebc515176e4af730410645c8936","vout":79,"amount":1307.475682,"coinbase":false}],"vout":[{"n":0,"addresses":["prl1pwwncx4qeml6zc7mq5zcx6fz8r5g43hh9nj2csdg9lympnl0qqm7s6ssx7g"],"amount":7.4756664},{"n":1,"addresses":["prl1zvwerdq4zqd7lqmwd44cch7vkx3pjetdnnutqm7dmpnu7a63qe3xsgek75y"],"amount":1300}]}