{"txid":"e97d63acaf313e7ad78b6de455d32ca6e5a07da6c4d6aaa6dd314fabc3fb85c6","block_height":null,"time":null,"vin":[{"txid":"e97d63acaf313e7ad78b6de455d32ca6e5a07da6c4d6aaa6dd314fabc3fb85c6","vout":0,"amount":138.99999,"coinbase":false}],"vout":[{"n":0,"addresses":["prl1zza98mdmh40jp338x34u9jp2z8hvhv6cjtld70jyg3y64te6ang6ql2ke4x"],"amount":100},{"n":1,"addresses":["prl1plutvq8ndrjzd9h545mmxfch974k7flj59k09kfz4lm0ngx6t50rsmhdt0n"],"amount":38.99998846}]}