{"txid":"99659c64aaf293c1b8298bfebf0c5dd055b4ee1ac2141ae8ad97e4519655733d","block_height":null,"time":null,"vin":[{"txid":"99659c64aaf293c1b8298bfebf0c5dd055b4ee1ac2141ae8ad97e4519655733d","vout":0,"amount":98,"coinbase":false},{"txid":"df36f0c6ad41fba978be5f5cf5f39c5718a9086a057ebae879ac9e86ea8bd9d1","vout":0,"amount":98,"coinbase":false},{"txid":"c0ed7cd18754433973eafe83f54a006d879d030ecefbefad8f9390b85f0e829d","vout":1,"amount":57.99995047,"coinbase":false}],"vout":[{"n":0,"addresses":["prl1px8uws5y83fn7hrh9j09zsfuvqz9lcxtqmxjerr93cy3n2hsjptzqlxm85p"],"amount":53.99993602},{"n":1,"addresses":["prl1zd6eg7v4vxcx8334yehwc494lz5p2d5zwwsswhe2pln4yyvhwsneqruny3z"],"amount":200}]}