{"txid":"7a4d1b47bd60fe348be042599fa5aa19b1265e36f96fd7d5cb53b313c8996155","block_height":null,"time":null,"vin":[{"txid":"7a4d1b47bd60fe348be042599fa5aa19b1265e36f96fd7d5cb53b313c8996155","vout":1,"amount":634.5521027,"coinbase":false},{"txid":"618347779d5bff5089dd53a7a4d10120cddff5c9498b0bbdb4062372e9d3db6a","vout":1,"amount":0.39380886,"coinbase":false},{"txid":"7b4fc26faa4afc1996edb9ef8f0ef9b20041ecbe21cd9ccfcbc4532ecb622c7a","vout":1,"amount":0.24197396,"coinbase":false}],"vout":[{"n":0,"addresses":["prl1z4l75cpnkt2v39qymwzr6ptaa6vlxq5x4cwemw42wqrqsz5snpzdsj3nztt"],"amount":635},{"n":1,"addresses":["prl1p9849nsvv3twpqdjxe3v7xk6g0k2upz0vpy4pcyna4fn6v6c8guss2ctcaw"],"amount":0.18788282}]}