{"txid":"3c910a79e2bd3ec3daf465455f726720829d6b32e54d9028298f15d473ea9fb5","block_height":null,"time":null,"vin":[{"txid":"3c910a79e2bd3ec3daf465455f726720829d6b32e54d9028298f15d473ea9fb5","vout":484,"amount":104.58142326,"coinbase":false}],"vout":[{"n":0,"addresses":["prl1zmm4nr85z337hvgzw30fjhgyj8zpqv7ua8dd9af2kesdsesp9d6hsaue9e4"],"amount":104.5},{"n":1,"addresses":["prl1pel3vwq54y950q0sl6xezqys4ppsu25l24fs3kukyzge8nhgmxw6szrmcva"],"amount":0.08142172}]}