{"txid":"438e1e59abe135a9aa4bbb4120355d69e25eee6d0d0e0d348de41c9e7eb8f615","block_height":null,"time":null,"vin":[{"txid":"438e1e59abe135a9aa4bbb4120355d69e25eee6d0d0e0d348de41c9e7eb8f615","vout":0,"amount":29999.99999,"coinbase":false}],"vout":[{"n":0,"addresses":["prl1za6853q5fmlapzyr7f85qt2p9vyvcaxkrkmg2crwphk3kq7cgz9ys0mtn3w"],"amount":15000},{"n":1,"addresses":["prl1pe79dty7dd23ukwhucys7twu40t3wa25p8a0rnhrlr3jpszemxznstmxgna"],"amount":14999.99379}]}