{"txid":"31b09de1dd3a2d3797b77cd9ab4e702ee863344c9b109957b9e53907dd655446","block_height":null,"time":null,"vin":[{"txid":"31b09de1dd3a2d3797b77cd9ab4e702ee863344c9b109957b9e53907dd655446","vout":0,"amount":199.99999,"coinbase":false},{"txid":"532b2778fef99d7745569f7cdfaeb4b0f9c03dc98a30ccc7e91f7b235b06680f","vout":13,"amount":12.22545464,"coinbase":false}],"vout":[{"n":0,"addresses":["prl1zcap6rk6f4m3ucgekvzhf95ckp4l70k8vzp03h7ell4xzugv7wdps3rauke"],"amount":200},{"n":1,"addresses":["prl1py3nf72ftqwrara98hxr6aj8fzxkazlg5gdq79yddngjte69t75zqynakfj"],"amount":12.22544252}]}