{"txid":"c5c199dcba890a24d2b61411cbd6bc32e95edc13a96bfa39710aea7045c3a4e4","block_height":null,"time":null,"vin":[{"txid":"c5c199dcba890a24d2b61411cbd6bc32e95edc13a96bfa39710aea7045c3a4e4","vout":1,"amount":518.9236154,"coinbase":false},{"txid":"636cc0ddb80a705dfc0ecd019a77764d280c34293f47376bed08cc2070c37479","vout":49,"amount":490.22747495,"coinbase":false}],"vout":[{"n":0,"addresses":["prl1zyxzqctwamrxmkwqchgg7sujwrnjvw2v0q9cuquf9wptddhjr7t6qs42eas"],"amount":1000},{"n":1,"addresses":["prl1pwvu02tvtdf80se8cgxxm0ffqgchefadc8nnljkdgtht3ewyycaxsvx2nr8"],"amount":9.15097328}]}