{"txid":"3cc7b16841a9076884c1465a13474eb2db8fc086dfd95c0bf98b5fe467202466","block_height":null,"time":null,"vin":[{"txid":"3cc7b16841a9076884c1465a13474eb2db8fc086dfd95c0bf98b5fe467202466","vout":0,"amount":99.99999,"coinbase":false},{"txid":"1434284d42c55845fe7992a4312cfbb075cf5bc0827e9df1cbe9377e725f7412","vout":0,"amount":99.99999,"coinbase":false}],"vout":[{"n":0,"addresses":["prl1pswtk3y06tmumdsq2keafxyq3pxrwhlu4yusdnadaf2uc7amha7hssv82yg"],"amount":99.99986383},{"n":1,"addresses":["prl1zefe46vfxf4dzsc67n548jh9n0zjduf09nhsq4qaywk23dfydt0ys75qvhs"],"amount":100}]}