{"txid":"3f5e446b41bfe16f17c09ab644e20c7aecc0522b1c450d56ab26ae304f785728","block_height":null,"time":null,"vin":[{"txid":"3f5e446b41bfe16f17c09ab644e20c7aecc0522b1c450d56ab26ae304f785728","vout":0,"amount":5469.61338728,"coinbase":false}],"vout":[{"n":0,"addresses":["prl1p8yfuwrmy52swm3vppn34st0g3v9jewdyf7w24w5qntm0pm57qdqqc53q0m"],"amount":5469.61337728}]}