{"txid":"0b5bc7e11fbf3c9a7a618de27563e6cd2faf5f66c9fd9f4ba3709ddacf2fd7a1","block_height":null,"time":null,"vin":[{"txid":"0b5bc7e11fbf3c9a7a618de27563e6cd2faf5f66c9fd9f4ba3709ddacf2fd7a1","vout":0,"amount":94589.999845,"coinbase":false}],"vout":[{"n":0,"addresses":["prl1zwuax4dz0zvme2zkaj8e4tpx002f7ehypkpmpzple4pctg2t76zwqlpm7nm"],"amount":100},{"n":1,"addresses":["prl1pvce5q8me7ukhyxv5jusu49r8kdnp0uwkaqqc0tesgny8gpz42vlsvtejm5"],"amount":94489.99969}]}