{"txid":"c2e6b48e6f4e158956572c2cfe556c3df6c358645d48859fe21c0b5d20cf316b","block_height":null,"time":null,"vin":[{"txid":"c2e6b48e6f4e158956572c2cfe556c3df6c358645d48859fe21c0b5d20cf316b","vout":0,"amount":100.99999,"coinbase":false},{"txid":"32be6951cc8442f9f785284011ca1fb536562448f4be9b32590eeae50a815153","vout":255,"amount":11.58233685,"coinbase":false}],"vout":[{"n":0,"addresses":["prl1z4z8qzrlnng0msm0x5rvuswwn04kg6x8wxj3st526lklpdmcmcp6szazd4f"],"amount":110},{"n":1,"addresses":["prl1peeaxx82cqp3amj33kkl3kjkzzmxqthmgp9c8jy4fw3erfccfj86qpuqyc0"],"amount":2.58232473}]}