{"txid":"c94224918053d310fd37676088d4d3f4077cf4ef4ffe1f37475fb6f41f4bc2e1","block_height":null,"time":null,"vin":[{"txid":"c94224918053d310fd37676088d4d3f4077cf4ef4ffe1f37475fb6f41f4bc2e1","vout":1,"amount":1999.99999845,"coinbase":false},{"txid":"98b901cf8a4ee1bad53f01634f11639c19179248c21e39b48d24ce01678f87a5","vout":0,"amount":499.99999,"coinbase":false},{"txid":"f1c636da95f3af10199cc2abca8bd289d9663a828f501ddf3b0b8e3e1d109bb8","vout":1,"amount":81.69294271,"coinbase":false}],"vout":[{"n":0,"addresses":["prl1pnppc9hl3wwt0fkrxxkjxkyu4yt9rswtx4lq4hmdm588qdl8ffx5syvxv8r"],"amount":81.69292846},{"n":1,"addresses":["prl1zr85yw4z37jf3yqlseft08rpyvcrz9r3elgpcpqfrnjap7muu8vrs7r3d8v"],"amount":2500}]}