{"txid":"58a95f333df381f45552d02051b36b140da27b8bcca2e7c2816c151e9f1b79bb","block_height":null,"time":null,"vin":[{"txid":"58a95f333df381f45552d02051b36b140da27b8bcca2e7c2816c151e9f1b79bb","vout":0,"amount":999.99999,"coinbase":false},{"txid":"032017703d095635bb6647f8c589d1ec5eeef99d558e94e0c9df42b7a4ed5851","vout":1,"amount":91.34302823,"coinbase":false}],"vout":[{"n":0,"addresses":["prl1zcg6vr57krda8ctd4tg04lh0nhla9tak54m359kzalk2jrrdfet6q9kz5k6"],"amount":1091},{"n":1,"addresses":["prl1py5qrme5q4f0ndupz8fxsag78m02qntgnyzs3renjncj5q7zckvwsxcmg66"],"amount":0.34246642}]}