{"txid":"26d6138d27c71159f39da3560d21c2634ff7fde20c5c1c9ad5f0023f3d7ada02","block_height":null,"time":null,"vin":[{"txid":"26d6138d27c71159f39da3560d21c2634ff7fde20c5c1c9ad5f0023f3d7ada02","vout":0,"amount":999.99999,"coinbase":false},{"txid":"ba37fe6237210263961f9aeeab7493fe20cd7e6ec0cf57d98cc6de6103ca8030","vout":1,"amount":3.36801857,"coinbase":false}],"vout":[{"n":0,"addresses":["prl1znkrydt4yr77jv5vwall0ju5hs2kycheqdmdd3gukr2cqgg29sj3s0kupzl"],"amount":1000},{"n":1,"addresses":["prl1p7gjrt99lmjr659ru3cnk6fczztnx22x4ryzrm648zkwfs4hfwcfsyc8m2p"],"amount":3.36800645}]}