{"txid":"f440c16eafc338b6759c4ba7661c71cbeee209989b5ac9629d3c1575ab7f62d0","block_height":null,"time":null,"vin":[{"txid":"f440c16eafc338b6759c4ba7661c71cbeee209989b5ac9629d3c1575ab7f62d0","vout":0,"amount":2647.78053371,"coinbase":false}],"vout":[{"n":0,"addresses":["prl1pmz2d7zfwf053rt6qde22ks7ssxmn966afmxf5pptmy95w2sjc7uq9rwqhq"],"amount":647.78052538},{"n":1,"addresses":["prl1zht3qcc9vlgj8rzef55xh5gefp3ych4l6rzam63xn3hvyf9vjyykq4z4yw5"],"amount":2000}]}