{"txid":"4a19daa94b606611f7d07d070d503496ed13284da4b4e21a584740df7c8cebbd","block_height":null,"time":null,"vin":[{"txid":"4a19daa94b606611f7d07d070d503496ed13284da4b4e21a584740df7c8cebbd","vout":1,"amount":5499.99999384,"coinbase":false}],"vout":[{"n":0,"addresses":["prl1zq4vhd800jg3av8gwt2yszzwycfpklq2wzwk056q9p96jsaze4ndq9qvywc"],"amount":1000},{"n":1,"addresses":["prl1p209gdfdx4vl4y229jsqgx7rrncxpjpt2dgczqm7s8etpy0v60adqq05623"],"amount":4499.9999923}]}