{"txid":"6a9156167222e3fe8e56c4bb13c49e36cd3e6292f907b170cdf2b7453f6c9675","block_height":null,"time":null,"vin":[{"txid":"6a9156167222e3fe8e56c4bb13c49e36cd3e6292f907b170cdf2b7453f6c9675","vout":1,"amount":416.99999846,"coinbase":false},{"txid":"e0ad24bc12c8dfd83ff144da2ae9ac491bb2ecc042597e440320161857381aa1","vout":0,"amount":294,"coinbase":false},{"txid":"5295ff433063a71a7d3afc6c3af6047094c13f1b80ee7d59b3a62ffb061e8b7d","vout":1,"amount":289.99999846,"coinbase":false}],"vout":[{"n":0,"addresses":["prl1zkccdy5qdupr42ayatum6c0m9r803v6dgumlhp47nccqst0av0t8qzmcz6l"],"amount":1000},{"n":1,"addresses":["prl1pj7ult3px90g9jmf6v767j0ensht9antqqr9t9l5cwexq70a7a3yskd85cp"],"amount":0.99999422}]}