{"txid":"0422c13c7514c230dc454c9fe7e130bf79488e1736a8c426458e7fcc95ba8dcf","block_height":null,"time":null,"vin":[{"txid":"0422c13c7514c230dc454c9fe7e130bf79488e1736a8c426458e7fcc95ba8dcf","vout":897,"amount":58.25408355,"coinbase":false},{"txid":"1609b94f56b3b737246646c18b1d7d54d214b8bc16f32344d1f068d1e1458055","vout":855,"amount":58.06947111,"coinbase":false}],"vout":[{"n":0,"addresses":["prl1znf9smnj56yzsrl7lcgnvc24vtzwss6xa82eczlz925hqt3h02y4ss5ykhk"],"amount":100},{"n":1,"addresses":["prl1pzl0435lt6lzy74ycxksfu9f5823fugtw8fhhycgm6wlng7a5cgqqrsatcg"],"amount":16.32355254}]}