{"txid":"bd81ceedec19bb1308175d70894e7045839a02fdd85b145e568f960a334ffaed","block_height":null,"time":null,"vin":[{"txid":"bd81ceedec19bb1308175d70894e7045839a02fdd85b145e568f960a334ffaed","vout":262,"amount":168.21989823,"coinbase":false},{"txid":"a16220eec20bca25658bf1f64d615162a287cc41ef694ad44da3557bbe378dff","vout":444,"amount":120.40197714,"coinbase":false},{"txid":"e9d6a5f7a4f9080a79f12de3a1c38d216fb64acfefcffcbc1d89ac507717638f","vout":0,"amount":36.75619787,"coinbase":false}],"vout":[{"n":0,"addresses":["prl1ptdptccevm3qhsgpfjlh766ygslsza5370h554xdhw5xf3hgcr6hsxh85nu"],"amount":25.37793737},{"n":1,"addresses":["prl1zz285pymdrwhew3epmttjapt64nfmntjktrs4t5swd2dh99d297csnsw8q2"],"amount":300}]}