{"txid":"dd909c1523b21745e85c905ec40a70f70f6e74be0c8fb86e852866863ebe1334","block_height":null,"time":null,"vin":[{"txid":"dd909c1523b21745e85c905ec40a70f70f6e74be0c8fb86e852866863ebe1334","vout":1,"amount":230.98999846,"coinbase":false},{"txid":"cec324c7f2238a8528e71d7808f053b5b92172148863c50ef4695fb9e308c8fd","vout":0,"amount":99.99999,"coinbase":false},{"txid":"6696413c743da0dc39f79799975be9fa01d027289a9ab821dd69e6f87410ad8a","vout":133,"amount":93.02089771,"coinbase":false}],"vout":[{"n":0,"addresses":["prl1zxx2slmuylruueffc6rxygk5zy9kt3f4xu3sq0nm8km2jvh2xul5qjlejqv"],"amount":424},{"n":1,"addresses":["prl1py62pdg6eyz8ycluywqknf66j7er2rus63wp4avh8djtumhwtlxwsyye3cy"],"amount":0.01088347}]}