{"txid":"888d545dd7f8d58a63d22fca39fc11dcea4e2177c031ca9b14451a4a9c17fc5e","block_height":null,"time":null,"vin":[{"txid":"888d545dd7f8d58a63d22fca39fc11dcea4e2177c031ca9b14451a4a9c17fc5e","vout":1,"amount":9344.49999076,"coinbase":false}],"vout":[{"n":0,"addresses":["prl1zs5cphxffx6sxh98ehyq6vrhlpzg564p9hxdcwz7l4lsezgshx3zq9h85q6"],"amount":2000},{"n":1,"addresses":["prl1p94mante8tgtvajgghxh93l0z0vykzz7xfly6zdfpd9lsarm3dlystq3ar4"],"amount":7344.49998922}]}