{"txid":"0527546950f412a8e81c6311df2cfd8d68dff4a76eb59c6483e1fccc88c426e9","block_height":null,"time":null,"vin":[{"txid":"0527546950f412a8e81c6311df2cfd8d68dff4a76eb59c6483e1fccc88c426e9","vout":304,"amount":314.71523338,"coinbase":false}],"vout":[{"n":0,"addresses":["prl1pmn5hzwt3xkjgsaqcl9nq3d39kmpyxdpk2u2dthqfszwsflq2y7dsfhyfmy"],"amount":4.71522501},{"n":1,"addresses":["prl1zt6kayp2v05zhsxnclg0umezpfwxmvxyk5vrparlh4l7wd6ddt5yqg437c0"],"amount":310}]}