{"txid":"15ffd62eb08fbd8dcfafb9dfd91989a235d7186fc3e51a06b26c2edda7d66edd","block_height":null,"time":null,"vin":[{"txid":"15ffd62eb08fbd8dcfafb9dfd91989a235d7186fc3e51a06b26c2edda7d66edd","vout":0,"amount":4199.99999,"coinbase":false}],"vout":[{"n":0,"addresses":["prl1znk6pffaws4vkzksqz8qs595mduee6zl90ue238nmej3la3dt40zq24e3mm"],"amount":250},{"n":1,"addresses":["prl1pvxv7nhgzjgs53qplk7pexf6eafu6vj0c5jjyzqa5tf8lgvprsj9q8h9ma6"],"amount":3949.99998846}]}