{"txid":"939458f2c9f1f3022cc1eda4c39b2614e09c34995e6a76fc3450d1c2ae8e307f","block_height":null,"time":null,"vin":[{"txid":"939458f2c9f1f3022cc1eda4c39b2614e09c34995e6a76fc3450d1c2ae8e307f","vout":0,"amount":999.99999,"coinbase":false},{"txid":"dd1d7a037ab26d03a79606fc64dd541be1625c801003cbf0752fd8d4d8d92dd6","vout":2,"amount":331.03756057,"coinbase":false}],"vout":[{"n":0,"addresses":["prl1pwrwtpezmszzq9vdantm8f8hwq2x2wz8vkjzz2rxnpk58nntxqsequ3a4cp"],"amount":331.0375392},{"n":1,"addresses":["prl1z6xna45d3e303zacw9e4jh48erl66txglq82yq3eqmemqeqs6ctfst9m5hl"],"amount":1000}]}