{"txid":"e6e11138d63abda6476e2bde01cd4bb7627f0b40d359139fb0340287ec60f47d","block_height":null,"time":null,"vin":[{"txid":"e6e11138d63abda6476e2bde01cd4bb7627f0b40d359139fb0340287ec60f47d","vout":0,"amount":999.99981659,"coinbase":false},{"txid":"8baab36a12e2b23361cd0e2db45defe6ceb299f9524bbb5a69d2119175cd72af","vout":0,"amount":899.99996609,"coinbase":false}],"vout":[{"n":0,"addresses":["prl1zz8gz0fc6s4j4jl08jw85ur2ldm55ngmnxaqvwsc2n3rrdxp56r8s3n4z0e"],"amount":1500},{"n":1,"addresses":["prl1pwhk36yr6zmhuzs54yklvammh0h0jwsr0y572uldm9w24ynnukspq4sxrlc"],"amount":399.99977126}]}