{"txid":"649664df34ce184d501624cfe3a0f59b23189b67f8505bbb02b8b90dde711227","block_height":null,"time":null,"vin":[{"txid":"649664df34ce184d501624cfe3a0f59b23189b67f8505bbb02b8b90dde711227","vout":192,"amount":736.87820546,"coinbase":false}],"vout":[{"n":0,"addresses":["prl1z597vxt5m730rn9hjc8m8t6u27a3mlkxt9ccn343uac6qm03yvprqp9v3gx"],"amount":460},{"n":1,"addresses":["prl1pjfj52cmjudwt9f5wwfttn3yvnapm4cpzfugl8j6dka4ua2heuf7q65m35v"],"amount":276.87819709}]}