{"txid":"ea40ac9a2bc664ce538583123307850f47a487245f0f148a84392104d99bdfa5","block_height":null,"time":null,"vin":[{"txid":"ea40ac9a2bc664ce538583123307850f47a487245f0f148a84392104d99bdfa5","vout":0,"amount":319.99999,"coinbase":false},{"txid":"f60bc04de9e05a94cd48c4b46cb176cfe3a1e620856431a9fb170f864226aaf6","vout":0,"amount":154.1,"coinbase":false},{"txid":"69ffb173f73dcd4a38a6ab283d83ea7a24fe0038bc7441a7e4e1624af6e1649e","vout":0,"amount":17,"coinbase":false}],"vout":[{"n":0,"addresses":["prl1ph7s0amfyx8qk2txprfd34zrr6p0pypcv9p69x2mzeazc69tcmn9s5ncv70"],"amount":1.09997499},{"n":1,"addresses":["prl1zpash0pxy7rcwxpr6sfr3hdq20lcyu509fkw4p4hz0qu3dnlde89qrhq2sh"],"amount":490}]}