{"txid":"9e8df6238562714529eb4dfaa653a8b1d7c7cd0932e4ceb360de3ab91aa85dad","block_height":null,"time":null,"vin":[{"txid":"9e8df6238562714529eb4dfaa653a8b1d7c7cd0932e4ceb360de3ab91aa85dad","vout":0,"amount":2975.0385075,"coinbase":false}],"vout":[{"n":0,"addresses":["prl1pxvf00we86jevwy7kcph2pqakdwacc0q4s6vmr9mmcypae6mcfcssqrjpwa"],"amount":2875.03850595},{"n":1,"addresses":["prl1z5f4carcn3q8km8fusjl7urwv2ulj5u3envtdqnf6z6z77w8dwkfsjmesmt"],"amount":100}]}