{"txid":"379af23c173aa0e4039c59595fdf31a9fd33ed9b0682ddff539e8ac1bbb0b7f0","block_height":null,"time":null,"vin":[{"txid":"379af23c173aa0e4039c59595fdf31a9fd33ed9b0682ddff539e8ac1bbb0b7f0","vout":1,"amount":202.20261732,"coinbase":false}],"vout":[{"n":0,"addresses":["prl1ztdscy274d4x63k7pv0n5x3qj2dfne45jq22xxf40jjz407qgqkhssvjvyv"],"amount":100},{"n":1,"addresses":["prl1pefy97fscslmg7ls4nnydj4x2qk87e9g20ztf6d9h0sf0s007flhsghwpnu"],"amount":102.20261578}]}