{"txid":"ee780d19fa5799a686215a1fb49fb8649f5f566f24c2875288c2b6e97a0668b0","block_height":null,"time":null,"vin":[{"txid":"ee780d19fa5799a686215a1fb49fb8649f5f566f24c2875288c2b6e97a0668b0","vout":0,"amount":232.99999,"coinbase":false},{"txid":"6c5055f6c9b8f6b817a6ab7543a7cdc2462e8788fff7e9bd666b647f31c427d3","vout":1,"amount":0.88395168,"coinbase":false}],"vout":[{"n":0,"addresses":["prl1pfwc5r78qec4wtc5qv4ttj8nxsugsy7pk8fjp5pxkrwfep52zja7szdefvl"],"amount":0.88393008},{"n":1,"addresses":["prl1zlpt3a7cmdh0pvns9kmsk7dwgumwc9d5cc9aufc5g936hghn0cnzqqvrga2"],"amount":233}]}