{"txid":"3c910a79e2bd3ec3daf465455f726720829d6b32e54d9028298f15d473ea9fb5","block_height":null,"time":null,"vin":[{"txid":"3c910a79e2bd3ec3daf465455f726720829d6b32e54d9028298f15d473ea9fb5","vout":454,"amount":106.22010008,"coinbase":false}],"vout":[{"n":0,"addresses":["prl1zaml2q5hs2lt47z45ezgzal5ctap5cdp2jaqx73xcg4fe8jlqjvzq2csqap"],"amount":100},{"n":1,"addresses":["prl1pwh3fakyxkvg6zqgchfm73e3xsc72vhvwy0hyzth358x8a6kqasysxhkdqx"],"amount":6.22009854}]}