{"txid":"fdb06fcd8c5c3d15707c4a4d7ae11adc38f37f27460026974922c1caf5a6d7f6","block_height":null,"time":null,"vin":[{"txid":"fdb06fcd8c5c3d15707c4a4d7ae11adc38f37f27460026974922c1caf5a6d7f6","vout":0,"amount":2989.72460278,"coinbase":false}],"vout":[{"n":0,"addresses":["prl1pw36zuhzrztj3a9gcnjgn63jv7lxx6lw4pu9q8gvxhdrec3cyf9cqzney8q"],"amount":100},{"n":1,"addresses":["prl1phr30v9e0yrpj2xmpxmprxtxwmt698h8j6j4u9flfgn23ppwwjmwqn8qatm"],"amount":2889.72460123}]}