{"txid":"7a0119fbd7776740422ef7063a68cff47ff25b6c6cd81078a0253b628aa01c41","block_height":null,"time":null,"vin":[{"txid":"7a0119fbd7776740422ef7063a68cff47ff25b6c6cd81078a0253b628aa01c41","vout":141,"amount":88.97764757,"coinbase":false},{"txid":"968aea2f46632740e9f716fb418a98cf7356f98fb6bcce526c460486dea6987a","vout":0,"amount":26,"coinbase":false},{"txid":"499c85397f1b1fb60e7ad65cdac68283ff3dbc1e3639ed473e7bc03e5fe34dae","vout":1,"amount":0.40550679,"coinbase":false}],"vout":[{"n":0,"addresses":["prl1zcjq8jzc9lnydhc3lnlhc8hrpysgyh3lzwfzssdcvjc5rzu0gng5qcpv2zd"],"amount":115},{"n":1,"addresses":["prl1pe6t6ndkchkkpx5v04fdlw2qpkwztrptnlqtmac5f7l6jqs220q6spdcth6"],"amount":0.38315166}]}