{"txid":"94d857a6df7b302fa1528d2d7b6285da37458c5044fe982e4d0d62deb407821c","block_height":null,"time":null,"vin":[{"txid":"94d857a6df7b302fa1528d2d7b6285da37458c5044fe982e4d0d62deb407821c","vout":1,"amount":38499.99999692,"coinbase":false}],"vout":[{"n":0,"addresses":["prl1z9mm7auzcfm0r22gsvedf7y2s5qvjluad72rz5ry0kuaj7w69xu9s623xl2"],"amount":1000},{"n":1,"addresses":["prl1p94mante8tgtvajgghxh93l0z0vykzz7xfly6zdfpd9lsarm3dlystq3ar4"],"amount":37499.99999538}]}