{"txid":"6aea3a815e528783fea4e2dd33ec6abd0de4be56199a930d7aca4f978fc7e8f7","block_height":null,"time":null,"vin":[{"txid":"6aea3a815e528783fea4e2dd33ec6abd0de4be56199a930d7aca4f978fc7e8f7","vout":1,"amount":2337.99998384,"coinbase":false}],"vout":[{"n":0,"addresses":["prl1z4eyung074waxysqr9fqlz6d3u835fhcny9xdq49z7up4h7v766xqz5mz55"],"amount":1000},{"n":1,"addresses":["prl1p8yfuwrmy52swm3vppn34st0g3v9jewdyf7w24w5qntm0pm57qdqqc53q0m"],"amount":1337.9999823}]}