{"txid":"2a0489e0c66772c1ef80fe79df50bd7cc5c8eb84e222f7956b570a9905021496","block_height":null,"time":null,"vin":[{"txid":"2a0489e0c66772c1ef80fe79df50bd7cc5c8eb84e222f7956b570a9905021496","vout":1,"amount":903.83470048,"coinbase":false}],"vout":[{"n":0,"addresses":["prl1zhyjnxazhmgld4y7ln78qcg376vvvd0ue4r66fjnlx0g6uk53cyeqh8mev3"],"amount":900},{"n":1,"addresses":["prl1pqe2h2z5e0pzcfwj8vq0w78az60vsqudj3th96grlpapwvf9w0kfq3mpz8l"],"amount":3.83469222}]}