{"txid":"978c52194a5d51bb2898f1a23738d26adc45211ae820c03c68b6f206d70e9f41","block_height":null,"time":null,"vin":[{"txid":"978c52194a5d51bb2898f1a23738d26adc45211ae820c03c68b6f206d70e9f41","vout":0,"amount":11398,"coinbase":false},{"txid":"e92cefe14c90a84caac81310ed50011fde6feb18b23d63be830dada69b63cc0d","vout":1,"amount":6599.99999788,"coinbase":false},{"txid":"f307ecee5b8b4f4cde974f6ab3bc401935a31848876306ba51960b5a172d5a67","vout":0,"amount":5200,"coinbase":false}],"vout":[{"n":0,"addresses":["prl1zyakr0u5hr8uawn99cns0cxsffcjkhmc43h0elr42s5pu4fsqmmqqxvsldl"],"amount":19900},{"n":1,"addresses":["prl1p94mante8tgtvajgghxh93l0z0vykzz7xfly6zdfpd9lsarm3dlystq3ar4"],"amount":3297.99999518}]}