{"txid":"b3834e29fe69a51cf6c1094fb7e1dcf81ea37f8a0f0774b5a0af7cd7c59cfda2","block_height":null,"time":null,"vin":[{"txid":"b3834e29fe69a51cf6c1094fb7e1dcf81ea37f8a0f0774b5a0af7cd7c59cfda2","vout":0,"amount":194.85818799,"coinbase":false}],"vout":[{"n":0,"addresses":["prl1z466yj5s6wm3esdfav23wxd05z6gpf69qxyxweet6apy3nz8ud2uq4gpg46"],"amount":194},{"n":1,"addresses":["prl1pc3anwemymq6u2zrl87cj0kads6qmclujr63tsk840k0pq505el5sks3teq"],"amount":0.85817966}]}