{"txid":"43c53c6caf26e512795b6551cc65fe0998f49302a005e1affd39b3c809c26623","block_height":null,"time":null,"vin":[{"txid":"43c53c6caf26e512795b6551cc65fe0998f49302a005e1affd39b3c809c26623","vout":507,"amount":32379.15778559,"coinbase":false}],"vout":[{"n":0,"addresses":["prl1pfluqxq4deg2fnk2qzy3wtmqu28wstfdlnqv8cde6kpjt6scsm3sqyufdd0"],"amount":22379.15777725},{"n":1,"addresses":["prl1zgkq4zgh2n536jsep2fwwpr9557kms23je0dya0uldyp3qpnkz62qzgfmap"],"amount":10000}]}