{"txid":"1bba45583799b98642ce6fba01d2c1381fa2a7e6b21248f824f7d6ddfb2dfb0b","block_height":null,"time":null,"vin":[{"txid":"1bba45583799b98642ce6fba01d2c1381fa2a7e6b21248f824f7d6ddfb2dfb0b","vout":0,"amount":99.99999,"coinbase":false},{"txid":"57ad7588ba2b4a826b393d4af5bd09ea91011cf09513e3e3924d87c4ee655563","vout":291,"amount":72.84108052,"coinbase":false}],"vout":[{"n":0,"addresses":["prl1z52uqxlg658p6pxmzt68703pp4ane03upukkxel69xhyq3fdn3qrswwtjzf"],"amount":100},{"n":1,"addresses":["prl1p64t0q04f35s45nrdthd57h8n8amkgzevx97yw9v6zqf34e38nxwqkpk62j"],"amount":72.8410589}]}