{"txid":"6c1ff80ff03407d879290b1d90a89cb9d4c216085a12c251bd1336cec0f42e8d","block_height":null,"time":null,"vin":[{"txid":"6c1ff80ff03407d879290b1d90a89cb9d4c216085a12c251bd1336cec0f42e8d","vout":0,"amount":2487.99999,"coinbase":false}],"vout":[{"n":0,"addresses":["prl1z77js5l4j9awdhdmrez3lj9yaherq4yuxjp3usaycrwdfejvcanus5lpx7v"],"amount":1000},{"n":1,"addresses":["prl1p8fyyzc3fprr6gla6wpvt3aaug9flnwzj0p83vlpcu9f928rzaupqcerdee"],"amount":1487.99998168}]}