{"txid":"609d03ca189d355a0de56ecb922c8b89308e29ca04908b585049e01dfc05744a","block_height":null,"time":null,"vin":[{"txid":"609d03ca189d355a0de56ecb922c8b89308e29ca04908b585049e01dfc05744a","vout":653,"amount":115.37304449,"coinbase":false}],"vout":[{"n":0,"addresses":["prl1z937px77n5t9xc8dmfzkfnu9lyg6hdg7cjxl62vs3ywkjfz9tuvhqhzyynx"],"amount":112.2},{"n":1,"addresses":["prl1p83ncdx6alds2zxen6n7ahcr89s3a040jtzfj69g3cnpea4prm4wq8kfaqa"],"amount":3.17303605}]}