{"txid":"b73865ab829edc7f89bac89f20817a2f7fdcfed1b686d429fc478e6b17e331ad","block_height":null,"time":null,"vin":[{"txid":"b73865ab829edc7f89bac89f20817a2f7fdcfed1b686d429fc478e6b17e331ad","vout":0,"amount":2299.99999,"coinbase":false}],"vout":[{"n":0,"addresses":["prl1pn3wzvf7g7g5dw0ytyj6we9k2eeh7cfln3fx9jtffn63tyrjrf57qktcw4n"],"amount":1099.99997929},{"n":1,"addresses":["prl1zg8x4eu2yr72rrsa996tdpj4wrtshaehvrdyhx5yhrydpfztvvzwsesxq69"],"amount":1200}]}