{"txid":"573b7dcfb3928057a618dd6d1052b94388d86d196813e058fea54f1aadebc931","block_height":null,"time":null,"vin":[{"txid":"573b7dcfb3928057a618dd6d1052b94388d86d196813e058fea54f1aadebc931","vout":0,"amount":239.99999,"coinbase":false},{"txid":"9a3bd8475b90ef2c8cfda0aa79be0dc7d8a1ed88b35af73f93244af08246b05a","vout":1,"amount":5.27147481,"coinbase":false}],"vout":[{"n":0,"addresses":["prl1zx6dasx7xepyzg8uphvq4ygetkph8ekdvy3fgaak7aclx0ucrdqrsh6qr52"],"amount":240},{"n":1,"addresses":["prl1p6ss2hxmw6qf6ar66pufdf3rkl620nta6jlakt7dmu2juyv8pllxq0y8vcd"],"amount":5.27146269}]}