{"txid":"21e82d0b25e953d16cddd2eb8bd17df48da2b8f935c5ea7d00c588f0f4f80e57","block_height":null,"time":null,"vin":[{"txid":"21e82d0b25e953d16cddd2eb8bd17df48da2b8f935c5ea7d00c588f0f4f80e57","vout":0,"amount":161.99999,"coinbase":false}],"vout":[{"n":0,"addresses":["prl1pz2p6clld503qzwd0q3vk428vulrccfep7rvkx760zfe4vcspddas8xt9p0"],"amount":58.99982729},{"n":1,"addresses":["prl1z3nshwtt2u7n4sszpxv9fyhh454u25d6pw85cwuvu8h4vfnhqa5gszfp6vr"],"amount":103}]}