{"txid":"78e9f689fa741149ee484a2e80bd4f07215c0659800de02720a4a88d955c8fc7","block_height":null,"time":null,"vin":[{"txid":"78e9f689fa741149ee484a2e80bd4f07215c0659800de02720a4a88d955c8fc7","vout":0,"amount":799.99999,"coinbase":false},{"txid":"2f689d9a1a6774a091ae01c19bd85347fe8e6d9ed5186b93154f975f310099be","vout":0,"amount":25.37793737,"coinbase":false}],"vout":[{"n":0,"addresses":["prl1zw4fmqdjmr86d2q59g5we4h3kp34pmdep886dykfhun3xwa74q2tszevff7"],"amount":800},{"n":1,"addresses":["prl1p0ftpuqq2guhry68qqh0s7dgql9l8zf4d2acrvww276taudhf6yxqde2vaw"],"amount":25.37782018}]}