{"txid":"e6d65db97cac3489253532637c06e21d6d242570d89415ffbe43531f81126407","block_height":null,"time":null,"vin":[{"txid":"e6d65db97cac3489253532637c06e21d6d242570d89415ffbe43531f81126407","vout":0,"amount":2985.02312905,"coinbase":false}],"vout":[{"n":0,"addresses":["prl1pmu5dqwnxua3va4n7ly3zjtr4w7k6s7nd8a79wfu7nhhuaxv8d3pqrvzhws"],"amount":2885.0231275},{"n":1,"addresses":["prl1ztudl2trwmh6tka5mxz9gcta5hjecnpn3xcd5ensj0uj92428f4tqdkxz9e"],"amount":100}]}