{"txid":"286f4dbc85fb823344e3c5ca97ae7e7eb0afc8e7ddb4ce1e58a00abd2c76b23f","block_height":null,"time":null,"vin":[{"txid":"286f4dbc85fb823344e3c5ca97ae7e7eb0afc8e7ddb4ce1e58a00abd2c76b23f","vout":308,"amount":405.74508909,"coinbase":false},{"txid":"62fa8cb5adc75f3a6ad1e51df153d61008d333a89546b4a3f8fa99b5e090d573","vout":108,"amount":63.12369333,"coinbase":false},{"txid":"212c4059e2d96f61530a6fdd170e2c696186f82ee0d9199dac55b78c86f20c2d","vout":194,"amount":63.12369333,"coinbase":false}],"vout":[{"n":0,"addresses":["prl1zp0x60wz7xzc5plpfgsfgj8d66r6zdqyr9tlnrls0mm95tkes0c7slp6qua"],"amount":500},{"n":1,"addresses":["prl1pewu224ntqz23qaprru7g2srt32pmdaaxlfv4w87ys2yhg80x4ymsga95yp"],"amount":31.99247305}]}