{"txid":"d36b675e105363a8b4ae3e531d88f366cfd5a424b2e98060e164b84ecbe93336","block_height":null,"time":null,"vin":[{"txid":"d36b675e105363a8b4ae3e531d88f366cfd5a424b2e98060e164b84ecbe93336","vout":865,"amount":116.0344839,"coinbase":false},{"txid":"d36b675e105363a8b4ae3e531d88f366cfd5a424b2e98060e164b84ecbe93336","vout":310,"amount":116.0344839,"coinbase":false}],"vout":[{"n":0,"addresses":["prl1zcw0ms2u9ag9kjxx2cl88kte95x67zsn5vt03vz3smttu6ux557zqx0yhnp"],"amount":232},{"n":1,"addresses":["prl1pewg4pkcgr42a3rqdpf40hv5fd8jq7cm34l0w6e8lvp7gwhl0zuaqv57z9n"],"amount":0.06896568}]}