{"txid":"4ad6d5db7442004bc8637f8cc5f76ced862df9eda5d2501c985bc8a2d5c7d459","block_height":null,"time":null,"vin":[{"txid":"4ad6d5db7442004bc8637f8cc5f76ced862df9eda5d2501c985bc8a2d5c7d459","vout":1,"amount":2238.71011511,"coinbase":false}],"vout":[{"n":0,"addresses":["prl1z978acunx2l2jzf97nnzdlg5zx00cqalrcy579a75np6u3xky0d9s60a2tm"],"amount":210},{"n":1,"addresses":["prl1p47rm07xafyztc7dz0pcs0pur3psdfqgfsawrpk646d4gasy0w2mst6rxak"],"amount":2028.71011357}]}