{"txid":"f67e696f4ad0ff399c15b2498b229b5ece5c14969e20d8f404e22061478f96ce","block_height":null,"time":null,"vin":[{"txid":"f67e696f4ad0ff399c15b2498b229b5ece5c14969e20d8f404e22061478f96ce","vout":1,"amount":314.99999846,"coinbase":false}],"vout":[{"n":0,"addresses":["prl1z0rmmgedlh3pj7mnehemv0pjgn778293km73zmgxw5hqgt5jpn0cqpef3vj"],"amount":300},{"n":1,"addresses":["prl1pazsjqnmy58svgf7e85n0e2quxtj3f698q5f3p34grtnsf0t2jp7q2ynx3s"],"amount":14.99999692}]}