{"txid":"e69af2a6ae476538b5aeca003d31802b7d8adb746b4d46e131d78dba2eb455a4","block_height":null,"time":null,"vin":[{"txid":"e69af2a6ae476538b5aeca003d31802b7d8adb746b4d46e131d78dba2eb455a4","vout":0,"amount":17289.99999,"coinbase":false}],"vout":[{"n":0,"addresses":["prl1z4s3wu5dw0vn958zjr2gy5gcfk2ky8ummk67f5tdx7fkl8sa82jasjemtfg"],"amount":17200},{"n":1,"addresses":["prl1pgtkjgew2jhvcghj5jwx25f8k4rqruxmghan8y9984jlez9llz0qqrw3wql"],"amount":89.99997408}]}