{"txid":"c736086b270bdfee761e013fa02ce1166d1c2809deb44e91e6d030070967370f","block_height":null,"time":null,"vin":[{"txid":"c736086b270bdfee761e013fa02ce1166d1c2809deb44e91e6d030070967370f","vout":1,"amount":6917.7969227,"coinbase":false}],"vout":[{"n":0,"addresses":["prl1z4qlfm7hqnkp2s8r3wmda8dmx3teal9cn0jlr4hxhkfd2ehacup2qelmv07"],"amount":106},{"n":1,"addresses":["prl1pvrvy45a4naxs99mrjzgrt74yhdzuf2hhx2zdqzu9nkun4258z3eskaxk3v"],"amount":6811.79691178}]}