{"txid":"4ea12d36bdc09655357e3ccc2cad376402dbe8252672802b8d2075e83bae7f64","block_height":null,"time":null,"vin":[{"txid":"4ea12d36bdc09655357e3ccc2cad376402dbe8252672802b8d2075e83bae7f64","vout":0,"amount":423.4955705,"coinbase":false},{"txid":"632639c0040a567e6afbe81d3fa1712a816a4889ff32cefad203ed91e1daa874","vout":0,"amount":60,"coinbase":false},{"txid":"5a61e5afe3aff55e3f9d7eaba9d06e1000231658b4fd74e7d3ff9f8e6fdb650a","vout":1,"amount":39.01623266,"coinbase":false}],"vout":[{"n":0,"addresses":["prl1zlfx783xku4zcp2hhqqrenj6sm9de9yxtwnvg48378ng9sj703jsqlu3r0l"],"amount":500},{"n":1,"addresses":["prl1p6z85dd93t9ks64x6fn5c4wcdc38pwsks8vac4qed24g7mwhvmdrs8z969a"],"amount":22.51180046}]}