{"txid":"e5bfeb4ffae812d6f02847391912390963303e22e15597fc4cf2d4ac5fe2ce3e","block_height":null,"time":null,"vin":[{"txid":"e5bfeb4ffae812d6f02847391912390963303e22e15597fc4cf2d4ac5fe2ce3e","vout":0,"amount":163.95085593,"coinbase":false}],"vout":[{"n":0,"addresses":["prl1zzrafch6qhkyjqfpw80qysy3p3dwrvn2sjf3k073f3agjjfvnvyqqarsjxg"],"amount":163},{"n":1,"addresses":["prl1pq97mgvn7gxgn5gxtuwancd5x00z6mqzp0q56x7d9uz32qvw4sn3qxk5r72"],"amount":0.95085439}]}