{"txid":"ca9e985543b467bad90b61ca27bd7d13bb33581b9c2942312df7683916fc1bf5","block_height":null,"time":null,"vin":[{"txid":"ca9e985543b467bad90b61ca27bd7d13bb33581b9c2942312df7683916fc1bf5","vout":9,"amount":866.58139404,"coinbase":false},{"txid":"1753bed09ff75aba42c86d8af3201abf4b8a17d731fd230506336790cb8d4150","vout":1,"amount":0.5698177,"coinbase":false}],"vout":[{"n":0,"addresses":["prl1zmzmvl7x6nprv2k2jrrlefqhkuc5w86zu3w7t7xevs5mryyqvmc6sv2ktsx"],"amount":867},{"n":1,"addresses":["prl1pza4xkj2r85hkpwwak8l05v84q3mrqnmldquu30yhhl04tptqt58szjdsx6"],"amount":0.15120962}]}