{"txid":"0527546950f412a8e81c6311df2cfd8d68dff4a76eb59c6483e1fccc88c426e9","block_height":null,"time":null,"vin":[{"txid":"0527546950f412a8e81c6311df2cfd8d68dff4a76eb59c6483e1fccc88c426e9","vout":61,"amount":306.90666502,"coinbase":false},{"txid":"6dabc86d03334716976d8a40c1a051d2faacc9eac7ffbf470a925eb692289eb8","vout":211,"amount":274.20902354,"coinbase":false},{"txid":"4f3d718f73a733d947a73a1770723a9f92f8a6fafbea4c742b55a4d24a603915","vout":0,"amount":2.10330523,"coinbase":false}],"vout":[{"n":0,"addresses":["prl1z3swgzc399u7au4yl50f5pqluv2fkhtznkzne6aj2mlnm3h8d079sjepfz6"],"amount":582},{"n":1,"addresses":["prl1per7cc0gckhak65c9n82xdmrzsc9gzg8f9e0mxw2javqxxew4ewysdttkv0"],"amount":1.21897924}]}