{"txid":"fd03d19ba39174649509acd5afbd7f2d9c01a1bbcf212b5de43a0a7b9ddcff65","block_height":null,"time":null,"vin":[{"txid":"fd03d19ba39174649509acd5afbd7f2d9c01a1bbcf212b5de43a0a7b9ddcff65","vout":102,"amount":87.48865399,"coinbase":false},{"txid":"3b14feee4943cabf19bf2e357fb30ca319e1f4361890d8349d6d12ddc526402c","vout":1,"amount":71.69892405,"coinbase":false},{"txid":"d21ae111703325387a8bbbafc81fe3d60f5157419ceb2372cff33504a2d2891d","vout":651,"amount":56.85771572,"coinbase":false}],"vout":[{"n":0,"addresses":["prl1zpjc4xj93c9grzzfdzft57rzlle0ta2747ak82hmws9j8yeazww2s8qzfsp"],"amount":216},{"n":1,"addresses":["prl1pwr5886ypg84da89qdnuar3847aw56m80mzrsnzycwk0xknq5w6vsdwhre6"],"amount":0.04529106}]}