{"txid":"83190060b1d4e4e9e661c238c5f9225693319f1fd16d18cb67d2a69107dbb4e7","block_height":null,"time":null,"vin":[{"txid":"83190060b1d4e4e9e661c238c5f9225693319f1fd16d18cb67d2a69107dbb4e7","vout":1,"amount":1111.65732719,"coinbase":false}],"vout":[{"n":0,"addresses":["prl1z848pf6k23pjgdlexw7n58elw8cgtj6us8xd4zy3nevfs20vv5t7sq4px93"],"amount":0.0985},{"n":1,"addresses":["prl1pza4xkj2r85hkpwwak8l05v84q3mrqnmldquu30yhhl04tptqt58szjdsx6"],"amount":1111.55882565}]}