{"txid":"f08a1b0be4f8b5236122a5a3c098e51ccccb1b5f62af72b8915f65b3f8cd7b97","block_height":null,"time":null,"vin":[{"txid":"f08a1b0be4f8b5236122a5a3c098e51ccccb1b5f62af72b8915f65b3f8cd7b97","vout":0,"amount":13748.79107486,"coinbase":false},{"txid":"7c94deebe5c9d0e5de2758db5219e8454f42bb6b01207eabfcbe2e0082344033","vout":0,"amount":579.99999,"coinbase":false},{"txid":"883ae8dffc5848f5c51d408375affc563ba2c757e8bfaa99126ab6b2cbbb8c4c","vout":0,"amount":1.87287605,"coinbase":false}],"vout":[{"n":0,"addresses":["prl1pqrfav2aasgy7f0thdzl0adsnz6q06p47ppeug94x2h9sv360984s9kpqul"],"amount":0.66393821},{"n":1,"addresses":["prl1zj4lnjs8fn5n3aca23u8qcxvmutqn3vmcwvt88uhuax5xu9aah6pqh2j2nj"],"amount":14330}]}