{"txid":"bd81ceedec19bb1308175d70894e7045839a02fdd85b145e568f960a334ffaed","block_height":null,"time":null,"vin":[{"txid":"bd81ceedec19bb1308175d70894e7045839a02fdd85b145e568f960a334ffaed","vout":65,"amount":278.57753628,"coinbase":false}],"vout":[{"n":0,"addresses":["prl1ptfv0kz7n547s973d9rfvh3nhjc8fh7x9zslsmd06tpmtdxrdssjqmrm5dx"],"amount":77.57745828},{"n":1,"addresses":["prl1z7fga3r04yct9jxwyfluqvrpqsydmthnjz3rheu6dmp5wmfwmfz0s9n5tf4"],"amount":201}]}