{"txid":"1dc4fc856205b1f88b686a27d2dc62ac03a8442301d04cde7cf77f042c89fe42","block_height":null,"time":null,"vin":[{"txid":"1dc4fc856205b1f88b686a27d2dc62ac03a8442301d04cde7cf77f042c89fe42","vout":1,"amount":7999.99996038,"coinbase":false}],"vout":[{"n":0,"addresses":["prl1pljr8tu3m3lz4hx0mr6ah5xhehe6t2h2zghvsqqr8trsvj0qufdgsegeh6e"],"amount":1003.99995208},{"n":1,"addresses":["prl1zgztfj5t37trjt9964tdzvwtt24grr03s3vyjfxn2ty0j6pdllz4s58klg7"],"amount":6996}]}