{"txid":"c43a819bd218d3b7decd67e4e88902fc2e2061c4a8900cabc7297acb7fb5a164","block_height":null,"time":null,"vin":[{"txid":"c43a819bd218d3b7decd67e4e88902fc2e2061c4a8900cabc7297acb7fb5a164","vout":0,"amount":2725.82195819,"coinbase":false},{"txid":"dcc763e969e105785e67cee80f747b24a2f2c76f8b5f79ad4196adf358f0529d","vout":1,"amount":2700,"coinbase":false}],"vout":[{"n":0,"addresses":["prl1p7wpvgazlfzrumqvfe7kkrssclszx9hn3yedfe9tjvjzlpdx34ucqhkjgn6"],"amount":25.82194668},{"n":1,"addresses":["prl1z4km3a4gr65ldv738rzs4pa0x4q60030u7qpv3jwenmhfxmz0cg4sxw87p7"],"amount":5400}]}