{"txid":"ce0a883cb045fdeb5ab3c442b9708eaa6416c99accbab742032f0eda04982fd0","block_height":null,"time":null,"vin":[{"txid":"ce0a883cb045fdeb5ab3c442b9708eaa6416c99accbab742032f0eda04982fd0","vout":0,"amount":5010.99999,"coinbase":false},{"txid":"ceae91630baa438c90e97b019e1a12092248f973ade8e7796a3bf2f61b0a6921","vout":1,"amount":0.999899,"coinbase":false}],"vout":[{"n":0,"addresses":["prl1z46mydhrnwruuw3yyxjxh2suaqqm8nafa2ul8wcuza9rh6te0yn2qyyyjgz"],"amount":5011},{"n":1,"addresses":["prl1pdytdzfcnaaxj082csutg609kr9ck6vz5t2me8rkr737en3q7e43q3gzkey"],"amount":0.99988688}]}