{"txid":"04a908db07f584f5deb78fe5c32c0549acc44d12851e68f633c50b0ee8c84dda","block_height":null,"time":null,"vin":[{"txid":"04a908db07f584f5deb78fe5c32c0549acc44d12851e68f633c50b0ee8c84dda","vout":0,"amount":7649.99999,"coinbase":false},{"txid":"06f6f0fc8e5453e384018aeb8e889dbe0cc649fa57e2e1231815bbb9e4e9f1e3","vout":1,"amount":54.12749363,"coinbase":false}],"vout":[{"n":0,"addresses":["prl1zsjgak3wl7zvq555m33qnp79l7c87pa8uym2a2qyu9n4r260ln7lq6eupgx"],"amount":7700},{"n":1,"addresses":["prl1pqf70zr4ryu7zx5gdnt3hxjsf9ly3m48fqwrvlfa9rfq29vn08lpquppaej"],"amount":4.12747217}]}