{"txid":"0527546950f412a8e81c6311df2cfd8d68dff4a76eb59c6483e1fccc88c426e9","block_height":null,"time":null,"vin":[{"txid":"0527546950f412a8e81c6311df2cfd8d68dff4a76eb59c6483e1fccc88c426e9","vout":281,"amount":633.54475115,"coinbase":false}],"vout":[{"n":0,"addresses":["prl1zpf02s9cgqe3mtf4xg47egv8we645gmeakej9fn27qr6le8mxqcusrpwgfc"],"amount":600},{"n":1,"addresses":["prl1p7cawrvh9xk3gmr7v39s8xu0p8s7tpqy475egadvmefa87defyrpq4yzpfx"],"amount":33.54474961}]}