{"txid":"8ffebbbcc3dc4211600b0d0f0a139b728cc2bf06dc79e03837da39a80175a79f","block_height":null,"time":null,"vin":[{"txid":"8ffebbbcc3dc4211600b0d0f0a139b728cc2bf06dc79e03837da39a80175a79f","vout":0,"amount":2630.99999,"coinbase":false},{"txid":"68596ff6cc73c3427b12282dc9e4f557cbd6b5b626971093efe503677da64b31","vout":0,"amount":0.66513654,"coinbase":false}],"vout":[{"n":0,"addresses":["prl1p3y7cmwjvdcv7sjhnrqpqekttf0lwslu9d857pcs0chwdet7w83rshckp96"],"amount":0.66511494},{"n":1,"addresses":["prl1zq6k63zvfnkwqm99vxau05t4xvt6875q0luadtamrenw2xnmmqakql0n6qx"],"amount":2631}]}