{"txid":"21f7186a2e07745f613d265eed226de22c78027abcf9500d68e215466b70ee8d","block_height":null,"time":null,"vin":[{"txid":"21f7186a2e07745f613d265eed226de22c78027abcf9500d68e215466b70ee8d","vout":87,"amount":268.20337999,"coinbase":false}],"vout":[{"n":0,"addresses":["prl1pq5mp4ec3u40j2vlhch27eqdh99u7en782hqcuzlc6t0gqea25zpq0k8jdz"],"amount":168.20337165},{"n":1,"addresses":["prl1zr0yr80ln2q7aclr0j7k7v7qr5tn9cfdh4s4wdh3kdztxd49nfrrsmz88sp"],"amount":100}]}