{"txid":"43c53c6caf26e512795b6551cc65fe0998f49302a005e1affd39b3c809c26623","block_height":null,"time":null,"vin":[{"txid":"43c53c6caf26e512795b6551cc65fe0998f49302a005e1affd39b3c809c26623","vout":122,"amount":89.06255456,"coinbase":false},{"txid":"649664df34ce184d501624cfe3a0f59b23189b67f8505bbb02b8b90dde711227","vout":277,"amount":11.70318435,"coinbase":false}],"vout":[{"n":0,"addresses":["prl1pfs5jjgg40gt2zut8cjlf0pyllfvej3cvyt7v256jzze7fjzy5qyq2743qv"],"amount":0.76573678},{"n":1,"addresses":["prl1zjuyjqul492avek5sl4esdfgemtd24p8chx2x3a66t0gkmclejxss7j35ll"],"amount":100}]}