{"txid":"a7666431bb8628263407f9d12890ba6fbf0a2a9a9edc00d232e9873d75df3b77","block_height":null,"time":null,"vin":[{"txid":"a7666431bb8628263407f9d12890ba6fbf0a2a9a9edc00d232e9873d75df3b77","vout":444,"amount":455.22767649,"coinbase":false},{"txid":"5263bc4aa63202ec148bb08b82e17bb2485037bb77912f8d2baf23d1896a4aa8","vout":420,"amount":455.18173828,"coinbase":false},{"txid":"d2baa240490111c0c4744f51c7aa150655e6e7f63ab5afdb1df637d11512acf9","vout":1,"amount":407.55048572,"coinbase":false}],"vout":[{"n":0,"addresses":["prl1zcyl8eu4uc7gyfw6u33rjuygz4y9tv5k8hatrx4ddyhwyu2n3lq0qa6f4pn"],"amount":1000},{"n":1,"addresses":["prl1phtelnzd37d7ac8errht86c3jaw8pmdvrkj8yp6lpp38aureyw3uqveudvy"],"amount":317.95989779}]}