{"txid":"c5e9ca055c1d47e87ed5191d0c49f8036f66c411ccdbf25c29dfb0731a12f913","block_height":null,"time":null,"vin":[{"txid":"c5e9ca055c1d47e87ed5191d0c49f8036f66c411ccdbf25c29dfb0731a12f913","vout":0,"amount":16590.0057776,"coinbase":false},{"txid":"1fd6d3dd10735dbce08ae84a65b6b3461b123f808d258bc85ec1ed9591d77f13","vout":0,"amount":3944,"coinbase":false}],"vout":[{"n":0,"addresses":["prl1prjmu96p0d20he9fau25lvqvn3n4up2dekykelg3lquhzkrxj2mpsz2djz0"],"amount":534.005553},{"n":1,"addresses":["prl1zq54vaaxg43khjaw7ep8zruslsxwa5udfurzjxcegdwuh0h6klyusf3rq8n"],"amount":20000}]}