{"txid":"649664df34ce184d501624cfe3a0f59b23189b67f8505bbb02b8b90dde711227","block_height":null,"time":null,"vin":[{"txid":"649664df34ce184d501624cfe3a0f59b23189b67f8505bbb02b8b90dde711227","vout":445,"amount":495.31692944,"coinbase":false}],"vout":[{"n":0,"addresses":["prl1zcge32hayn7ek5a4gq7q0ky265v66sa98kxyfrkux7stzkqzn379snzn54d"],"amount":490},{"n":1,"addresses":["prl1pfj8ltg2gj3znl4rjsnmzp6kzug6t564a6nu354p22t8wc6sevrcsgd8z78"],"amount":5.31692108}]}