{"txid":"ddcc35f3e308354c36feb6d4c6be1046242a7712109a50d672f6e12a8bea66f7","block_height":null,"time":null,"vin":[{"txid":"ddcc35f3e308354c36feb6d4c6be1046242a7712109a50d672f6e12a8bea66f7","vout":0,"amount":3189,"coinbase":false},{"txid":"b84c41a068f56ff54afe4c50d4c5cac9080e89351670db72e9d61e1d5613689d","vout":0,"amount":0.99997823,"coinbase":false}],"vout":[{"n":0,"addresses":["prl1pqfhrxyvkgv8dtydz05j9zh68vh9ggremklf6vmunvst7zx2s0p2s6y9jzf"],"amount":0.99995693},{"n":1,"addresses":["prl1zm0mepfy7lat6ze0fvu5vkvj9fhp2xq96ff6f0zhl0lp8j93tzc9spsq724"],"amount":3189}]}