{"txid":"212c4059e2d96f61530a6fdd170e2c696186f82ee0d9199dac55b78c86f20c2d","block_height":null,"time":null,"vin":[{"txid":"212c4059e2d96f61530a6fdd170e2c696186f82ee0d9199dac55b78c86f20c2d","vout":74,"amount":83.60599332,"coinbase":false},{"txid":"7634a264f85656d4420760cc9d28d0e00be4b460459cdc13b52aea4f59da3d8f","vout":1,"amount":45.02472741,"coinbase":false}],"vout":[{"n":0,"addresses":["prl1z0ah7n4knwt3zeess59echud5khzt3fyaxn3d6mwe9na92n35ekeq78zkpc"],"amount":100},{"n":1,"addresses":["prl1pt2g7v3ud4hm7r9yey0jfzc8qdhm7gj2tlv0j9cash332ndnjerfsjehylp"],"amount":28.63070925}]}