{"txid":"7b55e8d328f1e96006d22a6fc63b5c9f0e680d882cb71a0a000dd5d972dc70eb","block_height":null,"time":null,"vin":[{"txid":"7b55e8d328f1e96006d22a6fc63b5c9f0e680d882cb71a0a000dd5d972dc70eb","vout":0,"amount":499.99999,"coinbase":false},{"txid":"b92ba988831eceb0700abe49fe9728ae2ede8b6e250605f07ea98c4ad9b1672a","vout":1,"amount":5.346926,"coinbase":false}],"vout":[{"n":0,"addresses":["prl1z672jfeq5w300zzmsmyy69gz45v0s9n957ty9h7jmapvdl45kl84s7rl7s2"],"amount":500},{"n":1,"addresses":["prl1purf6ghn4qfn7789y52axxwp69ytrfvy4yw7xjfw33kc7jl34xfysupzv4q"],"amount":5.34691388}]}