{"txid":"05f57f2ca4190b7b927e3d7762c76bcca0b7582a564a2f52eb4b812be1c0c1c3","block_height":null,"time":null,"vin":[{"txid":"05f57f2ca4190b7b927e3d7762c76bcca0b7582a564a2f52eb4b812be1c0c1c3","vout":1,"amount":499.99999846,"coinbase":false}],"vout":[{"n":0,"addresses":["prl1z05yqmvady99kgky7qfhhnkpmxzqhagft5a7hyhenftnm7s5dl5xq4f528e"],"amount":300},{"n":1,"addresses":["prl1pzmr904ef067506akv00h53aavc9m6mjerllkxarztqm49gdxetsq8dldx5"],"amount":199.99999692}]}