{"txid":"587f98d2de2a6523116165fea23ca779fb19d60687b49649f677b02760c40560","block_height":null,"time":null,"vin":[{"txid":"587f98d2de2a6523116165fea23ca779fb19d60687b49649f677b02760c40560","vout":16,"amount":182.86340728,"coinbase":false},{"txid":"5055cbc66f816a78561e9c7f77bd165ca47557095b7660263ad825f092826a7a","vout":35,"amount":95.29635988,"coinbase":false}],"vout":[{"n":0,"addresses":["prl1ppff0sm44gx0vjxa6dgl0qg6l6w6d2qv42q24j2vrw3y34h6huwusyhuxrr"],"amount":78.15953063},{"n":1,"addresses":["prl1z3jwssprm9lx6lz08qvd2v7sad7r5c9kt600zp8mlhmnuz8qusspq4lj9n8"],"amount":200}]}