{"txid":"da7867a589697aee93ebe9777b24aa60a81833d8d107256838bd7e675ce31802","block_height":null,"time":null,"vin":[{"txid":"da7867a589697aee93ebe9777b24aa60a81833d8d107256838bd7e675ce31802","vout":1,"amount":1900,"coinbase":false},{"txid":"da7867a589697aee93ebe9777b24aa60a81833d8d107256838bd7e675ce31802","vout":0,"amount":9.99988453,"coinbase":false}],"vout":[{"n":0,"addresses":["prl1pqp0ukpg3v6z73vy5q0epfytuvm9l2dyk06h9rwes2z4le270qgmsc73key"],"amount":9.99987283},{"n":1,"addresses":["prl1zrl08wtf524awjmw6z85gj6ujs0g7ez30rvzq6cpzv6ey6jtz653qkllfsq"],"amount":1900}]}