{"txid":"6bb19aee662a5e998d69e80d92058b5566aeeb43fef517bce9d1360ed4e62389","block_height":null,"time":null,"vin":[{"txid":"6bb19aee662a5e998d69e80d92058b5566aeeb43fef517bce9d1360ed4e62389","vout":1,"amount":4831.99998692,"coinbase":false},{"txid":"6965e5f56e79c4c361efb7115136209251154acebc87de16b94becb9e1164d52","vout":0,"amount":1351.99994423,"coinbase":false}],"vout":[{"n":0,"addresses":["prl1zhcnjm5xqfpxx6vat855quhvtswsd769v469ug6340ztqulgpagdqkwm702"],"amount":4900},{"n":1,"addresses":["prl1p209gdfdx4vl4y229jsqgx7rrncxpjpt2dgczqm7s8etpy0v60adqq05623"],"amount":1283.99992903}]}