{"txid":"ddc9c336647ffa8a3e2d36ed84e1254417a678b3182a3b95e9675d8b6f4d3446","block_height":null,"time":null,"vin":[{"txid":"ddc9c336647ffa8a3e2d36ed84e1254417a678b3182a3b95e9675d8b6f4d3446","vout":0,"amount":999.99999,"coinbase":false},{"txid":"1f305b33f0757d7d5e82e829dc0a01e567bf11e2240c15f048bccb0157618a01","vout":1,"amount":239.99998164,"coinbase":false}],"vout":[{"n":0,"addresses":["prl1z80y6l494tx3qw7m5cyexvr4l2s3atsf8d4aegz7lr2cs4z4f83zshay8jr"],"amount":1000},{"n":1,"addresses":["prl1pehdam25fnfq7s0qdj9uynnc0eu796tpmeftkp74s64jhwvt8sqhspfzr9q"],"amount":239.99996012}]}