{"txid":"2cd049fa15c7023a9f3e22f71a3d186414dc0f86ffaacefa8de3bbdb098f258a","block_height":null,"time":null,"vin":[{"txid":"2cd049fa15c7023a9f3e22f71a3d186414dc0f86ffaacefa8de3bbdb098f258a","vout":0,"amount":1960,"coinbase":false},{"txid":"d4bef17cd66d44e53b53c8494fe8b9455d66a87fff7f2320e6fd4d1c80973520","vout":0,"amount":1715,"coinbase":false},{"txid":"48a11b402f7aa49fd77cf56e85d20bfa82b53d0cf3cad37b8f88f1039d1888f8","vout":1,"amount":1625.4999973,"coinbase":false}],"vout":[{"n":0,"addresses":["prl1zryhk9p8zafxt9fpg7fl0g8sm049h25cpgjzamxvtqkx9my66qd5qtjhz5q"],"amount":5000},{"n":1,"addresses":["prl1ps57zawz8lvzq3u86j5fa7vp84vsg2v2uj675gar5ddaa6vuqemlstsqe6m"],"amount":300.4999946}]}