{"txid":"d36b675e105363a8b4ae3e531d88f366cfd5a424b2e98060e164b84ecbe93336","block_height":null,"time":null,"vin":[{"txid":"d36b675e105363a8b4ae3e531d88f366cfd5a424b2e98060e164b84ecbe93336","vout":397,"amount":116.0344839,"coinbase":false},{"txid":"d36b675e105363a8b4ae3e531d88f366cfd5a424b2e98060e164b84ecbe93336","vout":854,"amount":116.0344839,"coinbase":false}],"vout":[{"n":0,"addresses":["prl1zx3k4twu6e3gerk5cxsdl56cqhuyjz6vxe5629qstpks58myv44lsfqasaw"],"amount":232},{"n":1,"addresses":["prl1pj3we2za3kndqn9l0pgk8xjh3z69zarne208znl5rtkcykh2cp3aqvm745p"],"amount":0.06896568}]}