{"txid":"5cfac50b20c9fa2dc839a93b71b7d5e065f768d983fea8f47b849561bbee1796","block_height":null,"time":null,"vin":[{"txid":"5cfac50b20c9fa2dc839a93b71b7d5e065f768d983fea8f47b849561bbee1796","vout":0,"amount":2884,"coinbase":false},{"txid":"10cf78ae136d1d1134d11dc1fbeca2b733741a2c89faf4774ba96a611f1c9e31","vout":0,"amount":60,"coinbase":false},{"txid":"c82f5dfcdc9e25222b731c0c0eb4bd3402ee63932580384a1cfba66ebf59416f","vout":1,"amount":0.83958941,"coinbase":false}],"vout":[{"n":0,"addresses":["prl1pfmuak8zv8m0kwc56m8wa7xlyfwghejsx2fma23a0e9kc3788n2wsxc04us"],"amount":0.83957485},{"n":1,"addresses":["prl1z7uhrane7m6euau8degzs7s9sz7xzl7450pd68k4am2gh6da4kyxqemsr6f"],"amount":2944}]}