{"txid":"725ca66fc513a2259963cac8b7adb4e115d047fe9dbdf96aa663444ea7c77276","block_height":null,"time":null,"vin":[{"txid":"725ca66fc513a2259963cac8b7adb4e115d047fe9dbdf96aa663444ea7c77276","vout":19,"amount":624.21994726,"coinbase":false},{"txid":"d564b158d07e8db73a0617ea17002f410f2b7f909a2fa870476d5b3f003a90b2","vout":5,"amount":605.57816165,"coinbase":false}],"vout":[{"n":0,"addresses":["prl1ppy7cq3h57a04gy88kchfgyh3ggcs577kzzdr3t4hmevcjem94f8qt9u80n"],"amount":229.79788675},{"n":1,"addresses":["prl1z436z2wffp897g8mpft5tkrh0fl6k3enhqqtekpzrk84clkwf67cs25cgvu"],"amount":1000}]}