{"txid":"e7ea3e414edcfd82ecc868ac6c3431d315fe39e2011fd57ac16cb64f6a1371e9","block_height":null,"time":null,"vin":[{"txid":"e7ea3e414edcfd82ecc868ac6c3431d315fe39e2011fd57ac16cb64f6a1371e9","vout":0,"amount":236.43694672,"coinbase":false}],"vout":[{"n":0,"addresses":["prl1zh0q9aakeg6ydasnnxrhwr9hl3p3k80l9qw99542rhfk5ery5tljqntfw04"],"amount":215},{"n":1,"addresses":["prl1pgwtaq0tacphg3afzeskkgrvecusrc3jyucaj30r55y8p5md8vcqqwsk00a"],"amount":21.43694517}]}