{"txid":"a1eb498bdd69de0497785eeaaee7f9190713c5ce9d6b833046dbb53c53a27827","block_height":null,"time":null,"vin":[{"txid":"a1eb498bdd69de0497785eeaaee7f9190713c5ce9d6b833046dbb53c53a27827","vout":355,"amount":2830.094906,"coinbase":false}],"vout":[{"n":0,"addresses":["prl1pvvpyyp66fyde6mv4uz3cg72k00qecc355wkcgtkfrxr874p2xr7sets6k0"],"amount":30.0948595},{"n":1,"addresses":["prl1zvxyhx0gwd3jsc985685krgrnvgkvm730hg2jwvp5rjc84d8qam6srjmdfw"],"amount":2800}]}