{"txid":"c3588a11f27dadb2f641002252d173f550a95ed2bc7b76c74522f9254982d9b6","block_height":null,"time":null,"vin":[{"txid":"c3588a11f27dadb2f641002252d173f550a95ed2bc7b76c74522f9254982d9b6","vout":0,"amount":498.99991027,"coinbase":false}],"vout":[{"n":0,"addresses":["prl1zk5a8hwy2fur0vkq8f94u5atvv7myvlk24cnkrtd0yk0nertxrt2qssd9qx"],"amount":280},{"n":1,"addresses":["prl1pz7djw0s39tfq5eke437teffwp4we5a2v0rlmd49ffcr7r9k6pwjssdcwh0"],"amount":218.99982734}]}