{"txid":"390c7dbf7a524ae78726dcebb1be3e09cb7500ad73444e4a7caf604bd8de6941","block_height":null,"time":null,"vin":[{"txid":"390c7dbf7a524ae78726dcebb1be3e09cb7500ad73444e4a7caf604bd8de6941","vout":1,"amount":26191.99999384,"coinbase":false}],"vout":[{"n":0,"addresses":["prl1zkqzajd5q75n92vh7qndwrnfg8plwdqkp694m9ndty9v05xujtuqqr6hm5p"],"amount":5000},{"n":1,"addresses":["prl1p47rm07xafyztc7dz0pcs0pur3psdfqgfsawrpk646d4gasy0w2mst6rxak"],"amount":21191.9999923}]}