{"txid":"9199ea8c833fbe58e54cfe555be66fa03371caa31d9217d1a2c8acae40de5a15","block_height":null,"time":null,"vin":[{"txid":"9199ea8c833fbe58e54cfe555be66fa03371caa31d9217d1a2c8acae40de5a15","vout":1,"amount":1511.99999735,"coinbase":false},{"txid":"e442d1c6f3545b948126a9cc3ff9077f6fd7772f973387151a6d78637bcf5261","vout":1,"amount":482.97786309,"coinbase":false}],"vout":[{"n":0,"addresses":["prl1z92nnv2y3064pz0rnysngqlmus7mz9xxgmqev67gcg7492jd87gws8j4v36"],"amount":1677},{"n":1,"addresses":["prl1pssevuxrt4xg6mqhemymwdrasdmzxd9su74wv0lr5jqt3zycpk9fq2ghh7a"],"amount":317.97785832}]}