{"txid":"366d7802f1ac0ec21579ac00769e31db5ec35df0828cfeb739777e73c2a5423c","block_height":null,"time":null,"vin":[{"txid":"366d7802f1ac0ec21579ac00769e31db5ec35df0828cfeb739777e73c2a5423c","vout":1,"amount":38349.99999846,"coinbase":false}],"vout":[{"n":0,"addresses":["prl1zpeut2txwerr2gkw5edamesl4r03r29s7k60mrzvdusl5x90r3jlsw6zy0s"],"amount":2158},{"n":1,"addresses":["prl1p47rm07xafyztc7dz0pcs0pur3psdfqgfsawrpk646d4gasy0w2mst6rxak"],"amount":36191.99999692}]}