{"txid":"be92e32497a19758b193de1a30fed840060ef358e1f7b56bf1360c78c1dc2c3d","block_height":null,"time":null,"vin":[{"txid":"be92e32497a19758b193de1a30fed840060ef358e1f7b56bf1360c78c1dc2c3d","vout":822,"amount":189.0788774,"coinbase":false},{"txid":"d205584f0fd360bf31ddd77714ceec2cfca7ed688f200bc292d920c87afdbafe","vout":956,"amount":115.71674515,"coinbase":false}],"vout":[{"n":0,"addresses":["prl1z37quc90kvmh4phzpugtj2qv5za2hmca92syrd76cpjkrdfwn57uqenprfk"],"amount":300},{"n":1,"addresses":["prl1pzl0435lt6lzy74ycxksfu9f5823fugtw8fhhycgm6wlng7a5cgqqrsatcg"],"amount":4.79562043}]}