{"txid":"96f2bee90f9d8d34c19f99beea893ac5cdd056861e7872d87f4c73ffa8653165","block_height":null,"time":null,"vin":[{"txid":"96f2bee90f9d8d34c19f99beea893ac5cdd056861e7872d87f4c73ffa8653165","vout":1,"amount":1649.99998788,"coinbase":false}],"vout":[{"n":0,"addresses":["prl1z2ylea84732s9uga26dvjs3hl0tmgudpytzf56elqlw4lg6zc7z5sra4w4z"],"amount":500},{"n":1,"addresses":["prl1ppvp2twm9pcdu0255sn6twmra5xaaz2e7709kzzfrc9y0q8gne7csc9g44u"],"amount":1149.99998634}]}