{"txid":"d3099eaabeb98b1d35c1c52682e3ed0b94cb592ffcfc0625ca1b468fc8529fe2","block_height":null,"time":null,"vin":[{"txid":"d3099eaabeb98b1d35c1c52682e3ed0b94cb592ffcfc0625ca1b468fc8529fe2","vout":0,"amount":179.99999,"coinbase":false}],"vout":[{"n":0,"addresses":["prl1zr60dy9a9rufa82hzxs8cvmgnfmf49mwkzkjcwlqgxa2r973eu2ustv55u2"],"amount":100},{"n":1,"addresses":["prl1pesd46vcsy6znd4py8x4lslmtj3t8nq4llwwczpnex2fgqj693r6squ8nnj"],"amount":79.99998846}]}