{"txid":"11d59f6f857ba3a2cdcb00623dd1119d2b4d07d2ad61377797b673768ddb8acc","block_height":null,"time":null,"vin":[{"txid":"11d59f6f857ba3a2cdcb00623dd1119d2b4d07d2ad61377797b673768ddb8acc","vout":0,"amount":2809.34047235,"coinbase":false}],"vout":[{"n":0,"addresses":["prl1z2e3n3lurawdrxf3a4z705k425l8l0asavnpa83ymdrrxfdy2r0hs8alc8t"],"amount":1000},{"n":1,"addresses":["prl1p7hmvdn585hhe99lcqmcnlzhagm6a0t0nfw2qjm7fjjd0fgujmgesf5vhtq"],"amount":1809.34045685}]}