{"txid":"f818471952766d18d7eecbb642174a63b1205003b23a0bc7c393fceabe314eac","block_height":null,"time":null,"vin":[{"txid":"f818471952766d18d7eecbb642174a63b1205003b23a0bc7c393fceabe314eac","vout":1,"amount":110,"coinbase":false},{"txid":"15fbc2e4eeb68389df17894848336e1e775b49d8f3f438391ece3c7f1afbf8da","vout":802,"amount":31.59146693,"coinbase":false}],"vout":[{"n":0,"addresses":["prl1p3crh6rlrqapsq9q8duwrrk9dy3gv7dd576rd8rjl7585vu8hmv8qv42dj8"],"amount":31.59118419},{"n":1,"addresses":["prl1zz3wtlfgc8fdxvxgqxltrfwukvldtnzyhz92q7lxgk4fplkklaztq2a7na8"],"amount":110}]}