{"txid":"3c266ee88989fa8caed26aac3d47407996e5932aad2934ed692449d499529d9a","block_height":null,"time":null,"vin":[{"txid":"3c266ee88989fa8caed26aac3d47407996e5932aad2934ed692449d499529d9a","vout":0,"amount":6548.99988977,"coinbase":false}],"vout":[{"n":0,"addresses":["prl1z2rq6l8lfmmvfvsya2hseg5pfhcau0r7h64hyx8gce53f367hr8tsnf4qsc"],"amount":3750},{"n":1,"addresses":["prl1p209gdfdx4vl4y229jsqgx7rrncxpjpt2dgczqm7s8etpy0v60adqq05623"],"amount":2798.99988823}]}