{"txid":"583fb221e6e5f07d03905af39c62ab849ab3d3d357e8a40e98b25766b2159cd2","block_height":null,"time":null,"vin":[{"txid":"583fb221e6e5f07d03905af39c62ab849ab3d3d357e8a40e98b25766b2159cd2","vout":0,"amount":2940,"coinbase":false},{"txid":"30e3305dae2e851be82f63d99ebd5b1633b75feb8c7cc68f3e4146fe036e959c","vout":1,"amount":2938.99999846,"coinbase":false}],"vout":[{"n":0,"addresses":["prl1z85p2ly8d68s89ts6mu2rm3cwuhahlqu30xsvtzdrhdn9aw3de5xql3x35w"],"amount":5000},{"n":1,"addresses":["prl1p6mlj6p0uw98ynnhruzvputg5g68v0ajff5ldtzlmuuylpjwu99ts22rerj"],"amount":878.99999634}]}