{"txid":"fe9f3f59009d8605dbd3fd1d5976825f34697f4312c9ae221737d621d71ee485","block_height":null,"time":null,"vin":[{"txid":"fe9f3f59009d8605dbd3fd1d5976825f34697f4312c9ae221737d621d71ee485","vout":0,"amount":1000,"coinbase":false},{"txid":"4120901e0f4809799635337130a2af359a66587500a2ee681a7c159627c26b39","vout":0,"amount":1.84602661,"coinbase":false}],"vout":[{"n":0,"addresses":["prl1pm5al7vs455wqpd6ymy86eu24lwk82xryaj70ej2jvmyt48j9qwzqggqztw"],"amount":1.84601514},{"n":1,"addresses":["prl1zuxkq0wltfjteq6pc3u5q8tgssjnz8se0rw2pekaj7lhm8jz3nzhqqlr7fd"],"amount":1000}]}