{"txid":"08c61d1667573214315d91f6197846180bf9dc07638d05d3af2510a525e4f1dd","block_height":null,"time":null,"vin":[{"txid":"08c61d1667573214315d91f6197846180bf9dc07638d05d3af2510a525e4f1dd","vout":1,"amount":10000,"coinbase":false},{"txid":"091f3084aa68b228324c7dbb0ee5538d3983ccd5ca80b32771f0065d449d4df3","vout":1,"amount":0.99997996,"coinbase":false}],"vout":[{"n":0,"addresses":["prl1zdqfnp0zdrqzsdq735clmhye54zk4g7lrjzv7cveyt87dk2s72w3sghrujv"],"amount":10000},{"n":1,"addresses":["prl1p3gg6x95uh2nkewdaq6u8e5am7j7j5wd95h3kmx94mguphrxgk6cq77tj27"],"amount":0.99997784}]}