{"txid":"649664df34ce184d501624cfe3a0f59b23189b67f8505bbb02b8b90dde711227","block_height":null,"time":null,"vin":[{"txid":"649664df34ce184d501624cfe3a0f59b23189b67f8505bbb02b8b90dde711227","vout":301,"amount":5336.25309427,"coinbase":false}],"vout":[{"n":0,"addresses":["prl1ztldcszv5pme0kywt0mvtydt75tcn98vlw5da8umlrqgvkzw4pm0qnvtc94"],"amount":500},{"n":1,"addresses":["prl1prlgglhezl4ajhladjuklgtegrjgyhghzwgnxrzesn5d0slupz2qqfmjl56"],"amount":4836.25309273}]}