{"txid":"6a1201d76fefcd2cc8c59d4a1e057e0b0ccb08ae89316311bb118e98ed5d3179","block_height":null,"time":null,"vin":[{"txid":"6a1201d76fefcd2cc8c59d4a1e057e0b0ccb08ae89316311bb118e98ed5d3179","vout":1178,"amount":141.7360615,"coinbase":false}],"vout":[{"n":0,"addresses":["prl1z5hkmfgy8jmyyy0x2ug7a56cx4gpgf4dsplyqgdnavvvdrq9x6cjqn0d6x4"],"amount":141},{"n":1,"addresses":["prl1pj6afrzser5npqmk2jfmtn5vrvlk004ryq59hx8a7qzlpq9vg5tustg59n7"],"amount":0.73605996}]}