{"txid":"ca9e985543b467bad90b61ca27bd7d13bb33581b9c2942312df7683916fc1bf5","block_height":null,"time":null,"vin":[{"txid":"ca9e985543b467bad90b61ca27bd7d13bb33581b9c2942312df7683916fc1bf5","vout":423,"amount":302.20261886,"coinbase":false}],"vout":[{"n":0,"addresses":["prl1z34w3ex5fx8pmzfpgcyf3xhdl7lx2hhvrad22cl2gsas35u5gtmns7urax4"],"amount":100},{"n":1,"addresses":["prl1pefy97fscslmg7ls4nnydj4x2qk87e9g20ztf6d9h0sf0s007flhsghwpnu"],"amount":202.20261732}]}