{"txid":"eb566649dd1335ddad39fc90b3589573ef100eac61c9a21761a5bb0fdb9826fa","block_height":null,"time":null,"vin":[{"txid":"eb566649dd1335ddad39fc90b3589573ef100eac61c9a21761a5bb0fdb9826fa","vout":0,"amount":9999.99999,"coinbase":false},{"txid":"86658131c717f9c595eb74be4903a6d9f6e4e6125653e92e2367f3045ad7d2ea","vout":1,"amount":6204.93001742,"coinbase":false}],"vout":[{"n":0,"addresses":["prl1zsc2w9hx6l4lxfjz9242j3kcf03nk4gc4r8pszp9t6hppuksurquq94duvu"],"amount":10000},{"n":1,"addresses":["prl1pj0zg0v2x88rzdz7x0dyrlp37nqjzksqem293nk79nx7cd3hk8qcspsfld6"],"amount":6204.92989695}]}