{"txid":"ca9e985543b467bad90b61ca27bd7d13bb33581b9c2942312df7683916fc1bf5","block_height":null,"time":null,"vin":[{"txid":"ca9e985543b467bad90b61ca27bd7d13bb33581b9c2942312df7683916fc1bf5","vout":393,"amount":95.43889879,"coinbase":false},{"txid":"6dabc86d03334716976d8a40c1a051d2faacc9eac7ffbf470a925eb692289eb8","vout":44,"amount":31.29348943,"coinbase":false},{"txid":"286f4dbc85fb823344e3c5ca97ae7e7eb0afc8e7ddb4ce1e58a00abd2c76b23f","vout":378,"amount":7.8431334,"coinbase":false}],"vout":[{"n":0,"addresses":["prl1zquvkzefqkvqvcq2se2epzh28dw6ze8y43gx4aem442wdezwtee9s4raafw"],"amount":134},{"n":1,"addresses":["prl1pag8s2nk7pkzr5ur0regn4lxmfz2js2szudhwy323f93d7qqln7tsulvm97"],"amount":0.57550697}]}