{"txid":"95778a0490f25bfad0dd59ba70507fd8d38ed5576a83b0f213a27ac16b6c5b95","block_height":null,"time":null,"vin":[{"txid":"95778a0490f25bfad0dd59ba70507fd8d38ed5576a83b0f213a27ac16b6c5b95","vout":5,"amount":618.10520841,"coinbase":false}],"vout":[{"n":0,"addresses":["prl1p0eqzyujj5zg6388rwrf28gu64jh2v40qxkf3en4ffqmyucf75qwq44q2ur"],"amount":259.10520007},{"n":1,"addresses":["prl1zfxhmzewh8fptrj42aea6wcu3l5f5m4m8eyfrd63vyvs7lnm7ulgqfsjr9x"],"amount":359}]}