{"txid":"0b65e9b385ed5d32a25b0cbbd4091fd91117aab507e0da4c6081e3155ece6bfb","block_height":null,"time":null,"vin":[{"txid":"0b65e9b385ed5d32a25b0cbbd4091fd91117aab507e0da4c6081e3155ece6bfb","vout":0,"amount":4900,"coinbase":false},{"txid":"609d03ca189d355a0de56ecb922c8b89308e29ca04908b585049e01dfc05744a","vout":515,"amount":4429.07447419,"coinbase":false}],"vout":[{"n":0,"addresses":["prl1zau0h64708qxm2p8v4g52zxltga0lcpwvanx9j0737mq35cdfr7nqak9g5j"],"amount":6681},{"n":1,"addresses":["prl1pyu0354ejdp5ztgy8hlt945yqatpyvkc5t3zwd43ezkdf0lstggcqhjyken"],"amount":2648.07447207}]}