{"txid":"96ad06863367ec7e76e0738f4159af2225e18e2aa19fefefb7cb325b7caa8f44","block_height":null,"time":null,"vin":[{"txid":"96ad06863367ec7e76e0738f4159af2225e18e2aa19fefefb7cb325b7caa8f44","vout":1,"amount":30596.02617715,"coinbase":false}],"vout":[{"n":0,"addresses":["prl1zfcwda4ejyye8sxu2ypn2e99c0ff7s0z5pjsur3drufvgjurdmfnq8u6pzu"],"amount":5100},{"n":1,"addresses":["prl1p2kwf9au6520lgdqg3mmx8h6menf3ry4edw47wv0fwqv9fgpnmrcq6c58z3"],"amount":25496.02616883}]}