{"txid":"8128e821ba31b6e6314c01d7414f41144fe7fb9eef5ba2740dac46b8f2fab77d","block_height":null,"time":null,"vin":[{"txid":"8128e821ba31b6e6314c01d7414f41144fe7fb9eef5ba2740dac46b8f2fab77d","vout":0,"amount":107.1687787,"coinbase":false}],"vout":[{"n":0,"addresses":["prl1pwg5mjwkkqrkgsk040sz5uflemdayy5dz7urlmhnru3qmyye8kmeqehxg59"],"amount":107.1687687}]}