{"txid":"b1ad54ae5e4de0c68f01a166a8954a024c2d987adedf613251b811d6721ac15f","block_height":null,"time":null,"vin":[{"txid":"b1ad54ae5e4de0c68f01a166a8954a024c2d987adedf613251b811d6721ac15f","vout":1,"amount":3213.9,"coinbase":false},{"txid":"e6ecfa8cb3d231a2d98475b417777864136f9b0162239f80c02a2bb8a4ff7f3a","vout":36,"amount":65.94246957,"coinbase":false},{"txid":"942c2fa9589cb5a61dd696861fa38a82eaf6e5e3fd113c517c9dfe6822add551","vout":1,"amount":2.39999422,"coinbase":false}],"vout":[{"n":0,"addresses":["prl1z2q2fq7x0dvh9uljcjcvdqhs0tasqlax6tan5h8t0vgps6ndgynaqx420yc"],"amount":3280},{"n":1,"addresses":["prl1p2zu56gqek8ws9k9y40x7vvpj43x7anjysjfr4vd000jfjkufdqash09tu2"],"amount":2.24246109}]}