{"txid":"646ebdc44ea48d035d9bf61f10533f2bf72dfb3d2e1f5ecfec2b9d357564944d","block_height":null,"time":null,"vin":[{"txid":"646ebdc44ea48d035d9bf61f10533f2bf72dfb3d2e1f5ecfec2b9d357564944d","vout":0,"amount":223.99999,"coinbase":false},{"txid":"b85c6206c1b4428432c9fad28637e40680a21e776b4e315e04edc130f2e67506","vout":0,"amount":7.83419889,"coinbase":false}],"vout":[{"n":0,"addresses":["prl1pulcrjcmx7uu5dk9y8t9v9a6n3l69an3j0nss75uerpxldkcmccjqq2yk86"],"amount":7.83416759},{"n":1,"addresses":["prl1zcgs67ld5nngm2rklywmz9r7ceaue7r8qh4e7ysv6g2re04sp7eeqc29hpg"],"amount":224}]}