{"txid":"788a5ac09fb28e55a08be6d5157b49cc4d1dbe5c30a52d3c059415005c831d6f","block_height":null,"time":null,"vin":[{"txid":"788a5ac09fb28e55a08be6d5157b49cc4d1dbe5c30a52d3c059415005c831d6f","vout":0,"amount":609.99999,"coinbase":false}],"vout":[{"n":0,"addresses":["prl1paskesr5gw7xnqp2lu28p32en2sjatw5t4rxh369nj0n83nftpqesk6wv6l"],"amount":409.99998164},{"n":1,"addresses":["prl1z8hussfmv00s9rr0dmhgljq44q4hl7yfuv66fq9dkc0zt2nrs4ulqxrrg8h"],"amount":200.00000002}]}