{"txid":"457554945ef0b15e30fec149624eb24a8d402e9bc8fb96a47008f2d27eee361d","block_height":null,"time":null,"vin":[{"txid":"457554945ef0b15e30fec149624eb24a8d402e9bc8fb96a47008f2d27eee361d","vout":746,"amount":157.36298891,"coinbase":false}],"vout":[{"n":0,"addresses":["prl1ztvkqw33ldwvvtxwt7kvguzcsvxxc4drng9m6plp5zrznjwyfg45sdq5ayv"],"amount":100},{"n":1,"addresses":["prl1pefy97fscslmg7ls4nnydj4x2qk87e9g20ztf6d9h0sf0s007flhsghwpnu"],"amount":57.36298737}]}