{"txid":"46315af3be2e2ef655f1046d3422d2f924fc8b3e2d1ec9b9290cb130ab097b3c","block_height":null,"time":null,"vin":[{"txid":"46315af3be2e2ef655f1046d3422d2f924fc8b3e2d1ec9b9290cb130ab097b3c","vout":12,"amount":161.14126415,"coinbase":false}],"vout":[{"n":0,"addresses":["prl1zmm243g6gxhqdmnn5ywftvkvvv602qnzfva4x60p5r50uk6alpwjsddw9us"],"amount":150},{"n":1,"addresses":["prl1pamn4krkzuna77g8npqy5qj3hjsp8s894jrf4el4l5rjdrjtarytse4mxla"],"amount":11.14126261}]}