{"txid":"53d51873e29c792a78557d80f661e6dbcefe8f4a68269cfef61758b4eb68bf3a","block_height":null,"time":null,"vin":[{"txid":"53d51873e29c792a78557d80f661e6dbcefe8f4a68269cfef61758b4eb68bf3a","vout":1,"amount":31191.99999538,"coinbase":false}],"vout":[{"n":0,"addresses":["prl1zu5c8gkz72dgwpztk8d90pp03r29d2snfukv2mj6gx2x974a66s2strj6ly"],"amount":5000},{"n":1,"addresses":["prl1p47rm07xafyztc7dz0pcs0pur3psdfqgfsawrpk646d4gasy0w2mst6rxak"],"amount":26191.99999384}]}