{"txid":"0089d6f949bbb219a12993f53547a1a2cfe23886c022eebd312ad1103563ec45","block_height":null,"time":null,"vin":[{"txid":"0089d6f949bbb219a12993f53547a1a2cfe23886c022eebd312ad1103563ec45","vout":178,"amount":100.71189218,"coinbase":false}],"vout":[{"n":0,"addresses":["prl1zenntvtllt0z758hnd3w9vj92fw355r6f8pczh0d239nnstuuac9qrpn660"],"amount":100},{"n":1,"addresses":["prl1pzl0435lt6lzy74ycxksfu9f5823fugtw8fhhycgm6wlng7a5cgqqrsatcg"],"amount":0.71189064}]}