{"txid":"35f75342442d4647a048c054d8da2521c85d6b5e2a3dacbd8f41dfa7d7882db0","block_height":null,"time":null,"vin":[{"txid":"35f75342442d4647a048c054d8da2521c85d6b5e2a3dacbd8f41dfa7d7882db0","vout":1,"amount":282.56085466,"coinbase":false},{"txid":"d3b8ea3fc6e5fec05431e187ec3aeb1e83fdde1d90fb16688b40fc5c98e64519","vout":210,"amount":255.28998415,"coinbase":false}],"vout":[{"n":0,"addresses":["prl1pp7znp4nn0lqgedpack8z7ty38ru66628exqstmat2jzw332hfdgsuhlu9q"],"amount":7.850287},{"n":1,"addresses":["prl1zwu78aw8eheqh6gxnm5nhrrqjz2tee44kgjlw7dfzjgjs7j37sf4s7dsfsr"],"amount":530}]}