{"txid":"6480f0ad9d42c1b21abc70e9d11976ac9888fe10acf479b5ce86d326cba6d611","block_height":null,"time":null,"vin":[{"txid":"6480f0ad9d42c1b21abc70e9d11976ac9888fe10acf479b5ce86d326cba6d611","vout":1,"amount":5238.71011819,"coinbase":false}],"vout":[{"n":0,"addresses":["prl1zu0q860anvwr4lfndhh9pw4l4e3q27w0dl53aa84xrt249mgerjysmhd8nf"],"amount":300},{"n":1,"addresses":["prl1p47rm07xafyztc7dz0pcs0pur3psdfqgfsawrpk646d4gasy0w2mst6rxak"],"amount":4938.71011665}]}