{"txid":"660895f9418aaf31379caa80ba1f8677ee9ef067ea238b3c49afb6f7ad0f101f","block_height":null,"time":null,"vin":[{"txid":"660895f9418aaf31379caa80ba1f8677ee9ef067ea238b3c49afb6f7ad0f101f","vout":1,"amount":7589.99999846,"coinbase":false}],"vout":[{"n":0,"addresses":["prl1zeswly5ztdvmm38vmy03yhee4fw4wsdmrfhv3d6vy42fd86czpl6qewyy9c"],"amount":4000},{"n":1,"addresses":["prl1p209gdfdx4vl4y229jsqgx7rrncxpjpt2dgczqm7s8etpy0v60adqq05623"],"amount":3589.99999692}]}