{"txid":"fce4653e6683c5fed91520ef022017f5b767ad013943f43e9f8440e32e8762dd","block_height":null,"time":null,"vin":[{"txid":"fce4653e6683c5fed91520ef022017f5b767ad013943f43e9f8440e32e8762dd","vout":0,"amount":5399.99999,"coinbase":false}],"vout":[{"n":0,"addresses":["prl1zrclcf0qvpdfrpg9xmr4d2mg4jzrlu42h2jrgu6crz52d5uxj60uqqr609n"],"amount":400},{"n":1,"addresses":["prl1pj597gkcvq45slgxd5m2sapn5zcvgvzgla7s7ynhhfuewpd3smw4scknk0d"],"amount":4999.99958845}]}