{"txid":"bf7983f4492f2f137b3647939f8e3eacc3a3e628a1091010b309d86d7e32ab03","block_height":null,"time":null,"vin":[{"txid":"bf7983f4492f2f137b3647939f8e3eacc3a3e628a1091010b309d86d7e32ab03","vout":1,"amount":1499.99999846,"coinbase":false},{"txid":"86f78b6d1b7a8716ecd60f855d981cdd443128ba8fd868e29c26d5a883fbd1ca","vout":0,"amount":1200,"coinbase":false}],"vout":[{"n":0,"addresses":["prl1z3g8spjnlnmsv3ujhulne6csplmg0sp32zsv5spt2rjz9c4hcla3qy2etmj"],"amount":2000},{"n":1,"addresses":["prl1pfu0e9fxx63s6gq6q0m2mqj4hawqeg9nxun99gcvuqrzktnu8gkrsfz2rkj"],"amount":699.99999634}]}