{"txid":"3e6a12c4219b9e881b1212b049c16d7992d358e0f18434840e0012e0df1a6ebd","block_height":null,"time":null,"vin":[{"txid":"3e6a12c4219b9e881b1212b049c16d7992d358e0f18434840e0012e0df1a6ebd","vout":135,"amount":894.03900328,"coinbase":false}],"vout":[{"n":0,"addresses":["prl1zvvv7tshuy9d5dl9uqjl3vldzwu7lnac5x2udft9crnaqlsm6vc0qn5g884"],"amount":100},{"n":1,"addresses":["prl1p09tv0fjr4gmtcgcxa3eml8sugutmgy2juxclshdn4mv5ss92wl5qujaw2r"],"amount":794.03900174}]}