{"txid":"04298a5a4f70ba7f46da218571d67648c48e1b1f97474705a8cfec529e412526","block_height":null,"time":null,"vin":[{"txid":"04298a5a4f70ba7f46da218571d67648c48e1b1f97474705a8cfec529e412526","vout":0,"amount":4899.99999889,"coinbase":false}],"vout":[{"n":0,"addresses":["prl1pw7xr70zty50z50zpzkmcut5lt8slyeaxj2cczt8eqapf8w5fgzlsvecu3k"],"amount":4899.99998889}]}