{"txid":"fcfec96787f08bdc2e2d8a7a25ecde0c158675971d4d96d9cb89a31213d7f7e6","block_height":null,"time":null,"vin":[{"txid":"fcfec96787f08bdc2e2d8a7a25ecde0c158675971d4d96d9cb89a31213d7f7e6","vout":1,"amount":292.18776283,"coinbase":false},{"txid":"c916870a337083c84085cad8781d29f19c5232dffa308dd2486c09cd2dbe2735","vout":0,"amount":156.80617731,"coinbase":false}],"vout":[{"n":0,"addresses":["prl1pzlzf368cn7kxr00hd3caapwju9drelj7376ngfl5h8m66xd20shqpmfraq"],"amount":0.99392858},{"n":1,"addresses":["prl1z86ynacuq5y2dwx0qp4j6l3z0x4u4fexxpmuj6lhtvs35c82rmdgsqtlj9p"],"amount":448}]}