{"txid":"c8c1cad8af8c89e8f4111fa1625d3e8d5145c4e5f53f509ca7dceeb13fa1769a","block_height":null,"time":null,"vin":[{"txid":"c8c1cad8af8c89e8f4111fa1625d3e8d5145c4e5f53f509ca7dceeb13fa1769a","vout":1,"amount":1137.64153169,"coinbase":false}],"vout":[{"n":0,"addresses":["prl1zc04yap4mjrgrplxqaw432zzphf50ajvkf2xgp0ya3cwf57tkh2fq2tpc25"],"amount":150},{"n":1,"addresses":["prl1pxgx47sgn9wrzhl5gsugur9j4yxzpf7wpfv4m4ynqr35w9ng4avvqduz955"],"amount":987.64153015}]}