{"txid":"6ff967e44b484fa1cf4b7d4dab345df813f3c2f49680fbd031c1076388754207","block_height":null,"time":null,"vin":[{"txid":"6ff967e44b484fa1cf4b7d4dab345df813f3c2f49680fbd031c1076388754207","vout":0,"amount":4999.99999,"coinbase":false},{"txid":"314aefed11c8a45db92ed135d5bea183372c2759b23c0623351d486cf41b71fd","vout":1,"amount":42.92561185,"coinbase":false}],"vout":[{"n":0,"addresses":["prl1zffuh92xkzfr6lhuw4y57zkrl2mmlqs6qrhq3u2xxtnkm2t8hkses0a823x"],"amount":5000},{"n":1,"addresses":["prl1pqgcesycgzff79d3zun2tkyh5ghrhcug4jwx0rh3h7fdvg39ypxkqjh5v05"],"amount":42.92559973}]}