{"txid":"c0cfe3850097183531b78f11345f0a368a956a9b2c4468f3120b401dd39a280c","block_height":null,"time":null,"vin":[{"txid":"c0cfe3850097183531b78f11345f0a368a956a9b2c4468f3120b401dd39a280c","vout":152,"amount":73.46888567,"coinbase":false},{"txid":"8d1898652de35cc0cde90c469771950e577d17a397d540877479b93ceba9421a","vout":437,"amount":65.07358169,"coinbase":false}],"vout":[{"n":0,"addresses":["prl1pf5u5n4eujxqvvjzjfxjgejw44qhemr5w5walmwukdwh4pulvsl9shgf7kw"],"amount":38.54246523},{"n":1,"addresses":["prl1zyraam8ahuq3476204melflde7yet7npdsevj7a08ggfjxacut0mskggldk"],"amount":100}]}