{"txid":"ccfbe5e1eca6b1e5b96f0c88a6734b1e6cc1c6bd67f70f2af22b3f6da0299074","block_height":null,"time":null,"vin":[{"txid":"ccfbe5e1eca6b1e5b96f0c88a6734b1e6cc1c6bd67f70f2af22b3f6da0299074","vout":1,"amount":614.41999846,"coinbase":false},{"txid":"328b69ab00910abed9c265fef40478789fbdf225bac5736ff4b376fe2e7aea1b","vout":1,"amount":606.7951422,"coinbase":false},{"txid":"cb2f1f4b7829c4f0bbc266da0f29e2a1aa530030b0f7d3d471ad103d987d7f96","vout":2,"amount":598.34021858,"coinbase":false}],"vout":[{"n":0,"addresses":["prl1zvrj5834ndmuf3e0daqyevuynulxvtxu83j33h4ruu8090jheq3lq7l8v0n"],"amount":1600},{"n":1,"addresses":["prl1p2v6q0xapf7kus5rvnuwgqvjktxuk7j253473mtcr9uj3u7tzluts7axcm7"],"amount":219.55535654}]}