{"txid":"cd6a656f22a4a8e9fcdbebc8f397a36898bb20d5ff5700db7bb2dcdcd9303a8e","block_height":null,"time":null,"vin":[{"txid":"cd6a656f22a4a8e9fcdbebc8f397a36898bb20d5ff5700db7bb2dcdcd9303a8e","vout":0,"amount":101.08368819,"coinbase":false}],"vout":[{"n":0,"addresses":["prl1zmfkzptz034z6fdsev497tzprnxye9s02pdqhhas48vnwmq67wqvsx6anh3"],"amount":100},{"n":1,"addresses":["prl1pdx06zh3pwggcfe378gw2zx8wvjpdzgy83a6kfpas7dclsyp7m5usfq6e5j"],"amount":1.08367987}]}