{"txid":"9cc91fcf106c5595b1d586e3861930058c9bca8613bdbd6d86939b28252f6dec","block_height":null,"time":null,"vin":[{"txid":"9cc91fcf106c5595b1d586e3861930058c9bca8613bdbd6d86939b28252f6dec","vout":462,"amount":381.53104071,"coinbase":false},{"txid":"ff2944b110365f2db7589321b85a12adfe35cd735efeb52e69221f492013747e","vout":603,"amount":168.46697074,"coinbase":false},{"txid":"9f371fbd12ff574ee022e8f98558f482555078792ca6797910cbef92a4ed4e43","vout":0,"amount":2.18374655,"coinbase":false}],"vout":[{"n":0,"addresses":["prl1z5v534a88lzm2htuqkt26auz4qj38q7c54hzfj8y3tpe4gejsur8st60lce"],"amount":550},{"n":1,"addresses":["prl1ph2ta7z6fzfnhn6xt5tl5q4pt6a9gr79tlpdp5arkwy0kle38gkcslahuec"],"amount":2.18161233}]}