{"txid":"7f6a999b1fbdce84aaa5ce4843aa66929f596c1b258dbc03acddeb7079d58f5c","block_height":null,"time":null,"vin":[{"txid":"7f6a999b1fbdce84aaa5ce4843aa66929f596c1b258dbc03acddeb7079d58f5c","vout":885,"amount":267.68184606,"coinbase":false}],"vout":[{"n":0,"addresses":["prl1z7yz399thjm5d55cfhpsjt8hrfnq2l9aev4ldfe0fjc5x2km9gudq7kzxl8"],"amount":107},{"n":1,"addresses":["prl1puyglkrrq7a7xqsmyza255l4xjz2rcxhltg8q7tpyjac6ewjeqn2q54tsp5"],"amount":160.68176806}]}