{"txid":"54b33f4c526b127c4c408fbf00e60f1fd2903013316414917fa2a2615bc96549","block_height":null,"time":null,"vin":[{"txid":"54b33f4c526b127c4c408fbf00e60f1fd2903013316414917fa2a2615bc96549","vout":1237,"amount":230.53179078,"coinbase":false}],"vout":[{"n":0,"addresses":["prl1z6fr38akdzrjfq6zsg6vl3k60yshtr3afc466j8khx8lr99wk5l4qcmsmv7"],"amount":200},{"n":1,"addresses":["prl1p6mcnng8ejpeyuxlqkwjwnnczh6lcjknnzr0lxgzhkvd6njln40yq4g78g5"],"amount":30.53171039}]}