{"txid":"6ed653d7f7a6ca42ae9daa80bff5146cb7a9af973386e6c469250fb005b6021e","block_height":null,"time":null,"vin":[{"txid":"6ed653d7f7a6ca42ae9daa80bff5146cb7a9af973386e6c469250fb005b6021e","vout":0,"amount":162.96899,"coinbase":false}],"vout":[{"n":0,"addresses":["prl1zgxf6n7d02jgpl97zwc5qgeyft4367lc823rwjek944pntcy52zhs0md8z3"],"amount":80.00005425},{"n":1,"addresses":["prl1peeul8yzf56nx76g4vr989qzz86kca9gmrxrpc9s5g6egqyjdxz3s30g69s"],"amount":82.96892735}]}