{"txid":"2c3fecc7c28ffb152e5cfaae3cf6f27dd018cf9e3da8ddf8f0c856b74df233f3","block_height":null,"time":null,"vin":[{"txid":"2c3fecc7c28ffb152e5cfaae3cf6f27dd018cf9e3da8ddf8f0c856b74df233f3","vout":0,"amount":1043.99999,"coinbase":false},{"txid":"04ed0324558467eb6bfe94914e114342986c6cef8be772ab72c1814b16d9a7e2","vout":1,"amount":0.6399534,"coinbase":false}],"vout":[{"n":0,"addresses":["prl1zupgp9xtecpgt82uv3snxk8c4s6praezkpe5d7rg07vnvhndpe7cspfuysj"],"amount":1044},{"n":1,"addresses":["prl1pml4rlyp6w0m0ylvxaxpm4j434qu0rmjgxpguvkz6gl7729uma5tshv3rs4"],"amount":0.63994128}]}