{"txid":"9ade9211952863e0b012270bc6834be487dcdca85c248b7b7a2c95aecca63371","block_height":null,"time":null,"vin":[{"txid":"9ade9211952863e0b012270bc6834be487dcdca85c248b7b7a2c95aecca63371","vout":0,"amount":5195.1793802,"coinbase":false}],"vout":[{"n":0,"addresses":["prl1z0t8mka74r2rexpzndrun4sndm9plrxqfzyv8cf52tvghrh60l7uqq85ynl"],"amount":3900},{"n":1,"addresses":["prl1pgz7xkmw396pcnw43ptt4sg35gkv5ax789whywt6ja7mqz494hrmq2q3fk9"],"amount":1295.17937866}]}