{"txid":"6a1201d76fefcd2cc8c59d4a1e057e0b0ccb08ae89316311bb118e98ed5d3179","block_height":null,"time":null,"vin":[{"txid":"6a1201d76fefcd2cc8c59d4a1e057e0b0ccb08ae89316311bb118e98ed5d3179","vout":1090,"amount":180.1438049,"coinbase":false}],"vout":[{"n":0,"addresses":["prl1zemdqmaq6lmttx9cp48d70qqza8m7feshrkre36vmusj2ekh4hsrs6fews3"],"amount":170},{"n":1,"addresses":["prl1pemp60djgfs3trhjegw5vzysydyg49xz5khep5k9kfhendd3z42ashdpcqz"],"amount":10.14380336}]}