{"txid":"0aa6b426d8f4bd79d203615a064cb0f0cfcbd19d0d605f245a430f24f02a30ae","block_height":null,"time":null,"vin":[{"txid":"0aa6b426d8f4bd79d203615a064cb0f0cfcbd19d0d605f245a430f24f02a30ae","vout":1,"amount":119.19998692,"coinbase":false},{"txid":"4e987b509db4f857e1d6d97184006b86f5e034318aa2c0a4915051359588fb82","vout":1,"amount":38.92191175,"coinbase":false}],"vout":[{"n":0,"addresses":["prl1zfgycqx3jrh8gdl72t7067s9hfr3ncfh6afgspn3hrk740c9ng6ssgtrxvt"],"amount":151},{"n":1,"addresses":["prl1p2q7dzxez8a4shzs2lykat9usf6tjcr7nq66u4kyn7n9m42zk0whsqfup62"],"amount":7.12189655}]}