{"txid":"4edf237f34d022019823b77d9057cf66bf2f7ebc515176e4af730410645c8936","block_height":null,"time":null,"vin":[{"txid":"4edf237f34d022019823b77d9057cf66bf2f7ebc515176e4af730410645c8936","vout":74,"amount":1055.17923188,"coinbase":false}],"vout":[{"n":0,"addresses":["prl1p3seu5qpqk9fxhfhtjuc62m3pky2ravda2qn4mppep7r09qmxrtqs7jmduu"],"amount":55.17922127},{"n":1,"addresses":["prl1zn5d2azhev3lsw7ytnszsy2fnphmdchh8g5z5hkt7yy9z82zr46lqxpgdcr"],"amount":1000}]}