{"txid":"35487cb77da9ea4d36781ccd43e3b93083bc0c80db9a0d79ee8fbd259c526d9a","block_height":null,"time":null,"vin":[{"txid":"35487cb77da9ea4d36781ccd43e3b93083bc0c80db9a0d79ee8fbd259c526d9a","vout":1,"amount":1036.21291608,"coinbase":false}],"vout":[{"n":0,"addresses":["prl1ppz0e6l0mk07c89pl0hzd30vt3nc8dguqmnuj9hqt8pn2809w0uesth2aqu"],"amount":36.21290058},{"n":1,"addresses":["prl1zgx7tkyw7fzpmtwrj6p63zqq4ljyz76jyy649wd8p32wv6uaj6z7q5a96l6"],"amount":1000}]}