{"txid":"43d25949a9d7ea5024e2d7dc67be11b10e5fb3bf8233e97de901d5edfd8affb4","block_height":null,"time":null,"vin":[{"txid":"43d25949a9d7ea5024e2d7dc67be11b10e5fb3bf8233e97de901d5edfd8affb4","vout":0,"amount":220.99999,"coinbase":false},{"txid":"27202e8cbcdc673888a20952f8a9028430c402637f2d25c23a30ea83e7d1e2b2","vout":1,"amount":0.16046878,"coinbase":false}],"vout":[{"n":0,"addresses":["prl1zjgc60c06pdeasvq4zv40kj77w663n96hq6w9l5lcuj3up4s2ktkqk5ec9n"],"amount":221},{"n":1,"addresses":["prl1pewg4pkcgr42a3rqdpf40hv5fd8jq7cm34l0w6e8lvp7gwhl0zuaqv57z9n"],"amount":0.16045666}]}