{"txid":"b7d691af4cb6525d0b20b401df7473fc91a7ce12a8ee3ef2d3658c5ad2f54b4e","block_height":null,"time":null,"vin":[{"txid":"b7d691af4cb6525d0b20b401df7473fc91a7ce12a8ee3ef2d3658c5ad2f54b4e","vout":1,"amount":558.99999846,"coinbase":false}],"vout":[{"n":0,"addresses":["prl1zk8fs66n45zvm7j4axkau0y3jsff25r8t2zpgs4s8qpgvhjfqvaqqjz8hpt"],"amount":100},{"n":1,"addresses":["prl1pzmr904ef067506akv00h53aavc9m6mjerllkxarztqm49gdxetsq8dldx5"],"amount":458.99999692}]}