{"txid":"d36b675e105363a8b4ae3e531d88f366cfd5a424b2e98060e164b84ecbe93336","block_height":null,"time":null,"vin":[{"txid":"d36b675e105363a8b4ae3e531d88f366cfd5a424b2e98060e164b84ecbe93336","vout":1069,"amount":348.10345169,"coinbase":false}],"vout":[{"n":0,"addresses":["prl1zn29cycewa45tf70jauj2er7u2hmr4hxungv2w35ssxyvw0dxtwpq26kfzn"],"amount":340},{"n":1,"addresses":["prl1psja4gsprqj2652e830txu8uuzq59qusm3s04p5a7dhrmrtflnrvq29g8m6"],"amount":8.10345015}]}