{"txid":"f706e3afd5192d2690d54927f68c9aef661fe9d68a3a7345e2f4b86905ab88da","block_height":null,"time":null,"vin":[{"txid":"f706e3afd5192d2690d54927f68c9aef661fe9d68a3a7345e2f4b86905ab88da","vout":5,"amount":226.56242954,"coinbase":false},{"txid":"72d47592c0e1f69528e01f63936b8db17448bb9242ae762c401f6ddb15a505e7","vout":815,"amount":170.73622637,"coinbase":false}],"vout":[{"n":0,"addresses":["prl1z8aktysrwrskck9wp4mztsypf6yu3xazfq0rlm5uenaarepc7udssa3u24e"],"amount":230},{"n":1,"addresses":["prl1pau0pamxhajvsk8ceklk499vrzcu226l7ek0maxvhhgca4fvdf7pqg3uzmj"],"amount":167.2983741}]}