{"txid":"33cc12f487b77d7a377289a5088e6b27aa635c7506647d7198c186b9c226d860","block_height":null,"time":null,"vin":[{"txid":"33cc12f487b77d7a377289a5088e6b27aa635c7506647d7198c186b9c226d860","vout":165,"amount":130.94248415,"coinbase":false}],"vout":[{"n":0,"addresses":["prl1zntewya54xu4hn7r4uhz3kdcq2qnuzn2vtx2nzs6y0c3zlg9muy5s2cta4d"],"amount":130},{"n":1,"addresses":["prl1p4znxwamwmfuguk703nque5mmngh997mqpvcnx762w7z0rxdna00qger5s2"],"amount":0.94247566}]}