{"txid":"037692823ae9185343cd885f12878e82e6bf7b2f647fb283d259c266714fa37c","block_height":null,"time":null,"vin":[{"txid":"037692823ae9185343cd885f12878e82e6bf7b2f647fb283d259c266714fa37c","vout":0,"amount":999.99999,"coinbase":false}],"vout":[{"n":0,"addresses":["prl1zvvfcug3rkrs0fypkeh232fa3t8eq8cdedph7qgm0pyw6ythgncjsz0ywfh"],"amount":700},{"n":1,"addresses":["prl1pdtw9y3zn504xg5ytye22gznwzcmk0wfsrdupfdvyqdrulrfv8ngskuts3r"],"amount":299.99998846}]}