{"txid":"f107302c67f2cc85a9b90cec19a4bc0a21c540deba9e701020a6dc271d0f52aa","block_height":null,"time":null,"vin":[{"txid":"f107302c67f2cc85a9b90cec19a4bc0a21c540deba9e701020a6dc271d0f52aa","vout":0,"amount":899.99999,"coinbase":false},{"txid":"5e7b6271289c0d7bef92070cfab5b3754f756db3042a849ae48187e9afab814f","vout":39,"amount":227.92723591,"coinbase":false}],"vout":[{"n":0,"addresses":["prl1z7nu5w3zxsmkz62klml0ny20x2l5tm2hsaju04jquc4q3zyaythkseqx3eg"],"amount":1000},{"n":1,"addresses":["prl1p7rj2rtxyrjszfngpjjdkhafzsrg7s9p2ps5zft2ddpw9snwgavds6dsws5"],"amount":127.92722379}]}