{"txid":"45aa3d2be8e500486794fcd98e9329764ed052598a61e28489797da8b1afb34d","block_height":null,"time":null,"vin":[{"txid":"45aa3d2be8e500486794fcd98e9329764ed052598a61e28489797da8b1afb34d","vout":0,"amount":99.99999,"coinbase":false},{"txid":"8f69aafb095eb1cb0a7cb7b443aad28fa7ab01f00d4ce2c117be231410dea744","vout":1305,"amount":34.86507913,"coinbase":false}],"vout":[{"n":0,"addresses":["prl1zteyrpu46xyvlnuc9d40gq6uypktaaxyllv2m8e77wj74kj0kua7qhep2tl"],"amount":100},{"n":1,"addresses":["prl1phhhfedwj5y88x7dyca26uthv3yj87nax4ftuuxqrv9kh7kc6c37ql9nr8x"],"amount":34.86506701}]}