{"txid":"a9aaf606b530095c6c722f7a53b522deeea544f47969ba40fa03f758e9eddbf3","block_height":null,"time":null,"vin":[{"txid":"a9aaf606b530095c6c722f7a53b522deeea544f47969ba40fa03f758e9eddbf3","vout":0,"amount":339.99999,"coinbase":false}],"vout":[{"n":0,"addresses":["prl1pgyl3jsual8dmazpwrj4c777xthamhgp6v7svmc2q0gyw9p8cdmtq6uxdtr"],"amount":139.99990839},{"n":1,"addresses":["prl1z4fayre8pqzhsuhx2jkcu3w0543sjacwc23vqrphdkdc06k5zxntqfr0jn0"],"amount":200}]}