{"txid":"8b266536aa1cdb29df9e9bb4b53f224e77a83a36de024d930595411edfbeefac","block_height":null,"time":null,"vin":[{"txid":"8b266536aa1cdb29df9e9bb4b53f224e77a83a36de024d930595411edfbeefac","vout":1,"amount":1316.1496728,"coinbase":false},{"txid":"04bb329d93444db6a4a5099d264869388cb7bf8a7368596d7cc91a65ddd5d167","vout":0,"amount":250.88,"coinbase":false}],"vout":[{"n":0,"addresses":["prl1zgqqjgsqrax6jp0r282ekfmf88rv8fytgwks2sw3qx4dlvaqqwg0qdnutnn"],"amount":1500},{"n":1,"addresses":["prl1p3lthrt3n7yrrh7qdttq68aq5q76qn0alnmftqqw3hvxh450atm2q3w0pa6"],"amount":67.02967068}]}