{"txid":"c12967dff6a3c3049839e59c2b50f69e508b5ae2494647fa44c908d41399b529","block_height":null,"time":null,"vin":[{"txid":"c12967dff6a3c3049839e59c2b50f69e508b5ae2494647fa44c908d41399b529","vout":619,"amount":244.84281396,"coinbase":false}],"vout":[{"n":0,"addresses":["prl1zjy0mc9ce54uxmcmswklcarez7n8ma7g60qzmvxn803hlapymngpqvtx3nr"],"amount":200},{"n":1,"addresses":["prl1p2p0lp0xhvg5y8cuqyuck9udzykv3cxkffn0n0ahzuuf0dapr9vzsmyueqx"],"amount":44.84281242}]}