{"txid":"d58f43689e8f2c8ec169518a7ac9a3210f5a072a4326181bb4fd4912c0eedbf9","block_height":null,"time":null,"vin":[{"txid":"d58f43689e8f2c8ec169518a7ac9a3210f5a072a4326181bb4fd4912c0eedbf9","vout":0,"amount":1000,"coinbase":false},{"txid":"b9873c0d899963c66332d5ba7e1944072ee4f639cd8ed3214d646def0779114b","vout":0,"amount":890.10999,"coinbase":false}],"vout":[{"n":0,"addresses":["prl1z3kljkdj2cqw7qsnn4zxr59exw5dcmzch7mv284py5vdu9esh4drsqkmp99"],"amount":1342},{"n":1,"addresses":["prl1p94mante8tgtvajgghxh93l0z0vykzz7xfly6zdfpd9lsarm3dlystq3ar4"],"amount":548.10998788}]}