{"txid":"2b28ec122c767f4556d1fee75c763e4776f48d9e7ccd2506e6bcb209b680b20d","block_height":null,"time":null,"vin":[{"txid":"2b28ec122c767f4556d1fee75c763e4776f48d9e7ccd2506e6bcb209b680b20d","vout":0,"amount":3474.56873982,"coinbase":false},{"txid":"72d47592c0e1f69528e01f63936b8db17448bb9242ae762c401f6ddb15a505e7","vout":325,"amount":2204.782398,"coinbase":false}],"vout":[{"n":0,"addresses":["prl1ztn7djj8v7fzdcgj9sqrzlymsrxa0xy82dl7e4qf8t9jwq6w2pmeqdx6v5y"],"amount":5000},{"n":1,"addresses":["prl1pagtg95dd6253tmfrddlsln23nx88yhde2lwn3q60grdzf4de94kqus9u87"],"amount":679.35112717}]}