{"txid":"2dc1d3cc099f8dead47b1b9ca84301a43529fccfbb7d45b65f862a6463822c1a","block_height":null,"time":null,"vin":[{"txid":"2dc1d3cc099f8dead47b1b9ca84301a43529fccfbb7d45b65f862a6463822c1a","vout":280,"amount":42.96504205,"coinbase":false},{"txid":"f65632ed9ea5bc8fdb0cc0a0bb47eb8e8ec621833b9e2fc28913452368abdd77","vout":275,"amount":42.82991612,"coinbase":false},{"txid":"2d4242ab21319dac42b4c08c41da0355170df3a16fe33582965388db243075d2","vout":203,"amount":31.9763826,"coinbase":false}],"vout":[{"n":0,"addresses":["prl1z6pq2mam062fmtkfng2jwgesnev3c5aznxw3hte633hg9dq9kdlcqelllfr"],"amount":100},{"n":1,"addresses":["prl1p5cjnxyzlccj6f9vgsecajamu46m7u52azdga876kvc6m4t54qgjshkm2cz"],"amount":17.77133807}]}