{"txid":"2fa9d0cb74fb6e2ef3632fcd47b0f5e2ca467f0814e29291498089550e5a9c16","block_height":null,"time":null,"vin":[{"txid":"2fa9d0cb74fb6e2ef3632fcd47b0f5e2ca467f0814e29291498089550e5a9c16","vout":24,"amount":306.85573329,"coinbase":false}],"vout":[{"n":0,"addresses":["prl1z3pv57cv2c9xv6za8rwp2ymhc8lld50mpp0juf9uasyecz6lmzlusezuwcq"],"amount":300},{"n":1,"addresses":["prl1p2p0lp0xhvg5y8cuqyuck9udzykv3cxkffn0n0ahzuuf0dapr9vzsmyueqx"],"amount":6.85573175}]}