{"txid":"d9e43fd007136dd767dd20598d4f69bd207a0c82b44ec28c9fea4487725b6d10","block_height":null,"time":null,"vin":[{"txid":"d9e43fd007136dd767dd20598d4f69bd207a0c82b44ec28c9fea4487725b6d10","vout":1,"amount":1111.89483181,"coinbase":false}],"vout":[{"n":0,"addresses":["prl1zj4h3nxav54cqj5n0wf64t6xqc9eqrtcj4ltcl0f7qj2n75pccngq2wrk2d"],"amount":0.0835},{"n":1,"addresses":["prl1pza4xkj2r85hkpwwak8l05v84q3mrqnmldquu30yhhl04tptqt58szjdsx6"],"amount":1111.81133027}]}