{"txid":"8d7aa9fc0e954b7825bf285b409f2d1708258341691d712175d654e1f9b69511","block_height":null,"time":null,"vin":[{"txid":"8d7aa9fc0e954b7825bf285b409f2d1708258341691d712175d654e1f9b69511","vout":0,"amount":20000,"coinbase":false},{"txid":"c6c78acf5dd021bf817029c4cc2aad1f24d641c7e1f03aa1ed7d69dbf6efd7d2","vout":1,"amount":21.74861382,"coinbase":false}],"vout":[{"n":0,"addresses":["prl1z6dudxdjvns7r6ve88nzaxwmdrsdx2jnqmlwnuh2tk6g6knxwqy3qkcvu3p"],"amount":20000},{"n":1,"addresses":["prl1p9227tkvlhul8aqd4xpcgk8y3303hllehs8akft9zuyjqklfp3z6qj0m75f"],"amount":21.7486117}]}