{"txid":"8d11a3aacc154d0df34ecb50e6304018c11b7fd535308fb06fb5eb2fe8d7d368","block_height":null,"time":null,"vin":[{"txid":"8d11a3aacc154d0df34ecb50e6304018c11b7fd535308fb06fb5eb2fe8d7d368","vout":1,"amount":499.99999998,"coinbase":false}],"vout":[{"n":0,"addresses":["prl1p6j7u3p7t0yvqt6zum93kn3fqymut34kvfwvkexdsy3r6whl48qqsc80vck"],"amount":499.99998998}]}