{"txid":"99732b5f7440660c2fceaeda2e76a5fa0b62e00e206ab057144b7b0f0f657ddc","block_height":null,"time":null,"vin":[{"txid":"99732b5f7440660c2fceaeda2e76a5fa0b62e00e206ab057144b7b0f0f657ddc","vout":1,"amount":99.3804101,"coinbase":false},{"txid":"16d558136850c9eb1a8bd0960f31eeecb879b6163b1a4d524368d933e9064ddd","vout":1165,"amount":86.20335444,"coinbase":false}],"vout":[{"n":0,"addresses":["prl1z0sxz3vzkgwmaxhsyy64tcp28m0lk5c3aywansreps80k44ecpnfs0kzjla"],"amount":185},{"n":1,"addresses":["prl1ppmz0eg9asddnjv2gxppur7gxnh4t47yjz20d00wuz3v2hvuqyeesq272ed"],"amount":0.58363562}]}