{"txid":"8379b03b3441074cdc9a28d6ebfa66dee9ae3ab169520372a126160899c2591a","block_height":null,"time":null,"vin":[{"txid":"8379b03b3441074cdc9a28d6ebfa66dee9ae3ab169520372a126160899c2591a","vout":1234,"amount":221.3305769,"coinbase":false},{"txid":"56ef6032e4d802e1cab5e721117a480c27036d336c361d33cab05daae9116f49","vout":1,"amount":205.6999346,"coinbase":false}],"vout":[{"n":0,"addresses":["prl1plfkpywl0kgc6rw6zpre3qjdl9ga94mk3sx0rwj0maq9y0wl9vswq9kyzlz"],"amount":174.03040128},{"n":1,"addresses":["prl1zlk8cgg9se3atkssafenv9sxwv94e53mh8u443pmxjp8vm6a95fvqadwy8m"],"amount":253}]}