{"txid":"c34573bf21e86b8c0af3cfe869c3383fc3bcd8489a316109dbbafec146155a80","block_height":null,"time":null,"vin":[{"txid":"c34573bf21e86b8c0af3cfe869c3383fc3bcd8489a316109dbbafec146155a80","vout":0,"amount":99.99999,"coinbase":false},{"txid":"e09a56a8facdc4c2b195887fe464b42c864fd322550aef6ae5019f94ddfbc087","vout":1,"amount":7.99999248,"coinbase":false}],"vout":[{"n":0,"addresses":["prl1zclzm65s6pdgqkk0vj98ay8c8z67j4gcs5g2wx5huj39u4pnwfkwq7g4n9z"],"amount":100},{"n":1,"addresses":["prl1p73c4aczn8kuwgk4x9k3kqegs2uzz05m75hc70zwefeftx7hk7pnq2y93ef"],"amount":7.99998036}]}