{"txid":"2d4242ab21319dac42b4c08c41da0355170df3a16fe33582965388db243075d2","block_height":null,"time":null,"vin":[{"txid":"2d4242ab21319dac42b4c08c41da0355170df3a16fe33582965388db243075d2","vout":177,"amount":1992.7713412,"coinbase":false}],"vout":[{"n":0,"addresses":["prl1z53mdzt7jy2wwaru3f728p03a39lerr4vjw58zpc8nkv28pd2g8zst5jrv5"],"amount":1992},{"n":1,"addresses":["prl1ph8pm3wq738kt7q3sjusztaml6v8ur444506r44qderqly0whwsmqmxlw2e"],"amount":0.77133966}]}