{"txid":"d8a4e5f67d45a6bea03713b2df46a23e50aa0c9006a2c9a9e5f9441c3936bb91","block_height":null,"time":null,"vin":[{"txid":"d8a4e5f67d45a6bea03713b2df46a23e50aa0c9006a2c9a9e5f9441c3936bb91","vout":1,"amount":6264.09430172,"coinbase":false}],"vout":[{"n":0,"addresses":["prl1zrfdekj0ccgg5lkk46ylw4e2uvrmfrscgxwfwjqy5fr6y45flj6cqg3zvam"],"amount":200},{"n":1,"addresses":["prl1pgz7xkmw396pcnw43ptt4sg35gkv5ax789whywt6ja7mqz494hrmq2q3fk9"],"amount":6064.09430018}]}