{"txid":"91ebc24d3d7e88c897eab0f88f739f90554f9729b51347b152fccd22f8f67416","block_height":null,"time":null,"vin":[{"txid":"91ebc24d3d7e88c897eab0f88f739f90554f9729b51347b152fccd22f8f67416","vout":0,"amount":5702.61998831,"coinbase":false}],"vout":[{"n":0,"addresses":["prl1z555kmgc7m5sqqze0m40g9k7ujtrgmx6acjdfcxkx03w3cmyhfehq4y46px"],"amount":5700},{"n":1,"addresses":["prl1ppus2maq0twxnn9kq934rlx57tzx0zvxqzkekztlypuzkfmt0fmmqksvtxj"],"amount":2.61998677}]}