{"txid":"32e4b0c5e2383782ba7e42835aed10b5ab464609eeda1d2e6f126a99fb02d6f0","block_height":null,"time":null,"vin":[{"txid":"32e4b0c5e2383782ba7e42835aed10b5ab464609eeda1d2e6f126a99fb02d6f0","vout":514,"amount":169.04740776,"coinbase":false}],"vout":[{"n":0,"addresses":["prl1zgjr0fgv8wrmyykl4dgmfpll0ha8hfzg8dqapm89km5p6sl3d57fqjnua5t"],"amount":140},{"n":1,"addresses":["prl1pmxgrjgdzrfu34gswdmlz7ezfc7vm06qa8msm0xpzme2hj4gsrz5qhy9lde"],"amount":29.04740622}]}