{"txid":"f10bc7c3e8801b5393a1d8576118a1cf4baa94d9ff2f74fd6fa5c52e6de095dd","block_height":null,"time":null,"vin":[{"txid":"f10bc7c3e8801b5393a1d8576118a1cf4baa94d9ff2f74fd6fa5c52e6de095dd","vout":0,"amount":662.99999,"coinbase":false},{"txid":"5a91bc222e28fafa57004d8606c1d092d69ee40377721f6fb10187f226f3f2c8","vout":1,"amount":0.3568889,"coinbase":false}],"vout":[{"n":0,"addresses":["prl1zzed7s0hm7nr9e9sajg6ty2eh5e3ql8290xx84fyr3cx057d64nqqy9s6pp"],"amount":663},{"n":1,"addresses":["prl1pqnh2hy74a5khexmjrkg5pl2y2dnek9ez7uepxxsqmkjeu2y57mvsg407l7"],"amount":0.35687678}]}