{"txid":"a527a4a00c8716f79e30c93053fb724ce210324a65c77e3325e58bda3b83579f","block_height":null,"time":null,"vin":[{"txid":"a527a4a00c8716f79e30c93053fb724ce210324a65c77e3325e58bda3b83579f","vout":0,"amount":2499.99999,"coinbase":false},{"txid":"9af789e738bfd2bd5b69a3b4c296c9a7acf36e1d30a9f190cbe6daa2cad29987","vout":1,"amount":86.16174535,"coinbase":false}],"vout":[{"n":0,"addresses":["prl1zcau3jnhneeff75hhcyw9jg59x3dcfqtjs7aa8yzadytdda0m5szqqwzvj4"],"amount":2500},{"n":1,"addresses":["prl1pxnfa2kn3fnwujmv8uxwkh4hhfjjuan3sp4zzy7duwe9x5zafwafqfr38gp"],"amount":86.16173323}]}