{"txid":"934003d8f01c6f5f29c02de7c775a6db97200279ed01a5e31ab381652e0b11f8","block_height":null,"time":null,"vin":[{"txid":"934003d8f01c6f5f29c02de7c775a6db97200279ed01a5e31ab381652e0b11f8","vout":213,"amount":207.18068582,"coinbase":false},{"txid":"d21ae111703325387a8bbbafc81fe3d60f5157419ceb2372cff33504a2d2891d","vout":140,"amount":30.73844011,"coinbase":false}],"vout":[{"n":0,"addresses":["prl1zh8rvzlv24mpfz67y9e6quuad5e09y7z7rsf85z0ewkwl77spa2jsv77h96"],"amount":210},{"n":1,"addresses":["prl1pxgxfykzfdz50af3vtcd7s46xf87k0kyf57v7hasg6z66g0cm7nxsh67sfl"],"amount":27.91912381}]}