{"txid":"11b648996a456478b3fd6d8d8621ace1dbe455952960b3c5a183723813b5fa17","block_height":null,"time":null,"vin":[{"txid":"11b648996a456478b3fd6d8d8621ace1dbe455952960b3c5a183723813b5fa17","vout":1,"amount":4998.99999846,"coinbase":false},{"txid":"b6658242dcc38f2dd8808bf34153b3669e080f8e9693a49fc120af50285d8cff","vout":0,"amount":1169.99999,"coinbase":false}],"vout":[{"n":0,"addresses":["prl1zfkyh6zzydeqgqy5unfdhzs8f4vtwdefsy0rh7fc9m9dp5uve6avsweuvd8"],"amount":5000},{"n":1,"addresses":["prl1pj5jw9ay386l29n0jqz7smmuppf77m30uqs5dyea0wmp4492aq5gq6kspps"],"amount":1168.99998634}]}