{"txid":"f65632ed9ea5bc8fdb0cc0a0bb47eb8e8ec621833b9e2fc28913452368abdd77","block_height":null,"time":null,"vin":[{"txid":"f65632ed9ea5bc8fdb0cc0a0bb47eb8e8ec621833b9e2fc28913452368abdd77","vout":256,"amount":128.48974836,"coinbase":false},{"txid":"155c523ae7116a99d68984b0331c1900b117450fcc6cfbb4a2e346ded0c4de9a","vout":258,"amount":76.82085912,"coinbase":false}],"vout":[{"n":0,"addresses":["prl1zz0lc36cj760xdcew09cwnw809ufnrx6jrrcsz6vhn809kkt2300sh09jrd"],"amount":205},{"n":1,"addresses":["prl1plutvq8ndrjzd9h545mmxfch974k7flj59k09kfz4lm0ngx6t50rsmhdt0n"],"amount":0.31060536}]}