{"txid":"c9dee7a88cf5ba4c4f445097447382a813ff20b0e5b5503bc1f1cf7d1550faeb","block_height":null,"time":null,"vin":[{"txid":"c9dee7a88cf5ba4c4f445097447382a813ff20b0e5b5503bc1f1cf7d1550faeb","vout":1,"amount":216.99004804,"coinbase":false}],"vout":[{"n":0,"addresses":["prl1zl3cazq4quaqlmkwsgyfdkkre2fwv5amrkcdgqe4hs7a23ffzyuwqrfw4vx"],"amount":117},{"n":1,"addresses":["prl1pxanp0mhlkcrnc22xllyyemrzz53cvpes032plzteksec7vzctggs2fn7xf"],"amount":99.99003254}]}