{"txid":"609d03ca189d355a0de56ecb922c8b89308e29ca04908b585049e01dfc05744a","block_height":null,"time":null,"vin":[{"txid":"609d03ca189d355a0de56ecb922c8b89308e29ca04908b585049e01dfc05744a","vout":276,"amount":106.91643287,"coinbase":false}],"vout":[{"n":0,"addresses":["prl1pq32xgh5gl36np9jf7kdn4t5k74r2hrz0rcw7rwkgnl2p6udcmhyqvhhegy"],"amount":6.91642426},{"n":1,"addresses":["prl1zadtvcfn9u5qzy6rlz7lcryp8d2aw3vxfeeda48sj4e2jl2lu8exssacref"],"amount":100}]}