{"txid":"b556286dbd027d641fd50257def3892b81ea74faf15a18266fd428a93a3a0cad","block_height":null,"time":null,"vin":[{"txid":"b556286dbd027d641fd50257def3892b81ea74faf15a18266fd428a93a3a0cad","vout":0,"amount":1499.99999,"coinbase":false},{"txid":"b3a26093342290612252476aa3d6949e2dc153ffae055493ccc06ea058360afc","vout":1,"amount":1.99997478,"coinbase":false}],"vout":[{"n":0,"addresses":["prl1z2kj4wplghlw4a2ehfc62zmuly9ue2ye8rdcr8l0rh67y54lj5wzsm9jhn7"],"amount":1500},{"n":1,"addresses":["prl1phhur8qkwflja3729gdln50vdpt2rg3nwzt4xnxesmvh3n049agfq90hp7g"],"amount":1.99996266}]}