{"txid":"0527546950f412a8e81c6311df2cfd8d68dff4a76eb59c6483e1fccc88c426e9","block_height":null,"time":null,"vin":[{"txid":"0527546950f412a8e81c6311df2cfd8d68dff4a76eb59c6483e1fccc88c426e9","vout":229,"amount":6439.23071817,"coinbase":false}],"vout":[{"n":0,"addresses":["prl1zhwgnkjzyj2hk93fftfavafayh3m0xtmqgukv0y8heatphnj0z5aq8m2zm8"],"amount":6400},{"n":1,"addresses":["prl1pzascvcruapr5eq3qgp7svs3l7wgf5lhufrqe5lwzdezslvzw0g4snmys2k"],"amount":39.23070976}]}