{"txid":"cd3fc7bf3345f74b437102774851ba86ee3e1bb7a22096267eb4c5b98d4fb044","block_height":null,"time":null,"vin":[{"txid":"cd3fc7bf3345f74b437102774851ba86ee3e1bb7a22096267eb4c5b98d4fb044","vout":0,"amount":202.68890608,"coinbase":false}],"vout":[{"n":0,"addresses":["prl1p2wyk00erqg8yuegtdl6aj2e2w9csyp43t2fy7pacvryksg9l4d9qyqadka"],"amount":2.68889776},{"n":1,"addresses":["prl1zj8nrzznalztymcfn6nnpy4wkxufg9wm2ntxfqyr5s44pelh6h94s0emkeq"],"amount":200}]}