{"txid":"46828140b6bc624f8c9ca3356157e95bf0b066446b9b96a3da2534b148672606","block_height":null,"time":null,"vin":[{"txid":"46828140b6bc624f8c9ca3356157e95bf0b066446b9b96a3da2534b148672606","vout":0,"amount":208,"coinbase":false},{"txid":"6af68e7ad60ec5ad0d89b67e4f43a45e6d4918af56ae0461522636cf2b15a3a0","vout":538,"amount":6.00243386,"coinbase":false}],"vout":[{"n":0,"addresses":["prl1ztv3p5v6ckm85z6693ycnzucyz3cae9m5wy7e8zp2tkjcefw4v9xqpyaf5l"],"amount":214},{"n":1,"addresses":["prl1pyhyka0mtjfekr9ssp45zda8xfh3cg04q2ryt8zvx5ryuzq5n7n8sljss4y"],"amount":0.00243174}]}