{"txid":"93cf287ddacb2d8b08a20dfc1c9cbe9ecb06893f66c58ac482dd67bcbbd9696f","block_height":null,"time":null,"vin":[{"txid":"93cf287ddacb2d8b08a20dfc1c9cbe9ecb06893f66c58ac482dd67bcbbd9696f","vout":1129,"amount":77.44461609,"coinbase":false},{"txid":"c662cfe98859d85ba1c946b67ad0a2620e932bcbdf79a186a9df9d3786d18673","vout":319,"amount":64.6163889,"coinbase":false},{"txid":"b588b3370c21634a92c85cec0fd8f792b1475a2f68a90343673e9bb3ceb080fe","vout":706,"amount":62.37337784,"coinbase":false}],"vout":[{"n":0,"addresses":["prl1pl9x83h9j4pzcg9hka3udsgtnts26gxukj8gq0a3h6qunxz5cm38skf9qhf"],"amount":4.43423534},{"n":1,"addresses":["prl1zt7avfx7tqu7ej7vhdhj7qhqt3zm02y2uawyc7skhlw39cctr2yvsy7fk0x"],"amount":200}]}