{"txid":"dcf56206bd83d9f6224f4e5ca45de7af39db27e118acc27a0f0696f34abd0a3c","block_height":null,"time":null,"vin":[{"txid":"dcf56206bd83d9f6224f4e5ca45de7af39db27e118acc27a0f0696f34abd0a3c","vout":0,"amount":1199.99999,"coinbase":false},{"txid":"fe2cb20f78cce24e3ac01dc75a6eb5f43b7688021895a8366f509ee9d45a2267","vout":1,"amount":33.2064767,"coinbase":false}],"vout":[{"n":0,"addresses":["prl1z6vrpg6zzlel5h2t4qy084k9lmhn5lj5xfyuuzu45wr5jemeg29qq08cyj5"],"amount":1200},{"n":1,"addresses":["prl1pj5jw9ay386l29n0jqz7smmuppf77m30uqs5dyea0wmp4492aq5gq6kspps"],"amount":33.20646458}]}