{"txid":"6a1201d76fefcd2cc8c59d4a1e057e0b0ccb08ae89316311bb118e98ed5d3179","block_height":null,"time":null,"vin":[{"txid":"6a1201d76fefcd2cc8c59d4a1e057e0b0ccb08ae89316311bb118e98ed5d3179","vout":1062,"amount":180.1438049,"coinbase":false},{"txid":"d36b675e105363a8b4ae3e531d88f366cfd5a424b2e98060e164b84ecbe93336","vout":1038,"amount":74.18219088,"coinbase":false}],"vout":[{"n":0,"addresses":["prl1zmvuv5fngqqynrhlmvyvsdkutz4j2sa0q567n846w23fxxv96fkvqtkl62x"],"amount":200},{"n":1,"addresses":["prl1pucj0dk5p89jlxlr4lfp0z8ks0zsh55gfcepj9l833a2u4ecs7lcqwv5zv6"],"amount":54.32599366}]}