{"txid":"b1518dac4c6fe6b446954d1cc53a25b9cb4024fccd63046545c299d0ae8f548d","block_height":null,"time":null,"vin":[{"txid":"b1518dac4c6fe6b446954d1cc53a25b9cb4024fccd63046545c299d0ae8f548d","vout":0,"amount":6861.99999,"coinbase":false}],"vout":[{"n":0,"addresses":["prl1z8s2lvq93x0qkzrcxzcf6yxvcju06saqkw8u7t5snavp4ccu2ml9spyxwfn"],"amount":1000},{"n":1,"addresses":["prl1p3nzytxu42adq6u7wa3hd6v7x4gayysjj9jpaa3qtpthj7r7e72hq8gjmv0"],"amount":5861.99998846}]}