{"txid":"fe79abe990c9f8a150538f86e19a6daabf4cac13b5a2e9774fdd1a6cd88eab39","block_height":null,"time":null,"vin":[{"txid":"fe79abe990c9f8a150538f86e19a6daabf4cac13b5a2e9774fdd1a6cd88eab39","vout":1,"amount":193.99999846,"coinbase":false}],"vout":[{"n":0,"addresses":["prl1za745spfeksudlwuhd39x3teae599rcejkjs6q5l6eu2cumsx36asdjdrtl"],"amount":100},{"n":1,"addresses":["prl1pzmr904ef067506akv00h53aavc9m6mjerllkxarztqm49gdxetsq8dldx5"],"amount":93.99999692}]}