{"txid":"609d03ca189d355a0de56ecb922c8b89308e29ca04908b585049e01dfc05744a","block_height":null,"time":null,"vin":[{"txid":"609d03ca189d355a0de56ecb922c8b89308e29ca04908b585049e01dfc05744a","vout":411,"amount":2464.15333807,"coinbase":false}],"vout":[{"n":0,"addresses":["prl1zlru3sg78apq4zqxapfqrr9c9xh748us8ck2p0mcaqzh5pw96ugqqsrus76"],"amount":110},{"n":1,"addresses":["prl1pssevuxrt4xg6mqhemymwdrasdmzxd9su74wv0lr5jqt3zycpk9fq2ghh7a"],"amount":2354.15333653}]}