{"txid":"ae04e59705b58d860ee91d2e1fcc19fc05acaa7c53deddaffa200a71e61f832c","block_height":null,"time":null,"vin":[{"txid":"ae04e59705b58d860ee91d2e1fcc19fc05acaa7c53deddaffa200a71e61f832c","vout":79,"amount":759.91633161,"coinbase":false},{"txid":"4edf237f34d022019823b77d9057cf66bf2f7ebc515176e4af730410645c8936","vout":88,"amount":746.10396953,"coinbase":false},{"txid":"25b345a6ce36a7664e31cd5912cf16aae50daefc1a04cf565b0169eb1a0b2175","vout":0,"amount":1.06737336,"coinbase":false}],"vout":[{"n":0,"addresses":["prl1zxl7pfjeumqef9fc00n694m2thnhmjhcg9yl6znpzfy63vfsz053q8v0gqq"],"amount":1507},{"n":1,"addresses":["prl1pj39p4sqnul67r9t53a6kfnsadxmx26tz2uesf4qa3lj5y5ex7amsujxs2v"],"amount":0.08765972}]}