{"txid":"a1eb498bdd69de0497785eeaaee7f9190713c5ce9d6b833046dbb53c53a27827","block_height":null,"time":null,"vin":[{"txid":"a1eb498bdd69de0497785eeaaee7f9190713c5ce9d6b833046dbb53c53a27827","vout":443,"amount":138.32079844,"coinbase":false},{"txid":"5e7b6271289c0d7bef92070cfab5b3754f756db3042a849ae48187e9afab814f","vout":349,"amount":86.81564585,"coinbase":false}],"vout":[{"n":0,"addresses":["prl1zk0zwt8qn8rphg637fsh589m7k5myxa87dywuf4phl8nd88cmavhs5rnt87"],"amount":225},{"n":1,"addresses":["prl1pu4zp9m7f2j9us9j84r68rd0wygxelhyvfs27grp6dch2nns5lc0q8q0ulp"],"amount":0.13644217}]}