{"txid":"ec70038855b6b1f055f85e22c21a3b711518f0aca1a456b2f0693909919af29b","block_height":null,"time":null,"vin":[{"txid":"ec70038855b6b1f055f85e22c21a3b711518f0aca1a456b2f0693909919af29b","vout":1,"amount":10131.45824485,"coinbase":false},{"txid":"a06ad136ff2a0d2a39dc027b58c537cb246905778757ab57bf47a17977c1b91b","vout":0,"amount":6231.24509858,"coinbase":false}],"vout":[{"n":0,"addresses":["prl1phsxrjw6yp5hhtqnkj5nhta3gvvrnxr6qsspxmxugk6lang0hhjaqts4fel"],"amount":62.70333198},{"n":1,"addresses":["prl1zzzwz8n8gqj0sd5x2d730c6qcyj8ep3c3ga5d4u6xw8zlketzkuhs63sfyx"],"amount":16300}]}