{"txid":"40d80779ad4f35afd1ee26d46f66d32fa4000eb1d3e8cb23664d1048b19cb097","block_height":null,"time":null,"vin":[{"txid":"40d80779ad4f35afd1ee26d46f66d32fa4000eb1d3e8cb23664d1048b19cb097","vout":0,"amount":232.18986199,"coinbase":false}],"vout":[{"n":0,"addresses":["prl1zppfy7vvv0c4mwag0qsph92y30cmfkldrg668saaantnrargmusqqhghgcv"],"amount":232},{"n":1,"addresses":["prl1pxdr3ny3wg3jhk078a5v3udjkm5jf5jqw44ye7k0z6zwt0c75kf5qygu0cw"],"amount":0.18985379}]}