{"txid":"caff870713e4f96f8b1f14a62fb3ea3c4abeb82e1344c7b8f4fd891aab17060b","block_height":null,"time":null,"vin":[{"txid":"caff870713e4f96f8b1f14a62fb3ea3c4abeb82e1344c7b8f4fd891aab17060b","vout":0,"amount":11013.42361048,"coinbase":false}],"vout":[{"n":0,"addresses":["prl1p9n2asy32uxdp29eqqksg396q5mszhwwxrc6w4xnvaz92eunlnc3s2xvwqa"],"amount":1013.42359498},{"n":1,"addresses":["prl1zpzzsw5h7jp766fqz23zws0m0m2un42f6hh40gn3zf62z39xfsr7saw6c6d"],"amount":10000}]}