{"txid":"54150a686c639781e8320dec9882a53a99d7e9fa9a0dcf56409cab5cccb72f7f","block_height":null,"time":null,"vin":[{"txid":"54150a686c639781e8320dec9882a53a99d7e9fa9a0dcf56409cab5cccb72f7f","vout":1,"amount":5999.99996869,"coinbase":false}],"vout":[{"n":0,"addresses":["prl1p0ejx9xka22fkfgver4y4p5jk7kn20n0ehgccmcqdtv96dwj6uxzql6xrvz"],"amount":4999.99995305},{"n":1,"addresses":["prl1zuq39fs66qexqvgmy7xtmzptzl957uqmm30zxsnzpc422e2qt4t8qkef06z"],"amount":1000}]}