{"txid":"7867fd1d68df635ab77f4cbb02e924efa868983741076db186858068a21ab3cc","block_height":null,"time":null,"vin":[{"txid":"7867fd1d68df635ab77f4cbb02e924efa868983741076db186858068a21ab3cc","vout":39,"amount":221.01980356,"coinbase":false}],"vout":[{"n":0,"addresses":["prl1zrzt06nt5hc2akeqjnw2mcd58t7znksanzxzf4vp8cuaqkq3c786spla0y3"],"amount":221},{"n":1,"addresses":["prl1py2avpf7fupm9542x4t3jm6m9ntq0gkmvmprd59m0ksfc4uu84t6qqsxs98"],"amount":0.01980202}]}