{"txid":"07bd6737c3506a17018bb8b7ec9f88aa5321c35b43299e408931f88fb21cba4a","block_height":null,"time":null,"vin":[{"txid":"07bd6737c3506a17018bb8b7ec9f88aa5321c35b43299e408931f88fb21cba4a","vout":0,"amount":1036,"coinbase":false},{"txid":"4aed07a7acd9daa9244fc4d576285189efee9eb30198a606d8f10e2745d86da1","vout":1,"amount":0.19997108,"coinbase":false}],"vout":[{"n":0,"addresses":["prl1zt0pc09uuxglq7laaltsws878zdu6fcnkhju8aknngdzwwm5y952s6xgeud"],"amount":1036},{"n":1,"addresses":["prl1p9849nsvv3twpqdjxe3v7xk6g0k2upz0vpy4pcyna4fn6v6c8guss2ctcaw"],"amount":0.19996896}]}