{"txid":"565c3abfb49d6b30fd6514fb751b6003fc753d3c645a5bb02411f948388492e3","block_height":null,"time":null,"vin":[{"txid":"565c3abfb49d6b30fd6514fb751b6003fc753d3c645a5bb02411f948388492e3","vout":1,"amount":80.08933119,"coinbase":false},{"txid":"f2279dd1c47bfa78e914e275bd4e98666eb0d0613545765df4ea8ba1c79084df","vout":847,"amount":70.68422803,"coinbase":false},{"txid":"78c1a4dc7082fb375fa0428a880df14e41c1a99968a924ce05803d7b16b62319","vout":0,"amount":18,"coinbase":false}],"vout":[{"n":0,"addresses":["prl1z79qy2wh3stqul04mv3qv8v5jpzdegn7dzjcsvyylm4hv6q5wwv7qvjxj5m"],"amount":168},{"n":1,"addresses":["prl1p3gdn483vp8er0cl4xjpe4np6mn66wlqudjppkl4l6mf6c2ttwzssslzd9s"],"amount":0.77355652}]}