{"txid":"7a6fcd97b833f6ca25fe8bf8cc919c1f9a9c513262ef90ffb902487b00d01e2e","block_height":null,"time":null,"vin":[{"txid":"7a6fcd97b833f6ca25fe8bf8cc919c1f9a9c513262ef90ffb902487b00d01e2e","vout":1,"amount":810.47776592,"coinbase":false}],"vout":[{"n":0,"addresses":["prl1pryy5djj599qw6m5zf36k9gx74v053n5kqpnlud4defttj3k055aqfqv84c"],"amount":110.47736437},{"n":1,"addresses":["prl1z90r3ry6uac9e2zeg2yhjsxfews3ucrjg6ws06rxch32tzxrx6uksxfm86g"],"amount":700}]}