{"txid":"2d4242ab21319dac42b4c08c41da0355170df3a16fe33582965388db243075d2","block_height":null,"time":null,"vin":[{"txid":"2d4242ab21319dac42b4c08c41da0355170df3a16fe33582965388db243075d2","vout":137,"amount":4170.8124663,"coinbase":false},{"txid":"ca9e985543b467bad90b61ca27bd7d13bb33581b9c2942312df7683916fc1bf5","vout":319,"amount":3295.39246969,"coinbase":false},{"txid":"6dabc86d03334716976d8a40c1a051d2faacc9eac7ffbf470a925eb692289eb8","vout":248,"amount":720.76824112,"coinbase":false}],"vout":[{"n":0,"addresses":["prl1pw6pcrcg985ra6z85g62dmurjvvse6tk06pe48gs2qysg3py8e7ds5jtfgc"],"amount":36.97312311},{"n":1,"addresses":["prl1z2xkwvl84gc98lx8x0mkgkzer90xev7r8ruu4md7mr5lqr57q956smmxtmw"],"amount":8150}]}