{"txid":"fcb5d928c567365012869be9e75845271f6a9864aecc3aa6ff445f1d05d39322","block_height":null,"time":null,"vin":[{"txid":"fcb5d928c567365012869be9e75845271f6a9864aecc3aa6ff445f1d05d39322","vout":1,"amount":10000,"coinbase":false},{"txid":"fcb5d928c567365012869be9e75845271f6a9864aecc3aa6ff445f1d05d39322","vout":0,"amount":319.09944482,"coinbase":false}],"vout":[{"n":0,"addresses":["prl1ph969pz68uksr28mvc0s9vrx46nyuvzr4p6rtv9nftpz96qafyltsm7q08r"],"amount":319.0991583},{"n":1,"addresses":["prl1z9re4ypfaxlcqy6x9lt4r5efmduntygsf99zef8zxkk3vh95tq86sydkk0y"],"amount":10000}]}