{"txid":"f2279dd1c47bfa78e914e275bd4e98666eb0d0613545765df4ea8ba1c79084df","block_height":null,"time":null,"vin":[{"txid":"f2279dd1c47bfa78e914e275bd4e98666eb0d0613545765df4ea8ba1c79084df","vout":516,"amount":167.05122584,"coinbase":false}],"vout":[{"n":0,"addresses":["prl1zzxj4ujdpvkv5umx09h47vt6ar4lyklhz6wqe04edz5jz939q4fqspvcuwc"],"amount":100},{"n":1,"addresses":["prl1pf5g0d45ef5kc6yl8ehpjrlgzje4ws64yl9ncuclnc8uah9g8ckhqdzeefa"],"amount":67.0512243}]}