{"txid":"6c30a78c9c01e0e1ffd5dddf75feda6f00383184832c4a359fbd590f524f6b99","block_height":null,"time":null,"vin":[{"txid":"6c30a78c9c01e0e1ffd5dddf75feda6f00383184832c4a359fbd590f524f6b99","vout":0,"amount":589.99999,"coinbase":false},{"txid":"f514c258798f794034209eeb2d1c7cb93f1a92813627b7db84efce24a13e8a80","vout":8,"amount":21.83650766,"coinbase":false},{"txid":"371e88b8b8784d2fcf1141c62a0cee8f931ab00eaf12c8abd20a910ae676ece1","vout":6,"amount":21.78668337,"coinbase":false}],"vout":[{"n":0,"addresses":["prl1zctwj7jw8jzry27ve5v6kfdkcvtxfgkxtz3fyh7v6tx55ffydxyvq0c87d5"],"amount":630},{"n":1,"addresses":["prl1phjr5wstzmldfc5z3c7g7awyzwpxfe0u5hqxla5jn3d47lvaq2dcqun6juj"],"amount":3.62317833}]}