{"txid":"8d1d7fc4d51795023799e6f92963ac2180b767e1ed70aeec22544e9650e83a08","block_height":null,"time":null,"vin":[{"txid":"8d1d7fc4d51795023799e6f92963ac2180b767e1ed70aeec22544e9650e83a08","vout":0,"amount":2688.5122589,"coinbase":false}],"vout":[{"n":0,"addresses":["prl1zqtlukts0mv57cjss25esz5tkyueppm9s9nz6r36v9j6dvlflxkyqa38c0g"],"amount":2000},{"n":1,"addresses":["prl1plrp9zdr7xyjfp29vt3k83m3d8xdynp6apj9n9l2u46l07g7y4eaq6fm7vz"],"amount":688.5122434}]}