{"txid":"c85fd870960c60c790b6bb40c53390734a50ec0586338832f0b3a10b32b9a84d","block_height":null,"time":null,"vin":[{"txid":"c85fd870960c60c790b6bb40c53390734a50ec0586338832f0b3a10b32b9a84d","vout":0,"amount":999.99999,"coinbase":false}],"vout":[{"n":0,"addresses":["prl1z275zhedzkges3kgu60uz42m6z489xwnkcxqyk8ea8mv7q6zu4desvlq492"],"amount":500},{"n":1,"addresses":["prl1p2p0lp0xhvg5y8cuqyuck9udzykv3cxkffn0n0ahzuuf0dapr9vzsmyueqx"],"amount":499.99998846}]}