{"txid":"e3d763b8b1ffe36ff2eb4cf79828d3b36ead1577b3c36bc11c83ffa51c5633ab","block_height":null,"time":null,"vin":[{"txid":"e3d763b8b1ffe36ff2eb4cf79828d3b36ead1577b3c36bc11c83ffa51c5633ab","vout":1,"amount":264.99999169,"coinbase":false},{"txid":"a0c238b63e990a9686270a7402d10158279fccf31679ef9b907cbb32c93e0007","vout":1,"amount":0.42125385,"coinbase":false}],"vout":[{"n":0,"addresses":["prl1zgc89gxkrgl2qqwewxxtwmn05r2g2lr9tu2ekcqdudezteekegm5qurfyxt"],"amount":265},{"n":1,"addresses":["prl1pmneagxugvf38lwlx85achz8kujxdrr3392maaw9w3du4grwv2n6s7hq0x3"],"amount":0.42123409}]}