{"txid":"ca9e985543b467bad90b61ca27bd7d13bb33581b9c2942312df7683916fc1bf5","block_height":null,"time":null,"vin":[{"txid":"ca9e985543b467bad90b61ca27bd7d13bb33581b9c2942312df7683916fc1bf5","vout":129,"amount":327.68960504,"coinbase":false}],"vout":[{"n":0,"addresses":["prl1zrqmgu0zm8jhwq05nyx5lcktjszakaq8wxnu55qcn6f4ukkrqrmhq964wdn"],"amount":320},{"n":1,"addresses":["prl1pcra3fr7ng9l5eft8ezyq0jdlzs6lzcr94w5psdcczqq4gdcz8cjqxv946s"],"amount":7.6896035}]}