{"txid":"286f4dbc85fb823344e3c5ca97ae7e7eb0afc8e7ddb4ce1e58a00abd2c76b23f","block_height":null,"time":null,"vin":[{"txid":"286f4dbc85fb823344e3c5ca97ae7e7eb0afc8e7ddb4ce1e58a00abd2c76b23f","vout":399,"amount":249.69398827,"coinbase":false}],"vout":[{"n":0,"addresses":["prl1z06nud8q0w2cw5ecep0z2tw7pmh05g4q622crqdlsphw4lw8m8sfqr4cuxg"],"amount":200},{"n":1,"addresses":["prl1pesd46vcsy6znd4py8x4lslmtj3t8nq4llwwczpnex2fgqj693r6squ8nnj"],"amount":49.69398673}]}