{"txid":"78402c1c70b0eed1a7f9e0acc3d346d8fed6a75226d7e4ff4705b957637821f5","block_height":null,"time":null,"vin":[{"txid":"78402c1c70b0eed1a7f9e0acc3d346d8fed6a75226d7e4ff4705b957637821f5","vout":0,"amount":112.1517332,"coinbase":false}],"vout":[{"n":0,"addresses":["prl1plq56ssn6r2tmvlr5sazx9zu6dpmqdq0dtsavgg43g8mvexhzhgfqrehwcd"],"amount":11.15172485},{"n":1,"addresses":["prl1zw96ujyzm2d9j3ly7t7ymdtu0chuqsqhjypjc5fsvlasp7te3tu5sj8ns7k"],"amount":101}]}