{"txid":"6ca7775e2a3a7b1935579fe2b19e9b4512533cd8369e2ba4dd428c7677cf7660","block_height":null,"time":null,"vin":[{"txid":"6ca7775e2a3a7b1935579fe2b19e9b4512533cd8369e2ba4dd428c7677cf7660","vout":1,"amount":101.46391463,"coinbase":false}],"vout":[{"n":0,"addresses":["prl1z0u9ulv6zdlgs54lxx0ax3zt842d53znuwm74thdft9llek3f4rcq27jlku"],"amount":100},{"n":1,"addresses":["prl1pgu56cpxwpnj223jvccyyej9yvd9nmxucy4hqk7djvft6w0g39nuqnhkrvu"],"amount":1.46391309}]}