{"txid":"324fa2729c2499d0b83e839eca0f7b6517e4f23d550f9da78bbd98863e965d22","block_height":null,"time":null,"vin":[{"txid":"324fa2729c2499d0b83e839eca0f7b6517e4f23d550f9da78bbd98863e965d22","vout":0,"amount":149.99999,"coinbase":false},{"txid":"69f93dd6fd6f13f3fd208b3d2a6a1004483692b7b979366c10d250321705b5bc","vout":238,"amount":13.1909436,"coinbase":false}],"vout":[{"n":0,"addresses":["prl1zlxdfp4qpysh4w4m0tcjfxg9yemn8ump4gln8sfzjzrhhxq5qn89qcn0rkm"],"amount":150},{"n":1,"addresses":["prl1pn04vg0pvf4nsqcaxyha9qr206sge4rlelhufcsl49j9zd0pnhl6quv8274"],"amount":13.19093148}]}