{"txid":"7867fd1d68df635ab77f4cbb02e924efa868983741076db186858068a21ab3cc","block_height":null,"time":null,"vin":[{"txid":"7867fd1d68df635ab77f4cbb02e924efa868983741076db186858068a21ab3cc","vout":1108,"amount":246.0241638,"coinbase":false}],"vout":[{"n":0,"addresses":["prl1zm6extz5kq983hxh5q7syvx974tmdh03gp85uuazpe0msu5k5a66smwltjm"],"amount":245},{"n":1,"addresses":["prl1p7v2u3urx5xcfd5pj8q9zx0ndlk4e87zx2r733etnlhppzwf3a9ysz9n0mn"],"amount":1.02416226}]}