{"txid":"ac646385f913995e681f8437010ccfb62cef88839f69585fa11eac3595bd6852","block_height":null,"time":null,"vin":[{"txid":"ac646385f913995e681f8437010ccfb62cef88839f69585fa11eac3595bd6852","vout":0,"amount":702.96510776,"coinbase":false}],"vout":[{"n":0,"addresses":["prl1zs62yevua2fv6kmp8wjq3yrv4gz8za5ler7sueg3tmat7j6f64dvsh9zpke"],"amount":120},{"n":1,"addresses":["prl1psfj9aet8hvzhmj5ags3pen5y3mrr74ujjgleu2424gxvlcahcgpsxgrhj9"],"amount":582.96509942}]}