{"txid":"8377d8a87579c051cc62085680c046a11597e01ef0c65d0f2d215279b2c51176","block_height":null,"time":null,"vin":[{"txid":"8377d8a87579c051cc62085680c046a11597e01ef0c65d0f2d215279b2c51176","vout":0,"amount":2344.68573806,"coinbase":false}],"vout":[{"n":0,"addresses":["prl1z4a875njpskn4zvrneg03cqtr9uudc8pajrrsvlyp2lpztv4een9srzlkd6"],"amount":2340},{"n":1,"addresses":["prl1psupehzmnceahgs3zfp2zg9uv3hesumjsdrg204884hzz6r9j2u5svf5dt8"],"amount":4.68572972}]}