{"txid":"3cd4ebeced576e86dd92af8d629cbe74144a2c8640679bf45916264c75191f09","block_height":null,"time":null,"vin":[{"txid":"3cd4ebeced576e86dd92af8d629cbe74144a2c8640679bf45916264c75191f09","vout":0,"amount":2831.46398673,"coinbase":false}],"vout":[{"n":0,"addresses":["prl1zjk4fum089qt2d20mwhxe8mzu77tsdg2xx9r4rejeq86y04xnzzzsnxeak4"],"amount":140},{"n":1,"addresses":["prl1pmuzkdtg7zs6s7jnspc7fhlj9fednr6vcu8yx4k5649t8rdfljeyst2hq0k"],"amount":2691.46397123}]}