{"txid":"5d629c891e2e166556eb01d4898511d79a7442d196b0a4172de4bbde5759e182","block_height":null,"time":null,"vin":[{"txid":"5d629c891e2e166556eb01d4898511d79a7442d196b0a4172de4bbde5759e182","vout":1,"amount":1131.56586975,"coinbase":false}],"vout":[{"n":0,"addresses":["prl1z088fedz4tfaqrf0sls27fuaduvgvlqm3tmfq02h8vte4qvvh8v7sx4z3ss"],"amount":2.026},{"n":1,"addresses":["prl1pza4xkj2r85hkpwwak8l05v84q3mrqnmldquu30yhhl04tptqt58szjdsx6"],"amount":1129.53986821}]}