{"txid":"83bd8605957bcbe82c191830813e70a83447153dcb03949cf170e0568b113e7c","block_height":null,"time":null,"vin":[{"txid":"83bd8605957bcbe82c191830813e70a83447153dcb03949cf170e0568b113e7c","vout":0,"amount":457.18987024,"coinbase":false}],"vout":[{"n":0,"addresses":["prl1pnqggxvguqa5euegy3vwp84rgv4eucttw837y84l9ugmltve6p2jqm3rm0m"],"amount":232.18986199},{"n":1,"addresses":["prl1zeqjn3z7w9jxwl2puclt75q68esy4skwmgyftpw502lkjqdl4p09scmcrhf"],"amount":225}]}