{"txid":"12eea0dc1158f89367056ec328b00b5fbcc4f8c6d41d0088eea87c3defd66ae8","block_height":null,"time":null,"vin":[{"txid":"12eea0dc1158f89367056ec328b00b5fbcc4f8c6d41d0088eea87c3defd66ae8","vout":454,"amount":421.20045471,"coinbase":false}],"vout":[{"n":0,"addresses":["prl1zx93x54hwz6nkgyyujekgff90kslew8srezsxey3hpnynxey793qszty2jz"],"amount":100},{"n":1,"addresses":["prl1pazqdam3av4p0nsmwnydv7ym6wk2myujha7kwy6e5xxtsaa34lvrsx2n4v6"],"amount":321.20028392}]}