{"txid":"0f217ae30e15caa5d850fe8f792790a846af4f540b5cd551a5d728e760707a6f","block_height":null,"time":null,"vin":[{"txid":"0f217ae30e15caa5d850fe8f792790a846af4f540b5cd551a5d728e760707a6f","vout":0,"amount":469.99999,"coinbase":false},{"txid":"caf41f0c74efb8aaddcf569667cfa6a89a42a0379622ed7c18d95b9ace83b7c9","vout":15,"amount":4.61912356,"coinbase":false}],"vout":[{"n":0,"addresses":["prl1pp6dz97pvg6jpaqf63lefvm7kz4x7w5cwx5fqyvhr5qdqx4u87amspxje2q"],"amount":4.61910218},{"n":1,"addresses":["prl1zx4cya9f2srx68uzhlev42hm8d5c0x8789cw7jygx6hz7e7f7nrpsqpvsky"],"amount":470}]}