{"txid":"f059572e8920d378fa4d3c017915723ed54dec8573c0e027427feb0738729313","block_height":null,"time":null,"vin":[{"txid":"f059572e8920d378fa4d3c017915723ed54dec8573c0e027427feb0738729313","vout":1,"amount":321.84603494,"coinbase":false}],"vout":[{"n":0,"addresses":["prl1pf6xye8da5ekxnnly4sws2uwmfyqnta0yemawtstwrws4m3uy2r5q00rxj3"],"amount":1.84602661},{"n":1,"addresses":["prl1zxl9tjwgucjgpr963ecww0sk3p027pjukqch3wypkd8j0r9r7jp6q7l03yu"],"amount":320}]}