{"txid":"ca9e985543b467bad90b61ca27bd7d13bb33581b9c2942312df7683916fc1bf5","block_height":null,"time":null,"vin":[{"txid":"ca9e985543b467bad90b61ca27bd7d13bb33581b9c2942312df7683916fc1bf5","vout":585,"amount":61.01180856,"coinbase":false},{"txid":"bb3e11a41c65241c4d6974ab0bfc2e0013683c760cffb0e4ad3154b1b242bdee","vout":0,"amount":44.35233681,"coinbase":false}],"vout":[{"n":0,"addresses":["prl1pnv56vxs4p7qz5nw6j4xpf769ync8pqf6xem42z3gf6rpln7dccqqvqt2nh"],"amount":0.36413383},{"n":1,"addresses":["prl1znqklpa4j9qsnp2e5myhsqmqh2xnzx0mh5t5a7lxchrdhepa9z3qs33yp0z"],"amount":105}]}