{"txid":"1ab20331e980abe56a197fec82b24386666d2a8d164caa144173e926c665daa2","block_height":null,"time":null,"vin":[{"txid":"1ab20331e980abe56a197fec82b24386666d2a8d164caa144173e926c665daa2","vout":0,"amount":15603.3900809,"coinbase":false}],"vout":[{"n":0,"addresses":["prl1zlw05wyw7el0pxryu90s56pfud7jpuf9cjrnummllzyg8djdvthes9y9ujv"],"amount":10000},{"n":1,"addresses":["prl1phhau6njmed4lxq8d66ps9grn5j8f2rs9x3tut4ts09jztla0m38s97qqv9"],"amount":5603.38999797}]}