{"txid":"09cbf11ba98d80b1a437ecabedc2160e201d842299ad05dee5d4a69ebc77ef08","block_height":null,"time":null,"vin":[{"txid":"09cbf11ba98d80b1a437ecabedc2160e201d842299ad05dee5d4a69ebc77ef08","vout":0,"amount":39999.99999,"coinbase":false}],"vout":[{"n":0,"addresses":["prl1zvzzg85ggw3wgmg2ezjpv22dqu6u4w74hpctq2q3pmhhhx7h739tq7na5rx"],"amount":30000},{"n":1,"addresses":["prl1p7gmten80h5angglkh8s8cu2azdjxyjpwgck9r0m0pf0l5stpkwjs6pmlp0"],"amount":9999.99989937}]}