{"txid":"9a1584f6b16334cfab02fe031416b8460dceb81e092c75028641db9186cde423","block_height":null,"time":null,"vin":[{"txid":"9a1584f6b16334cfab02fe031416b8460dceb81e092c75028641db9186cde423","vout":0,"amount":449.99999,"coinbase":false},{"txid":"8782f8b7c4b82ef6cd68b7a2ef8abe809564a7aff24fdda159476cce9a91a71e","vout":1,"amount":8.44990254,"coinbase":false}],"vout":[{"n":0,"addresses":["prl1zr8vjatp9zvqpnkae58xfcvenx9vxnmvwvw0zjw2xh47d0tdu637qkt8g3u"],"amount":450},{"n":1,"addresses":["prl1p6z85dd93t9ks64x6fn5c4wcdc38pwsks8vac4qed24g7mwhvmdrs8z969a"],"amount":8.44989042}]}