{"txid":"8bf305e8f712cc5ce27c15c7a13b2524ccd1f0e4c4a9c7f4204721ca753ce129","block_height":null,"time":null,"vin":[{"txid":"8bf305e8f712cc5ce27c15c7a13b2524ccd1f0e4c4a9c7f4204721ca753ce129","vout":0,"amount":239.99999,"coinbase":false},{"txid":"252b4b32cc452e3b11ba162eb0b504716fc97bc419a426b142a2a5b9fcc1324a","vout":927,"amount":1.49840007,"coinbase":false}],"vout":[{"n":0,"addresses":["prl1pkpd053k0sz32j9zzk5ceptxgcgy7gjmulkpc46rufm4jn6dzgv3qf2xjte"],"amount":1.49828059},{"n":1,"addresses":["prl1z08ect4m5v4zyxw9tnxtnkjlfvtxeqv9zzzya5puam8c8f78m9zeqqsgjez"],"amount":240}]}