{"txid":"864b7533577c14c4aa58d52174ad071bb16ad537a6a38e5ad2339af194d3f118","block_height":null,"time":null,"vin":[{"txid":"864b7533577c14c4aa58d52174ad071bb16ad537a6a38e5ad2339af194d3f118","vout":0,"amount":300,"coinbase":false},{"txid":"af01a3f2892b8a287d2d80783af3c02a6aa55430c9d7ad1bf12cd4578bc20dee","vout":645,"amount":25.844273,"coinbase":false}],"vout":[{"n":0,"addresses":["prl1zn6m5wtlykkv0mvvsz78t3u799vs5yuaqz0a9m5fqq93xv88txmlqfadyek"],"amount":300},{"n":1,"addresses":["prl1pjqc6spq3xctvpvcfy7zqhvn7uymepwnvz3g9kdduy2fnfqfeuqlquv2qmw"],"amount":25.84372119}]}