{"txid":"cf890d71c365db416a3de296c7301947edb992c86e788fbf8cb8e2ef4c332d6b","block_height":null,"time":null,"vin":[{"txid":"cf890d71c365db416a3de296c7301947edb992c86e788fbf8cb8e2ef4c332d6b","vout":443,"amount":206.59637973,"coinbase":false}],"vout":[{"n":0,"addresses":["prl1zcdr52ha28thpaltdv9v7ndlytpdwg36h8q0ls7ly9357zd2cw6asw827k3"],"amount":100},{"n":1,"addresses":["prl1pgrkz85jtyvtrhdgxqyyupw8nkszxgpe0gntw5nvkvxhpuzqqfnystpraww"],"amount":106.59629742}]}