{"txid":"11aa696cfb665230845e9befff8bcb33d4de391952528625da33cf1a304bf6c3","block_height":null,"time":null,"vin":[{"txid":"11aa696cfb665230845e9befff8bcb33d4de391952528625da33cf1a304bf6c3","vout":0,"amount":110.16124752,"coinbase":false},{"txid":"fc6bb1c9581c9dd3c0be8c0c34aa8dd75653f8a85ceb68a09068b0981dbb4bdb","vout":1,"amount":3.06642642,"coinbase":false},{"txid":"ff48a5c38ae6e4af1e7a8d179131a4def9f2e48a8d6361ea4e8a1eb912e2bed9","vout":1,"amount":1.50964095,"coinbase":false}],"vout":[{"n":0,"addresses":["prl1zvchlnq5lpakfhn7405p79a639307rfmuvwctfvszsnwwz392jcqs73lgzj"],"amount":114},{"n":1,"addresses":["prl1p9hwqvmag4phez0w8fxx906wn9emcrgrlwvnev3j6pgkkdkgxu3ns6sqgaz"],"amount":0.73731219}]}