{"txid":"afedb485891841cbad5da0f6deda6333c788e38c1ed0bf35c296b576cdd6ca53","block_height":null,"time":null,"vin":[{"txid":"afedb485891841cbad5da0f6deda6333c788e38c1ed0bf35c296b576cdd6ca53","vout":641,"amount":144.89096643,"coinbase":false},{"txid":"7f73da489df96a26a5b9446834e02735577f905a3d5f1a852577700ce7062df8","vout":773,"amount":104.67294933,"coinbase":false}],"vout":[{"n":0,"addresses":["prl1z4k3ykktwq2588dx4zzs4r9vfl7u8dyzzgyqed4cdw2y59fmk08nsq58hly"],"amount":200},{"n":1,"addresses":["prl1plh6csdu6f6k2w5serqu9edzy6u0xdnkdukjpp8uyaagnvyc4stzsztq2dd"],"amount":49.56391364}]}