{"txid":"6fb5696d0515c0ab4979af1a60b2f998fb2e71f8f848a46319fd2fa23113fdc7","block_height":null,"time":null,"vin":[{"txid":"6fb5696d0515c0ab4979af1a60b2f998fb2e71f8f848a46319fd2fa23113fdc7","vout":0,"amount":99.99999,"coinbase":false},{"txid":"1e697e436e31f90c3c0c9eb494bff1583c24190f540ce010e7cec88a684a7c3b","vout":0,"amount":65.94990506,"coinbase":false}],"vout":[{"n":0,"addresses":["prl1p5mqyqkc98skh3zzwz4lrn9p79tkcmrgjvwfrt8zac4qflqy59xhsck68rt"],"amount":65.9498836},{"n":1,"addresses":["prl1z4allm0ja64k0ksysj9tu6vgpe4648957f2r5l5k3udsh8jcz2msq0ct9qq"],"amount":100}]}