{"txid":"33cc12f487b77d7a377289a5088e6b27aa635c7506647d7198c186b9c226d860","block_height":null,"time":null,"vin":[{"txid":"33cc12f487b77d7a377289a5088e6b27aa635c7506647d7198c186b9c226d860","vout":394,"amount":615.4756207,"coinbase":false}],"vout":[{"n":0,"addresses":["prl1zzjrcx5drkxupndn67rv86l0tgat0nhrwlayxw7mja8hnx26fv3mq3jmsk3"],"amount":576},{"n":1,"addresses":["prl1p2zu56gqek8ws9k9y40x7vvpj43x7anjysjfr4vd000jfjkufdqash09tu2"],"amount":39.47561916}]}