{"txid":"21f7186a2e07745f613d265eed226de22c78027abcf9500d68e215466b70ee8d","block_height":null,"time":null,"vin":[{"txid":"21f7186a2e07745f613d265eed226de22c78027abcf9500d68e215466b70ee8d","vout":26,"amount":71.76807952,"coinbase":false},{"txid":"ae04e59705b58d860ee91d2e1fcc19fc05acaa7c53deddaffa200a71e61f832c","vout":83,"amount":49.28685977,"coinbase":false}],"vout":[{"n":0,"addresses":["prl1znx7fu2pja4dzdzfs8ksfu5yyw7lug35hxpxkqzhuxc58uf53jcjq8rpx23"],"amount":100},{"n":1,"addresses":["prl1pvcgdmql4jnaxnxrm2enmjskzeremxpqwrdv94cs505l2tas6nacs6r5nem"],"amount":21.05492777}]}