{"txid":"75ad79bdbcab13c11436bcf521374514462c6473852d8b980b336d18eac27b08","block_height":null,"time":null,"vin":[{"txid":"75ad79bdbcab13c11436bcf521374514462c6473852d8b980b336d18eac27b08","vout":186,"amount":162.56899971,"coinbase":false}],"vout":[{"n":0,"addresses":["prl1z9svg8emf5wn8xtuu8gkfmsa8vl7xf6gflssa0eupezd4hw5wp2gqdu9xum"],"amount":162},{"n":1,"addresses":["prl1p2p0lp0xhvg5y8cuqyuck9udzykv3cxkffn0n0ahzuuf0dapr9vzsmyueqx"],"amount":0.56899817}]}