{"txid":"3c9e6c262a9a7388431a6d3443f461f5ec6774178840c68013696d5df2bcada6","block_height":null,"time":null,"vin":[{"txid":"3c9e6c262a9a7388431a6d3443f461f5ec6774178840c68013696d5df2bcada6","vout":0,"amount":214.2684674,"coinbase":false}],"vout":[{"n":0,"addresses":["prl1zx2a00jzp3aahh69p3hypq6fe7chgzv37lj9uqkxvq2t4t4wpqp7sw64tlw"],"amount":214.2},{"n":1,"addresses":["prl1psmnq9k9esedp8ry9d9p6tnhgw7v0jjgnqlsu2qmgrhkv3kkfaptspv857v"],"amount":0.06845906}]}