{"txid":"286f4dbc85fb823344e3c5ca97ae7e7eb0afc8e7ddb4ce1e58a00abd2c76b23f","block_height":null,"time":null,"vin":[{"txid":"286f4dbc85fb823344e3c5ca97ae7e7eb0afc8e7ddb4ce1e58a00abd2c76b23f","vout":74,"amount":304.30321141,"coinbase":false},{"txid":"62fa8cb5adc75f3a6ad1e51df153d61008d333a89546b4a3f8fa99b5e090d573","vout":196,"amount":22.96743516,"coinbase":false}],"vout":[{"n":0,"addresses":["prl1zrzhekxuarc2zz4s4tyxqmu95pef3vcx8d0xfqd4gxsk05pl7tcusqku9y9"],"amount":320},{"n":1,"addresses":["prl1pcra3fr7ng9l5eft8ezyq0jdlzs6lzcr94w5psdcczqq4gdcz8cjqxv946s"],"amount":7.27064445}]}