{"txid":"ca9e985543b467bad90b61ca27bd7d13bb33581b9c2942312df7683916fc1bf5","block_height":null,"time":null,"vin":[{"txid":"ca9e985543b467bad90b61ca27bd7d13bb33581b9c2942312df7683916fc1bf5","vout":558,"amount":174.10557833,"coinbase":false},{"txid":"2d4242ab21319dac42b4c08c41da0355170df3a16fe33582965388db243075d2","vout":620,"amount":79.14253115,"coinbase":false},{"txid":"57ad7588ba2b4a826b393d4af5bd09ea91011cf09513e3e3924d87c4ee655563","vout":207,"amount":61.39498311,"coinbase":false}],"vout":[{"n":0,"addresses":["prl1persc6rdjd0g6sv9sqwnrsk4dqm5ntk5zmrl0yhulkkzckynxs3aqhyqzdm"],"amount":19.64307789},{"n":1,"addresses":["prl1zl5l8ph25u7astn2482hyejwy6egr6kr4v09w7d2g426379gksg8slhxuzw"],"amount":295}]}