{"txid":"d9e0d1f6cbd9e24280e9673506b7fb19194d36d7f020032d3bf64b93878766cc","block_height":null,"time":null,"vin":[{"txid":"d9e0d1f6cbd9e24280e9673506b7fb19194d36d7f020032d3bf64b93878766cc","vout":1,"amount":2249.9999844,"coinbase":false}],"vout":[{"n":0,"addresses":["prl1pzm5v8ayrf2x249qeylgzhnfk0y8jk9x34kpht44c0hpyvw6wpx6sh7pczp"],"amount":1749.99990493},{"n":1,"addresses":["prl1zh3gt8fkhlf8r349eeru4326m2y58dwgpd6sw5fgfmv4cszj5mh8qtqmzgh"],"amount":500}]}