{"txid":"509892c4320e71c1868047ac0cd8ea86f433ab56ff40eb6d0e9bf130ea9a0db6","block_height":null,"time":null,"vin":[{"txid":"509892c4320e71c1868047ac0cd8ea86f433ab56ff40eb6d0e9bf130ea9a0db6","vout":0,"amount":7767.08899061,"coinbase":false}],"vout":[{"n":0,"addresses":["prl1z87kxhku68jyu6xs92nask3ltggl3cga7apcj4kwe0wdpz74kzjjs39e20k"],"amount":1000},{"n":1,"addresses":["prl1p47rm07xafyztc7dz0pcs0pur3psdfqgfsawrpk646d4gasy0w2mst6rxak"],"amount":6767.08898907}]}