{"txid":"bfc90d280d91913015546eef67ae368dd4e9c1b2d615c276b0076f1527e93feb","block_height":null,"time":null,"vin":[{"txid":"bfc90d280d91913015546eef67ae368dd4e9c1b2d615c276b0076f1527e93feb","vout":1,"amount":9999.99999692,"coinbase":false}],"vout":[{"n":0,"addresses":["prl1zflnnumnf20f00uy4xgnnppvf3gykzh4uf97sus0mwlap396pxrhqnzmv8h"],"amount":100},{"n":1,"addresses":["prl1p209gdfdx4vl4y229jsqgx7rrncxpjpt2dgczqm7s8etpy0v60adqq05623"],"amount":9899.99999538}]}