{"txid":"d9758f5b086c96fd9951d224b82f9f16dee0e4abb8e850edb96215b53af78d15","block_height":null,"time":null,"vin":[{"txid":"d9758f5b086c96fd9951d224b82f9f16dee0e4abb8e850edb96215b53af78d15","vout":0,"amount":5.19205135,"coinbase":false},{"txid":"413842576ee9d7f0fb5706ffdd0b412c18851cd104b84200c04f7960504591ac","vout":0,"amount":499.99999,"coinbase":false}],"vout":[{"n":0,"addresses":["prl1p8v73jxag7wu6kprg6dkcvcchqxfst2g9yggkr3mf7jcptnjncaxqu2s344"],"amount":0.19104135},{"n":1,"addresses":["prl1ztecq268wtx6982q47tj5gq453vlw9w8ss2ucyawujwv55upue8yqmva3pl"],"amount":505}]}