{"txid":"316d2076017573884bd487ffd8bfa99063b59e708dbc47752c991dfac9a429e0","block_height":null,"time":null,"vin":[{"txid":"316d2076017573884bd487ffd8bfa99063b59e708dbc47752c991dfac9a429e0","vout":0,"amount":0.6123202,"coinbase":false},{"txid":"5e7b6271289c0d7bef92070cfab5b3754f756db3042a849ae48187e9afab814f","vout":368,"amount":759.30137514,"coinbase":false},{"txid":"75ad79bdbcab13c11436bcf521374514462c6473852d8b980b336d18eac27b08","vout":444,"amount":895.92951206,"coinbase":false}],"vout":[{"n":0,"addresses":["prl1p8v73jxag7wu6kprg6dkcvcchqxfst2g9yggkr3mf7jcptnjncaxqu2s344"],"amount":0.8422074},{"n":1,"addresses":["prl1zqpx53yespgj5jdxhwq9g0rff7laydkcvpukjc5d3wa36er0saa8qln37rr"],"amount":1655}]}