{"txid":"3c830f9d11acafcd39a758c67736be267e9aa8f9cf9bedf2a027a85333c2dc16","block_height":null,"time":null,"vin":[{"txid":"3c830f9d11acafcd39a758c67736be267e9aa8f9cf9bedf2a027a85333c2dc16","vout":0,"amount":900,"coinbase":false},{"txid":"3ca11952daebf3ffa992e3e1efa2cacc0e0127d81a95f78c1e7b625590c035ca","vout":1,"amount":0.99999846,"coinbase":false}],"vout":[{"n":0,"addresses":["prl1z8f2rgwwwdd2wcwardvawjzvv2avltm6q7ajcsz74390ftesftnwsapga0g"],"amount":900},{"n":1,"addresses":["prl1pplvtsac7kg3gvv0c8u9d7hskgm2tmalk7j39sn72pqhttv4z4c5qf0w845"],"amount":0.99999634}]}