{"txid":"7b606ef6a3ffef786bce7d224bc89a0c57f18e5a49d0e9d4cb131c98530e2c5e","block_height":null,"time":null,"vin":[{"txid":"7b606ef6a3ffef786bce7d224bc89a0c57f18e5a49d0e9d4cb131c98530e2c5e","vout":1,"amount":4268.99999692,"coinbase":false}],"vout":[{"n":0,"addresses":["prl1zq33lcnx4up36fry2hhlyy2z0tzh37uj56nsaz7ad5jmywfs9qvysqsnw6f"],"amount":1500},{"n":1,"addresses":["prl1pfzn2dsrzyvr34ue4xfu9pj0nz5zg82raw383shtqwgyczc4jpags7ep8at"],"amount":2768.99999538}]}