{"txid":"57ee5736ce98e2e348a3e5521ae69ef272265274e13beab7e2978f7b43fe5ff0","block_height":null,"time":null,"vin":[{"txid":"57ee5736ce98e2e348a3e5521ae69ef272265274e13beab7e2978f7b43fe5ff0","vout":0,"amount":1619,"coinbase":false},{"txid":"7937f7f4273f4e0f22f8f033a0e330246423671723543ecb452e8712ce4b95ab","vout":1,"amount":836.7241475,"coinbase":false}],"vout":[{"n":0,"addresses":["prl1z27wu2un3cd8gc6wtlud7sad0uwcs588knqazmtxeesxykqd8kgtscltxzd"],"amount":2000},{"n":1,"addresses":["prl1p9pg7e4vfg9e9dy6m03zn5gwt2r23629rymrtmv0g9mp72ks6e5jsy7c7xx"],"amount":455.72414538}]}