{"txid":"3cb7f00ea3cd1d7dc9549f4ed6426ffa226ff14c3bd3a8b9a72f730dcf78d857","block_height":null,"time":null,"vin":[{"txid":"3cb7f00ea3cd1d7dc9549f4ed6426ffa226ff14c3bd3a8b9a72f730dcf78d857","vout":0,"amount":723.99999845,"coinbase":false},{"txid":"74661f9176f5f6b9785164ccc9f1a9a678323d555f546075a1bf5d9fe5d2a1dc","vout":24,"amount":55.99097393,"coinbase":false},{"txid":"3cb7f00ea3cd1d7dc9549f4ed6426ffa226ff14c3bd3a8b9a72f730dcf78d857","vout":1,"amount":9,"coinbase":false}],"vout":[{"n":0,"addresses":["prl1zhmzal5gdm5uqyfus08lw98t5h6f8d90ntuppzkkal62360adn90qudlrgh"],"amount":780},{"n":1,"addresses":["prl1p75uts7j9nhxf573njt0dqpld4m50hkgyqd5r6xytdxnn0cthc9fsr9az77"],"amount":8.9902729}]}