{"txid":"28fef1ddebb6f1909ebb6a03bf23b73253b92ff651968e0423bce28ae04c9bd5","block_height":null,"time":null,"vin":[{"txid":"28fef1ddebb6f1909ebb6a03bf23b73253b92ff651968e0423bce28ae04c9bd5","vout":0,"amount":239.99998997,"coinbase":false},{"txid":"061de1994885b7febbe1d320401fd987cde9c5b191e0291e3b56912a85da17cd","vout":344,"amount":54.79946487,"coinbase":false}],"vout":[{"n":0,"addresses":["prl1z8s0uw4se3m3yyepyccdkze2ydg70h66nmhq2s2a89xw08mlnx73sff5u5w"],"amount":290},{"n":1,"addresses":["prl1p55maz6kaq967ga0lj0gu38hl40s7gf9yeudru6yf703ykd2wht3sfslfep"],"amount":4.79890303}]}