{"txid":"a1eb498bdd69de0497785eeaaee7f9190713c5ce9d6b833046dbb53c53a27827","block_height":null,"time":null,"vin":[{"txid":"a1eb498bdd69de0497785eeaaee7f9190713c5ce9d6b833046dbb53c53a27827","vout":543,"amount":1587.32932585,"coinbase":false}],"vout":[{"n":0,"addresses":["prl1za93th4fax4w9hedw4fcftchs0e5dsfkvqdush3udf0xha5ya92jqpxjuc0"],"amount":1100},{"n":1,"addresses":["prl1pxgx47sgn9wrzhl5gsugur9j4yxzpf7wpfv4m4ynqr35w9ng4avvqduz955"],"amount":487.32932431}]}