{"txid":"b81bc17ace91aa9a444521222d026212253c16da4262c4624bf1b88a19e45d13","block_height":null,"time":null,"vin":[{"txid":"b81bc17ace91aa9a444521222d026212253c16da4262c4624bf1b88a19e45d13","vout":0,"amount":6869.99999,"coinbase":false}],"vout":[{"n":0,"addresses":["prl1z3v60skcwyv7nzry653l5ra806vtqs7hldz26v6y0hfgc3hafx8nqmxe3zl"],"amount":6868},{"n":1,"addresses":["prl1pykfwsvatquqhmcjvzrcxzl5rcujxu0vnpse8jxl6dslcs80hfv0srj08vq"],"amount":1.99958845}]}