{"txid":"57ad7588ba2b4a826b393d4af5bd09ea91011cf09513e3e3924d87c4ee655563","block_height":null,"time":null,"vin":[{"txid":"57ad7588ba2b4a826b393d4af5bd09ea91011cf09513e3e3924d87c4ee655563","vout":297,"amount":100.37057347,"coinbase":false}],"vout":[{"n":0,"addresses":["prl1zczh53upr7jpdfm6hrep9w9m2nk6z7zzvx8xpm4tkwgmxf36umzgqglee03"],"amount":100},{"n":1,"addresses":["prl1plpn5nmzuft7ekw55kzjprkc2dj73c3qma96t3vuvt50nwqhzn75sq0y2tu"],"amount":0.37056504}]}