{"txid":"fae7fc3c81aaaeb59880325981e99ab39ca5ba6b65561625c8f3b1e079d84d66","block_height":null,"time":null,"vin":[{"txid":"fae7fc3c81aaaeb59880325981e99ab39ca5ba6b65561625c8f3b1e079d84d66","vout":0,"amount":2809.13900188,"coinbase":false}],"vout":[{"n":0,"addresses":["prl1p4043eedgzkdcmhzj80lfh3kvt3q8gr26nql0wmml9kp3kkls0h5qrt8jfe"],"amount":1809.13898638},{"n":1,"addresses":["prl1zzfneepu4tz5nt5gmjtzwvduyp2vn0agqe6p9wtgd4qhvefj3fuyq83e0d8"],"amount":1000}]}