{"txid":"286f4dbc85fb823344e3c5ca97ae7e7eb0afc8e7ddb4ce1e58a00abd2c76b23f","block_height":null,"time":null,"vin":[{"txid":"286f4dbc85fb823344e3c5ca97ae7e7eb0afc8e7ddb4ce1e58a00abd2c76b23f","vout":106,"amount":1683.10794235,"coinbase":false},{"txid":"649664df34ce184d501624cfe3a0f59b23189b67f8505bbb02b8b90dde711227","vout":349,"amount":52.01262692,"coinbase":false}],"vout":[{"n":0,"addresses":["prl1phcd0402d3k8ve8e4lcs3qhsrtsveqjz8a3mxllngyh6fu3lw7p9smu0gxy"],"amount":35.12055783},{"n":1,"addresses":["prl1zsyz8hrykp7gvrxelv3z3za5xrgkqvnwfux4kymrd79sy8x46jz9q77r8kx"],"amount":1700}]}