{"txid":"3c910a79e2bd3ec3daf465455f726720829d6b32e54d9028298f15d473ea9fb5","block_height":null,"time":null,"vin":[{"txid":"3c910a79e2bd3ec3daf465455f726720829d6b32e54d9028298f15d473ea9fb5","vout":537,"amount":97.81742846,"coinbase":false},{"txid":"2bbcf66d2b43c4990b46300b7f5c06520eac945f651ca158572c462b50c52b42","vout":0,"amount":96.05109998,"coinbase":false}],"vout":[{"n":0,"addresses":["prl1z99zm4mmpzar4tm3fflpr3k3y434ef2wqrj43e8tlvmuyyycz47dqmddm0r"],"amount":100},{"n":1,"addresses":["prl1p3wnufntm78sp3aze9tjffjhjsa7hd2dyyke2nh6u9n4nxt7fhn9s2tfh7p"],"amount":93.86852632}]}