{"txid":"fc9f650154dfec2d7687837480a1b39bfdc549d09f1c054aa93765aaeeedd675","block_height":null,"time":null,"vin":[{"txid":"fc9f650154dfec2d7687837480a1b39bfdc549d09f1c054aa93765aaeeedd675","vout":0,"amount":1161.99999,"coinbase":false},{"txid":"c9b96813b9c3df75bf7d12667a6d97f2ed42f8a8d46c0c7790b81a18ac6dbf14","vout":0,"amount":0.04798611,"coinbase":false}],"vout":[{"n":0,"addresses":["prl1z4gmm696wqrj24asu6s745fkewl5xm3gervyc3dnr0dnf50yq8paqecn3r5"],"amount":1162},{"n":1,"addresses":["prl1pus4583j7m8zdyhe40c9rffxe3u828dyxmarc264ew3uhfceh5xzq59fmd2"],"amount":0.04796443}]}