{"txid":"9d93f4dac82627fb1969e3b082f93ee0df9ee65ff4eac3abba57073501e5bb2d","block_height":null,"time":null,"vin":[{"txid":"9d93f4dac82627fb1969e3b082f93ee0df9ee65ff4eac3abba57073501e5bb2d","vout":165,"amount":58.49487298,"coinbase":false},{"txid":"5206387a93bc4274e253748acb54de1492ac1bb9b4bcf7ba1b04c4fa287b3860","vout":261,"amount":56.21822643,"coinbase":false},{"txid":"212c4059e2d96f61530a6fdd170e2c696186f82ee0d9199dac55b78c86f20c2d","vout":31,"amount":32.39728653,"coinbase":false}],"vout":[{"n":0,"addresses":["prl1zdtqqu0rwy0u0dyw2jd3qg9jqqvn0f84krq2axcurwx8vu40q3nqsmm0tkm"],"amount":147.1},{"n":1,"addresses":["prl1pk238y56e79ljcgkrv3whga7nhqmphjj00ljrghvsexuvjtpq8z8q0khtva"],"amount":0.01038324}]}