{"txid":"f69c04f95eaf6a890ca80a37311be29911151f9e996ee2fb4e4deafbadb6a1cf","block_height":null,"time":null,"vin":[{"txid":"f69c04f95eaf6a890ca80a37311be29911151f9e996ee2fb4e4deafbadb6a1cf","vout":0,"amount":1199.99999,"coinbase":false},{"txid":"72d47592c0e1f69528e01f63936b8db17448bb9242ae762c401f6ddb15a505e7","vout":96,"amount":736.14171554,"coinbase":false}],"vout":[{"n":0,"addresses":["prl1zm8c2wpud8mjdxks5ra40fk92a4m9gkkzrqcs536yv739anat8dcq0lsyfl"],"amount":1200},{"n":1,"addresses":["prl1p0sp3fx5hjs6aeq4p9qnu8qlvzujl5qvdfrct6nz5h2qrct6uk2wqn3242l"],"amount":736.14170342}]}