{"txid":"5eecff7846bb22a6d00f6987a0c12a7d72526a646ff8df106a0c74463bb6725d","block_height":null,"time":null,"vin":[{"txid":"5eecff7846bb22a6d00f6987a0c12a7d72526a646ff8df106a0c74463bb6725d","vout":0,"amount":9999.99999,"coinbase":false},{"txid":"18477b53cf220379e1f48109728f8a41fc11e521ecfa35d4fd4d71640bdc5174","vout":1,"amount":399.99999788,"coinbase":false}],"vout":[{"n":0,"addresses":["prl1z8ylz0mydeng3lujyqjycvgdy02u4czhm63t9y6y4hl3g5299qjnqdgjkj2"],"amount":10000},{"n":1,"addresses":["prl1p3gg6x95uh2nkewdaq6u8e5am7j7j5wd95h3kmx94mguphrxgk6cq77tj27"],"amount":399.99998576}]}