{"txid":"21f7186a2e07745f613d265eed226de22c78027abcf9500d68e215466b70ee8d","block_height":null,"time":null,"vin":[{"txid":"21f7186a2e07745f613d265eed226de22c78027abcf9500d68e215466b70ee8d","vout":184,"amount":158.75870888,"coinbase":false},{"txid":"f579c6ce475fa2cedd419713011379a529c67c58381f28f1eeb77de1f1e34f93","vout":91,"amount":10.97202545,"coinbase":false}],"vout":[{"n":0,"addresses":["prl1zuly7gcwlt38mkv2q6zagjaslcsvhfk6755zm333md0g9gjh5sr5qvxhcr7"],"amount":169},{"n":1,"addresses":["prl1pmuvzd2l8dsskp0wp5enqsktcwpa3t37ypyc4aypzk3ey35e4tuusfmyjxv"],"amount":0.73072299}]}