{"txid":"2c7f7338a3c1e40ba3e639169d5b22ba120a13cf812b73a62300dab533d47a6c","block_height":null,"time":null,"vin":[{"txid":"2c7f7338a3c1e40ba3e639169d5b22ba120a13cf812b73a62300dab533d47a6c","vout":0,"amount":1046.90547411,"coinbase":false},{"txid":"af1502730e9dde0d4bb4e4729ea9d08592056e72f29e1a17ddfb49d2254a2041","vout":1,"amount":999.99958845,"coinbase":false}],"vout":[{"n":0,"addresses":["prl1ptw6j0v0rw3wcl0e9pt6g8c3r98na2060u7qxus8g7auhpykugqpq57xwa9"],"amount":906.90450879},{"n":1,"addresses":["prl1z96l83nf2z0jgvkp4hhdvvcwdf5g9fwvckcwqfqk6fr5gwf6uuy6qacqypz"],"amount":1139.99999998}]}