{"txid":"43c53c6caf26e512795b6551cc65fe0998f49302a005e1affd39b3c809c26623","block_height":null,"time":null,"vin":[{"txid":"43c53c6caf26e512795b6551cc65fe0998f49302a005e1affd39b3c809c26623","vout":472,"amount":433.87974835,"coinbase":false},{"txid":"816726179878b1462ef4fb9443c1c9a9e6fe50de5e4b47076984cd24763b5fee","vout":0,"amount":63.6049059,"coinbase":false},{"txid":"05f9b54bf28cc056a4415e5a5246d2771428657ae3f4d80714b40fca3d3fae5e","vout":0,"amount":43.02993062,"coinbase":false}],"vout":[{"n":0,"addresses":["prl1p693ypt4x82wthrcnalrkggczu30hvmnh60umd2kp69xrg79wrteq909zvv"],"amount":40.51457045},{"n":1,"addresses":["prl1zulp62c68k5meva2yw2du0q6645u6ml60q8tj0may3sxmmlmt3s3s9v4vkr"],"amount":500}]}