{"txid":"1a89ee232f4f465c27ff41fd8636a353e7dcd6f961148f06b48905248f14c243","block_height":null,"time":null,"vin":[{"txid":"1a89ee232f4f465c27ff41fd8636a353e7dcd6f961148f06b48905248f14c243","vout":1148,"amount":50.77751432,"coinbase":false},{"txid":"c12967dff6a3c3049839e59c2b50f69e508b5ae2494647fa44c908d41399b529","vout":276,"amount":49.08333088,"coinbase":false},{"txid":"9780477287ec5d38dec8aace9d0923975db0aaf32f16a2c278d2562ddfc10866","vout":0,"amount":0.18165683,"coinbase":false}],"vout":[{"n":0,"addresses":["prl1z9fwlsav3hwp44820xdr24898e04r69w2rchgs38agmttlrngdcfsy35nph"],"amount":100},{"n":1,"addresses":["prl1paepnu07nahmjuged3k9p240v666ce3998wdfhee7z4dh0jpe30xs8jrnue"],"amount":0.0423651}]}