{"txid":"75a1e59b476172e85b7828cef33576e7b08490a0466f7cd1bca03eec22c661f8","block_height":null,"time":null,"vin":[{"txid":"75a1e59b476172e85b7828cef33576e7b08490a0466f7cd1bca03eec22c661f8","vout":0,"amount":137.99999,"coinbase":false}],"vout":[{"n":0,"addresses":["prl1zqyjnmndwpm5xtjl5qc8k68cu6urrv3d52wcspd0h8dycuryrze3q64m5cf"],"amount":100},{"n":1,"addresses":["prl1p3mzfwrw9y2tpj9cyfxw3nzusyevvwmulwkarwpqpgrnl9k542xqsqc6220"],"amount":37.99998846}]}