{"txid":"2181320377ccfc39a110832e1e2f19324cf4a44b77299860490c6890c25d3017","block_height":null,"time":null,"vin":[{"txid":"2181320377ccfc39a110832e1e2f19324cf4a44b77299860490c6890c25d3017","vout":0,"amount":99.99999,"coinbase":false},{"txid":"987ec3eae7f6c7ab4d0b9072160718c87aebacfacb7c07142dec5fc4c208325b","vout":1,"amount":88.40606268,"coinbase":false}],"vout":[{"n":0,"addresses":["prl1zr8s3ujrfm03nrgm0mx9xxlqu0zgmtys5d2gfa8z8cgqktdl4l9nqzztnv2"],"amount":100},{"n":1,"addresses":["prl1pkawxpgzuqk5qj8yn037empr99eqfhgd5ffz0agqenz60vas4hl0sfjpfnj"],"amount":88.40604113}]}