{"txid":"7ff7f84f2f71760536caf3968d7a659b5b686b03d298de715efd51681c15cb49","block_height":null,"time":null,"vin":[{"txid":"7ff7f84f2f71760536caf3968d7a659b5b686b03d298de715efd51681c15cb49","vout":0,"amount":910,"coinbase":false},{"txid":"1a1b97adbe5e68923711534a75a4b43366a672049f639b2f94165a2feefcb0ad","vout":0,"amount":84,"coinbase":false},{"txid":"37c2bb3370387a6228d35a2e2505b3724ed51ff5f6c5847827308af98598d74a","vout":83,"amount":10.21777176,"coinbase":false}],"vout":[{"n":0,"addresses":["prl1pkw2lk2545v5e0rurfaskmdn3kt0ymhjzxkkmpv93tc7dzsl54t4q7wl0n3"],"amount":0.21775693},{"n":1,"addresses":["prl1z89l0lhl0z93kjk8mexzrrzl2chyt08vzx76xkpxkn8xvq788ujhqec9sc0"],"amount":1004}]}