{"txid":"609d03ca189d355a0de56ecb922c8b89308e29ca04908b585049e01dfc05744a","block_height":null,"time":null,"vin":[{"txid":"609d03ca189d355a0de56ecb922c8b89308e29ca04908b585049e01dfc05744a","vout":482,"amount":207.61507177,"coinbase":false}],"vout":[{"n":0,"addresses":["prl1ppag50rd3ntzh2fnnkfrnwxlrf0fkm2ks3kqwlgqpjnec6fvgsrjqqawjjp"],"amount":57.61506326},{"n":1,"addresses":["prl1z0smned3kr935nks2pvph3gz34uesyple3gapg48f37yjvms26kxsxyafyr"],"amount":150}]}