{"txid":"434a2a0ec2c9637252332e9dd6ccecf94c559dacea27537161e892c08c45fe00","block_height":null,"time":null,"vin":[{"txid":"434a2a0ec2c9637252332e9dd6ccecf94c559dacea27537161e892c08c45fe00","vout":0,"amount":649.99999,"coinbase":false},{"txid":"2d4242ab21319dac42b4c08c41da0355170df3a16fe33582965388db243075d2","vout":601,"amount":328.90840095,"coinbase":false}],"vout":[{"n":0,"addresses":["prl1paplk8cfrwwaexufynu7lec7khlp6pzcxze03gq86fa2hga6cd0uqf4hygr"],"amount":0.90837939},{"n":1,"addresses":["prl1zpm6q34zg8xw6lx7rdkz5vk6gsycfzeeav8kn335r79k5wwxgwgfs4j5zd3"],"amount":978}]}