{"txid":"82de601eb9127a6c96b18d73410dec453a4ba0998f67817c2456630b251c0fb7","block_height":null,"time":null,"vin":[{"txid":"82de601eb9127a6c96b18d73410dec453a4ba0998f67817c2456630b251c0fb7","vout":0,"amount":1100,"coinbase":false},{"txid":"e14529970d9000ba707d3789538d03d93ad4f342b09ab110185141521ee5fed0","vout":1,"amount":9.13277472,"coinbase":false}],"vout":[{"n":0,"addresses":["prl1zra5e3hdl7d36je0jvkhcv094k6zen536egd8jd7xeyhhkfvhj3fq2xwc4u"],"amount":1100},{"n":1,"addresses":["prl1p44u0hx3f06zpatg4vleg494dnhc3e8efauntlh4zje7etjm8sg6s5050dk"],"amount":9.13276327}]}