{"txid":"cdafe284ee7283f4123dc7f3a1dbd6b135a4a68372bdade3ff5018c97040040a","block_height":null,"time":null,"vin":[{"txid":"cdafe284ee7283f4123dc7f3a1dbd6b135a4a68372bdade3ff5018c97040040a","vout":0,"amount":869.99999,"coinbase":false},{"txid":"10ddfee5803cb62c5429fcbec47ad56c68b3179c0fcbedc4674758a01a3ab858","vout":1,"amount":7.10181333,"coinbase":false}],"vout":[{"n":0,"addresses":["prl1znzd4gnglv22qmugyzmfgtvq926fvnfdqdajsagxhepk6e8se8uqsypn9zl"],"amount":870},{"n":1,"addresses":["prl1p7rj2rtxyrjszfngpjjdkhafzsrg7s9p2ps5zft2ddpw9snwgavds6dsws5"],"amount":7.10180121}]}