{"txid":"fa7dfa76e6acbf4e9898b01d6ea472a152a6ab47942de22f33df0c1cb39d4351","block_height":null,"time":null,"vin":[{"txid":"fa7dfa76e6acbf4e9898b01d6ea472a152a6ab47942de22f33df0c1cb39d4351","vout":260,"amount":205.06444843,"coinbase":false}],"vout":[{"n":0,"addresses":["prl1zz29mppwl39andvccjs4gegeawl8427lqe0u2gt8qmd0u5e5xcl3s5zh48z"],"amount":205},{"n":1,"addresses":["prl1plutvq8ndrjzd9h545mmxfch974k7flj59k09kfz4lm0ngx6t50rsmhdt0n"],"amount":0.06444689}]}