{"txid":"d9b603129df7ab8df2dfc47518c35b83410b368e40df045ccaf0025908543833","block_height":null,"time":null,"vin":[{"txid":"d9b603129df7ab8df2dfc47518c35b83410b368e40df045ccaf0025908543833","vout":0,"amount":4999.99999,"coinbase":false},{"txid":"a1aa28418ea082d2beef811d53cdc93f4556f164228746fbab1a28b029650ffb","vout":0,"amount":2765.32113722,"coinbase":false}],"vout":[{"n":0,"addresses":["prl1z9s80zgpthfzjfyk2hs6qlt6yuhcrva5p8y8c2mz9r3tp629enc7sxjceu5"],"amount":6000},{"n":1,"addresses":["prl1pf8g40uum8vnneqmx9mz2tqr20ajmwpctkeuuqswfpnse7khfe5as5gqzn5"],"amount":1765.32110536}]}