{"txid":"f706e3afd5192d2690d54927f68c9aef661fe9d68a3a7345e2f4b86905ab88da","block_height":null,"time":null,"vin":[{"txid":"f706e3afd5192d2690d54927f68c9aef661fe9d68a3a7345e2f4b86905ab88da","vout":729,"amount":410.75057263,"coinbase":false},{"txid":"72d47592c0e1f69528e01f63936b8db17448bb9242ae762c401f6ddb15a505e7","vout":332,"amount":16.66637952,"coinbase":false}],"vout":[{"n":0,"addresses":["prl1z72mdj5wjuwqndqqmh3fdgsjsxfg8u2sxt8dge7wazpmz0nnypu8sg8hhvd"],"amount":420},{"n":1,"addresses":["prl1p2p0lp0xhvg5y8cuqyuck9udzykv3cxkffn0n0ahzuuf0dapr9vzsmyueqx"],"amount":7.41695003}]}