{"txid":"17856b3551f2ccfd434e2e1ac15cd774b4598a343b271f851fc45fd9d354bcd4","block_height":null,"time":null,"vin":[{"txid":"17856b3551f2ccfd434e2e1ac15cd774b4598a343b271f851fc45fd9d354bcd4","vout":0,"amount":99.9999816,"coinbase":false},{"txid":"199b3f19ac77a45f8e2f78e4376a1b44a1cbdc3a2c5fdc4078fdfbe56ffa62c9","vout":1,"amount":71.01736919,"coinbase":false}],"vout":[{"n":0,"addresses":["prl1z4f7mh0hhnek6rzqyu7u25cntv2unwxzsjxre2zfcjfp8wc63nl8sdppekp"],"amount":100},{"n":1,"addresses":["prl1p0m5nmjjfumlcf0capyxxm2vew6pextlmf6pmrel3dy3fqeqt7qeqnyedec"],"amount":71.01733924}]}