{"txid":"70817733f8f30b7d7803e76822c0725a553d9b1662a113224be052df92e16c41","block_height":null,"time":null,"vin":[{"txid":"70817733f8f30b7d7803e76822c0725a553d9b1662a113224be052df92e16c41","vout":0,"amount":672.3938231,"coinbase":false}],"vout":[{"n":0,"addresses":["prl1zzxcev5rqz2q6lznt50r9wxqjgnwalel0lh4yymcj0jjy6xngs34qrqfu8m"],"amount":672},{"n":1,"addresses":["prl1p9849nsvv3twpqdjxe3v7xk6g0k2upz0vpy4pcyna4fn6v6c8guss2ctcaw"],"amount":0.39382156}]}