{"txid":"05f3a52e82ee4c353708e2073b58dbcaa51b176e8dfcd00198a8740ef9ea65c5","block_height":null,"time":null,"vin":[{"txid":"05f3a52e82ee4c353708e2073b58dbcaa51b176e8dfcd00198a8740ef9ea65c5","vout":1,"amount":206.41238513,"coinbase":false}],"vout":[{"n":0,"addresses":["prl1ztaf6uupaslq0pvpley85n8e2k4zq28u89rygradcxp6wpm4efr2sk8094j"],"amount":100},{"n":1,"addresses":["prl1pefy97fscslmg7ls4nnydj4x2qk87e9g20ztf6d9h0sf0s007flhsghwpnu"],"amount":106.41238359}]}