{"txid":"18b32405182fca93dc56f3ea1f593a2d2170f9c7201d113a8d9fb30aaced7494","block_height":null,"time":null,"vin":[{"txid":"18b32405182fca93dc56f3ea1f593a2d2170f9c7201d113a8d9fb30aaced7494","vout":1,"amount":300,"coinbase":false},{"txid":"74661f9176f5f6b9785164ccc9f1a9a678323d555f546075a1bf5d9fe5d2a1dc","vout":412,"amount":51.53189985,"coinbase":false}],"vout":[{"n":0,"addresses":["prl1znpmgw534f7glfdn8egdzvlusvx6jxuhs3nlp2harfvcyjawuvcls5vasmw"],"amount":300},{"n":1,"addresses":["prl1pe0d6lpjess3vczurmkfelca7s2fl6g9f3n7v78nvr9gsslane39q6cupk7"],"amount":51.53134804}]}