{"txid":"3f7662f7d9a481b3a69987e1649f335eabd70ee9f04d46606d3964e2f6daf439","block_height":null,"time":null,"vin":[{"txid":"3f7662f7d9a481b3a69987e1649f335eabd70ee9f04d46606d3964e2f6daf439","vout":0,"amount":215.99999,"coinbase":false},{"txid":"507185dafdfc6d5a69c6cf3aa026db46c66f7d080d3de4d7edc763bfca700152","vout":1,"amount":0.17291197,"coinbase":false}],"vout":[{"n":0,"addresses":["prl1zc0zx6pwrtxmw78tx8ah27m4e8zvewwhy6z8dkqh6zmykeu3auamsfaw832"],"amount":216},{"n":1,"addresses":["prl1p7p2knhtp0ny0p3vhlcnsekagrphdu0x24d5tq4clgmejttdwj7usdewvll"],"amount":0.17289985}]}