{"txid":"9da3c547856f21025d0c704e2faa18668b97208007161454011126883aee1072","block_height":null,"time":null,"vin":[{"txid":"9da3c547856f21025d0c704e2faa18668b97208007161454011126883aee1072","vout":0,"amount":4740.99999,"coinbase":false}],"vout":[{"n":0,"addresses":["prl1z7d03qfgwpj882qqtm8xr2upvcy7yh4l0agdqer433pc49tpscxsqj39p69"],"amount":4000},{"n":1,"addresses":["prl1p0zf4un0z7cv5y3fk5d0znxcrtknkyqtp9tmqtt03y3rmyur45pysr4rked"],"amount":740.99998845}]}