{"txid":"d9e43fd007136dd767dd20598d4f69bd207a0c82b44ec28c9fea4487725b6d10","block_height":null,"time":null,"vin":[{"txid":"d9e43fd007136dd767dd20598d4f69bd207a0c82b44ec28c9fea4487725b6d10","vout":0,"amount":0.01605,"coinbase":false}],"vout":[{"n":0,"addresses":["prl1pqrw4pw0y03gya5f5jd9lrajjcywm03k6q9d2jefgl8gh258acvnq7am2q8"],"amount":0.01604}]}