{"txid":"93d10600a81f4c36984a9d64f13917f5eaed9b20cdbb4b578d429f1b26cbb5c3","block_height":null,"time":null,"vin":[{"txid":"93d10600a81f4c36984a9d64f13917f5eaed9b20cdbb4b578d429f1b26cbb5c3","vout":0,"amount":2761.586418,"coinbase":false},{"txid":"17bfb90ce763bb92d51eec7484c60ca360741f504aa439c15e0f9a1406235946","vout":0,"amount":2760.96407294,"coinbase":false}],"vout":[{"n":0,"addresses":["prl1zj08ctyylqxzs9ql2hh3u3vjg2hxlgqrehgptuphz0dezljxyh25qtkfm55"],"amount":5520},{"n":1,"addresses":["prl1p5nrl47kazgg58n7yrx5n0pw8clhpquczv8qrl2txxkljzaghdrtq8uxvgz"],"amount":2.55046943}]}