{"txid":"4e7ef575feb1fc9ebe4c218520ab233ec069314d82e03fb7bc2e444debec5c31","block_height":null,"time":null,"vin":[{"txid":"4e7ef575feb1fc9ebe4c218520ab233ec069314d82e03fb7bc2e444debec5c31","vout":9,"amount":293.02212323,"coinbase":false}],"vout":[{"n":0,"addresses":["prl1p84lex5hy98x4xn7x93v7dnujsm6f9s6kgcuqv62j3h90h0cxvuxs5qapln"],"amount":188.02204523},{"n":1,"addresses":["prl1zgt30r99swx7kn6jfqpera4rzdsqac7sep0azxd9can95dj8ph79q3lza5r"],"amount":105}]}