{"txid":"3bd55b3ecd06f4e33e2714dddcc73ffe356afde344f3a5566e0a12d5ff8597e4","block_height":null,"time":null,"vin":[{"txid":"3bd55b3ecd06f4e33e2714dddcc73ffe356afde344f3a5566e0a12d5ff8597e4","vout":0,"amount":999.99999,"coinbase":false},{"txid":"1947b9ce674d03a061ef3ef534bf978a28602fbc1f69092f9d7ef13ad4af2a93","vout":0,"amount":320.65041542,"coinbase":false}],"vout":[{"n":0,"addresses":["prl1pt2gjd3l9fy0wr87jymm7hmghxdrzhc6qmwznzslr535pr67teh9qz5n0wt"],"amount":320.65039079},{"n":1,"addresses":["prl1z0vt0a05w86uq9w5luzr59vwca9xv08epepzca4mydag8jtkm6j6sdwl8je"],"amount":1000}]}