{"txid":"9f8dd8f8415a0be0e843a271bce0aafaa57e1203ec53e394d8de3d5c1f8e757e","block_height":null,"time":null,"vin":[{"txid":"9f8dd8f8415a0be0e843a271bce0aafaa57e1203ec53e394d8de3d5c1f8e757e","vout":1,"amount":1113.23496029,"coinbase":false}],"vout":[{"n":0,"addresses":["prl1zewcjufzpfagppmyrppp4v388z5fg4jy28p93eyvtrqdxu6wf0sdsu4r28q"],"amount":0.1},{"n":1,"addresses":["prl1pza4xkj2r85hkpwwak8l05v84q3mrqnmldquu30yhhl04tptqt58szjdsx6"],"amount":1113.13495875}]}