{"txid":"286f4dbc85fb823344e3c5ca97ae7e7eb0afc8e7ddb4ce1e58a00abd2c76b23f","block_height":null,"time":null,"vin":[{"txid":"286f4dbc85fb823344e3c5ca97ae7e7eb0afc8e7ddb4ce1e58a00abd2c76b23f","vout":83,"amount":464.04341976,"coinbase":false},{"txid":"b389273ac3fc4745ccad649b1fe36e6e9a4d62df95aff9dc0c981fd543be8218","vout":1,"amount":1.31851921,"coinbase":false}],"vout":[{"n":0,"addresses":["prl1zkxqsevsjqw4kfyysaa92z7fw8m6fl7c7n952mllevf7zjgkj22qqvlsvn2"],"amount":465},{"n":1,"addresses":["prl1p92ewn9m0jwx6995258h8pj7wwjhtn88d8kpnyyd4uvsgd652ju6qtwfujv"],"amount":0.36193685}]}