{"txid":"8bf8f25cd6f88debf4026197a5b99a0a6856b7d5da1fc5558c0aba628903cc4b","block_height":null,"time":null,"vin":[{"txid":"8bf8f25cd6f88debf4026197a5b99a0a6856b7d5da1fc5558c0aba628903cc4b","vout":0,"amount":2809.24376382,"coinbase":false}],"vout":[{"n":0,"addresses":["prl1zt8cueq3y4jpzpfgnwnhpcsfvp6fzsnjnpt5fjjnzcsfdgra6rcpqsa2fng"],"amount":1000},{"n":1,"addresses":["prl1pzjm5lk3l9arwzu8vpu7aeye5j877utge7dmukexh28tvdj8ve0wsx8eufh"],"amount":1809.24374832}]}