{"txid":"3582cf3a91bc95fe0743793ba195f0c365f3d95592131f9ddaabb5f5df53a67f","block_height":null,"time":null,"vin":[{"txid":"3582cf3a91bc95fe0743793ba195f0c365f3d95592131f9ddaabb5f5df53a67f","vout":1,"amount":260,"coinbase":false},{"txid":"3582cf3a91bc95fe0743793ba195f0c365f3d95592131f9ddaabb5f5df53a67f","vout":0,"amount":103.33799901,"coinbase":false}],"vout":[{"n":0,"addresses":["prl1pngnv8uw0a2n2wwgsjxxx5d0354f7df9uwhqz9gyvfuz2edwsgy5scrqvpu"],"amount":103.33798746},{"n":1,"addresses":["prl1zkztzntq67zmlnvu4la3ts3393laymdf548p9xnmumrptjpv3fjmsk9c2r7"],"amount":260}]}