{"txid":"d1321634f24ab09c55dc749f08e85a142f8098a364b243e5e83f9b4e6cc15ad6","block_height":null,"time":null,"vin":[{"txid":"d1321634f24ab09c55dc749f08e85a142f8098a364b243e5e83f9b4e6cc15ad6","vout":475,"amount":195.96636848,"coinbase":false}],"vout":[{"n":0,"addresses":["prl1pucw4wqmp4gr8weudju4lnzfzd6hpsdqt3flkmsan89u9le9mmcmqxsstsd"],"amount":0.96631773},{"n":1,"addresses":["prl1zp4pxwr79w3dqlkagndx3s7m7vhp6jjurmw2ps8g7ce3q5pq6huhsfs4drj"],"amount":195}]}