{"txid":"264e9506187f9215f119ec3f52c0542c58a86ed6b77fa2be9424501a3abd8c2b","block_height":null,"time":null,"vin":[{"txid":"264e9506187f9215f119ec3f52c0542c58a86ed6b77fa2be9424501a3abd8c2b","vout":0,"amount":128.59999166,"coinbase":false}],"vout":[{"n":0,"addresses":["prl1zhc43q722a0hk5m7xuk5s82nnytf32n3mywnqfrts6y4fxf3pn2sqg635yf"],"amount":128},{"n":1,"addresses":["prl1pe8mp5ru5n72srzly44vw0djdwd5n0lktsy4y2rfuzglhnfxzfa0s0hfr7h"],"amount":0.59998332}]}