{"txid":"28db8721d92ab9fecc2451a5bcd3c00610f198858d1f0eb5627efa2837c3fbfe","block_height":null,"time":null,"vin":[{"txid":"28db8721d92ab9fecc2451a5bcd3c00610f198858d1f0eb5627efa2837c3fbfe","vout":0,"amount":4250,"coinbase":false},{"txid":"253ee92eb81e0e3a3acd497ef49b97797d2c91f96ca626ca458549e09be11cb9","vout":0,"amount":1668.82657336,"coinbase":false},{"txid":"4575cd95112ef8c9e24d4f75478a23b361978b2e06a24dc8413754c973de2341","vout":0,"amount":150,"coinbase":false}],"vout":[{"n":0,"addresses":["prl1z73zf7d2g62rceqxssz6zm0ywykfr4qgyuy8vvyvlfhlfgzsl73jswsnjhr"],"amount":6000},{"n":1,"addresses":["prl1p9227tkvlhul8aqd4xpcgk8y3303hllehs8akft9zuyjqklfp3z6qj0m75f"],"amount":68.82657066}]}