{"txid":"74661f9176f5f6b9785164ccc9f1a9a678323d555f546075a1bf5d9fe5d2a1dc","block_height":null,"time":null,"vin":[{"txid":"74661f9176f5f6b9785164ccc9f1a9a678323d555f546075a1bf5d9fe5d2a1dc","vout":420,"amount":93.12195144,"coinbase":false},{"txid":"a727559a1348c8eae398561acd1391b31e144eda6ba10b44b1705663e4bce6b2","vout":451,"amount":68.23873906,"coinbase":false},{"txid":"f2279dd1c47bfa78e914e275bd4e98666eb0d0613545765df4ea8ba1c79084df","vout":42,"amount":61.93092671,"coinbase":false}],"vout":[{"n":0,"addresses":["prl1zphlrnxcd28ssuz299lz0g7xx0q0yvff9v9u86hyd80g9re3r8lks9rt5qw"],"amount":220},{"n":1,"addresses":["prl1pv2ctlkxsgzcrtp7meas033wtrew0xt9r4e5rk2rk3a7ypzgu3txs4ryg3c"],"amount":3.29161451}]}