{"txid":"1d7a50d99b2d8eda941a9eaccb016feff09ed4377a9b798f95dd8eaa0fb8e7be","block_height":null,"time":null,"vin":[{"txid":"1d7a50d99b2d8eda941a9eaccb016feff09ed4377a9b798f95dd8eaa0fb8e7be","vout":0,"amount":10004.58025215,"coinbase":false}],"vout":[{"n":0,"addresses":["prl1zllvw5lrmj0qhcq8mula3tvqnrytds5g8ulf8hqywhk0jlvzzqxaqqz2rvd"],"amount":10000},{"n":1,"addresses":["prl1p9227tkvlhul8aqd4xpcgk8y3303hllehs8akft9zuyjqklfp3z6qj0m75f"],"amount":4.58025061}]}