{"txid":"649664df34ce184d501624cfe3a0f59b23189b67f8505bbb02b8b90dde711227","block_height":null,"time":null,"vin":[{"txid":"649664df34ce184d501624cfe3a0f59b23189b67f8505bbb02b8b90dde711227","vout":312,"amount":695.48263682,"coinbase":false}],"vout":[{"n":0,"addresses":["prl1zsr0kc4lmayjxduzt7j7zgthcph5kvf7ldaddey3u2jgwgfxskd8shlsx9q"],"amount":695},{"n":1,"addresses":["prl1p4ua63dmsk8lk7ledcfknrjwccmma9gmt9js0tm5z928ncua5x2lqwsngzw"],"amount":0.48262846}]}