{"txid":"286f4dbc85fb823344e3c5ca97ae7e7eb0afc8e7ddb4ce1e58a00abd2c76b23f","block_height":null,"time":null,"vin":[{"txid":"286f4dbc85fb823344e3c5ca97ae7e7eb0afc8e7ddb4ce1e58a00abd2c76b23f","vout":411,"amount":175.58395919,"coinbase":false}],"vout":[{"n":0,"addresses":["prl1zmr9w8l3702vymn3jgd8ypjpqfuc9hf8y3xrgvxmf4fas0x0qrueqqh2r4z"],"amount":100},{"n":1,"addresses":["prl1pu08fzrmgz2f4ma6t454sqg4vlnzdqjvng4g24pes85crljxuu65srrttup"],"amount":75.58395765}]}