{"txid":"39ccf10f3962a83e6957e6b78a8ecbd0b0c4f265b580a0120e728b812e5fe24f","block_height":null,"time":null,"vin":[{"txid":"39ccf10f3962a83e6957e6b78a8ecbd0b0c4f265b580a0120e728b812e5fe24f","vout":0,"amount":3920,"coinbase":false},{"txid":"836776fd4527ade702ecd1c91d6917bb098e10119d9556212ebeb9d127364831","vout":0,"amount":1960,"coinbase":false},{"txid":"dddad513cb82b7e912c12859940c8c6e52a8ebabc1fbb78c7481096819ee7f6a","vout":0,"amount":1119.99999,"coinbase":false}],"vout":[{"n":0,"addresses":["prl1zvjql2ywxu4ep2u6vu44rzszu5jy38lrnrah65k5qt0ap87lpxh4q6auf8x"],"amount":6000},{"n":1,"addresses":["prl1pl4cxvaaulcnz2f72e797askmkwnqwjleue6rn5lk5uvu3xv7l9xs944y53"],"amount":999.99972}]}