{"txid":"b7cb8d55c28f15f15fa16487f3d7a243b9920fbf6dd9315270fcf8ab6822ee3c","block_height":null,"time":null,"vin":[{"txid":"b7cb8d55c28f15f15fa16487f3d7a243b9920fbf6dd9315270fcf8ab6822ee3c","vout":0,"amount":1211,"coinbase":false},{"txid":"65c4edc0d6a95435bfaf1322a611404fe4a29ec10c1d3a1039366689c262d352","vout":1,"amount":0.49999846,"coinbase":false}],"vout":[{"n":0,"addresses":["prl1z2qhmeg30epcxp5x33q9sqnandgua209qn2ujhz37hzc3wsa532psyckk6y"],"amount":1211},{"n":1,"addresses":["prl1p9849nsvv3twpqdjxe3v7xk6g0k2upz0vpy4pcyna4fn6v6c8guss2ctcaw"],"amount":0.49999634}]}