{"txid":"2423d2c3778782d67c78cc7f433e8535145846c21d982739c108e6585fe21123","block_height":null,"time":null,"vin":[{"txid":"2423d2c3778782d67c78cc7f433e8535145846c21d982739c108e6585fe21123","vout":1,"amount":192.30470808,"coinbase":false},{"txid":"0ab1a9b3a382da7e60d374953da85ea8a30689850f5159788ad08df9ac639955","vout":0,"amount":180.1,"coinbase":false},{"txid":"f255dbe1c9a736d063c8c840e0529296253fed0c802e535c40a2dafb443bf67d","vout":145,"amount":78.00515172,"coinbase":false}],"vout":[{"n":0,"addresses":["prl1zwa2yappupgsx3gv8xgzqaufl27c427tm98hwaz8hxavd8krv6qxsn5kxmd"],"amount":450},{"n":1,"addresses":["prl1ptp04ymmkvfs4jj0g0hm82eymfxm9jmd2ahgq6m8jf83a40tvscysn0mv84"],"amount":0.40984533}]}