{"txid":"9432dc53b3d0d8ec355fdad701657590f2fa4df091a420db55e0a69c95585006","block_height":null,"time":null,"vin":[{"txid":"9432dc53b3d0d8ec355fdad701657590f2fa4df091a420db55e0a69c95585006","vout":1,"amount":1172.7112602,"coinbase":false},{"txid":"32e4b0c5e2383782ba7e42835aed10b5ab464609eeda1d2e6f126a99fb02d6f0","vout":101,"amount":1102.81477518,"coinbase":false}],"vout":[{"n":0,"addresses":["prl1zmn5862xtldxeq09mqastpmq0uxpknxj3y84vakgy40fnkfvckw4s72ksv6"],"amount":2222},{"n":1,"addresses":["prl1p7dah0wn9uwnx4ususf3fch3w28d2k58pe29su0h2cup4gv4zqk8s4g865m"],"amount":53.52603326}]}