{"txid":"c1bddcec3b0ae1a31c6836ef912733e2e12ddc1caf1dae0b8bb222dc4d843094","block_height":null,"time":null,"vin":[{"txid":"c1bddcec3b0ae1a31c6836ef912733e2e12ddc1caf1dae0b8bb222dc4d843094","vout":0,"amount":595.79556408,"coinbase":false}],"vout":[{"n":0,"addresses":["prl1pngd4f3pj6hlen7vhyex7n02qaqw5auyvkjtg88r8g2mksdmc6xkqw6ptq4"],"amount":395.79555581},{"n":1,"addresses":["prl1z67pefpkgan9txmfz9sv0snx25s0z9yhk9q4svlg0xsa2jmga4ufqkv6gl0"],"amount":200}]}