{"txid":"c0da1547636a77e0e5081f6671131e65c898e983f7bc1b08c9219bfa1ab61192","block_height":null,"time":null,"vin":[{"txid":"c0da1547636a77e0e5081f6671131e65c898e983f7bc1b08c9219bfa1ab61192","vout":0,"amount":366.072,"coinbase":false}],"vout":[{"n":0,"addresses":["prl1pdsutg9uve5v2znvthgr2keyj9nh0zwevz77xdv9fnxyu4ymd9peq3v85wz"],"amount":358.75056},{"n":1,"addresses":["prl1ppf959pzmduxmxf2t7hnlhm4gyzfve4pzs3s840lzh0stvanfs8qskqlngq"],"amount":7.32143}]}