{"txid":"21fba814639e404253af150d048832cfed23abf19f599eedabf220bd0881bd44","block_height":null,"time":null,"vin":[{"txid":"21fba814639e404253af150d048832cfed23abf19f599eedabf220bd0881bd44","vout":1,"amount":275.29999692,"coinbase":false}],"vout":[{"n":0,"addresses":["prl1z4qmcc8rrtz3cctk2z8rtepqv6acvh80a3dqg24cxg2y5chn5z0zsch3nks"],"amount":100},{"n":1,"addresses":["prl1p5cfe5vz0sjf76t3uaxgg5kh8ujz29tt6gqf3sfnqxfmrhf560jqqpkll9a"],"amount":175.29999538}]}