{"txid":"f88f6b80dcba44b136942e7af6436b5a10f6d56080294546abde63e3b6f897e9","block_height":null,"time":null,"vin":[{"txid":"f88f6b80dcba44b136942e7af6436b5a10f6d56080294546abde63e3b6f897e9","vout":1,"amount":4623.0067506,"coinbase":false},{"txid":"8145bfe4dea2bce5f76c923029d6cd0f81b7f1134a9ff0b5bfe657811c7427f5","vout":0,"amount":49.0744664,"coinbase":false}],"vout":[{"n":0,"addresses":["prl1z3u2czqjx8jj6ajj2qxlrzt3nwc3kv9cdseg9jmutlatakqmgjz3qpcfyss"],"amount":4640},{"n":1,"addresses":["prl1peeq0s7zufusjn3mutcpw9lct5vwpncavqg0khy98tc2jq3qm52hslvhmyr"],"amount":32.08121488}]}