{"txid":"0fd0051b86bec1830de1b7ba5a9e7982a15cb042424096e37a3919dd961cdc38","block_height":null,"time":null,"vin":[{"txid":"0fd0051b86bec1830de1b7ba5a9e7982a15cb042424096e37a3919dd961cdc38","vout":0,"amount":52.66256665,"coinbase":false},{"txid":"57ad7588ba2b4a826b393d4af5bd09ea91011cf09513e3e3924d87c4ee655563","vout":241,"amount":51.89601943,"coinbase":false}],"vout":[{"n":0,"addresses":["prl1zasr92tal82fze4zc20j4q4tmj6mwa4nkac4wkmzxaflg9fd454ys0yrzq6"],"amount":100},{"n":1,"addresses":["prl1pjwe4z7f4dqgmvmhkg7knqfllxjvaxy74q43kl2s9fmccu6rp2a4qfqltee"],"amount":4.55851662}]}