{"txid":"6a1201d76fefcd2cc8c59d4a1e057e0b0ccb08ae89316311bb118e98ed5d3179","block_height":null,"time":null,"vin":[{"txid":"6a1201d76fefcd2cc8c59d4a1e057e0b0ccb08ae89316311bb118e98ed5d3179","vout":1121,"amount":144.6863333,"coinbase":false}],"vout":[{"n":0,"addresses":["prl1zr4vamtxz3lhaj0swt5lhsgqq6rps96u6jssqhju5dejrysgpf3hqxx8h90"],"amount":144},{"n":1,"addresses":["prl1pcny7wztsxdhk9fp8u5wc3s5hu3kjzs2zmhmf58jcpnr6mtwzdp2qntvr0q"],"amount":0.68633176}]}