{"txid":"b354cd941c6fe7524a27f6001307320f622cee74c6cea6811904d1f41f4e6b56","block_height":null,"time":null,"vin":[{"txid":"b354cd941c6fe7524a27f6001307320f622cee74c6cea6811904d1f41f4e6b56","vout":0,"amount":1315.99999,"coinbase":false},{"txid":"e4fc699a3e9734417a3a92e8f6d3ff17eaeca3a6cf12531e1373397bfcad9e15","vout":1,"amount":0.2052587,"coinbase":false}],"vout":[{"n":0,"addresses":["prl1z2l2045y8lkx0sex6nl9lyggpv3uzvqcmr36gtgwj393qud36sevsv846ae"],"amount":1316},{"n":1,"addresses":["prl1p7dah0wn9uwnx4ususf3fch3w28d2k58pe29su0h2cup4gv4zqk8s4g865m"],"amount":0.20524658}]}