{"txid":"0ccbb6b529d815c008d77fce1e2a6cb68041c19f39afae1f1625f60ac08ae575","block_height":null,"time":null,"vin":[{"txid":"0ccbb6b529d815c008d77fce1e2a6cb68041c19f39afae1f1625f60ac08ae575","vout":1,"amount":38.81191048,"coinbase":false},{"txid":"ab2943b938e66d00f2cc523db8c3b55d99d587934456d38bf0098d13dd9c45ea","vout":1176,"amount":35.93679761,"coinbase":false},{"txid":"bbdfc25fa595305fd6b0aba179b55e45db2715cf46823986949b7c5ac21fd4fd","vout":516,"amount":34.26312169,"coinbase":false}],"vout":[{"n":0,"addresses":["prl1zz0ta8yxg0x4t9nyxxf4j3ny6ezthjphkjvrveu6aex5pl4amxw4q5wt2y2"],"amount":100},{"n":1,"addresses":["prl1pzl0435lt6lzy74ycxksfu9f5823fugtw8fhhycgm6wlng7a5cgqqrsatcg"],"amount":9.01182708}]}