{"txid":"78e07f0c60565600a0dfb6351f9a8fa145656535029a9c5bb91696fa00680ecf","block_height":null,"time":null,"vin":[{"txid":"78e07f0c60565600a0dfb6351f9a8fa145656535029a9c5bb91696fa00680ecf","vout":1,"amount":3749.99999846,"coinbase":false},{"txid":"6a0406652c33e0a48ac742c0a4c7b7cb13b7d5261e1fef624e969373e2a8a882","vout":0,"amount":1249.99999,"coinbase":false}],"vout":[{"n":0,"addresses":["prl1zc46sxhmxjhk0t4m2plwyzuu24k4ym4hjvc49fuc8v7eeag3ycvzqxuunq7"],"amount":3750},{"n":1,"addresses":["prl1pfu0e9fxx63s6gq6q0m2mqj4hawqeg9nxun99gcvuqrzktnu8gkrsfz2rkj"],"amount":1249.99998634}]}