{"txid":"61811a656b2e816ced6fb76a6647a47a51f552b68e5b14721bf65149376196c0","block_height":null,"time":null,"vin":[{"txid":"61811a656b2e816ced6fb76a6647a47a51f552b68e5b14721bf65149376196c0","vout":0,"amount":409.99999,"coinbase":false}],"vout":[{"n":0,"addresses":["prl1z8azt0x3y6hu5ydawuxt2xwf2y2nn3trtcqpa7sd2uzy0wgsdgtjsx3g8rn"],"amount":178},{"n":1,"addresses":["prl1pw66ertj09dcz4xruh3a3eqsuyyu89hraccecmuwt6evrjzu987xqgp04e5"],"amount":231.99998846}]}