{"txid":"21c228df966dcb1ecfed0812eac44407fd6edb98bf27a6d877178962a6c4e136","block_height":null,"time":null,"vin":[{"txid":"21c228df966dcb1ecfed0812eac44407fd6edb98bf27a6d877178962a6c4e136","vout":0,"amount":4060.1276574,"coinbase":false}],"vout":[{"n":0,"addresses":["prl1zmmc4ewtpx48ancfy5ps2tdq49t5vh8m9dtyf499me5zfu9h9nd7s0hhsj3"],"amount":2900},{"n":1,"addresses":["prl1peeq0s7zufusjn3mutcpw9lct5vwpncavqg0khy98tc2jq3qm52hslvhmyr"],"amount":1160.12765586}]}