{"txid":"53b8c6f8861bb1800ba66841f63b83077e76924eb197f33b0aba3100e7219303","block_height":null,"time":null,"vin":[{"txid":"53b8c6f8861bb1800ba66841f63b83077e76924eb197f33b0aba3100e7219303","vout":0,"amount":458.99994548,"coinbase":false}],"vout":[{"n":0,"addresses":["prl1z7llfhsmk0uqktz3ptavyr7z99fumumjnepkccpdua6tx5ufayftqqtppwu"],"amount":450},{"n":1,"addresses":["prl1p90zjk2xvahrq7eutkesz4d8w95m0k3vuatfyd7xsrxuty5l5v30qlykzq4"],"amount":8.99993421}]}