{"txid":"d990b82871b8cd64a753a1b2e720883478b767c238b86428a4d483f455f5c592","block_height":null,"time":null,"vin":[{"txid":"d990b82871b8cd64a753a1b2e720883478b767c238b86428a4d483f455f5c592","vout":0,"amount":750.99998345,"coinbase":false}],"vout":[{"n":0,"addresses":["prl1zxtx8xt65wt8zeqkne63u7n7ujgcunnaam6pm05q2kzywcuj4qxyqd2qc7x"],"amount":390},{"n":1,"addresses":["prl1p7zma25usffj4u5el77znkypdvagl97r8qarmcw9kc39af9pcywcs729hun"],"amount":360.99997516}]}