{"txid":"463bcedd09b3926530c855a2a69393e53202cea303b77b8fb7812bd4d4457bce","block_height":null,"time":null,"vin":[{"txid":"463bcedd09b3926530c855a2a69393e53202cea303b77b8fb7812bd4d4457bce","vout":0,"amount":299.99999,"coinbase":false},{"txid":"bf47de8ddaaf7b7a2a3dc7e616cbdc19603dd41317063e6ae21917151cb3087a","vout":1,"amount":234.95162817,"coinbase":false}],"vout":[{"n":0,"addresses":["prl1pmzasz6pkfvq2ysn0rpht9s3nw3ejj4tyj2z7duzkpx8utwelrqks0gqj90"],"amount":234.95151098},{"n":1,"addresses":["prl1z4s0884ugplw7wa274efmcu0c60tlue24xysuwnm7gz2tjz6w5cysxvn6k3"],"amount":300}]}