{"txid":"21f7186a2e07745f613d265eed226de22c78027abcf9500d68e215466b70ee8d","block_height":null,"time":null,"vin":[{"txid":"21f7186a2e07745f613d265eed226de22c78027abcf9500d68e215466b70ee8d","vout":259,"amount":438.68491273,"coinbase":false}],"vout":[{"n":0,"addresses":["prl1zr6zjds9qg3dvfwpawm4wyky5ajmj83gdgvkay8c8v9avru0sgujsgye6tu"],"amount":250},{"n":1,"addresses":["prl1p92ewn9m0jwx6995258h8pj7wwjhtn88d8kpnyyd4uvsgd652ju6qtwfujv"],"amount":188.68491119}]}