{"txid":"c12967dff6a3c3049839e59c2b50f69e508b5ae2494647fa44c908d41399b529","block_height":null,"time":null,"vin":[{"txid":"c12967dff6a3c3049839e59c2b50f69e508b5ae2494647fa44c908d41399b529","vout":1125,"amount":264.84898229,"coinbase":false}],"vout":[{"n":0,"addresses":["prl1z4qs8pyt7e863f2g23v99wf4yvr72jeyu47j7p2vdgr6sq8v5afhqcm0uyx"],"amount":191},{"n":1,"addresses":["prl1pyzn0n24apan93sfnpt8kfnud7ga2qa0vt9k6dstawr9s52mpla3szs8634"],"amount":73.84890379}]}