{"txid":"43c53c6caf26e512795b6551cc65fe0998f49302a005e1affd39b3c809c26623","block_height":null,"time":null,"vin":[{"txid":"43c53c6caf26e512795b6551cc65fe0998f49302a005e1affd39b3c809c26623","vout":406,"amount":7273.51964936,"coinbase":false}],"vout":[{"n":0,"addresses":["prl1pey26zhadweuwzjaudmn6ettmdzx5vzkaqsunp6n7qfm8xnz6dk5suw5ayw"],"amount":1273.51964106},{"n":1,"addresses":["prl1zndf4rr9c0fjawwymdy5zgsacqcx2ec2zefdjkjvuvd6rkfe9tfvqwctyfl"],"amount":6000}]}