{"txid":"33cc12f487b77d7a377289a5088e6b27aa635c7506647d7198c186b9c226d860","block_height":null,"time":null,"vin":[{"txid":"33cc12f487b77d7a377289a5088e6b27aa635c7506647d7198c186b9c226d860","vout":653,"amount":259.92441014,"coinbase":false},{"txid":"f15e564b81be1d560f319b947c42bf262d22438360744c8ccac187fe779b602b","vout":0,"amount":2.00250022,"coinbase":false}],"vout":[{"n":0,"addresses":["prl1zywnzls3neqhz0tpwr6jhyhtw4s02dl3egp2jnd25pu52nkalu47qud8xqp"],"amount":260},{"n":1,"addresses":["prl1p8nsave06r7ms8nfdj9fr3alcgdzq5xznkdtvy235a5ev2w3903rs253m0c"],"amount":1.92689868}]}