{"txid":"b46d452cd33b40ef22d36f6fc0474efdfb5860ba31588c0af5b8d5dd5106c317","block_height":null,"time":null,"vin":[{"txid":"b46d452cd33b40ef22d36f6fc0474efdfb5860ba31588c0af5b8d5dd5106c317","vout":0,"amount":10000,"coinbase":false},{"txid":"15fbc2e4eeb68389df17894848336e1e775b49d8f3f438391ece3c7f1afbf8da","vout":353,"amount":92.81689892,"coinbase":false}],"vout":[{"n":0,"addresses":["prl1pt20meeugl50r2h07k4ecp2fjpmurdn6ttddhh8a0j5zenxq0cmxqg3qc40"],"amount":92.8166151},{"n":1,"addresses":["prl1zel3923q7swtwlf5uftsvupyq8v5gqaqz8d87gz730q4wm64unp8s08ggha"],"amount":10000}]}