{"txid":"231f2325d7c16af25cd543f1f96df4ef8b49630916ee8a38cdb026b95b3b635b","block_height":null,"time":null,"vin":[{"txid":"231f2325d7c16af25cd543f1f96df4ef8b49630916ee8a38cdb026b95b3b635b","vout":0,"amount":12469.99999,"coinbase":false},{"txid":"c80a57d958b2186d236d819a67b58cc91c84aec03e2f36bf8957a06dcc453972","vout":1,"amount":2.01748448,"coinbase":false}],"vout":[{"n":0,"addresses":["prl1zhhthh2yfwzghlmhe6n08czze2ghevavd5qm6tw84tnfmkgf8k00sg5h2jh"],"amount":12470},{"n":1,"addresses":["prl1pxgx47sgn9wrzhl5gsugur9j4yxzpf7wpfv4m4ynqr35w9ng4avvqduz955"],"amount":2.01747236}]}