{"txid":"cd3255d88280904eb8c8a9bfcd317ad1a9318e830c3a29a80a76a97a65e1d1ce","block_height":null,"time":null,"vin":[{"txid":"cd3255d88280904eb8c8a9bfcd317ad1a9318e830c3a29a80a76a97a65e1d1ce","vout":982,"amount":69.10170317,"coinbase":false},{"txid":"eccf49bc1303e8b8c84dc7e90bc1999c04d003d95564e7498881c1e902c21d7b","vout":792,"amount":67.30380574,"coinbase":false}],"vout":[{"n":0,"addresses":["prl1zjqsa5ftxfzjau68dnm7fm27vcwpwkzu8d04cz6pfgl4d56276gdsf96ut3"],"amount":136},{"n":1,"addresses":["prl1pe6t6ndkchkkpx5v04fdlw2qpkwztrptnlqtmac5f7l6jqs220q6spdcth6"],"amount":0.40550679}]}