{"txid":"dbb654cdba4489f116c758039e21ad62b64933db0a87fbec8de94a50d745afe7","block_height":null,"time":null,"vin":[{"txid":"dbb654cdba4489f116c758039e21ad62b64933db0a87fbec8de94a50d745afe7","vout":0,"amount":100,"coinbase":false},{"txid":"1956cdef44c9b95fd2b7fc5d9750012ae070c1254d8a7ea7be0b6c750d4de2fd","vout":0,"amount":90,"coinbase":false},{"txid":"1bf3f32824c14d177129ecc357a780506a8764c8267b08a6a524977efc5fded0","vout":1,"amount":0.49999634,"coinbase":false}],"vout":[{"n":0,"addresses":["prl1zyqwwx7l7m5cadpz0keps9v49g5xth3z7k0ywq8czcn5nf20ql0asgns666"],"amount":190},{"n":1,"addresses":["prl1p9849nsvv3twpqdjxe3v7xk6g0k2upz0vpy4pcyna4fn6v6c8guss2ctcaw"],"amount":0.49999364}]}