{"txid":"e7b2194e831662e8994ecc4f8b55430ccf77323aa68a7a24c5566a1b14cc9265","block_height":null,"time":null,"vin":[{"txid":"e7b2194e831662e8994ecc4f8b55430ccf77323aa68a7a24c5566a1b14cc9265","vout":0,"amount":555.99999,"coinbase":false},{"txid":"da8d04f31bfd9c907f00fee077d80864f11827bf6c1ac8f74c5b1a8c6e4fb892","vout":1,"amount":0.13028175,"coinbase":false}],"vout":[{"n":0,"addresses":["prl1z700lqp7v0e0kt7xfm3p5q5e4j9xal3wh8vtc7h0x4vg5nje23jjs8t6rhm"],"amount":556},{"n":1,"addresses":["prl1pqge66ze06t7d8ze40zmpu59eev4hmnuw3empel2vnjfuf8xk0k2qd0twwr"],"amount":0.13026963}]}