{"txid":"3e5b01e9006f87cf87a0d86dfd729390ffb9092a2887ed61bb7b1f6c17eea580","block_height":null,"time":null,"vin":[{"txid":"3e5b01e9006f87cf87a0d86dfd729390ffb9092a2887ed61bb7b1f6c17eea580","vout":0,"amount":1860,"coinbase":false},{"txid":"57f17b594b7c47648f89ab9716cc16b718f8f215e77fb4a878ee0ceddaacb15c","vout":13,"amount":142.42716877,"coinbase":false}],"vout":[{"n":0,"addresses":["prl1zgnn0eu3qaq62gw3c7gey8uhxvyttwtayazfdxhwukkp9hxhtl20sz4lc4p"],"amount":2000},{"n":1,"addresses":["prl1pqyjnkrn957d3qzu5wxy9pwyvt8yzsgh6mfp878md5w5v37gkpupsv58nrn"],"amount":2.42714747}]}