{"txid":"919f654f129512968a757193806adbf2eba36c0f93062900e8e82067607e4cdd","block_height":null,"time":null,"vin":[{"txid":"919f654f129512968a757193806adbf2eba36c0f93062900e8e82067607e4cdd","vout":1,"amount":1127.73573667,"coinbase":false}],"vout":[{"n":0,"addresses":["prl1zcpy5qgfx5anyhrfxt6pwsmyce7nd2cxkqqtjy7a5qxvrpja4aw3qwurajv"],"amount":1.78978},{"n":1,"addresses":["prl1pza4xkj2r85hkpwwak8l05v84q3mrqnmldquu30yhhl04tptqt58szjdsx6"],"amount":1125.94595513}]}