{"txid":"8260170a5ea1da3259d716748c032999876ff506a6246055d657e05d7b558ebc","block_height":null,"time":null,"vin":[{"txid":"8260170a5ea1da3259d716748c032999876ff506a6246055d657e05d7b558ebc","vout":1,"amount":1735.37466243,"coinbase":false}],"vout":[{"n":0,"addresses":["prl1z4uwdydj7mp49p8m0jk5csxg6p9yxuqglgm64n625n4c87wkap28s94w56l"],"amount":150},{"n":1,"addresses":["prl1pyrnjww2lar2p2746f84xt5mtuv5zvj6lx4d24ps60euudv04hf3s99nvzp"],"amount":1585.37466089}]}