{"txid":"a54c5bbffbc8942c5f72e2ea47509701f3b486fc22a59a0038fa3c435c660dab","block_height":null,"time":null,"vin":[{"txid":"a54c5bbffbc8942c5f72e2ea47509701f3b486fc22a59a0038fa3c435c660dab","vout":0,"amount":3590,"coinbase":false},{"txid":"31e07b2ba1d78ecfd8a864c86028094bb7997da59725657ac13dafc3acb9d69e","vout":0,"amount":0.56541599,"coinbase":false}],"vout":[{"n":0,"addresses":["prl1pus805e37v0ufxk48c54ezvt3p7s3hxgxdkc9xj08uf7rgfnyyh5sdv628y"],"amount":0.56540456},{"n":1,"addresses":["prl1zwc6udpdhq8a5geup3wepd6vw9exw5z9mdn7rfkwfeantzv5ajwgqqafr96"],"amount":3590}]}