{"txid":"089d000cc15c462191a499ab8eee5054992831ea73c1b67fb5f1332143e4cc3b","block_height":null,"time":null,"vin":[{"txid":"089d000cc15c462191a499ab8eee5054992831ea73c1b67fb5f1332143e4cc3b","vout":736,"amount":90.63514763,"coinbase":false},{"txid":"b26de7f29cbb98ce02546c118b4da11470e6ba7812a93871c3794d8a9e97713e","vout":445,"amount":55.70431153,"coinbase":false},{"txid":"c662cfe98859d85ba1c946b67ad0a2620e932bcbdf79a186a9df9d3786d18673","vout":478,"amount":48.19967129,"coinbase":false}],"vout":[{"n":0,"addresses":["prl1zp6454pxxe7s3927x33ktdm8mge35v8acapcwglruj5tz7ycmm9ts5ru9uf"],"amount":180},{"n":1,"addresses":["prl1phhhfedwj5y88x7dyca26uthv3yj87nax4ftuuxqrv9kh7kc6c37ql9nr8x"],"amount":14.53912775}]}