{"txid":"4d659c0737e24abc785298ecb2582fb88cf40529723fe5b16cd6bbe19b05c439","block_height":null,"time":null,"vin":[{"txid":"4d659c0737e24abc785298ecb2582fb88cf40529723fe5b16cd6bbe19b05c439","vout":0,"amount":1755,"coinbase":false},{"txid":"9ea33b900e4672bea5e9734463b5635068033c8612f80346fcb416d97e588444","vout":1,"amount":0.25994682,"coinbase":false}],"vout":[{"n":0,"addresses":["prl1zkdj8k7qcu347q6jzv4r4sld0dlxewlcc9hccmxzvd7aae3qktfeqgpxrc4"],"amount":1755},{"n":1,"addresses":["prl1pc5v7m7p60444h8gjl69a67q209mx8pyp3z4z9n0wdk44j5dtfx7qm78kpr"],"amount":0.2599447}]}