{"txid":"112777cf9a21b2c35e21d67e12d624232f30e8feb11160bc28a18df38fdef4c2","block_height":null,"time":null,"vin":[{"txid":"112777cf9a21b2c35e21d67e12d624232f30e8feb11160bc28a18df38fdef4c2","vout":1,"amount":523.99998846,"coinbase":false}],"vout":[{"n":0,"addresses":["prl1z6dx6j2324rst6rnjlgkwgw70lufaj3srjvp3vyv5l8mnuf9wu24qfuwh9v"],"amount":500},{"n":1,"addresses":["prl1pzuqw9tss8y9tlryy57kty89at7yjnxgnx3tvdc7k3sv0v6gap8lsdh9tyq"],"amount":23.99998692}]}