{"txid":"3953ab5d0239bfb416462c8f47b27eb71443eee605409b794f0e80622b054f4b","block_height":null,"time":null,"vin":[{"txid":"3953ab5d0239bfb416462c8f47b27eb71443eee605409b794f0e80622b054f4b","vout":1,"amount":4938.71011665,"coinbase":false}],"vout":[{"n":0,"addresses":["prl1z6wet84skyars247asuy67x28nyzs7ug6tclnftfs6jz53w306pssdm8zjk"],"amount":2700},{"n":1,"addresses":["prl1p47rm07xafyztc7dz0pcs0pur3psdfqgfsawrpk646d4gasy0w2mst6rxak"],"amount":2238.71011511}]}