{"txid":"b3a5215bc655f8f548c1fa301e474d36b0276ea59a97a275a746cc8f4a5c250c","block_height":null,"time":null,"vin":[{"txid":"b3a5215bc655f8f548c1fa301e474d36b0276ea59a97a275a746cc8f4a5c250c","vout":1,"amount":23899.99999692,"coinbase":false}],"vout":[{"n":0,"addresses":["prl1zptctd04u4803wfje8xhj47uw5y0xes2450jsh4ug92yzj2vf6fhs7vre6k"],"amount":3000},{"n":1,"addresses":["prl1p94mante8tgtvajgghxh93l0z0vykzz7xfly6zdfpd9lsarm3dlystq3ar4"],"amount":20899.99999538}]}