{"txid":"3e6a12c4219b9e881b1212b049c16d7992d358e0f18434840e0012e0df1a6ebd","block_height":null,"time":null,"vin":[{"txid":"3e6a12c4219b9e881b1212b049c16d7992d358e0f18434840e0012e0df1a6ebd","vout":378,"amount":975.53951562,"coinbase":false}],"vout":[{"n":0,"addresses":["prl1zn4djzcqwwyfurmlhqn4jfrrw5m2a3xhdx90rsnrphdx8egpw3rasqptvaa"],"amount":100},{"n":1,"addresses":["prl1par6x3p7dq40q560swkn9lqnchdfyyxn3k3ejlquggef094vw82hq3spvfq"],"amount":875.53951408}]}