{"txid":"286f4dbc85fb823344e3c5ca97ae7e7eb0afc8e7ddb4ce1e58a00abd2c76b23f","block_height":null,"time":null,"vin":[{"txid":"286f4dbc85fb823344e3c5ca97ae7e7eb0afc8e7ddb4ce1e58a00abd2c76b23f","vout":291,"amount":78.52053723,"coinbase":false},{"txid":"6dabc86d03334716976d8a40c1a051d2faacc9eac7ffbf470a925eb692289eb8","vout":246,"amount":13.42881627,"coinbase":false},{"txid":"5b3f023d518f4b9b445bbd9d7aaf4fe17f64a400591192755dd329fcf30bbce9","vout":1,"amount":10,"coinbase":false}],"vout":[{"n":0,"addresses":["prl1pyjvrggrfskfa6wpy4dg9rqpx6jus65fkl08m20l9yrulc7js5p2saepz4n"],"amount":1.94933886},{"n":1,"addresses":["prl1zyp8rs5l6lg538v49ssc8md2qkkzxgz5sf5v5au67akeqym79s4eszvfan2"],"amount":100}]}