{"txid":"072754c2f0af713dd4c6a17cf7dbe2dae2979c6e9b27dff6e99736660a3f0fdb","block_height":null,"time":null,"vin":[{"txid":"072754c2f0af713dd4c6a17cf7dbe2dae2979c6e9b27dff6e99736660a3f0fdb","vout":1,"amount":1529.1551665,"coinbase":false}],"vout":[{"n":0,"addresses":["prl1zfa2hh9yp9vf95yxqn6gz95f6v0qpgqzm70vhy7eaeu827yzzm8zqmd3ck7"],"amount":1500},{"n":1,"addresses":["prl1p3lthrt3n7yrrh7qdttq68aq5q76qn0alnmftqqw3hvxh450atm2q3w0pa6"],"amount":29.15516496}]}