{"txid":"6547648eefc866a931b2ede945dd5e5255cabb1b4e66a695377a0f8871b2e8bc","block_height":null,"time":null,"vin":[{"txid":"6547648eefc866a931b2ede945dd5e5255cabb1b4e66a695377a0f8871b2e8bc","vout":1,"amount":0.89999692,"coinbase":false}],"vout":[{"n":0,"addresses":["prl1z8dcx70s0vaptmf0w9zj6zlerzkfrym8n2xj4y80q42g3ykgyffdqqpldm2"],"amount":0.2},{"n":1,"addresses":["prl1ph0httxz3rf9wh6v7z3htzjdsmfhm0rp7sf5395wk7hp6updw3hwqptlax9"],"amount":0.69999538}]}