{"txid":"e0632d2613c7df8ad07a91ec06ad94e156fddcc2924c19f986540d17770d4910","block_height":null,"time":null,"vin":[{"txid":"e0632d2613c7df8ad07a91ec06ad94e156fddcc2924c19f986540d17770d4910","vout":1,"amount":2099.99998846,"coinbase":false}],"vout":[{"n":0,"addresses":["prl1z9cfnzc2zaa63zjf9vuxj30pppneperutx5p9u0y2qltyska42qmqj7muhj"],"amount":485},{"n":1,"addresses":["prl1prlgglhezl4ajhladjuklgtegrjgyhghzwgnxrzesn5d0slupz2qqfmjl56"],"amount":1614.99998692}]}