{"txid":"fbc1a97e8a50cbd18126d155df502283539e23b9b714776d78d569140cc75996","block_height":null,"time":null,"vin":[{"txid":"fbc1a97e8a50cbd18126d155df502283539e23b9b714776d78d569140cc75996","vout":1,"amount":1280,"coinbase":false},{"txid":"c474a6f0d9b4f679be30d8fc0d20e7bc41b0cea5f9f45178bdedebee6d5d78bf","vout":1,"amount":1.66835344,"coinbase":false}],"vout":[{"n":0,"addresses":["prl1z8zk0g2526k75tyu4ddl9kp3ut74w5npv52m7rue0t5lfra8vhk6q9z2tk6"],"amount":1280},{"n":1,"addresses":["prl1pmshrrepf4fswad4t3xjj55jmnlm23hkavy87z3fn36c4k5wqp6mstqhs0w"],"amount":1.6683419}]}