{"txid":"3c910a79e2bd3ec3daf465455f726720829d6b32e54d9028298f15d473ea9fb5","block_height":null,"time":null,"vin":[{"txid":"3c910a79e2bd3ec3daf465455f726720829d6b32e54d9028298f15d473ea9fb5","vout":16,"amount":105.33099916,"coinbase":false}],"vout":[{"n":0,"addresses":["prl1z2zgk0jvjnhxpqg2hrx0w2qlajm5l60tx6gdjns9rhrwp0zxfkp8s9a6nnd"],"amount":105},{"n":1,"addresses":["prl1phdzlpv8lukdvr8j7f4mylu4dlp5e0czm9j3m66mcevtmlme7gyws2sghkj"],"amount":0.33099762}]}