{"txid":"dbae7e6d6c7287a9a6507385329f85d1a38524252620e561633d3fab122fb251","block_height":null,"time":null,"vin":[{"txid":"dbae7e6d6c7287a9a6507385329f85d1a38524252620e561633d3fab122fb251","vout":0,"amount":999.99999,"coinbase":false},{"txid":"30500f52c71195c547f77741c7eec25d02fe0ff06b8da9985b6511808f8b62cc","vout":0,"amount":999.99999,"coinbase":false}],"vout":[{"n":0,"addresses":["prl1zc0n3fc6r2u3j43mw8c469qr9n8hvmc0dnljst0hdszvdym46ue3ssyrwnv"],"amount":1000},{"n":1,"addresses":["prl1p9hfjhkq5lvz9xgyuyaswjk5v5kfvea5mtcutccevhr3he34l6rqqe2fsas"],"amount":999.99996521}]}