{"txid":"3b4227aaa62e998e94fa9df52bb4c3812856ce097353abaff6228aff83e61e81","block_height":null,"time":null,"vin":[{"txid":"3b4227aaa62e998e94fa9df52bb4c3812856ce097353abaff6228aff83e61e81","vout":0,"amount":80.00005425,"coinbase":false}],"vout":[{"n":0,"addresses":["prl1pvx6jzcj4kpm7l3548y7snt4utm5xh0qdga8fhlun90ej76j4dwgshq6muf"],"amount":80.00004425}]}