{"txid":"4742754d0985b6b9dd6ca17e81fcda4ba3b4b435ac6338774a23fb8fcbd44d78","block_height":null,"time":null,"vin":[{"txid":"4742754d0985b6b9dd6ca17e81fcda4ba3b4b435ac6338774a23fb8fcbd44d78","vout":0,"amount":821.66376516,"coinbase":false}],"vout":[{"n":0,"addresses":["prl1znpefg459chle3ytn8y9lu4exawyu5asp3kzulacxtqxywc2md4wsvwrkjz"],"amount":821},{"n":1,"addresses":["prl1pwhvp2qz3ckjejdgtls0gcgx3fmlu47eevkr2aqz0c89ffwpmdqaslt32fa"],"amount":0.66375678}]}