{"txid":"2b0f467a4ce2b082495b0d514faac43d26322be39eeb66b45533a4f961e940e4","block_height":null,"time":null,"vin":[{"txid":"2b0f467a4ce2b082495b0d514faac43d26322be39eeb66b45533a4f961e940e4","vout":0,"amount":1684.99999,"coinbase":false},{"txid":"ed07f9dcde524069b623007dfbc3ff010d9b7a60d7deeb2992ee21080ea08467","vout":1,"amount":0.5999621,"coinbase":false}],"vout":[{"n":0,"addresses":["prl1zpyuy9xta6nsqlgfq4ulfkvy93fgzdnccyxxnem32xt2vxhjqnphsa4pcc3"],"amount":1685},{"n":1,"addresses":["prl1pp2qlk8f6ajan7uhu4udl2d9lzkp5w532wgw80zjwch66cx3c3kxsdxm62p"],"amount":0.59994998}]}