{"txid":"a36ebb821a642a23b00857cc1e4c6db10a2d03f2bc47b1b19a24d03fb969a3da","block_height":null,"time":null,"vin":[{"txid":"a36ebb821a642a23b00857cc1e4c6db10a2d03f2bc47b1b19a24d03fb969a3da","vout":1,"amount":402.34941181,"coinbase":false}],"vout":[{"n":0,"addresses":["prl1z5ez5yda6kff2k4u0vv05rx48tflqyz5ufl6gnct24q64pn50tv0q507zyw"],"amount":400},{"n":1,"addresses":["prl1phc7w9d4n0eyearh58r7jylcsffxgtn7eyxs5qhsx8lmrl9ah27wqg0r62e"],"amount":2.34940346}]}