{"txid":"33cc12f487b77d7a377289a5088e6b27aa635c7506647d7198c186b9c226d860","block_height":null,"time":null,"vin":[{"txid":"33cc12f487b77d7a377289a5088e6b27aa635c7506647d7198c186b9c226d860","vout":654,"amount":69.23741378,"coinbase":false},{"txid":"2d4242ab21319dac42b4c08c41da0355170df3a16fe33582965388db243075d2","vout":365,"amount":54.39309706,"coinbase":false}],"vout":[{"n":0,"addresses":["prl1z96lwswamluj4f56xl847zn7mmyvln8n7yzdqwzp2ncdlqucnrhes84ncwq"],"amount":123},{"n":1,"addresses":["prl1ph59q2merygvn2psgxdr3fcp0untw40flhsfadxmx4xcs74gful4s2hg9qk"],"amount":0.63050872}]}