{"txid":"b6d4234d811efe5dce5e2763c106ac6fb40ca03e20a9982f94959337148643d3","block_height":null,"time":null,"vin":[{"txid":"b6d4234d811efe5dce5e2763c106ac6fb40ca03e20a9982f94959337148643d3","vout":0,"amount":2776.2541966,"coinbase":false},{"txid":"eee3d234ba0efccc676d76a31905be03741298b15c78b1bdb3cac1c5cbea11d2","vout":0,"amount":2776.21461053,"coinbase":false}],"vout":[{"n":0,"addresses":["prl1pj5eur68rlr702zsgefumcray5qdzynsh2xajr7fdthygqhaxkkest7njug"],"amount":552.46878583},{"n":1,"addresses":["prl1z669tdvqa9gc53jzk4dke5q2t279ljgee0xxl7eqdw0wesye9r9wqczrqst"],"amount":5000}]}