{"txid":"9c88b01a3e65f43e8f914d40b37adebeb77b9f6cefa1340f2a6c7f2f2d233329","block_height":null,"time":null,"vin":[{"txid":"9c88b01a3e65f43e8f914d40b37adebeb77b9f6cefa1340f2a6c7f2f2d233329","vout":1,"amount":2557.99998846,"coinbase":false}],"vout":[{"n":0,"addresses":["prl1z0m5wtjs8f49zjayxeles7w07mr9a6ys4k9h79s22mvzny5erguesr8ld0n"],"amount":2000},{"n":1,"addresses":["prl1phhur8qkwflja3729gdln50vdpt2rg3nwzt4xnxesmvh3n049agfq90hp7g"],"amount":557.99998692}]}