{"txid":"be8785eb3042c4eed561e2ab005d4e89e905755bcfd5ea148ab542577c404db9","block_height":null,"time":null,"vin":[{"txid":"be8785eb3042c4eed561e2ab005d4e89e905755bcfd5ea148ab542577c404db9","vout":0,"amount":13289.50889299,"coinbase":false},{"txid":"0560bf5ddbcf829ae94a657538147cffa04303dfbcc6ab30a63aefe8dede1f91","vout":1,"amount":6800,"coinbase":false}],"vout":[{"n":0,"addresses":["prl1z52vt824gvfdn3tgv0dcr5h4wfk7y79lf05y3gxe0zkhtcyvaxefqsv4x2q"],"amount":20000},{"n":1,"addresses":["prl1pwn20039c6t8nkfrpw0q0eh9uhvdycpfyvqdqhd2g7d37y5gslapqtfrpp7"],"amount":89.50871037}]}