{"txid":"ed55fde1f6f978498879a0c3b8ccde98f251dd333e9e24b591537088ee2cd015","block_height":null,"time":null,"vin":[{"txid":"ed55fde1f6f978498879a0c3b8ccde98f251dd333e9e24b591537088ee2cd015","vout":0,"amount":998.9999745,"coinbase":false}],"vout":[{"n":0,"addresses":["prl1pwgu2g24ha7z6aq48a35kzaayl3vvplyem0f5reacx43fgc66eauqsg9ru3"],"amount":79.99996618},{"n":1,"addresses":["prl1z68dcnmgmmx454u8rj6fdqz0hgnf2620xave8uh40jq5qc95x6jxq92nvae"],"amount":919}]}