{"txid":"fdeba561388a98724bed5cf471645d19bcdf96d1d99e207f0db8fc67cf5ff617","block_height":null,"time":null,"vin":[{"txid":"fdeba561388a98724bed5cf471645d19bcdf96d1d99e207f0db8fc67cf5ff617","vout":0,"amount":394.99999,"coinbase":false},{"txid":"f6baecc4f6a19d1eec89fb13fc9a758c380e19393b20f779b8bf5e2df1b0d993","vout":945,"amount":58.69574043,"coinbase":false}],"vout":[{"n":0,"addresses":["prl1z2g0cl0udh6wtcpjcx3u27nz5xv4e4xx4pgejyg6j6g48ujhdzqss6pg5pl"],"amount":395},{"n":1,"addresses":["prl1p9kgw3e6gmgzcnsekfg22keu6hmv8vwwncnuq7lrh8l8w99t6exrsz6yadn"],"amount":58.69572831}]}