{"txid":"3e996fb632c0ad1477f3fce9aaf2dcede1b396c509a93e1b1876d7da59d5f5b9","block_height":null,"time":null,"vin":[{"txid":"3e996fb632c0ad1477f3fce9aaf2dcede1b396c509a93e1b1876d7da59d5f5b9","vout":1,"amount":2813.70753746,"coinbase":false}],"vout":[{"n":0,"addresses":["prl1ps3anexxfr2xu3v79t5nzvh6flrta9cmzu09njaey2fmp2scj2prqhslrep"],"amount":2713.70752196},{"n":1,"addresses":["prl1z7lhg9nry4ns49txw88rj9cy8n07tzqamn3ajdjcr6jf85arvvh5qh0s9vq"],"amount":100}]}