{"txid":"cf11332c3be7e54150908d588a26055122dd2758a6656f185130c2e3246cc23c","block_height":null,"time":null,"vin":[{"txid":"cf11332c3be7e54150908d588a26055122dd2758a6656f185130c2e3246cc23c","vout":0,"amount":513.99999,"coinbase":false},{"txid":"be07b1b018f63284b90e03f2f853c09cf3197f4f3a084c4f6b7acf4a7fc618ce","vout":0,"amount":116.03448279,"coinbase":false},{"txid":"c9caf8835fb9596bc7e5ecbda37de737df283a9363553176190cf4d423682474","vout":0,"amount":116.03448279,"coinbase":false}],"vout":[{"n":0,"addresses":["prl1z7s4y20q85e4p99aqclqfuczf8762qp0u83lrwfsy8nwcevn6e8nq2hehly"],"amount":746},{"n":1,"addresses":["prl1pyx60pwd6wy8z4a3f29s80e6jgyswl2an6zups6xwkp94h0e0ahpqqz69zu"],"amount":0.06895288}]}