{"txid":"1b160b7a4e0041ae38affed8c1d90e60d6e1012f89a6071ee2c86e802e845037","block_height":null,"time":null,"vin":[{"txid":"1b160b7a4e0041ae38affed8c1d90e60d6e1012f89a6071ee2c86e802e845037","vout":0,"amount":209.99999,"coinbase":false},{"txid":"8e1a2ba7bd29b7a028b4b1b71ee1a1f825751bf3e23ed1141957edaa1c4dc393","vout":967,"amount":74.30606654,"coinbase":false},{"txid":"d3b52bc1d8f7f33e4be0afb7c000b1df637a8b3bd20e5ef880196e84f8c10e8a","vout":1,"amount":0.7286753,"coinbase":false}],"vout":[{"n":0,"addresses":["prl1z2563mgezr5020tpcsgalg9g844e7zre6hlw3jnxhf80448f67h5q5fsjpp"],"amount":285},{"n":1,"addresses":["prl1pxgxfykzfdz50af3vtcd7s46xf87k0kyf57v7hasg6z66g0cm7nxsh67sfl"],"amount":0.03472914}]}