{"txid":"de9dbb163a8ff6f8ab54337a733f227b4e5f665fa0d43a91778f2aca04d301db","block_height":null,"time":null,"vin":[{"txid":"de9dbb163a8ff6f8ab54337a733f227b4e5f665fa0d43a91778f2aca04d301db","vout":0,"amount":124.99999,"coinbase":false},{"txid":"14ae10c91d93b8458f26ce16d97a4e87a46da7757d61e730730e99c7b4647a0c","vout":1,"amount":0.02811796,"coinbase":false}],"vout":[{"n":0,"addresses":["prl1znufcfcqz7cyxm6hljffgg38pktvy6ruyak097q3ckvkjm5e8vvyqtskjy4"],"amount":125},{"n":1,"addresses":["prl1pxrhs6z78an2ss734lr7jt9fs5n9ev8k8v7c8gvqtdxs3gd7aptusydaj03"],"amount":0.02810584}]}