{"txid":"bc19b1ccbbb29b3ce923556b7954b166ae04da90bebaedc38f704c8be2a24f56","block_height":null,"time":null,"vin":[{"txid":"bc19b1ccbbb29b3ce923556b7954b166ae04da90bebaedc38f704c8be2a24f56","vout":0,"amount":539.99999,"coinbase":false}],"vout":[{"n":0,"addresses":["prl1z0le98hcu0d0ylre3fcjg0gr29wc84my7t2j4ngcnf4c5gsueccqqz7kc4k"],"amount":409},{"n":1,"addresses":["prl1pvwdmwkyvx9kdms5a7xgx6nhygd0jxhqnv5fvzetetyfrljngtlvsd77k9m"],"amount":130.9999817}]}