{"txid":"7867fd1d68df635ab77f4cbb02e924efa868983741076db186858068a21ab3cc","block_height":null,"time":null,"vin":[{"txid":"7867fd1d68df635ab77f4cbb02e924efa868983741076db186858068a21ab3cc","vout":1128,"amount":227.38596957,"coinbase":false}],"vout":[{"n":0,"addresses":["prl1ztxxev4wrr2c6tr2473cjxqk6j7tkm6je0f4ld6pvmfqmc2flsvlsq3n7k8"],"amount":142},{"n":1,"addresses":["prl1pf4eqkvd3kep0zudlaq7unyghl3ysc8mtsr7lhgjrp6fwyezapmrqpvx00s"],"amount":85.38596803}]}