{"txid":"c625866e51cb110617aa69811522518067ba2caf9b38307333bf87499703b778","block_height":null,"time":null,"vin":[{"txid":"c625866e51cb110617aa69811522518067ba2caf9b38307333bf87499703b778","vout":0,"amount":1292.35277474,"coinbase":false}],"vout":[{"n":0,"addresses":["prl1zuz096c5da800pl22ahrt9vc8hjy2vmsgnfeq5mx5dnnzw6c4dhwsq46nj3"],"amount":1292},{"n":1,"addresses":["prl1p8ghrd7ecx9q9hh6hpujkqkrqhdncvzv3axtlgjtua80hx36ymg3qkzvzqa"],"amount":0.35276648}]}