{"txid":"99ad559d2274084f6b4fb6e869a099be007b639830b87e8fbf23e0f47aaf380a","block_height":null,"time":null,"vin":[{"txid":"99ad559d2274084f6b4fb6e869a099be007b639830b87e8fbf23e0f47aaf380a","vout":0,"amount":56999.99999,"coinbase":false}],"vout":[{"n":0,"addresses":["prl1zzp8ajrcyxhy6g0htr3f36yphjclpqahka570m027zvssd8tfadaspxczzh"],"amount":122.22},{"n":1,"addresses":["prl1pr38kxyngchp0sggymj4jftvmvszsv6902y0lteu24v5auvza6y7q0km5w0"],"amount":56877.7799745}]}