{"txid":"0b1d5aac4fd4f5988df6d372c75e1eca873bf6b97e9bf7b4ae0b4c29cc8f91fa","block_height":null,"time":null,"vin":[{"txid":"0b1d5aac4fd4f5988df6d372c75e1eca873bf6b97e9bf7b4ae0b4c29cc8f91fa","vout":793,"amount":481.20682457,"coinbase":false},{"txid":"119118733f3fc6e5087e59075a40af6a689ff311fd99c4e0dc4e26115102cf44","vout":186,"amount":460.84383564,"coinbase":false},{"txid":"5c7fe4ebde67524329a20a1dd13000666bd9a9003aa2f422183806ba2e8ec017","vout":672,"amount":371.65629935,"coinbase":false}],"vout":[{"n":0,"addresses":["prl1zf5fu6jlwnw6fex9my78m3dd8z0ppgf0r9lw0v2sytc0337a28slqrerjtj"],"amount":1244},{"n":1,"addresses":["prl1plqm85umh9tx4n32xhz598lhqprrhs5uw8m25yawfvuhf20ht7a7qu9wfed"],"amount":69.70626008}]}