{"txid":"f706e3afd5192d2690d54927f68c9aef661fe9d68a3a7345e2f4b86905ab88da","block_height":null,"time":null,"vin":[{"txid":"f706e3afd5192d2690d54927f68c9aef661fe9d68a3a7345e2f4b86905ab88da","vout":200,"amount":503.14057641,"coinbase":false}],"vout":[{"n":0,"addresses":["prl1pu8f7jp8zvrjxr55cq23pzujpqtz3283v080jsla5gqquqa2qtzmsk46uhk"],"amount":3.14044303},{"n":1,"addresses":["prl1zzwmjepfankqcw24n9v4de7n82vzka494y5lxhp3kemwvrlmheqfs5dquwx"],"amount":500}]}