{"txid":"007c9965dcd485a3aedae67f6e1e70bab92b96ec6db65a0ebf456fb8bc258c3d","block_height":null,"time":null,"vin":[{"txid":"007c9965dcd485a3aedae67f6e1e70bab92b96ec6db65a0ebf456fb8bc258c3d","vout":0,"amount":367.8,"coinbase":false},{"txid":"874a44ac10c0c92a2e1b07827d7704780bbf6c4bde422e505c88257659436031","vout":0,"amount":0.02438564,"coinbase":false}],"vout":[{"n":0,"addresses":["prl1zvtdk76ujp0m386rfh78lk3tr0yvz7f9nqqjfgu4rc8vk2alnr9ksevcv6q"],"amount":367.8},{"n":1,"addresses":["prl1p77h3jcx5z3zzc9pjyl9vfajcmtjweyq0z925v2ur53j32x9h4f5sxdescq"],"amount":0.02438352}]}