{"txid":"fbefcc133c5af842701b5e66a0a9a325fca2e78175b3ff8fa59163c029a64c86","block_height":null,"time":null,"vin":[{"txid":"fbefcc133c5af842701b5e66a0a9a325fca2e78175b3ff8fa59163c029a64c86","vout":1,"amount":1759.99999692,"coinbase":false}],"vout":[{"n":0,"addresses":["prl1zezfpsnk35t3fh4su7g86h3vg054cvhytgz5ta7avz3yv2jlhavkqfdm8nm"],"amount":100},{"n":1,"addresses":["prl1pzmr904ef067506akv00h53aavc9m6mjerllkxarztqm49gdxetsq8dldx5"],"amount":1659.99999538}]}