{"txid":"7867fd1d68df635ab77f4cbb02e924efa868983741076db186858068a21ab3cc","block_height":null,"time":null,"vin":[{"txid":"7867fd1d68df635ab77f4cbb02e924efa868983741076db186858068a21ab3cc","vout":448,"amount":118.36246549,"coinbase":false},{"txid":"7867fd1d68df635ab77f4cbb02e924efa868983741076db186858068a21ab3cc","vout":989,"amount":95.1815111,"coinbase":false},{"txid":"de6d47c435385821b01a96dac3ef847d2df4e7d6b9f9e7cd3001973641e2205a","vout":1,"amount":0.68723171,"coinbase":false}],"vout":[{"n":0,"addresses":["prl1zje74v99wp7k9r6dc7dufgs75qq8w8jn9n2n6t6q9p65e7slp4cyqa7p80m"],"amount":214},{"n":1,"addresses":["prl1plscka7qf46ynmptp8xwwhd0ql9c8a8a557u62jh8mvlvhkrk50sq7ppe4t"],"amount":0.2312056}]}