{"txid":"8754c57a32fd248be731bf29f886776f3c97677badbf3e18cb9a89422ac209e7","block_height":null,"time":null,"vin":[{"txid":"8754c57a32fd248be731bf29f886776f3c97677badbf3e18cb9a89422ac209e7","vout":0,"amount":399.99999,"coinbase":false}],"vout":[{"n":0,"addresses":["prl1zd6xev28fj9gszf48yaxu42d8y2hh20smvm9vgparr98v3yt3yv8suwqszt"],"amount":100},{"n":1,"addresses":["prl1plwh5tmkm2t7mnq2ywxfgeu4kdwvxlen3xy4247gtcf8e6xk0kthq5ct4q6"],"amount":299.9999745}]}