{"txid":"16d558136850c9eb1a8bd0960f31eeecb879b6163b1a4d524368d933e9064ddd","block_height":null,"time":null,"vin":[{"txid":"16d558136850c9eb1a8bd0960f31eeecb879b6163b1a4d524368d933e9064ddd","vout":609,"amount":156.03475022,"coinbase":false}],"vout":[{"n":0,"addresses":["prl1z6hc0ysqxvdzfawe5665cxpx4c48p3cwhjl472qa0cg9f92j63l4sv78fwe"],"amount":130},{"n":1,"addresses":["prl1pezlsue0vrf7l9rqhm7je34p4jzepw6glgvqpcz5ypkpup3nhx6uq2qaerq"],"amount":26.03465535}]}