{"txid":"86c63cb64da8ef541ea9ba6562156c7a070732a1c75356bce7930fc95c95e048","block_height":null,"time":null,"vin":[{"txid":"86c63cb64da8ef541ea9ba6562156c7a070732a1c75356bce7930fc95c95e048","vout":0,"amount":605.9465208,"coinbase":false}],"vout":[{"n":0,"addresses":["prl1zd2yxvyz8xcy7tnwrpfgeknw047gesv6npvye6gsfl86auffx58msh8cz3j"],"amount":605},{"n":1,"addresses":["prl1pgg4zud640qzws936nu32rq2hz08cyarea6jtanksktzfay80zzps9tu9x5"],"amount":0.94651926}]}