{"txid":"7a34b05149152107e77b110461f909243ea55a578971e5b54536b9c12471cdfc","block_height":null,"time":null,"vin":[{"txid":"7a34b05149152107e77b110461f909243ea55a578971e5b54536b9c12471cdfc","vout":0,"amount":561,"coinbase":false},{"txid":"48a74b770d62a75e6a312bc2de8f4f8cc542262218ea6a39daf09a1e348e3834","vout":1,"amount":0.22818077,"coinbase":false}],"vout":[{"n":0,"addresses":["prl1z43scsaq5mdux2sdne7tx6hlf7c2ewxt60pp09k8ynzlh44lerrnqstq03h"],"amount":561},{"n":1,"addresses":["prl1pyhyka0mtjfekr9ssp45zda8xfh3cg04q2ryt8zvx5ryuzq5n7n8sljss4y"],"amount":0.22817865}]}