{"txid":"ca9e985543b467bad90b61ca27bd7d13bb33581b9c2942312df7683916fc1bf5","block_height":null,"time":null,"vin":[{"txid":"ca9e985543b467bad90b61ca27bd7d13bb33581b9c2942312df7683916fc1bf5","vout":34,"amount":1074.34202781,"coinbase":false},{"txid":"dc595c4a47ae9fccbb8aa30bf7a0b93a9ea4415648a94df21e41fa06c111dbc6","vout":1,"amount":21.84680694,"coinbase":false}],"vout":[{"n":0,"addresses":["prl1zqmc67d8upsdex92xjq7vx6uhq2asnv7rmk4w4avav94s7xf6wwystewdys"],"amount":1090},{"n":1,"addresses":["prl1p2zu56gqek8ws9k9y40x7vvpj43x7anjysjfr4vd000jfjkufdqash09tu2"],"amount":6.18883263}]}