{"txid":"66e961fd16a9442774ae459775a81487b61859a4d6174f096c1e592054c12fd7","block_height":null,"time":null,"vin":[{"txid":"66e961fd16a9442774ae459775a81487b61859a4d6174f096c1e592054c12fd7","vout":1,"amount":1123.33196337,"coinbase":false}],"vout":[{"n":0,"addresses":["prl1z7fcw0ygxg6pknh2fpcp6pdqgwqeguwrwctk7ekfqwd2n5qkt2adsvutu4u"],"amount":0.097},{"n":1,"addresses":["prl1pza4xkj2r85hkpwwak8l05v84q3mrqnmldquu30yhhl04tptqt58szjdsx6"],"amount":1123.23496183}]}