{"txid":"39af98205ff521fede4f7b3fe90a44a8d6f91d56edbb0a828983bf6f76188aca","block_height":null,"time":null,"vin":[{"txid":"39af98205ff521fede4f7b3fe90a44a8d6f91d56edbb0a828983bf6f76188aca","vout":0,"amount":500,"coinbase":false},{"txid":"4f95ce5f8185abb034496ad76e78c73ae5abeb8ebd2f8fea13f44452096caf7d","vout":1,"amount":499.99997542,"coinbase":false},{"txid":"95b36b93e41499f9219a25e5bd4304d07b194fa5bb3c0d35a78e76acbf75bfb6","vout":0,"amount":140,"coinbase":false}],"vout":[{"n":0,"addresses":["prl1z70tfugtzkg9drzujmvgzgkjv4f4h9yvmh46q5k35tnk4h5rcwejqvz5tsv"],"amount":1000},{"n":1,"addresses":["prl1pekppwd894yufp9rej2524f58df85hjwkp2k8syevyttpaeuk5cuq5xaslx"],"amount":139.99994842}]}