{"txid":"21f7186a2e07745f613d265eed226de22c78027abcf9500d68e215466b70ee8d","block_height":null,"time":null,"vin":[{"txid":"21f7186a2e07745f613d265eed226de22c78027abcf9500d68e215466b70ee8d","vout":463,"amount":490.02466843,"coinbase":false}],"vout":[{"n":0,"addresses":["prl1zsyqkkvjx4fkfykfy5fw3xlnjple5va8e44cjsel0d08c228qu7hss64dpy"],"amount":100},{"n":1,"addresses":["prl1p9nwymz9mcwy6zplx6235xeclpxm58yrv6hhad0g6l2vnvczxqzsq8vzws6"],"amount":390.02466689}]}