{"txid":"ca9e985543b467bad90b61ca27bd7d13bb33581b9c2942312df7683916fc1bf5","block_height":null,"time":null,"vin":[{"txid":"ca9e985543b467bad90b61ca27bd7d13bb33581b9c2942312df7683916fc1bf5","vout":87,"amount":351.43782096,"coinbase":false}],"vout":[{"n":0,"addresses":["prl1zl5vkazz9jlnd4424gkwplxlldlz6sakj6gduv0uuey645cxp0d8su5gud5"],"amount":300},{"n":1,"addresses":["prl1pmu2mfcx4zwtd0xg47u8atc8stg3xwrtxwwq0y8hyu0g2g5efqvks2rz2d2"],"amount":51.43777021}]}