{"txid":"054e518f74c6d53be6dd37960bfbeb4edbae9a3d1e0d8d3256053bdad41df1b4","block_height":null,"time":null,"vin":[{"txid":"054e518f74c6d53be6dd37960bfbeb4edbae9a3d1e0d8d3256053bdad41df1b4","vout":1,"amount":138.32,"coinbase":false},{"txid":"061de1994885b7febbe1d320401fd987cde9c5b191e0291e3b56912a85da17cd","vout":283,"amount":35.11230672,"coinbase":false}],"vout":[{"n":0,"addresses":["prl1zpxlmmduuz50l2h46gns5m39ysdxjektps0d8np393u3ftq4urvjquaeghu"],"amount":173},{"n":1,"addresses":["prl1ph59q2merygvn2psgxdr3fcp0untw40flhsfadxmx4xcs74gful4s2hg9qk"],"amount":0.4323046}]}