{"txid":"2c45285a9aaa811dcef211fc1382b67265663d5e3c56b189a8d2a65b1515596f","block_height":null,"time":null,"vin":[{"txid":"2c45285a9aaa811dcef211fc1382b67265663d5e3c56b189a8d2a65b1515596f","vout":0,"amount":109.99998999,"coinbase":false}],"vout":[{"n":0,"addresses":["prl1pv0v60hg6h4d33pvazlgux6vlvv9qyq73pujwjdfzd8vcsj5rhmuqxun8j4"],"amount":9.99998844},{"n":1,"addresses":["prl1z4tftea7wg6s8xp394el7jeqyxg0wq779kzgppc7q8hvdngfp33ksu722ry"],"amount":100}]}