{"txid":"228ad8fe6edf3c4e8146d992bca9680f5ef386de87e9aeb54137cc53f97c0426","block_height":null,"time":null,"vin":[{"txid":"228ad8fe6edf3c4e8146d992bca9680f5ef386de87e9aeb54137cc53f97c0426","vout":1,"amount":283.99999846,"coinbase":false}],"vout":[{"n":0,"addresses":["prl1z4qazmj3jkmxa40jkvkpj2pqn5mahsyn6ue7u4z6rztxjs37ppmjq5fzkd5"],"amount":250},{"n":1,"addresses":["prl1p30fd8q53f6k6m87celwpcmmcp4kpl0ucz50wxsxymst9u53gayzqw8y8dh"],"amount":33.99999692}]}