{"txid":"43c53c6caf26e512795b6551cc65fe0998f49302a005e1affd39b3c809c26623","block_height":null,"time":null,"vin":[{"txid":"43c53c6caf26e512795b6551cc65fe0998f49302a005e1affd39b3c809c26623","vout":535,"amount":1198.26971193,"coinbase":false},{"txid":"ce6d4e938c312c40776cad46cc2aca205d9a23461ff241d595dc9c804bf6654d","vout":1,"amount":0.40867309,"coinbase":false},{"txid":"8379bd70fbeb3859b386ce42b3b665258598d7813e8cb9fb4058497405166aca","vout":1,"amount":0.3315246,"coinbase":false}],"vout":[{"n":0,"addresses":["prl1zfav6xldsswxw46ntlaj2f0q208wfgepdacaf6u3dvatwtmtq5mxskvr2y9"],"amount":1199},{"n":1,"addresses":["prl1p8svq42akpa3c7mjxzy9vtpf4fy54sc0p0znmf4thl9flfx3up75qx8x68r"],"amount":0.00989515}]}