{"txid":"4edf237f34d022019823b77d9057cf66bf2f7ebc515176e4af730410645c8936","block_height":null,"time":null,"vin":[{"txid":"4edf237f34d022019823b77d9057cf66bf2f7ebc515176e4af730410645c8936","vout":54,"amount":2952.43836067,"coinbase":false}],"vout":[{"n":0,"addresses":["prl1zvjz0t4gmylky3q62uu6x9qztdcwssmdlvwdw4zu9neqyks0krpdstcl2nr"],"amount":1000},{"n":1,"addresses":["prl1pp6hu4uc09x3gaj6rza20hsxumgcqsrflc6lgkmymu89t4wknu69sm2e7p0"],"amount":1952.43834503}]}