{"txid":"72d47592c0e1f69528e01f63936b8db17448bb9242ae762c401f6ddb15a505e7","block_height":null,"time":null,"vin":[{"txid":"72d47592c0e1f69528e01f63936b8db17448bb9242ae762c401f6ddb15a505e7","vout":500,"amount":195.22897438,"coinbase":false},{"txid":"71ca15c4b857947206af78638f95525fc0e1afcd87e2750611de9bf695732020","vout":1,"amount":0.67927293,"coinbase":false},{"txid":"8b6c23e6dd3f9c693b5d2feb33a2719c1ae77810fef00aa3145a6f64d6834b17","vout":1,"amount":0.13769159,"coinbase":false}],"vout":[{"n":0,"addresses":["prl1zagp6e6a8u2u8mhhrqpujz56xxmcsyx8qzd0jtzmnust9hfjum5fsxl8p66"],"amount":196},{"n":1,"addresses":["prl1pcra3fr7ng9l5eft8ezyq0jdlzs6lzcr94w5psdcczqq4gdcz8cjqxv946s"],"amount":0.0459362}]}