{"txid":"dfe3996a48eaf2c253f33d09260a63a05b745afda0ae2aaefdcc98bd238df3cd","block_height":null,"time":null,"vin":[{"txid":"dfe3996a48eaf2c253f33d09260a63a05b745afda0ae2aaefdcc98bd238df3cd","vout":0,"amount":119.99999,"coinbase":false},{"txid":"76eec26bf4b27e7f19594b1f44859b8843333090b361493ccdc739ee94290f58","vout":146,"amount":55.94576174,"coinbase":false}],"vout":[{"n":0,"addresses":["prl1z78hq8l00tceghzx7ffqdzu0zutnht50x8n7hjv7zmseghdexkt6qkdz0mz"],"amount":170},{"n":1,"addresses":["prl1pl4p6cmg34g037qs7c6e7m77xdqdlyny84zh8zju4kyvl4f4xfjwqq67e7y"],"amount":5.94574962}]}