{"txid":"3bc57d64d21fb90e9cff6e098cb84c58b50f7662c8c16dae9842b697f9d6a1af","block_height":null,"time":null,"vin":[{"txid":"3bc57d64d21fb90e9cff6e098cb84c58b50f7662c8c16dae9842b697f9d6a1af","vout":0,"amount":179.99999,"coinbase":false},{"txid":"3a93a35b1d66c245e5148a2f3ef771c592911dbcf48e883615bce51e8c049928","vout":0,"amount":14.79422968,"coinbase":false}],"vout":[{"n":0,"addresses":["prl1p7q5pyav00newvh80t99kqz8fy2f7scgq2empes7zj5286sa4cqmqlvrsy3"],"amount":4.79419791},{"n":1,"addresses":["prl1ztr0c9ztzl7tj769qzgvy77vv5vd822lyrd9uuc0at9v4rw6knpyqtjywxp"],"amount":190}]}