{"txid":"ed0130b02d412bac994e443b43aaf709e44fb1c554ab22cf699cc98521ac5612","block_height":null,"time":null,"vin":[{"txid":"ed0130b02d412bac994e443b43aaf709e44fb1c554ab22cf699cc98521ac5612","vout":0,"amount":395.799844,"coinbase":false}],"vout":[{"n":0,"addresses":["prl1plh9t904fs62ryhse4m6eqmrv8xsjwynckuxsqrhdr5mqclq4cw9qzfejrr"],"amount":225.799766},{"n":1,"addresses":["prl1zn7rt0vegcrs85xvp87c8qyh33d6el3t4dk2y0uy5nz0w5hvpp59suetath"],"amount":170}]}