{"txid":"286f4dbc85fb823344e3c5ca97ae7e7eb0afc8e7ddb4ce1e58a00abd2c76b23f","block_height":null,"time":null,"vin":[{"txid":"286f4dbc85fb823344e3c5ca97ae7e7eb0afc8e7ddb4ce1e58a00abd2c76b23f","vout":322,"amount":1212.10331356,"coinbase":false}],"vout":[{"n":0,"addresses":["prl1punx6ye4xa8yvw0dz6k6nc27gd8natqwlj22grkjxz0x0hx33w4qs5kgr9q"],"amount":2.10330523},{"n":1,"addresses":["prl1z4eftc9lx6m2wmq3e0nc70n0f75rp7vzp64p48tsqa63qma492j0qy8c0kf"],"amount":1210}]}