{"txid":"def48bc9d36a00720b1c091349a4ce41631b94e5d73fd67d8af229bab296e203","block_height":null,"time":null,"vin":[{"txid":"def48bc9d36a00720b1c091349a4ce41631b94e5d73fd67d8af229bab296e203","vout":1,"amount":1978.99998846,"coinbase":false},{"txid":"56348910af649eb31a89e202b0b2057baf7756a664d881ca2a725095811180e1","vout":0,"amount":1351.99999,"coinbase":false}],"vout":[{"n":0,"addresses":["prl1zrujv2qk4ajrpy8gg9g0fefgcjre3fqhyaguqpcyu2nat66l8md5s8v4v4z"],"amount":2000},{"n":1,"addresses":["prl1p346r0pzjm6p792nqm7l78zynx4kxf255ydrtlqpp6xf9pjqpt9jsnp72ve"],"amount":1330.99997634}]}