{"txid":"5d90a7f26fdf15f7ee7e3023d95d11e4649247f6a36752ec1fc70ea2d0aa8efe","block_height":null,"time":null,"vin":[{"txid":"5d90a7f26fdf15f7ee7e3023d95d11e4649247f6a36752ec1fc70ea2d0aa8efe","vout":1,"amount":100,"coinbase":false},{"txid":"5d90a7f26fdf15f7ee7e3023d95d11e4649247f6a36752ec1fc70ea2d0aa8efe","vout":0,"amount":0.47412795,"coinbase":false}],"vout":[{"n":0,"addresses":["prl1ztxzxnr5myvue6xvr6d23ugnv3w9gspu7tzpfnea2ap0kk4nhuenq3tur74"],"amount":100},{"n":1,"addresses":["prl1pnpk3evuekx7pyyaf7jmnj5446dtr7m0f2u2d7j7cr6j783wjx4qs7qeqq7"],"amount":0.47411652}]}