{"txid":"c6be882a07ea4b6a076eb681b4758449b2e8aa93bb7cdc5703e1cd50a748a27f","block_height":null,"time":null,"vin":[{"txid":"c6be882a07ea4b6a076eb681b4758449b2e8aa93bb7cdc5703e1cd50a748a27f","vout":1,"amount":464.886161,"coinbase":false}],"vout":[{"n":0,"addresses":["prl1z8xt8c8lh8k7dqty7hhntte68vfaft95gwlt36w78evuu4mmg5jmsc0r42y"],"amount":100},{"n":1,"addresses":["prl1p00330xumy7rdavdd4pd9rnzftegz2u9395xzvd7wgcm3ulexu6yspuee3u"],"amount":364.88615946}]}