{"txid":"ca80451701cda4d22d9c67e0e0a729af21a013cda4cfbb8533825ba1625929cb","block_height":null,"time":null,"vin":[{"txid":"ca80451701cda4d22d9c67e0e0a729af21a013cda4cfbb8533825ba1625929cb","vout":0,"amount":216.85310622,"coinbase":false}],"vout":[{"n":0,"addresses":["prl1phppquvfr00t6jx89euhfqhyt2wva8yrlny7uxnw9azycdl4r9tdqjcey36"],"amount":116.8530271},{"n":1,"addresses":["prl1zynfurqx9ggnyzgqchd8zaped7gfxyenxj7a4362h5q2vm7d8938shamzej"],"amount":100}]}