{"txid":"ad4adb5b899b1aed49167e8675554a4322fe2011fe5768bbe5669d6e87b8bd7a","block_height":null,"time":null,"vin":[{"txid":"ad4adb5b899b1aed49167e8675554a4322fe2011fe5768bbe5669d6e87b8bd7a","vout":1354,"amount":247.50952078,"coinbase":false}],"vout":[{"n":0,"addresses":["prl1ps3gn984yw8p9h0txay22mw44y22q2wglkpculpwky5zkcrpc4qvqku55s6"],"amount":2.50943967},{"n":1,"addresses":["prl1z3fyszvyyekpkkeuhktsqfdpt06ecak6lugnsdwrcaxtwz256rxcsjq57de"],"amount":245}]}