{"txid":"773a1851509430b11621f7907269ac7fec21d019ccae88bf56f04b7e9cd93fa7","block_height":null,"time":null,"vin":[{"txid":"773a1851509430b11621f7907269ac7fec21d019ccae88bf56f04b7e9cd93fa7","vout":0,"amount":580.804838,"coinbase":false},{"txid":"9643a1270da32454a16d4fad48eee5575605dd697400550f01c63cd274989503","vout":77,"amount":270.21296333,"coinbase":false},{"txid":"cb75619e1a95aeef61c889a0f576e931d9db64db2ce90bdfcd6c021f025774f1","vout":0,"amount":208.54610492,"coinbase":false}],"vout":[{"n":0,"addresses":["prl1pqju38hvxzgef6hay8uaa2te4lvwep4ggz7fmggm99y4jns8gjplsjedtn8"],"amount":59.56363625},{"n":1,"addresses":["prl1zp80vw7n6jalzvxqe8mr9svqn4r40wuv4lhvnjwkg5xpz6n27egdsxfnte0"],"amount":1000}]}