{"txid":"32e4b0c5e2383782ba7e42835aed10b5ab464609eeda1d2e6f126a99fb02d6f0","block_height":null,"time":null,"vin":[{"txid":"32e4b0c5e2383782ba7e42835aed10b5ab464609eeda1d2e6f126a99fb02d6f0","vout":492,"amount":658.20577923,"coinbase":false}],"vout":[{"n":0,"addresses":["prl1z0a5m8m00h6n2tjp7t7pgv2jppwqz9txclpwamjfuru5wn9zrssvqyfntf9"],"amount":600},{"n":1,"addresses":["prl1p7rj2rtxyrjszfngpjjdkhafzsrg7s9p2ps5zft2ddpw9snwgavds6dsws5"],"amount":58.20577769}]}