{"txid":"54b33f4c526b127c4c408fbf00e60f1fd2903013316414917fa2a2615bc96549","block_height":null,"time":null,"vin":[{"txid":"54b33f4c526b127c4c408fbf00e60f1fd2903013316414917fa2a2615bc96549","vout":1577,"amount":373.3925804,"coinbase":false}],"vout":[{"n":0,"addresses":["prl1zjv25qpzr77lzqlg7mkt5g6gwvyfev3exfj5d0vxl4phyghpc7q8skl3g6v"],"amount":370},{"n":1,"addresses":["prl1ppl7njynxlwm9mhzg5lqrd07av94dzj6cyvv48zl08wkjngys4t4q0y3rr6"],"amount":3.39249941}]}