{"txid":"ef8d9a417128b2b80a28d4e2e35e2bd33d845e842b2f94546ccb0f3f988f4e73","block_height":null,"time":null,"vin":[{"txid":"ef8d9a417128b2b80a28d4e2e35e2bd33d845e842b2f94546ccb0f3f988f4e73","vout":0,"amount":469.99999,"coinbase":false},{"txid":"06e06cde79b3ab88868aacdb4b46a293f7dda2b5a23c0a9cfd2cbde38ddac95f","vout":1,"amount":19.99999846,"coinbase":false},{"txid":"d5eff29b5ce13a64e8fca1e9567cf1ed37181d588fc23b570cb6f0e213d760f6","vout":1,"amount":1.99998364,"coinbase":false}],"vout":[{"n":0,"addresses":["prl1ztcf59ffz7s2lt2w09t9leaajl9eak8n4yl365daaua4x4p3t3q3q9anagn"],"amount":490},{"n":1,"addresses":["prl1p3lthrt3n7yrrh7qdttq68aq5q76qn0alnmftqqw3hvxh450atm2q3w0pa6"],"amount":1.9999694}]}