{"txid":"f87a9575e4a5a4f9c8e5c10f8a745ccd28de2e0c33039f2c2e9912152e4e0702","block_height":null,"time":null,"vin":[{"txid":"f87a9575e4a5a4f9c8e5c10f8a745ccd28de2e0c33039f2c2e9912152e4e0702","vout":0,"amount":599.99999,"coinbase":false},{"txid":"a84cbe12e0a9208c99d3addba4203149c5e10fe544867ffb3fd7052c9fdda64a","vout":629,"amount":36.77043542,"coinbase":false}],"vout":[{"n":0,"addresses":["prl1zv25qzk3sxkez4wkywqecejd48a5zalxmw62ktkzrzugey45lzqgq6fp4ht"],"amount":600},{"n":1,"addresses":["prl1ps4kv382jgmtcq0n5vzxgzscqr228ne76z80vmr2d4x2f9nupe8zqyxkjay"],"amount":36.76987361}]}