{"txid":"ac5944a01ab8596b48d8435009c172e913f9dadc6d400ad150a6b4b05bd63ac3","block_height":null,"time":null,"vin":[{"txid":"ac5944a01ab8596b48d8435009c172e913f9dadc6d400ad150a6b4b05bd63ac3","vout":304,"amount":846.92219641,"coinbase":false}],"vout":[{"n":0,"addresses":["prl1p8v73jxag7wu6kprg6dkcvcchqxfst2g9yggkr3mf7jcptnjncaxqu2s344"],"amount":346.92119641},{"n":1,"addresses":["prl1zt9s8newcasls2lkgtmadhvuvhtscc4u9f3txgvlrs5gem363f7zq3rpn9f"],"amount":500}]}