{"txid":"c139978217151f25cf2405dd468faaadcff8a91616ecf3a3dacaf0471c767ee6","block_height":null,"time":null,"vin":[{"txid":"c139978217151f25cf2405dd468faaadcff8a91616ecf3a3dacaf0471c767ee6","vout":0,"amount":23895.52237539,"coinbase":false}],"vout":[{"n":0,"addresses":["prl1pnl8qfq35p33hfd9mma2daegjjuhh8agqp7eaxhy9ccm2gdl5fywqp66vl2"],"amount":20895.52197384},{"n":1,"addresses":["prl1z6k4yth0t4hhdpccwl29fxxrumjyjcgsmgnzjtc2et2qvlm8p9rnshdyyuj"],"amount":3000}]}