{"txid":"9e9726c1305021c00ecca764acbdfa3ba41a04dc4ca351adb36156fb0fc9f0bb","block_height":null,"time":null,"vin":[{"txid":"9e9726c1305021c00ecca764acbdfa3ba41a04dc4ca351adb36156fb0fc9f0bb","vout":1,"amount":145.99998846,"coinbase":false},{"txid":"ce1349807e21b6407c5b790ecd28c2807808d11ea4b7d162a9ead156ce1f0d9d","vout":0,"amount":81.15754791,"coinbase":false}],"vout":[{"n":0,"addresses":["prl1zya4sdjc57383k873n8kayvqzn4tksyfu9zxgdrvz5c5ez445veeqcckt20"],"amount":155},{"n":1,"addresses":["prl1py3nf72ftqwrara98hxr6aj8fzxkazlg5gdq79yddngjte69t75zqynakfj"],"amount":72.15753425}]}