{"txid":"d36b675e105363a8b4ae3e531d88f366cfd5a424b2e98060e164b84ecbe93336","block_height":null,"time":null,"vin":[{"txid":"d36b675e105363a8b4ae3e531d88f366cfd5a424b2e98060e164b84ecbe93336","vout":311,"amount":116.0344839,"coinbase":false},{"txid":"6a1201d76fefcd2cc8c59d4a1e057e0b0ccb08ae89316311bb118e98ed5d3179","vout":313,"amount":103.58268782,"coinbase":false},{"txid":"9f7bacc346ff1d821468760a19d38bf5e7ffcb71456f40e248d76a919b805bcf","vout":117,"amount":45.40363663,"coinbase":false}],"vout":[{"n":0,"addresses":["prl1zg5y6gawg4u7nah9xcxlvcvn4su9djg988vydkp8sr44j7dk60gyqjk6t20"],"amount":220},{"n":1,"addresses":["prl1pak0r0p0xpu9l7msrj968r937fnstnrcqhrv8t7vd9kdefqmq6w4s9nz0st"],"amount":45.02080565}]}