{"txid":"7867fd1d68df635ab77f4cbb02e924efa868983741076db186858068a21ab3cc","block_height":null,"time":null,"vin":[{"txid":"7867fd1d68df635ab77f4cbb02e924efa868983741076db186858068a21ab3cc","vout":86,"amount":118.36246549,"coinbase":false},{"txid":"3c910a79e2bd3ec3daf465455f726720829d6b32e54d9028298f15d473ea9fb5","vout":117,"amount":2.58269716,"coinbase":false}],"vout":[{"n":0,"addresses":["prl1zrd6wsgw34alv47zzawl59fxyhsg5n0m4xpcmzj022hjwercfcugs09sxtw"],"amount":120},{"n":1,"addresses":["prl1p6wtgg53m3xrt975m9rykev4kxlcseyr50f968swu95aqqctdpn2ql6h9mq"],"amount":0.94516053}]}