{"txid":"cd3255d88280904eb8c8a9bfcd317ad1a9318e830c3a29a80a76a97a65e1d1ce","block_height":null,"time":null,"vin":[{"txid":"cd3255d88280904eb8c8a9bfcd317ad1a9318e830c3a29a80a76a97a65e1d1ce","vout":135,"amount":142.69942369,"coinbase":false}],"vout":[{"n":0,"addresses":["prl1zf6uyw4helqxqc7h40sntuegrdjwwkddzecntana2nx4vtk8l8zcq75chez"],"amount":100},{"n":1,"addresses":["prl1pzl0435lt6lzy74ycxksfu9f5823fugtw8fhhycgm6wlng7a5cgqqrsatcg"],"amount":42.69942215}]}