{"txid":"bed2fb9a9a5423801eec4ddb418c18593d11b2a9d38c0eedf366131a9f4052ff","block_height":null,"time":null,"vin":[{"txid":"bed2fb9a9a5423801eec4ddb418c18593d11b2a9d38c0eedf366131a9f4052ff","vout":0,"amount":140,"coinbase":false},{"txid":"8c23fde883c51d7b6f36bf768760ace4295a1ee67f1735f6dac15c25a989fbd0","vout":1,"amount":0.09943649,"coinbase":false}],"vout":[{"n":0,"addresses":["prl1zflg0fzkekrg37ncmj7gj4tqhj6nnt9c8wxvk7560zjedgq3nk6uqzdmy9m"],"amount":140},{"n":1,"addresses":["prl1p9849nsvv3twpqdjxe3v7xk6g0k2upz0vpy4pcyna4fn6v6c8guss2ctcaw"],"amount":0.09943437}]}