{"txid":"0527546950f412a8e81c6311df2cfd8d68dff4a76eb59c6483e1fccc88c426e9","block_height":null,"time":null,"vin":[{"txid":"0527546950f412a8e81c6311df2cfd8d68dff4a76eb59c6483e1fccc88c426e9","vout":275,"amount":202.58618291,"coinbase":false},{"txid":"6dabc86d03334716976d8a40c1a051d2faacc9eac7ffbf470a925eb692289eb8","vout":112,"amount":169.81283442,"coinbase":false},{"txid":"019b2c59a2cc43552b2a56d441cf6bdc501028322e6fb7483169a1552e55bf4d","vout":1,"amount":8.89326689,"coinbase":false}],"vout":[{"n":0,"addresses":["prl1pj3m8u692wanpl2lw8w8j4hkvquxr7xdpr5rymq77rz8m6jcf7g3q02kqk7"],"amount":1.29226967},{"n":1,"addresses":["prl1zjz403tkuukh4x5yfj4yepwgd9vsgl8uq25ew08eddra7hsgvgu7sr36g5x"],"amount":380}]}