{"txid":"457554945ef0b15e30fec149624eb24a8d402e9bc8fb96a47008f2d27eee361d","block_height":null,"time":null,"vin":[{"txid":"457554945ef0b15e30fec149624eb24a8d402e9bc8fb96a47008f2d27eee361d","vout":1731,"amount":416.52849846,"coinbase":false},{"txid":"8e1a2ba7bd29b7a028b4b1b71ee1a1f825751bf3e23ed1141957edaa1c4dc393","vout":444,"amount":126.98154924,"coinbase":false}],"vout":[{"n":0,"addresses":["prl1zk6dglwk4uuejmuy6nq3s3lqj8katwst0jxz4ay5a5tedf9rw7wjqrcn63z"],"amount":540},{"n":1,"addresses":["prl1p2nlr30l8cec2gjc9v3nuagfa6f29v5dug6jkj8rg46syyt8wgufspde3hq"],"amount":3.50993627}]}