{"txid":"bf5d1dfa415712de59b37e0d364c2b2b98497c7a06939b234476e931eef08855","block_height":null,"time":null,"vin":[{"txid":"bf5d1dfa415712de59b37e0d364c2b2b98497c7a06939b234476e931eef08855","vout":0,"amount":7699.99999,"coinbase":false}],"vout":[{"n":0,"addresses":["prl1ptv5wsack5uuwjpmkdjmlve7cy967c7r9rc4w3qf30ymjq8pgv45srl49yk"],"amount":49.99998172},{"n":1,"addresses":["prl1z6qmsruvnnt3hf34vp5myfumqxvuee3lktgnr927sj0m92z2q24cqsy3v9w"],"amount":7650}]}