{"txid":"3c910a79e2bd3ec3daf465455f726720829d6b32e54d9028298f15d473ea9fb5","block_height":null,"time":null,"vin":[{"txid":"3c910a79e2bd3ec3daf465455f726720829d6b32e54d9028298f15d473ea9fb5","vout":8,"amount":128.24427276,"coinbase":false},{"txid":"a7666431bb8628263407f9d12890ba6fbf0a2a9a9edc00d232e9873d75df3b77","vout":7,"amount":72.11810988,"coinbase":false},{"txid":"3c910a79e2bd3ec3daf465455f726720829d6b32e54d9028298f15d473ea9fb5","vout":713,"amount":60.19613983,"coinbase":false}],"vout":[{"n":0,"addresses":["prl1zxrqrytx8n5kpuq2e8th0f8va0p233x9633mmgn7ygra0uwn6pv8q725hq8"],"amount":260},{"n":1,"addresses":["prl1pu4zp9m7f2j9us9j84r68rd0wygxelhyvfs27grp6dch2nns5lc0q8q0ulp"],"amount":0.55851977}]}