{"txid":"6a9f2fc2e21ccd4e00422e974ff881bd1339aa6118ba2e17111d7a3a216a364b","block_height":null,"time":null,"vin":[{"txid":"6a9f2fc2e21ccd4e00422e974ff881bd1339aa6118ba2e17111d7a3a216a364b","vout":1,"amount":100,"coinbase":false},{"txid":"6a9f2fc2e21ccd4e00422e974ff881bd1339aa6118ba2e17111d7a3a216a364b","vout":0,"amount":46.31243104,"coinbase":false}],"vout":[{"n":0,"addresses":["prl1zz3s36su4ry2qnaj70xv805lpfn5p57r9k2rdke5sddr55uz55zmsnkkwpr"],"amount":100},{"n":1,"addresses":["prl1p8dptclwm3nt399kp2kmfjq9kzr5vfyfuzpe4w89u7q7h0ugfkzyqelgthz"],"amount":46.3124197}]}