{"txid":"e9fffe4c05481613da8d15ffdc43647b6677aedf2fcb028fe2635aa918377bcb","block_height":null,"time":null,"vin":[{"txid":"e9fffe4c05481613da8d15ffdc43647b6677aedf2fcb028fe2635aa918377bcb","vout":0,"amount":8949.99998174,"coinbase":false}],"vout":[{"n":0,"addresses":["prl1pl643ml7va24qdwf8k266497h9hfgmlmpscz4wd8sleyglnhtsdhsz8s0l5"],"amount":2953.99997346},{"n":1,"addresses":["prl1zhzvvqu753exazaa3demjzjn6f2j7k456z9ljyvnd4dlwvtcucm2qgcxm4f"],"amount":5996}]}