{"txid":"7dbc800dd4dd6a5b6e0cbd3ad283387c80740a3fb3f64d31be1d57e56b6516f4","block_height":null,"time":null,"vin":[{"txid":"7dbc800dd4dd6a5b6e0cbd3ad283387c80740a3fb3f64d31be1d57e56b6516f4","vout":0,"amount":100.00127877,"coinbase":false}],"vout":[{"n":0,"addresses":["prl1pufzxy34xzswlyhrz5c38xu8pyd4qpzvcdggns5aadxm4pevfz5zsmpcre5"],"amount":100.00126877}]}