{"txid":"57ad7588ba2b4a826b393d4af5bd09ea91011cf09513e3e3924d87c4ee655563","block_height":null,"time":null,"vin":[{"txid":"57ad7588ba2b4a826b393d4af5bd09ea91011cf09513e3e3924d87c4ee655563","vout":637,"amount":68.15806422,"coinbase":false},{"txid":"0527546950f412a8e81c6311df2cfd8d68dff4a76eb59c6483e1fccc88c426e9","vout":73,"amount":49.65785535,"coinbase":false},{"txid":"8a20c8bb21dc97ad646ce4038e786d10dfbf456b23fefff62697320283d151d1","vout":0,"amount":0.40671213,"coinbase":false}],"vout":[{"n":0,"addresses":["prl1zfx8l6x9cg2krv2fjgd8cxwtq68wvkqly86zgkcu4tuyn9dsgygyqeakgla"],"amount":118},{"n":1,"addresses":["prl1p48n3j2rfpr2ee6f4wy6ndm3gvs4unf9hgv96yjf9nftx320essdqvvup27"],"amount":0.222617}]}