{"txid":"561d642968c426727e45a7d315977b4c9f82c7ee35f3fea54b51989d4e2b3c73","block_height":null,"time":null,"vin":[{"txid":"561d642968c426727e45a7d315977b4c9f82c7ee35f3fea54b51989d4e2b3c73","vout":0,"amount":120.79606767,"coinbase":false},{"txid":"f7f16af3f60df22be31c4eb2ba81ba0ad4872179616ec8a8d82c43b951ff909f","vout":1,"amount":0.48974571,"coinbase":false}],"vout":[{"n":0,"addresses":["prl1zsxn404046zn7zvuj8n6k6k6v75yegd69vlnp7r4sv0wkjmttrm4se4m07c"],"amount":121},{"n":1,"addresses":["prl1pafasr3qd5xjqvmda8ds4m7de3phgz7veyaphfpsq5hc4rtkwhk2qxa34ky"],"amount":0.28581126}]}