{"txid":"100583bfc3eea233e23e597ed4908da15b90e19438ee7f0a4c64e71b1385cbee","block_height":null,"time":null,"vin":[{"txid":"100583bfc3eea233e23e597ed4908da15b90e19438ee7f0a4c64e71b1385cbee","vout":0,"amount":100,"coinbase":false},{"txid":"84f5d820ed5fd67b667d11a8be23d06fc56e0e3d98be08550ddd4bfc66e20c2b","vout":18,"amount":30.22816882,"coinbase":false}],"vout":[{"n":0,"addresses":["prl1zxv5xjvpezan36nw8f0j7zvtem547yme0hjj096ydn370lq09c6qqlypscz"],"amount":100},{"n":1,"addresses":["prl1pfryd5pahke7rac4k544gkq9f36dvayal0f4jzrtq0ejk2n3n659ssqh7cc"],"amount":30.22815726}]}