{"txid":"1bd6aa9951a51456bcec99f0e045aeca56de780d1000656fa9877f48e81199aa","block_height":null,"time":null,"vin":[{"txid":"1bd6aa9951a51456bcec99f0e045aeca56de780d1000656fa9877f48e81199aa","vout":0,"amount":436,"coinbase":false},{"txid":"21f7186a2e07745f613d265eed226de22c78027abcf9500d68e215466b70ee8d","vout":329,"amount":322.11500386,"coinbase":false},{"txid":"649664df34ce184d501624cfe3a0f59b23189b67f8505bbb02b8b90dde711227","vout":164,"amount":283.04423648,"coinbase":false}],"vout":[{"n":0,"addresses":["prl1zz5ewp4gv7ezmndrj099rslwmwz6nptg97uv7ga3e28y4c6g3jmxsqewhg6"],"amount":1041},{"n":1,"addresses":["prl1purf6ghn4qfn7789y52axxwp69ytrfvy4yw7xjfw33kc7jl34xfysupzv4q"],"amount":0.15923764}]}