{"txid":"48d32331a0a2ca50284dc4d3236699245f04259a5d930d75d95e92e34e0e7de2","block_height":null,"time":null,"vin":[{"txid":"48d32331a0a2ca50284dc4d3236699245f04259a5d930d75d95e92e34e0e7de2","vout":1,"amount":14761.686527,"coinbase":false}],"vout":[{"n":0,"addresses":["prl1zx0jpc62se4eq06aq6dqkac98q38ywj5m5n3m0jv79dxx24zgqras8txkxw"],"amount":6118},{"n":1,"addresses":["prl1pj2a4e2flfhwp0h4pt5k6kplgymtv9awm6sqnteuqtcfjamfw8cuq90heg8"],"amount":8643.68612545}]}