{"txid":"089d000cc15c462191a499ab8eee5054992831ea73c1b67fb5f1332143e4cc3b","block_height":null,"time":null,"vin":[{"txid":"089d000cc15c462191a499ab8eee5054992831ea73c1b67fb5f1332143e4cc3b","vout":773,"amount":113.70048485,"coinbase":false},{"txid":"f687350cf971a4fcd4ca709b4bb96f94ad78a7eb0671f593e33fe03023aeaf10","vout":1,"amount":80,"coinbase":false},{"txid":"c7c110e188abab0c762d7d5c1da90659e9e64d789a171e7d68a501333b66da74","vout":0,"amount":8.17712833,"coinbase":false}],"vout":[{"n":0,"addresses":["prl1p4sq80upcrx5nprph2kqgefmn89t0dwe6h0k9fcmd203p25kzpqhshz5vkp"],"amount":1.87746876},{"n":1,"addresses":["prl1z99ftuwmxx5u8u7xe46tuzcuxx4e5d47n3mv4jw938f75fg8mfcfs8t83n6"],"amount":200}]}