{"txid":"ca0448f769970ec6f6e45368b253b43dd9d3d4f1ec79bd051c1e4cbb92999d91","block_height":null,"time":null,"vin":[{"txid":"ca0448f769970ec6f6e45368b253b43dd9d3d4f1ec79bd051c1e4cbb92999d91","vout":1,"amount":1429.28832906,"coinbase":false},{"txid":"cb2cfea292e7b36f7fb54be52a11c954287fb57889f8fec9335193c7d87894fd","vout":0,"amount":999.99999,"coinbase":false},{"txid":"ae04e59705b58d860ee91d2e1fcc19fc05acaa7c53deddaffa200a71e61f832c","vout":20,"amount":426.03696123,"coinbase":false}],"vout":[{"n":0,"addresses":["prl1pt5k8ruje6srw95l47vvxve7f40j8afdaxnxs62zffm9x0htu0gjshcuymc"],"amount":55.32526587},{"n":1,"addresses":["prl1zv2xjssrwn2xcc6d0aw4f3xq0r4zljmh2s8flfrhgjk0ttfpmws5q8sa3wh"],"amount":2800}]}