{"txid":"18aa40c036e1d9b8b0c5298bbd4c3ab141b7913e1457165c88682ce108c402ff","block_height":null,"time":null,"vin":[{"txid":"18aa40c036e1d9b8b0c5298bbd4c3ab141b7913e1457165c88682ce108c402ff","vout":331,"amount":547.89168275,"coinbase":false}],"vout":[{"n":0,"addresses":["prl1znhgfw4vf9ypynexe6sf0w9n96sd029le4yrj9qqtn3kjtagpkhpsuyngvx"],"amount":500},{"n":1,"addresses":["prl1p2p0lp0xhvg5y8cuqyuck9udzykv3cxkffn0n0ahzuuf0dapr9vzsmyueqx"],"amount":47.89168121}]}