{"txid":"d36b675e105363a8b4ae3e531d88f366cfd5a424b2e98060e164b84ecbe93336","block_height":null,"time":null,"vin":[{"txid":"d36b675e105363a8b4ae3e531d88f366cfd5a424b2e98060e164b84ecbe93336","vout":255,"amount":116.0344839,"coinbase":false}],"vout":[{"n":0,"addresses":["prl1zdxm0k9l5mwrz4lzsxt84td9afafk5q27lgnmvmehgtw7x6jlpgpq4gnuuc"],"amount":110},{"n":1,"addresses":["prl1p6ss2hxmw6qf6ar66pufdf3rkl620nta6jlakt7dmu2juyv8pllxq0y8vcd"],"amount":6.03448236}]}