{"txid":"33cc12f487b77d7a377289a5088e6b27aa635c7506647d7198c186b9c226d860","block_height":null,"time":null,"vin":[{"txid":"33cc12f487b77d7a377289a5088e6b27aa635c7506647d7198c186b9c226d860","vout":478,"amount":119.62727883,"coinbase":false},{"txid":"32e4b0c5e2383782ba7e42835aed10b5ab464609eeda1d2e6f126a99fb02d6f0","vout":202,"amount":80.36914329,"coinbase":false},{"txid":"2d4242ab21319dac42b4c08c41da0355170df3a16fe33582965388db243075d2","vout":454,"amount":47.19983197,"coinbase":false}],"vout":[{"n":0,"addresses":["prl1zf4xmgahl8dlt6upjzmr6x84uqd6pyvdkqaw833pnes7ch2h3755qlj6x45"],"amount":200},{"n":1,"addresses":["prl1pskk83v2k6xmrq7ev9v0y47ralq49ne2lhudkzzwvwe9ke3sjh2fqjc3x8j"],"amount":47.19625139}]}