{"txid":"2175134f50b7f5a125b0953e732bff8011c2c998662e250035224e159a6b25e6","block_height":null,"time":null,"vin":[{"txid":"2175134f50b7f5a125b0953e732bff8011c2c998662e250035224e159a6b25e6","vout":1,"amount":5589.99998846,"coinbase":false},{"txid":"471f6ff7254c9c31f2f8cbca340e6c19555ea8a974de8a1343dd330be4d7b410","vout":0,"amount":1999.99,"coinbase":false},{"txid":"5e96fa8e7c5c414c289cfb1a6c5aef1c1c33ed8bfe58bfba2c567789191fa9f2","vout":0,"amount":150.92,"coinbase":false}],"vout":[{"n":0,"addresses":["prl1zwd9hwuv943yej0f2cfavll96dyw9378ert640nmhtmemfuzg0dzqz5ca9v"],"amount":7740},{"n":1,"addresses":["prl1ptz0gepg7lhhgsjx58v852d6l4m5e5lsfszh8uxg06wpxxxa0ql8qln2ytz"],"amount":0.90998576}]}