{"txid":"fee8e6cc335b03af0556999764ba075e965a4b296cad52c73fe138538ae63099","block_height":null,"time":null,"vin":[{"txid":"fee8e6cc335b03af0556999764ba075e965a4b296cad52c73fe138538ae63099","vout":1,"amount":1110.98361795,"coinbase":false}],"vout":[{"n":0,"addresses":["prl1zx56sfauhsypnt8a8k6gqv5tl3vdgt8rtzctjg47cpx9zd602mqcsehc884"],"amount":0.06},{"n":1,"addresses":["prl1pza4xkj2r85hkpwwak8l05v84q3mrqnmldquu30yhhl04tptqt58szjdsx6"],"amount":1110.92361641}]}