{"txid":"7327d558f170939d6896ee225378bc11f2cfc313297d2b4abbcc23005322928b","block_height":null,"time":null,"vin":[{"txid":"7327d558f170939d6896ee225378bc11f2cfc313297d2b4abbcc23005322928b","vout":0,"amount":99.99999,"coinbase":false},{"txid":"1fb80dcf830e9d48591772e7a46d2d0b091033d573ce3cecea57b1cc63998eb1","vout":35,"amount":11.51329955,"coinbase":false}],"vout":[{"n":0,"addresses":["prl1zxc55ecezzs6ehzv7jkynw45gwyw32tys2yj3037r3lhcwqspg82qjyk7c5"],"amount":100},{"n":1,"addresses":["prl1p2p0lp0xhvg5y8cuqyuck9udzykv3cxkffn0n0ahzuuf0dapr9vzsmyueqx"],"amount":11.51328743}]}