{"txid":"a7765021b4457bc18aaee24329114b5d8eeb01b3eab4978df69c5477e78dabb4","block_height":null,"time":null,"vin":[{"txid":"a7765021b4457bc18aaee24329114b5d8eeb01b3eab4978df69c5477e78dabb4","vout":1,"amount":5819.397767,"coinbase":false}],"vout":[{"n":0,"addresses":["prl1zwwt870uwnrqd3tfsse0jszjg0gxzxwvjh8nkylyres84mhpy20jsafs6tw"],"amount":100},{"n":1,"addresses":["prl1pgz7xkmw396pcnw43ptt4sg35gkv5ax789whywt6ja7mqz494hrmq2q3fk9"],"amount":5719.39776546}]}