{"txid":"649664df34ce184d501624cfe3a0f59b23189b67f8505bbb02b8b90dde711227","block_height":null,"time":null,"vin":[{"txid":"649664df34ce184d501624cfe3a0f59b23189b67f8505bbb02b8b90dde711227","vout":302,"amount":5105.34653038,"coinbase":false}],"vout":[{"n":0,"addresses":["prl1p7gvyelwmxl8h24l279qxt939zw8r5700j5hccfhzs5q5q3anq3js2nefzw"],"amount":5005.34652206},{"n":1,"addresses":["prl1zs5ss7w4wlxejdjl0ynau29gl3msjklp88uaeltr6dlnsn6urqxeq56n8es"],"amount":100}]}