{"txid":"34da70e31183db861d0bb5657df425a1c6d9e2afe87fd316c40e86eb1eb3cc4e","block_height":null,"time":null,"vin":[{"txid":"34da70e31183db861d0bb5657df425a1c6d9e2afe87fd316c40e86eb1eb3cc4e","vout":0,"amount":1498.99999,"coinbase":false},{"txid":"24b87ace6c42549ad09c20345e2c24a3ffdf4d7c1ba2c8e2b8bd97e3e00513e4","vout":1,"amount":0.99999634,"coinbase":false}],"vout":[{"n":0,"addresses":["prl1z2yzw92aymct6q9kwea6lmekfrp5ks6f8uhljdnj0qvv73ls8ctws24rhg6"],"amount":1499},{"n":1,"addresses":["prl1phevp48awcweysg35t522h63xx9gsd4dl93qu84r5l0f4j824mgzs7teplk"],"amount":0.99998422}]}