{"txid":"0527546950f412a8e81c6311df2cfd8d68dff4a76eb59c6483e1fccc88c426e9","block_height":null,"time":null,"vin":[{"txid":"0527546950f412a8e81c6311df2cfd8d68dff4a76eb59c6483e1fccc88c426e9","vout":438,"amount":765.95840598,"coinbase":false}],"vout":[{"n":0,"addresses":["prl1zdh9rljgwhzcpypthvuz3ee92xpqqdphk20hh6e65p7qzsp6hm2sq24zc20"],"amount":765},{"n":1,"addresses":["prl1pvu9pmg3zt8uknx90e8fyph8fzwwfe65l827099lvcrmxexvgdzgs9uh3yd"],"amount":0.95839048}]}