{"txid":"57ad7588ba2b4a826b393d4af5bd09ea91011cf09513e3e3924d87c4ee655563","block_height":null,"time":null,"vin":[{"txid":"57ad7588ba2b4a826b393d4af5bd09ea91011cf09513e3e3924d87c4ee655563","vout":383,"amount":2947.90110012,"coinbase":false}],"vout":[{"n":0,"addresses":["prl1zgwyjjgha2whrcvefhdjhuyr8rf3qhvzy6lsh2zmcm3e8y89w32us88h8ph"],"amount":2940},{"n":1,"addresses":["prl1pxv28rc6duj8ztg4dntr2shecwnml644ytqf90qt047r9kvarz3gqma9wl4"],"amount":7.90109169}]}