{"txid":"609d03ca189d355a0de56ecb922c8b89308e29ca04908b585049e01dfc05744a","block_height":null,"time":null,"vin":[{"txid":"609d03ca189d355a0de56ecb922c8b89308e29ca04908b585049e01dfc05744a","vout":752,"amount":273.54280303,"coinbase":false}],"vout":[{"n":0,"addresses":["prl1p6gua7nmdx4r70vsw6hed0p2jdk6c9am5wam4hwy97qmlgv98hzds9gem2t"],"amount":73.54279459},{"n":1,"addresses":["prl1z7kak0kuywaf3gsm9mxf5p6x9ghkv6mwwak0a862h27f4s0ygw4asv3v5p3"],"amount":200}]}