{"txid":"36e556ddd3ad89f78d39e1b0818b56b1a48cdb236c1bc74ab7516237abdaae64","block_height":null,"time":null,"vin":[{"txid":"36e556ddd3ad89f78d39e1b0818b56b1a48cdb236c1bc74ab7516237abdaae64","vout":1,"amount":36191.99999692,"coinbase":false}],"vout":[{"n":0,"addresses":["prl1zlwjgk7nr5me9t3r22dpj2834na63pgc5khd3x27wdzsq2z7wz5hqldxrs9"],"amount":5000},{"n":1,"addresses":["prl1p47rm07xafyztc7dz0pcs0pur3psdfqgfsawrpk646d4gasy0w2mst6rxak"],"amount":31191.99999538}]}