{"txid":"f0cf06f3407685f6331d9cd24ca499eb450a697bc59a0b0d86db016befbb960a","block_height":null,"time":null,"vin":[{"txid":"f0cf06f3407685f6331d9cd24ca499eb450a697bc59a0b0d86db016befbb960a","vout":1,"amount":11379.99998846,"coinbase":false}],"vout":[{"n":0,"addresses":["prl1zf7gvgmlevtv93jhns72epcqxzjvxwm8q57f8mskje07nrnv59s5s7hn8k4"],"amount":6097},{"n":1,"addresses":["prl1p94mante8tgtvajgghxh93l0z0vykzz7xfly6zdfpd9lsarm3dlystq3ar4"],"amount":5282.99998692}]}