{"txid":"308a7f2b3bb9f1dc9f36ef5fc6c115281a1c25d3932548a44584d7510aae62ae","block_height":null,"time":null,"vin":[{"txid":"308a7f2b3bb9f1dc9f36ef5fc6c115281a1c25d3932548a44584d7510aae62ae","vout":1,"amount":102.20261578,"coinbase":false}],"vout":[{"n":0,"addresses":["prl1z4qq7safsvl6qyle8nl6t4szdjny9l6au6d9rw2kg4s2vwf9x3c4q2a9y3e"],"amount":100},{"n":1,"addresses":["prl1pefy97fscslmg7ls4nnydj4x2qk87e9g20ztf6d9h0sf0s007flhsghwpnu"],"amount":2.20261424}]}