{"txid":"8d9f1d44651702a33f612eb8fa060a44e6ea6920cfc07179d6946b55fd759ee7","block_height":null,"time":null,"vin":[{"txid":"8d9f1d44651702a33f612eb8fa060a44e6ea6920cfc07179d6946b55fd759ee7","vout":1,"amount":239.99998846,"coinbase":false}],"vout":[{"n":0,"addresses":["prl1zuwfkwfr97hcf4pzxp6vqegzurnlvcd8gd6y5fqfsa7wdw5hsja7qgk63j8"],"amount":200},{"n":1,"addresses":["prl1p4mtme2k4adwukydujayce5wxjnps0p8g0ey5xawk8gcusdhdmw8qqwn546"],"amount":39.99998692}]}