{"txid":"3e6a12c4219b9e881b1212b049c16d7992d358e0f18434840e0012e0df1a6ebd","block_height":null,"time":null,"vin":[{"txid":"3e6a12c4219b9e881b1212b049c16d7992d358e0f18434840e0012e0df1a6ebd","vout":333,"amount":974.2624969,"coinbase":false}],"vout":[{"n":0,"addresses":["prl1zkha4ulmwg6d9xjhpu2973a6cpu6eyxtvw82cy3h8fs9kwr5ueu2sqgpkse"],"amount":750},{"n":1,"addresses":["prl1pj09qgjrhfhgssvlz8z3k0tt20ql6ammdldqdsz8kvn8m0tsjlmxsv6cc2w"],"amount":224.26249536}]}