{"txid":"78c55e7f941da82c3ea765a33ae77cae67e96566596803eca4bb3d8b9d720003","block_height":null,"time":null,"vin":[{"txid":"78c55e7f941da82c3ea765a33ae77cae67e96566596803eca4bb3d8b9d720003","vout":1,"amount":349.99998846,"coinbase":false},{"txid":"e039ddaf30787573f77cccfec909f891509ef88360c288d7913219191a965660","vout":1,"amount":13.40906496,"coinbase":false}],"vout":[{"n":0,"addresses":["prl1zdfedg7tkuhu6gr3xj93kx76877awyqx9wq3n3wz0dv42dkdc267qqx7g6y"],"amount":360},{"n":1,"addresses":["prl1p92ewn9m0jwx6995258h8pj7wwjhtn88d8kpnyyd4uvsgd652ju6qtwfujv"],"amount":3.4090513}]}