{"txid":"57ad7588ba2b4a826b393d4af5bd09ea91011cf09513e3e3924d87c4ee655563","block_height":null,"time":null,"vin":[{"txid":"57ad7588ba2b4a826b393d4af5bd09ea91011cf09513e3e3924d87c4ee655563","vout":246,"amount":112.24955102,"coinbase":false},{"txid":"9f885e1fa85208105a2502d5bc2be7c9aaebf4ee1e32783f127066adb0faf74b","vout":1,"amount":0.83052101,"coinbase":false}],"vout":[{"n":0,"addresses":["prl1pyvus7hqtkquedf5t3kf4pk4kcp8dyaxr7sjvkw3qt6g3ukdrkn0srvt3j5"],"amount":0.08006047},{"n":1,"addresses":["prl1zvjz0pq826rktv4pujpgumnkuqwvvzgtcflrv79ws0ma35cf0vx9s47qhyk"],"amount":113}]}