{"txid":"f1cde0312238527a1cef0d88504d332c47c02fc103704fe01976fb408c77583d","block_height":null,"time":null,"vin":[{"txid":"f1cde0312238527a1cef0d88504d332c47c02fc103704fe01976fb408c77583d","vout":0,"amount":5500,"coinbase":false},{"txid":"1a018e53a6a378cd1d56a4d0a4bfebb68572f7d566c79ea6d53fb204842ad49b","vout":1,"amount":0.19994662,"coinbase":false}],"vout":[{"n":0,"addresses":["prl1zlugpl6m7m3enuvcdfr9sc46qycan7qjj2r78kj6l2qrycmjumuaqyn3nue"],"amount":5500},{"n":1,"addresses":["prl1p3gg6x95uh2nkewdaq6u8e5am7j7j5wd95h3kmx94mguphrxgk6cq77tj27"],"amount":0.1999445}]}