{"txid":"5883d2760270fd82cb9cfe8e63b28f1fa96ab106913f069f161beeaf5b765b21","block_height":null,"time":null,"vin":[{"txid":"5883d2760270fd82cb9cfe8e63b28f1fa96ab106913f069f161beeaf5b765b21","vout":0,"amount":196,"coinbase":false},{"txid":"a6a92f3536b03c33aa9fb0a933b21ca7144065968a592f0ee87858cc878b2b62","vout":0,"amount":98,"coinbase":false},{"txid":"4eb5c2fc91e33f50fabb2a6480a509f24de72fea87c6e8fb1b73e826b315927f","vout":1,"amount":33.99999692,"coinbase":false}],"vout":[{"n":0,"addresses":["prl1zycdr63j3p07fmyvpz3esvjcwgy28aqqwzgt8ecu7srvy67ecvddqdqvhw2"],"amount":327},{"n":1,"addresses":["prl1p30fd8q53f6k6m87celwpcmmcp4kpl0ucz50wxsxymst9u53gayzqw8y8dh"],"amount":0.99999422}]}