{"txid":"831a3bb504484f9f821641fd8b01c9ffc8c3bd3f8ef74ac9785704a4d867ca4a","block_height":null,"time":null,"vin":[{"txid":"831a3bb504484f9f821641fd8b01c9ffc8c3bd3f8ef74ac9785704a4d867ca4a","vout":0,"amount":204.99999,"coinbase":false}],"vout":[{"n":0,"addresses":["prl1zl0e36jsnprme6qrmnxvs66k092clt5x6tz84m0y9tlnx0u2g0psq0zd2k7"],"amount":197},{"n":1,"addresses":["prl1pjdgxxthtj93q5rjx4vt8cce6s0dtkgv5e2fehpykg722wlhtkkgqrf6mua"],"amount":7.99998846}]}