{"txid":"7b877eabee95dc29438266d1c7630a1513ee787a219fdf5f2957bf55a5072b3c","block_height":null,"time":null,"vin":[{"txid":"7b877eabee95dc29438266d1c7630a1513ee787a219fdf5f2957bf55a5072b3c","vout":0,"amount":707.53512124,"coinbase":false}],"vout":[{"n":0,"addresses":["prl1ztsqetvt4cxrjar4hyuyq3xgcytj4n9jqkcvqrwc4zftlm27adrfslhm72e"],"amount":707.5},{"n":1,"addresses":["prl1pgg4zud640qzws936nu32rq2hz08cyarea6jtanksktzfay80zzps9tu9x5"],"amount":0.0351197}]}