{"txid":"90a244ebe01cea9e0bc0cf60c2946f77bd5d2f55e18598221f55de27acc23c0f","block_height":null,"time":null,"vin":[{"txid":"90a244ebe01cea9e0bc0cf60c2946f77bd5d2f55e18598221f55de27acc23c0f","vout":0,"amount":99.99999,"coinbase":false},{"txid":"7da8540b55917d89905fd14e86f2cd4cd8e4909944ae58f23fb8a9812541cbdd","vout":1,"amount":13.52345001,"coinbase":false},{"txid":"549ec5ba35065a5517c882ccc5a4cfc554fefa08cafd413ccbb4765e251a7f05","vout":33,"amount":13.1430005,"coinbase":false}],"vout":[{"n":0,"addresses":["prl1pzhr7608l40cstnv8n29kg44gg8ev6qykskv59dskr44ucrvd8efq8gtf7d"],"amount":6.66641291},{"n":1,"addresses":["prl1zlka0y20qtyylgjgglf8j2082aj7vgryaqntd37q2t8hy96k6p7gqtgwekr"],"amount":120}]}