{"txid":"7a470f1bf69b1d36dc83d08daead7808ff4e033419e6b5c306d8bc9b172dec3c","block_height":null,"time":null,"vin":[{"txid":"7a470f1bf69b1d36dc83d08daead7808ff4e033419e6b5c306d8bc9b172dec3c","vout":1,"amount":1903.99998846,"coinbase":false},{"txid":"cdbb0ce165755476fbcab612561ce924301b7167535bfc0230e5949b164b9c61","vout":0,"amount":1263.31947829,"coinbase":false}],"vout":[{"n":0,"addresses":["prl1zzhfutghmcy574ujkr8zhmc33jsfcvu6j9kameg0fgjj6fhwhr8fsv7ydef"],"amount":3000},{"n":1,"addresses":["prl1ph8e3gxnytz9zmemwygpmlahft0d5gz4wwqs6uu0nqmlwhm80laeqhpm3ex"],"amount":167.31946463}]}