{"txid":"f729165e9b221176ceb37881bbe08ce57494a948e32567dfe740693345038594","block_height":null,"time":null,"vin":[{"txid":"f729165e9b221176ceb37881bbe08ce57494a948e32567dfe740693345038594","vout":0,"amount":909.29475031,"coinbase":false}],"vout":[{"n":0,"addresses":["prl1z9x7sg8seryd38cf24dt4jha5wdgnzf3zxj23wc8h5zg5wpzqm0ks6v4hl4"],"amount":909},{"n":1,"addresses":["prl1psr07w39lz85n23tffktvfmngtre5rdq9uck26qkx7enun8jpfl4qux2t57"],"amount":0.29474877}]}