{"txid":"48edda8fcde0430c8550df889ca780c23ad9cdebfa01859d1a0ff2279d9801ad","block_height":null,"time":null,"vin":[{"txid":"48edda8fcde0430c8550df889ca780c23ad9cdebfa01859d1a0ff2279d9801ad","vout":0,"amount":1000,"coinbase":false},{"txid":"75c92d8f53ef1bfdea0e81e2d9cb9974c7aa651f653c8e558ac792ab4462f4fd","vout":1,"amount":0.09499422,"coinbase":false}],"vout":[{"n":0,"addresses":["prl1znxhf3q49syxdx4argsts70j8ttwyt6fjhn7w9ghg9ncjkyzn4kus3u2gvc"],"amount":1000},{"n":1,"addresses":["prl1pnd2ng4u8ay84yu92vmazrvs0up36xerzj9gzscagqevtzg3mmgrs9xa69t"],"amount":0.0949921}]}