{"txid":"265664b03b75f1ad2d7eaa5df6a4c4f31afc3acf236ee2412016a8cb89c90560","block_height":null,"time":null,"vin":[{"txid":"265664b03b75f1ad2d7eaa5df6a4c4f31afc3acf236ee2412016a8cb89c90560","vout":0,"amount":1999.99999,"coinbase":false}],"vout":[{"n":0,"addresses":["prl1zlf03r888m7kpsuxmmm4jpkap0h5vwmlzjctuseux52rkyd464unspny8vf"],"amount":1000},{"n":1,"addresses":["prl1psr07w39lz85n23tffktvfmngtre5rdq9uck26qkx7enun8jpfl4qux2t57"],"amount":999.99998846}]}