{"txid":"8ce3e79a4b83e799bf74f2ca193139eb2753def9cee261b785e521cc2089be1c","block_height":null,"time":null,"vin":[{"txid":"8ce3e79a4b83e799bf74f2ca193139eb2753def9cee261b785e521cc2089be1c","vout":0,"amount":820.99999,"coinbase":false},{"txid":"f4e6cd0187c5c0821ab0f78b435664c705c8d7f86318525b12e7a459e2f34118","vout":1,"amount":0.0333012,"coinbase":false}],"vout":[{"n":0,"addresses":["prl1pwqjkfsqmp4y8asf3v29z7jw3hpha4muug0eenjqmg00g7g0zs0nqqzla2e"],"amount":0.03327972},{"n":1,"addresses":["prl1z0wjjtq7eqpw8n2gncspcj8xcylw0etalmfuel248f46mqr3tmv3sn3kwce"],"amount":821}]}