{"txid":"3dde590d28f64f17f49e32e4753cabcd7b44f8cee3df5dda05f76252d4cfa9b8","block_height":null,"time":null,"vin":[{"txid":"3dde590d28f64f17f49e32e4753cabcd7b44f8cee3df5dda05f76252d4cfa9b8","vout":0,"amount":764.99999,"coinbase":false},{"txid":"ceeab29f770280b6239fe27f0d70b202670c63bee0f9ceb8963fcfc09d340a09","vout":1,"amount":1.41850178,"coinbase":false}],"vout":[{"n":0,"addresses":["prl1zltjax309cyt4ghtdf9a7nt0c4xen3p94peqpr05r55dmljtemqpqdtfk6u"],"amount":765},{"n":1,"addresses":["prl1pj5jw9ay386l29n0jqz7smmuppf77m30uqs5dyea0wmp4492aq5gq6kspps"],"amount":1.41848966}]}