{"txid":"31b5efee9236e6695f4ee59dc198bad0d7374773283ee1b63418ba15dca8e4f8","block_height":null,"time":null,"vin":[{"txid":"31b5efee9236e6695f4ee59dc198bad0d7374773283ee1b63418ba15dca8e4f8","vout":1,"amount":616.67493891,"coinbase":false}],"vout":[{"n":0,"addresses":["prl1zelm2w2mq8ppp2s9rakuj7j8n2f73zdspyclhmkzj8cvfktd80gasractxz"],"amount":276},{"n":1,"addresses":["prl1pjsecl0e3r63ukt4lzxmk4qfavxgqcg65vh6fc9yvmmvw6gm3229qe8cfrt"],"amount":340.67493737}]}