{"txid":"cc2455601bdd9e33496101b9301a61d05aa2b91e6e4336112c356399826fa2d1","block_height":null,"time":null,"vin":[{"txid":"cc2455601bdd9e33496101b9301a61d05aa2b91e6e4336112c356399826fa2d1","vout":0,"amount":222.13666857,"coinbase":false}],"vout":[{"n":0,"addresses":["prl1zt7y2s7n03nzcpemz4ra0ru6d0l7qym5txltd7rag96xzmjn73utsarmrg3"],"amount":222},{"n":1,"addresses":["prl1p9hwqvmag4phez0w8fxx906wn9emcrgrlwvnev3j6pgkkdkgxu3ns6sqgaz"],"amount":0.13666703}]}