{"txid":"5c9e13ea12847acc2597d9b06d609c9e83fea075f59c17b08588d5c323d904b8","block_height":null,"time":null,"vin":[{"txid":"5c9e13ea12847acc2597d9b06d609c9e83fea075f59c17b08588d5c323d904b8","vout":1,"amount":230.38,"coinbase":false},{"txid":"be92e32497a19758b193de1a30fed840060ef358e1f7b56bf1360c78c1dc2c3d","vout":282,"amount":5.95113513,"coinbase":false}],"vout":[{"n":0,"addresses":["prl1pu36uu0mqksxrhkt92g2umuq9hhwh9s2x6nlrzuxpe492fzf0fgzqd824ju"],"amount":0.03102794},{"n":1,"addresses":["prl1ztwgjf95pel3hfx8wcz66p7yy8w5gyhadzd56y77yxxkutk60t3rqnf0taq"],"amount":236.3}]}