{"txid":"1a0abefa34032451ef547678e15c48e84b1b1033b78f0fb456ee3ec11fc226d9","block_height":null,"time":null,"vin":[{"txid":"1a0abefa34032451ef547678e15c48e84b1b1033b78f0fb456ee3ec11fc226d9","vout":0,"amount":8386.47591975,"coinbase":false}],"vout":[{"n":0,"addresses":["prl1pczuly4xrxned7la9t0dlka6lhczn7svcyxaax9ztkgzu5zcsjzpqgxv68u"],"amount":86.47591145},{"n":1,"addresses":["prl1z5gga0zcuxj466z5cn7f8l8scrffldy8gz3k9lpdvax5hxh0fulcsdg6kt7"],"amount":8300}]}