{"txid":"5206387a93bc4274e253748acb54de1492ac1bb9b4bcf7ba1b04c4fa287b3860","block_height":null,"time":null,"vin":[{"txid":"5206387a93bc4274e253748acb54de1492ac1bb9b4bcf7ba1b04c4fa287b3860","vout":13,"amount":86.76173227,"coinbase":false},{"txid":"9643a1270da32454a16d4fad48eee5575605dd697400550f01c63cd274989503","vout":65,"amount":49.2291441,"coinbase":false}],"vout":[{"n":0,"addresses":["prl1z8rnltj96ydfrdtztpny38n6g77w5fd9p2s5u6smm4feh4q4qsuxs9w43hv"],"amount":130},{"n":1,"addresses":["prl1pcra3fr7ng9l5eft8ezyq0jdlzs6lzcr94w5psdcczqq4gdcz8cjqxv946s"],"amount":5.99087425}]}