{"txid":"57ad7588ba2b4a826b393d4af5bd09ea91011cf09513e3e3924d87c4ee655563","block_height":null,"time":null,"vin":[{"txid":"57ad7588ba2b4a826b393d4af5bd09ea91011cf09513e3e3924d87c4ee655563","vout":315,"amount":325.16850397,"coinbase":false},{"txid":"214067950138452719d94cc25416a90ea011a80639a217c205f7437b53d69cea","vout":1,"amount":0.97063732,"coinbase":false}],"vout":[{"n":0,"addresses":["prl1pzyrek3ju2tgrdwsa0eq6vsm85m45upun3j333lxgw9ztekwl4ndqqk0dkf"],"amount":0.13912973},{"n":1,"addresses":["prl1zumef5frrx5fj0prnj4vvskd9zcfsey0l65ayucga40zuxsr6gv8s8hda9q"],"amount":326}]}