{"txid":"4854c763220f0cdfac52929f0fbfe43b05f8cd17bd348fbbc5b6efe375fe3365","block_height":null,"time":null,"vin":[{"txid":"4854c763220f0cdfac52929f0fbfe43b05f8cd17bd348fbbc5b6efe375fe3365","vout":0,"amount":999.99999,"coinbase":false},{"txid":"4f7b55c37b4cb936ce2a53c90d3dc4d1dcc3c71753b54b3d2679730f5d701e23","vout":1,"amount":134.60698625,"coinbase":false}],"vout":[{"n":0,"addresses":["prl1pz5fuhhrmmm75n87gqehyl09v2yjk6qgpxrhzcg3y4afjvw5a2fvqxz558q"],"amount":134.60697412},{"n":1,"addresses":["prl1zwjda8zk67z5924v5fdntdyqypac28vaqj6y0h42wtkgxu6waulns9nhk6u"],"amount":1000}]}