{"txid":"1a89ee232f4f465c27ff41fd8636a353e7dcd6f961148f06b48905248f14c243","block_height":null,"time":null,"vin":[{"txid":"1a89ee232f4f465c27ff41fd8636a353e7dcd6f961148f06b48905248f14c243","vout":265,"amount":261.23693735,"coinbase":false},{"txid":"ac5944a01ab8596b48d8435009c172e913f9dadc6d400ad150a6b4b05bd63ac3","vout":707,"amount":235.46310545,"coinbase":false}],"vout":[{"n":0,"addresses":["prl1zxdcwvjv590med6uw7n8gvexwpncey3s22g0mtuqax2lw2u7fhgcqxmk24c"],"amount":291},{"n":1,"addresses":["prl1pq5dlc3urn6nhn3d5w5dfkx2cqm3gsv9ddv2e96ke62aqjd56zulsqylffr"],"amount":205.6999346}]}