{"txid":"696e79421fdcd563f57a1baa5854fd099528de0fdaeef3828bf44c76c73b4df5","block_height":null,"time":null,"vin":[{"txid":"696e79421fdcd563f57a1baa5854fd099528de0fdaeef3828bf44c76c73b4df5","vout":0,"amount":203.00220595,"coinbase":false}],"vout":[{"n":0,"addresses":["prl1zyxxkjrdzywc48f2yzyhftqhmz46w5f7g3ztkgsvz8athujryen6qzau6jq"],"amount":150},{"n":1,"addresses":["prl1pzchl63g2j9ydfd7ntke8ance47jc6uxv8pfugghkf289njkj0uqq73fske"],"amount":53.00219758}]}