{"txid":"409297328f484adf62a69e8af34c0587c61a081f47e1288af76d4a9f25f68774","block_height":null,"time":null,"vin":[{"txid":"409297328f484adf62a69e8af34c0587c61a081f47e1288af76d4a9f25f68774","vout":1,"amount":475.642871,"coinbase":false},{"txid":"3361a3a54adc4589b0988fe17bcedbb1ed546ff03f725e580307e7831739b639","vout":1,"amount":0.99988688,"coinbase":false}],"vout":[{"n":0,"addresses":["prl1z05zaefxzrh4zrtdhs4x8vyxf4t9qmdv0vd3mpj02dula4aw5j5nstvw3de"],"amount":476},{"n":1,"addresses":["prl1pdytdzfcnaaxj082csutg609kr9ck6vz5t2me8rkr737en3q7e43q3gzkey"],"amount":0.64275576}]}