{"txid":"d36b675e105363a8b4ae3e531d88f366cfd5a424b2e98060e164b84ecbe93336","block_height":null,"time":null,"vin":[{"txid":"d36b675e105363a8b4ae3e531d88f366cfd5a424b2e98060e164b84ecbe93336","vout":595,"amount":116.0344839,"coinbase":false}],"vout":[{"n":0,"addresses":["prl1zg2nnf4f4ndya92vemvn8u594dqeaezsd9psne5tf7juwwmtmh3fsdzgc7a"],"amount":115},{"n":1,"addresses":["prl1pynstmz4gsuml5zmfywmppwfzxkr8er9gy5pjt3zdrv6rckuvaj3s46pla5"],"amount":1.03448236}]}