{"txid":"8c246e97431993db5cc9e8a250172c15044ede8cfed299bcf423afbcd8ead1d3","block_height":null,"time":null,"vin":[{"txid":"8c246e97431993db5cc9e8a250172c15044ede8cfed299bcf423afbcd8ead1d3","vout":0,"amount":142.6,"coinbase":false},{"txid":"86fb6e2f7e6baeec0a9a739992eb750fda5fbeaf81daa56e9269197db6f41d1a","vout":1,"amount":0.49999364,"coinbase":false}],"vout":[{"n":0,"addresses":["prl1zd32tzeu2uynz3lzy8xqarglr82cfgsw0edf350uxryvjwtvjp8wqew2hj7"],"amount":143},{"n":1,"addresses":["prl1p6z85dd93t9ks64x6fn5c4wcdc38pwsks8vac4qed24g7mwhvmdrs8z969a"],"amount":0.09999152}]}