{"txid":"774ac69b6ec103d44c416f6697ed18415bd500e269934797b4a3902627d0081b","block_height":null,"time":null,"vin":[{"txid":"774ac69b6ec103d44c416f6697ed18415bd500e269934797b4a3902627d0081b","vout":0,"amount":199.99999,"coinbase":false},{"txid":"119118733f3fc6e5087e59075a40af6a689ff311fd99c4e0dc4e26115102cf44","vout":257,"amount":157.92153742,"coinbase":false},{"txid":"5c7fe4ebde67524329a20a1dd13000666bd9a9003aa2f422183806ba2e8ec017","vout":379,"amount":117.01422119,"coinbase":false}],"vout":[{"n":0,"addresses":["prl1zcmsja37f5et5pmuhgd2vvamkyf33t0kzqh576wug595zsh5eedmq2dpuua"],"amount":450},{"n":1,"addresses":["prl1pf5g0d45ef5kc6yl8ehpjrlgzje4ws64yl9ncuclnc8uah9g8ckhqdzeefa"],"amount":24.93574591}]}