{"txid":"457554945ef0b15e30fec149624eb24a8d402e9bc8fb96a47008f2d27eee361d","block_height":null,"time":null,"vin":[{"txid":"457554945ef0b15e30fec149624eb24a8d402e9bc8fb96a47008f2d27eee361d","vout":989,"amount":701.76691006,"coinbase":false}],"vout":[{"n":0,"addresses":["prl1z5qvwlm58c6hw2yqvlnpn0ulwrrehqfzavup3zleck0vylh6nfp2qp4uc2j"],"amount":300},{"n":1,"addresses":["prl1p2p0lp0xhvg5y8cuqyuck9udzykv3cxkffn0n0ahzuuf0dapr9vzsmyueqx"],"amount":401.76690852}]}