{"txid":"a7666431bb8628263407f9d12890ba6fbf0a2a9a9edc00d232e9873d75df3b77","block_height":null,"time":null,"vin":[{"txid":"a7666431bb8628263407f9d12890ba6fbf0a2a9a9edc00d232e9873d75df3b77","vout":240,"amount":455.22767649,"coinbase":false}],"vout":[{"n":0,"addresses":["prl1z98cznnq7z9cnrvxnj963d6x96f9amn474we8nky3c9xln3zzeufq3cn4m2"],"amount":250},{"n":1,"addresses":["prl1pcmh09gq68xeywxcjhzcjv9jvzl4s6g808cll4f4mh955ajpq485qgh8u6v"],"amount":205.22767495}]}