{"txid":"2d4242ab21319dac42b4c08c41da0355170df3a16fe33582965388db243075d2","block_height":null,"time":null,"vin":[{"txid":"2d4242ab21319dac42b4c08c41da0355170df3a16fe33582965388db243075d2","vout":446,"amount":119.52929075,"coinbase":false},{"txid":"ca9e985543b467bad90b61ca27bd7d13bb33581b9c2942312df7683916fc1bf5","vout":210,"amount":11.15837984,"coinbase":false}],"vout":[{"n":0,"addresses":["prl1zrj5uhpkk6sanjn3h25eymlgdnznnl0sysjqrfw7chvuehrytcrpqalxn52"],"amount":130},{"n":1,"addresses":["prl1p7lp7wp4xw07kv6p4kg875nsuy0ua76tryc8g373jty4awzgcf4qq0nesfl"],"amount":0.68765903}]}