{"txid":"81517f929d60d0dc4e2fc2b367717a951552c7a072baa1bceee75b15a45159b8","block_height":null,"time":null,"vin":[{"txid":"81517f929d60d0dc4e2fc2b367717a951552c7a072baa1bceee75b15a45159b8","vout":0,"amount":442.96509108,"coinbase":false}],"vout":[{"n":0,"addresses":["prl1p6d0v4de49hy7smxe4f33qvlwnut0wyqa0wy9xk3vya5mu4wzp2zq9pa58q"],"amount":2.96508266},{"n":1,"addresses":["prl1zw9q2ezptx08sex09fdmgu6pv0r2z0q0saq7p7c0lzjasjzw0cj7sy4rprv"],"amount":440}]}