{"txid":"ca9e985543b467bad90b61ca27bd7d13bb33581b9c2942312df7683916fc1bf5","block_height":null,"time":null,"vin":[{"txid":"ca9e985543b467bad90b61ca27bd7d13bb33581b9c2942312df7683916fc1bf5","vout":112,"amount":160.20150303,"coinbase":false}],"vout":[{"n":0,"addresses":["prl1zqegxwc8qh2jdxjnuwl70hv5g8kwxm43erd7544ezunzkphumt8nqncmxrl"],"amount":160},{"n":1,"addresses":["prl1pqw8c5wrl8qampwsr0ekwtpfw2mtjp2dhn0023t4yqshpw96njfuqzmm8z4"],"amount":0.20150149}]}