{"txid":"649664df34ce184d501624cfe3a0f59b23189b67f8505bbb02b8b90dde711227","block_height":null,"time":null,"vin":[{"txid":"649664df34ce184d501624cfe3a0f59b23189b67f8505bbb02b8b90dde711227","vout":523,"amount":596.62186652,"coinbase":false}],"vout":[{"n":0,"addresses":["prl1ppxvjdn5f9rmcuswqwlym2ptgd2hxnyz9tmwxpcv8zpcce024z30spxz2n6"],"amount":286.6218582},{"n":1,"addresses":["prl1zu6v7mq3uzfqhjrtxzez8lralks05frg6tl3w3v6dnss5huwky0dsl4kyfl"],"amount":310}]}