{"txid":"79211db7edc34cbf58588b0ce561543b7f81f19b62da7c8c187ab08ce0dee3ad","block_height":null,"time":null,"vin":[{"txid":"79211db7edc34cbf58588b0ce561543b7f81f19b62da7c8c187ab08ce0dee3ad","vout":1,"amount":31252.67527008,"coinbase":false}],"vout":[{"n":0,"addresses":["prl1zjyeq9s09zdsww9020zvkqd3wg76ywacrdvweyqfhhv8typ6xp84qhd4xey"],"amount":30000},{"n":1,"addresses":["prl1p72ux52ej2z3rq0ktxkezn9kzlj8ynnl7kvl8v92hsx9f4tgm65qseawlm7"],"amount":1252.67526854}]}