{"txid":"c53225b8d8475a7a7dd71a2140e5322e661bfcefbac8e61d4ab498b532c33af0","block_height":null,"time":null,"vin":[{"txid":"c53225b8d8475a7a7dd71a2140e5322e661bfcefbac8e61d4ab498b532c33af0","vout":1,"amount":970.4598911,"coinbase":false}],"vout":[{"n":0,"addresses":["prl1zlkftyatre3lf769w8u3kjmrk8v9zqpn8c3g69v7tyrqmcv076qmsg9pyuh"],"amount":970},{"n":1,"addresses":["prl1prmtj9nluheke7r3elhaaplxaxn4fjw5au0yj6kpxuq7n28qkfflsa3umwv"],"amount":0.45987976}]}