{"txid":"74b7007198b26f6b0ed0768a7ead60e2119fe507ae16cbfb67d25bce3a76cb04","block_height":null,"time":null,"vin":[{"txid":"74b7007198b26f6b0ed0768a7ead60e2119fe507ae16cbfb67d25bce3a76cb04","vout":0,"amount":1349.99999,"coinbase":false},{"txid":"95ad567f9a6fbf5c12bfeaab066b00c95c20f43d11bf81029fac3d9d8c60e8e4","vout":0,"amount":30.28066948,"coinbase":false}],"vout":[{"n":0,"addresses":["prl1pnsy6ke9v9tvjyfajp5tassswtfmmqq0nte3nttcep75t85mth7fsz0kv9q"],"amount":30.28010562},{"n":1,"addresses":["prl1z6y26j3cmwqm2rms3eqnp2cv05s7q092gtzvnz6rjkcd675sm0nzspxdpq7"],"amount":1350}]}