{"txid":"a5872b8553ad68baed8877ef4a2a2f2c1484ae8c3fa09114619a263ac0b1ed9c","block_height":null,"time":null,"vin":[{"txid":"a5872b8553ad68baed8877ef4a2a2f2c1484ae8c3fa09114619a263ac0b1ed9c","vout":0,"amount":1400,"coinbase":false},{"txid":"3e428d9dc30d48508b2132c3ce6fa218347e61b881dd3258dde318f524841229","vout":1,"amount":33.20646458,"coinbase":false}],"vout":[{"n":0,"addresses":["prl1z6jptxvqhevj6fhth0pkqfya5n74ny2ru65ue9s0ylw83af68kltqgsm3jd"],"amount":1400},{"n":1,"addresses":["prl1pj5jw9ay386l29n0jqz7smmuppf77m30uqs5dyea0wmp4492aq5gq6kspps"],"amount":33.20646246}]}