{"txid":"3cf09d0ec06fad5ec4667687f516d612a63ac41ffe263160b28ae64623c5829d","block_height":null,"time":null,"vin":[{"txid":"3cf09d0ec06fad5ec4667687f516d612a63ac41ffe263160b28ae64623c5829d","vout":0,"amount":948.2366698,"coinbase":false}],"vout":[{"n":0,"addresses":["prl1zme9732uxklu44rgnjq4mm70pszjkapvqzm9vqyk9tnanthwn3ftqknjncq"],"amount":944},{"n":1,"addresses":["prl1ph6mejzy2ma3wljwqkzw3da3mk7nxlwmsg3r57hq5096nyw63xdqsw9yzvm"],"amount":4.23666826}]}