{"txid":"f255dbe1c9a736d063c8c840e0529296253fed0c802e535c40a2dafb443bf67d","block_height":null,"time":null,"vin":[{"txid":"f255dbe1c9a736d063c8c840e0529296253fed0c802e535c40a2dafb443bf67d","vout":234,"amount":577.04718549,"coinbase":false},{"txid":"21f7186a2e07745f613d265eed226de22c78027abcf9500d68e215466b70ee8d","vout":337,"amount":553.23067723,"coinbase":false},{"txid":"30120183bcd90eec4a543cb848b11dc93f7b4748567dd0a91ba0365e6182565d","vout":87,"amount":248.93369961,"coinbase":false}],"vout":[{"n":0,"addresses":["prl1zywlph3tjuepz48ujhv8zh2hy50hqdn7t4388avf53dtflyzs0l3qa26x0q"],"amount":1300},{"n":1,"addresses":["prl1p3scq0qghf56l4kmkg99zgf3y3qg2mv929ey4fs2xs88rw078pl3qwkwgpn"],"amount":79.21155963}]}