{"txid":"f4e88e4c4c981b7721e849583e253176b65c48be5b29730ef719671f5dab0a69","block_height":null,"time":null,"vin":[{"txid":"f4e88e4c4c981b7721e849583e253176b65c48be5b29730ef719671f5dab0a69","vout":0,"amount":7517,"coinbase":false},{"txid":"54ac7a806c58f4661c2cc2d7d13d914d94e8d9943b6182aca5d81b4471c0abb2","vout":1,"amount":0.86016434,"coinbase":false}],"vout":[{"n":0,"addresses":["prl1z055dwec35uh7dmgskhejwq9nv8376ytcde7m7awndukv3vkk48ss47xjtr"],"amount":7517},{"n":1,"addresses":["prl1pt0xjv39s2tlesgf4q0ga2npsz570xsrl9ynev2yat5wgwkpgtulsck5rrv"],"amount":0.86016222}]}