{"txid":"a16220eec20bca25658bf1f64d615162a287cc41ef694ad44da3557bbe378dff","block_height":null,"time":null,"vin":[{"txid":"a16220eec20bca25658bf1f64d615162a287cc41ef694ad44da3557bbe378dff","vout":882,"amount":201.03682331,"coinbase":false}],"vout":[{"n":0,"addresses":["prl1pqs2sdclx860xr0lt0vm9u4kvz62577sr0yurjm3gcpt7k82n5trsnmyc4x"],"amount":56.03674214},{"n":1,"addresses":["prl1zm3gmeq6m6pzd5q3vszg2jlaqanlhlksl25vpkte0693qyrnx02kq65eqe9"],"amount":145}]}