{"txid":"18aa40c036e1d9b8b0c5298bbd4c3ab141b7913e1457165c88682ce108c402ff","block_height":null,"time":null,"vin":[{"txid":"18aa40c036e1d9b8b0c5298bbd4c3ab141b7913e1457165c88682ce108c402ff","vout":141,"amount":205.89834622,"coinbase":false}],"vout":[{"n":0,"addresses":["prl1zk0ustd67v49j9nv3mvrv25u50srxjfg09dfu9txs9m8tnfu9m7ps47xf5u"],"amount":200},{"n":1,"addresses":["prl1pefy97fscslmg7ls4nnydj4x2qk87e9g20ztf6d9h0sf0s007flhsghwpnu"],"amount":5.89834468}]}