{"txid":"0d81ecb28a62d7fbd5a7d4f403000c9ed8b221f6c92a67fc9d2f54a894885726","block_height":null,"time":null,"vin":[{"txid":"0d81ecb28a62d7fbd5a7d4f403000c9ed8b221f6c92a67fc9d2f54a894885726","vout":0,"amount":2700,"coinbase":false},{"txid":"4cc4870ab753aada51d4007277e7495d13fe768bccf345a76aad07889dd806ae","vout":15,"amount":29.39105511,"coinbase":false}],"vout":[{"n":0,"addresses":["prl1p8aqcrcwe0shhnnywgaa2u8q8s9mzsa8kgy5r2qkf8nmzh6gg8gaq4urrnr"],"amount":29.39104385},{"n":1,"addresses":["prl1zwsljdp3leq8c9lrkmjzycz8dkyazxldclrr8vvd23hh9xwu56mjqszmrv3"],"amount":2700}]}