{"txid":"bd753f8a534b0f3f07dd4329598512a77c23bfba2c49e5463e88e24cde3f0492","block_height":null,"time":null,"vin":[{"txid":"bd753f8a534b0f3f07dd4329598512a77c23bfba2c49e5463e88e24cde3f0492","vout":1,"amount":307.65048418,"coinbase":false}],"vout":[{"n":0,"addresses":["prl1ztx7dw5r0apm6j02hg6knyt0nn9wafnj9mu995rl85ljk00r5t5ss5svjra"],"amount":300},{"n":1,"addresses":["prl1p7fve65ytvrmjj0aj3fzqp063msvxyv2jqas7322yc4gd7hghg09szu2gyv"],"amount":7.65048264}]}