{"txid":"649664df34ce184d501624cfe3a0f59b23189b67f8505bbb02b8b90dde711227","block_height":null,"time":null,"vin":[{"txid":"649664df34ce184d501624cfe3a0f59b23189b67f8505bbb02b8b90dde711227","vout":428,"amount":131.84463499,"coinbase":false}],"vout":[{"n":0,"addresses":["prl1z4gxet36ctgppz570maju423herc66crmgyfc2us58dfhgdu3xn0sjuk9gd"],"amount":131},{"n":1,"addresses":["prl1pltj3demyjkmknc7y79fnlfrte6ee2ufckhafgdlleznv8v4wxpcqfevce9"],"amount":0.8446267}]}