{"txid":"0d43405e05bea6b7505081bf1ba14704814220ec293d4a08a958147c7252cdb0","block_height":null,"time":null,"vin":[{"txid":"0d43405e05bea6b7505081bf1ba14704814220ec293d4a08a958147c7252cdb0","vout":0,"amount":2101.50040955,"coinbase":false}],"vout":[{"n":0,"addresses":["prl1zjdr0cjzrxmm00875asc7euc0yq4j8x2vzns485xthr9nz7wr6rns64rsuj"],"amount":1000},{"n":1,"addresses":["prl1pxt8kgaufjrpynsty6sky3wm95vl8wrh79lk2nwuem2q9pqrutj2qxz986d"],"amount":1101.50025455}]}