{"txid":"32e4b0c5e2383782ba7e42835aed10b5ab464609eeda1d2e6f126a99fb02d6f0","block_height":null,"time":null,"vin":[{"txid":"32e4b0c5e2383782ba7e42835aed10b5ab464609eeda1d2e6f126a99fb02d6f0","vout":468,"amount":100.93320712,"coinbase":false}],"vout":[{"n":0,"addresses":["prl1pm8pklg95ak4k22rzagjcag6jgr2x8cuk0munq40ue965zwlq00nqeecnv6"],"amount":0.93319162},{"n":1,"addresses":["prl1zxq8lp2ut6zjv3tc2rlgyymehkt0r7xcna0uxtxfnzk3ac4c8g5lspctvr2"],"amount":100}]}