{"txid":"66dcffbd0693638f78ca2df3d2b798cf473e1a24ed30a0df8572a76878d79115","block_height":null,"time":null,"vin":[{"txid":"66dcffbd0693638f78ca2df3d2b798cf473e1a24ed30a0df8572a76878d79115","vout":1,"amount":5016.99999846,"coinbase":false}],"vout":[{"n":0,"addresses":["prl1zuj0tj4pt9wt675dkh332l4z0nc5rd0q75su9fanyns45tcz6duwqdagzge"],"amount":1000},{"n":1,"addresses":["prl1pfgu27k8plywltl9edan27g9r295x288qyfth8hlashve3afpu7nqr6e43l"],"amount":4016.99999692}]}