{"txid":"d36b675e105363a8b4ae3e531d88f366cfd5a424b2e98060e164b84ecbe93336","block_height":null,"time":null,"vin":[{"txid":"d36b675e105363a8b4ae3e531d88f366cfd5a424b2e98060e164b84ecbe93336","vout":1019,"amount":348.10345169,"coinbase":false}],"vout":[{"n":0,"addresses":["prl1zut2emp702d43q937xwyf93a63ysdwme57dzdn9er6966zek70u3s6xfgpt"],"amount":348},{"n":1,"addresses":["prl1p6w3hkxcg5wr65u8ecty4va8wgz3qcq7j09fzhwn42ahlr3gjj3fqvgcz5m"],"amount":0.10345015}]}