{"txid":"a55ccdb14cb59139e140cfee8d012c33db3363c658bac50170c7c27725c9eedc","block_height":null,"time":null,"vin":[{"txid":"a55ccdb14cb59139e140cfee8d012c33db3363c658bac50170c7c27725c9eedc","vout":0,"amount":570.99999,"coinbase":false}],"vout":[{"n":0,"addresses":["prl1zrd4f9genlw9g35wzj3qkfqa5uhksjunsqcjte87vqp8m2ls4azxs627rcz"],"amount":456},{"n":1,"addresses":["prl1phtelnzd37d7ac8errht86c3jaw8pmdvrkj8yp6lpp38aureyw3uqveudvy"],"amount":114.99998846}]}