{"txid":"c31d9bb889339838a008cfe93ba7f9bf667b42f594e58bb07fb284abdaa2f234","block_height":null,"time":null,"vin":[{"txid":"c31d9bb889339838a008cfe93ba7f9bf667b42f594e58bb07fb284abdaa2f234","vout":0,"amount":1487,"coinbase":false},{"txid":"a7599ea2ed06d392406da7e121297a290d289dd6574fbacd64c34d28e4ad1676","vout":1,"amount":4.79999518,"coinbase":false}],"vout":[{"n":0,"addresses":["prl1zkzv0utcwpspj39wncpq6utr28p3nrkaxvtpy7uyrch08td2h5g5qt5jumy"],"amount":1490},{"n":1,"addresses":["prl1pc5v7m7p60444h8gjl69a67q209mx8pyp3z4z9n0wdk44j5dtfx7qm78kpr"],"amount":1.79999306}]}