{"txid":"42c293ff1c35d5bd999ca3ed075278bfb6c7087c77558fe6277c0da71cf33f79","block_height":null,"time":null,"vin":[{"txid":"42c293ff1c35d5bd999ca3ed075278bfb6c7087c77558fe6277c0da71cf33f79","vout":1,"amount":28233.9999917,"coinbase":false}],"vout":[{"n":0,"addresses":["prl1p6a0zxe4397nftht034z7qrufkw5jtkwyhh9k7gy0km9wf8hturzsnxtk9d"],"amount":25233.99998341},{"n":1,"addresses":["prl1zr6z2977cpmdt394sjuye4zg3m8nfjp3c8gu6qfzglx22vqd3w9ds3s0g5z"],"amount":3000}]}