{"txid":"a53566f9bfa0733abf103d932e4fd400a690dc333265a8c429effa44f31ea80d","block_height":null,"time":null,"vin":[{"txid":"a53566f9bfa0733abf103d932e4fd400a690dc333265a8c429effa44f31ea80d","vout":1,"amount":15069.98696716,"coinbase":false},{"txid":"5db17dd88dc1813dbab7c2060a7687bbebb2a6b96c4528edd1755ed133acefd3","vout":0,"amount":5074.4559545,"coinbase":false}],"vout":[{"n":0,"addresses":["prl1zhdv5un5fkh2stejx6dthx7pt7qx3h6tjjfq6e86xang2qg2hffpszz4rtc"],"amount":20000},{"n":1,"addresses":["prl1p94mante8tgtvajgghxh93l0z0vykzz7xfly6zdfpd9lsarm3dlystq3ar4"],"amount":144.44291954}]}