{"txid":"d1d8368e971a32275f811aa0269246f81938840433a885634302ad27d3a02475","block_height":null,"time":null,"vin":[{"txid":"d1d8368e971a32275f811aa0269246f81938840433a885634302ad27d3a02475","vout":0,"amount":539.0162342,"coinbase":false}],"vout":[{"n":0,"addresses":["prl1zrj5v2a8kus8thxa7a7fd8z2a78uddceh0lk4vppafrtqcy924gysty8x09"],"amount":500},{"n":1,"addresses":["prl1p6z85dd93t9ks64x6fn5c4wcdc38pwsks8vac4qed24g7mwhvmdrs8z969a"],"amount":39.01623266}]}