{"txid":"539f95ce94fdbac9755efd751eccf79ef6eacfeccb3e67cfe9270dbcd86aeece","block_height":null,"time":null,"vin":[{"txid":"539f95ce94fdbac9755efd751eccf79ef6eacfeccb3e67cfe9270dbcd86aeece","vout":1,"amount":494.99999384,"coinbase":false},{"txid":"54f9337099532f7ee554f0d7892b5bbf48ee6ba31b0bcc09008597acd356cab5","vout":1,"amount":459.99999846,"coinbase":false}],"vout":[{"n":0,"addresses":["prl1z0le2cav66zmurl2hn6lxn630d49t4jnsfxvc7h0wy8jwjrmhmufqhuffht"],"amount":500},{"n":1,"addresses":["prl1p209gdfdx4vl4y229jsqgx7rrncxpjpt2dgczqm7s8etpy0v60adqq05623"],"amount":454.99999018}]}