{"txid":"fb9004e343e15f5a731cea967ee507280a438dd76e27c0c4ab2bc122196eb815","block_height":null,"time":null,"vin":[{"txid":"fb9004e343e15f5a731cea967ee507280a438dd76e27c0c4ab2bc122196eb815","vout":0,"amount":99.99999,"coinbase":false},{"txid":"c3470ade9f1693a88aa3f429823193b0d833cfa62f2f79862fed922b109c88c2","vout":240,"amount":19.09636445,"coinbase":false},{"txid":"2fa9d0cb74fb6e2ef3632fcd47b0f5e2ca467f0814e29291498089550e5a9c16","vout":382,"amount":1.03928989,"coinbase":false}],"vout":[{"n":0,"addresses":["prl1z2r3jfrxaqpvwzscf8r0fawnzwfym9nlrt98zn8lvvcl3cw0q2qqsst406n"],"amount":120},{"n":1,"addresses":["prl1peeaxx82cqp3amj33kkl3kjkzzmxqthmgp9c8jy4fw3erfccfj86qpuqyc0"],"amount":0.13564164}]}