{"txid":"ee859664c2b6315343021ba879f26e81d3739eaf4ad1d79a78350e754d17b405","block_height":null,"time":null,"vin":[{"txid":"ee859664c2b6315343021ba879f26e81d3739eaf4ad1d79a78350e754d17b405","vout":140,"amount":161.2439992,"coinbase":false}],"vout":[{"n":0,"addresses":["prl1z325xy7aj336pl2j5m9xcnwyq8zlp8pw8yv000vunrmptt053fl0swl9k26"],"amount":100},{"n":1,"addresses":["prl1pzl0435lt6lzy74ycxksfu9f5823fugtw8fhhycgm6wlng7a5cgqqrsatcg"],"amount":61.24399766}]}