{"txid":"2d4242ab21319dac42b4c08c41da0355170df3a16fe33582965388db243075d2","block_height":null,"time":null,"vin":[{"txid":"2d4242ab21319dac42b4c08c41da0355170df3a16fe33582965388db243075d2","vout":81,"amount":393.35878797,"coinbase":false}],"vout":[{"n":0,"addresses":["prl1pex0m9ep8qj2wfjpz28han9w6r4ks5nvux6gphq7vn3n8phmq8ycsq3cnwz"],"amount":93.35877956},{"n":1,"addresses":["prl1zm2kthgfqk6j4rm205xdam7s05t2vjhqun4uqcuc93ekzs2zfz6js03ukvu"],"amount":300}]}