{"txid":"33cc12f487b77d7a377289a5088e6b27aa635c7506647d7198c186b9c226d860","block_height":null,"time":null,"vin":[{"txid":"33cc12f487b77d7a377289a5088e6b27aa635c7506647d7198c186b9c226d860","vout":169,"amount":866.66667163,"coinbase":false},{"txid":"2d4242ab21319dac42b4c08c41da0355170df3a16fe33582965388db243075d2","vout":158,"amount":784.77106816,"coinbase":false},{"txid":"55e5e4955af96eac18e1a5b4afa1c6c422c75c1fd41dc9829810c864fd0efe18","vout":0,"amount":270,"coinbase":false}],"vout":[{"n":0,"addresses":["prl1ps4ul99244ldv32f4qflfalqvthg3p65w4maks95pmkctcs8jrhwsyscpw6"],"amount":1.43772494},{"n":1,"addresses":["prl1zrkk7da3n0yw72w85fedlrkjcqq289smkaa6j984azlpzqqfrypvsafvsnd"],"amount":1920}]}