{"txid":"d1321634f24ab09c55dc749f08e85a142f8098a364b243e5e83f9b4e6cc15ad6","block_height":null,"time":null,"vin":[{"txid":"d1321634f24ab09c55dc749f08e85a142f8098a364b243e5e83f9b4e6cc15ad6","vout":402,"amount":135.83486958,"coinbase":false},{"txid":"a97ea2f4dc1778167b69c9ff7469f46274eeefacf8a090b35e2e01184a950ae5","vout":1,"amount":130.73862767,"coinbase":false}],"vout":[{"n":0,"addresses":["prl1zxwuxyk9qjtcs6qptwg032sgj0zafjzkfj92urpsnacgfj8e6cp2sld7hs4"],"amount":150},{"n":1,"addresses":["prl1pefy97fscslmg7ls4nnydj4x2qk87e9g20ztf6d9h0sf0s007flhsghwpnu"],"amount":116.57349513}]}