{"txid":"f0dc7321de0d6d503024af996f0fdacfd2ca6b80e5cfbd32779fbab03aff1d5c","block_height":null,"time":null,"vin":[{"txid":"f0dc7321de0d6d503024af996f0fdacfd2ca6b80e5cfbd32779fbab03aff1d5c","vout":0,"amount":124,"coinbase":false},{"txid":"3074e7522f9a9ee38d99ac0a7d06dd3d958309a4232dec417a466f65eb9c3377","vout":0,"amount":95,"coinbase":false},{"txid":"e3d369dd8cf5b665a8c552915827f87db33b7ac52b71f6fb4f961686b62eb2f5","vout":1,"amount":1.49999846,"coinbase":false}],"vout":[{"n":0,"addresses":["prl1zu34mxve6u8tyaqss334ke3s9twlnmc2nmm096a5f5ffeda5v2lhs6frcnq"],"amount":220},{"n":1,"addresses":["prl1p6z85dd93t9ks64x6fn5c4wcdc38pwsks8vac4qed24g7mwhvmdrs8z969a"],"amount":0.49999576}]}