{"txid":"07ebbe89841f8dc39a6547aae9e2d7ae0f95eeb65b3110d90f182d2e7184ee0b","block_height":null,"time":null,"vin":[{"txid":"07ebbe89841f8dc39a6547aae9e2d7ae0f95eeb65b3110d90f182d2e7184ee0b","vout":0,"amount":895.48056416,"coinbase":false}],"vout":[{"n":0,"addresses":["prl1zeglt07mx3tr468sh0jutk62g9z77vv2umjtlw26hrdsrr5lfsjxq9kepu6"],"amount":890},{"n":1,"addresses":["prl1p9d3h345cnw2qxwtp5lvzwhwazwr3dwvcv7mszhdwa67p6y4qt9zsy0utyj"],"amount":5.48054866}]}