{"txid":"e0ac90ba59b8b4713a05a89c71a2e0e075cf7b407f8c329f205c0ad56e38981a","block_height":null,"time":null,"vin":[{"txid":"e0ac90ba59b8b4713a05a89c71a2e0e075cf7b407f8c329f205c0ad56e38981a","vout":0,"amount":149.99999,"coinbase":false},{"txid":"d312b5b75df0a51f779b3e2f9d5d3b094b4a520e6869c5d842ff9e76f19ca713","vout":1,"amount":73.99999846,"coinbase":false}],"vout":[{"n":0,"addresses":["prl1zu8taqc9jhv52cm64y0gjhj2rrw72cq7ejthnkvmw4399239zxyqqdg7ghe"],"amount":170},{"n":1,"addresses":["prl1pkrjkw3eg9c5fvrntnyapuplajlerx9apd9kf5wm5uxlnrjm6fctqp8dsx2"],"amount":53.99998634}]}