{"txid":"df69fb020f784ff902160fe892a35b557de357c31059e1788234aedd119e8617","block_height":null,"time":null,"vin":[{"txid":"df69fb020f784ff902160fe892a35b557de357c31059e1788234aedd119e8617","vout":0,"amount":199.99999,"coinbase":false}],"vout":[{"n":0,"addresses":["prl1z75v6qdaagxvj2fcw74xellf0kzj3plr4dn78zjtvc0tzldvvur2shvz64l"],"amount":102.0408},{"n":1,"addresses":["prl1pq97mgvn7gxgn5gxtuwancd5x00z6mqzp0q56x7d9uz32qvw4sn3qxk5r72"],"amount":97.95918846}]}