{"txid":"4292226a9be42d95de243d4585ea6137775a03371238325210671a442c6c5071","block_height":null,"time":null,"vin":[{"txid":"4292226a9be42d95de243d4585ea6137775a03371238325210671a442c6c5071","vout":1,"amount":263.94398042,"coinbase":false}],"vout":[{"n":0,"addresses":["prl1zzet6ckknn7zgyv77v3flfwt29r49slwd9t0qy8x0wcrtkexsvw4qp5lx8v"],"amount":260},{"n":1,"addresses":["prl1p2c5tx4s6h8fegsdkz50y2vf4c4al0nwen8lhr6hpwjm7jxym4kjqz4aefl"],"amount":3.94397207}]}