{"txid":"47747b83d0d324c4d1ba49449e5a01f83543219a763cc805205511b5019e7abf","block_height":null,"time":null,"vin":[{"txid":"47747b83d0d324c4d1ba49449e5a01f83543219a763cc805205511b5019e7abf","vout":1,"amount":8099.99999076,"coinbase":false}],"vout":[{"n":0,"addresses":["prl1z0myhczpkz67vekczyl5x7gxd70rxyqmpumrf7fvfxm2n5y3s6mtsuwr0uy"],"amount":1000},{"n":1,"addresses":["prl1p209gdfdx4vl4y229jsqgx7rrncxpjpt2dgczqm7s8etpy0v60adqq05623"],"amount":7099.99998922}]}