{"txid":"c0fcc53ee313585e9c17ba8bba2ac8e015d805ef40354689252069873a17afec","block_height":null,"time":null,"vin":[{"txid":"c0fcc53ee313585e9c17ba8bba2ac8e015d805ef40354689252069873a17afec","vout":0,"amount":2593.32181206,"coinbase":false},{"txid":"628cc7c027c895c71e34c2aef0f306fa5d9ee1ebb10d6fee63712675c43cccef","vout":19,"amount":1920.78697823,"coinbase":false}],"vout":[{"n":0,"addresses":["prl1z3dme2lkxqzsqr5r9w37vdmp8uusu68c4e5xtfhztnmfwaypryw5senekam"],"amount":3500},{"n":1,"addresses":["prl1ph8e3gxnytz9zmemwygpmlahft0d5gz4wwqs6uu0nqmlwhm80laeqhpm3ex"],"amount":1014.10878817}]}