{"txid":"d0c5ad33f9789a601cd9379ddc1893ee7194f0d895fd4f4d47fc1a9b36007875","block_height":null,"time":null,"vin":[{"txid":"d0c5ad33f9789a601cd9379ddc1893ee7194f0d895fd4f4d47fc1a9b36007875","vout":0,"amount":5499.99999,"coinbase":false},{"txid":"0c99250a80e685848ec33e1fbed95c5106e91e99e034ace35e758311365abbfa","vout":1098,"amount":25.96986186,"coinbase":false}],"vout":[{"n":0,"addresses":["prl1zgd6l5np5hcjwytttr3g47ztjct4u2aq4u9ddzmpaa3su6y4gpmxqxd9gea"],"amount":5500},{"n":1,"addresses":["prl1pwzyn0egsgn3mqjt99tctkx2hz0pyyxvp9znulme3wsp4rxy4xg6q26ehrv"],"amount":25.96974031}]}