{"txid":"febb4e45f37080c050c117c74c14e3777c2280194bb46fe345f9c33f25ed5e00","block_height":null,"time":null,"vin":[{"txid":"febb4e45f37080c050c117c74c14e3777c2280194bb46fe345f9c33f25ed5e00","vout":1,"amount":6301.99,"coinbase":false},{"txid":"48ac2c10497c47f891a92822128e6fd382afe76e1d11cdc82946a4122b217017","vout":757,"amount":577.40481298,"coinbase":false}],"vout":[{"n":0,"addresses":["prl1zzate787cpx08aztyfgkrht7cv3ylkah2rxgf68umtg05s03vvvpqngdurq"],"amount":6870},{"n":1,"addresses":["prl1p6hp45vepv8c3uyqce2lgsak2dpdez8tzl8ftdxufu520f93cfgfsf4y20s"],"amount":9.39426117}]}