{"txid":"af8403bcc62204c23b6a8f933345494e19a91f096176718fe0af6d697bc48bb2","block_height":null,"time":null,"vin":[{"txid":"af8403bcc62204c23b6a8f933345494e19a91f096176718fe0af6d697bc48bb2","vout":0,"amount":204.99999,"coinbase":false},{"txid":"0a4366bc5dcdc32b88e3376631b7d7fb7567807e564da732f092ab4f6cc7a8c1","vout":1,"amount":0.69620179,"coinbase":false}],"vout":[{"n":0,"addresses":["prl1z6hnhy0yr4g2gpu2mh5faun8dmstl9k2pn5df86jlvpm6606t76zq976mh5"],"amount":205},{"n":1,"addresses":["prl1plutvq8ndrjzd9h545mmxfch974k7flj59k09kfz4lm0ngx6t50rsmhdt0n"],"amount":0.69618967}]}