{"txid":"a1eb498bdd69de0497785eeaaee7f9190713c5ce9d6b833046dbb53c53a27827","block_height":null,"time":null,"vin":[{"txid":"a1eb498bdd69de0497785eeaaee7f9190713c5ce9d6b833046dbb53c53a27827","vout":372,"amount":350.31185691,"coinbase":false},{"txid":"5e7b6271289c0d7bef92070cfab5b3754f756db3042a849ae48187e9afab814f","vout":440,"amount":245.37357028,"coinbase":false}],"vout":[{"n":0,"addresses":["prl1zpdwp449z79zk85amga3eul7tj4ujhmmf4hmre8daz3r0cvmpgnaqua59ws"],"amount":551},{"n":1,"addresses":["prl1pgtl48nhxkwt5ufq938qstqrh425d96y5fdtwz0dk2zgsa90qt9dsvysdaj"],"amount":44.68520366}]}