{"txid":"2d4242ab21319dac42b4c08c41da0355170df3a16fe33582965388db243075d2","block_height":null,"time":null,"vin":[{"txid":"2d4242ab21319dac42b4c08c41da0355170df3a16fe33582965388db243075d2","vout":184,"amount":167.4238167,"coinbase":false},{"txid":"1f7b06b216b56455c30a3b1abc110d4c9181b82e8441083f87cf418c7569915d","vout":1,"amount":50.08088239,"coinbase":false}],"vout":[{"n":0,"addresses":["prl1z9npu63k5k4uvzlpqlelmda9q9ntxq2gf0whtqzupt5ewxksdpkkqz2rxlx"],"amount":200},{"n":1,"addresses":["prl1p0zjujz9n7stxp0rl46s9p8n9scf6eyh96xzdr9u30hms54qkulfq6r87mu"],"amount":17.50469697}]}