{"txid":"4ad43926dfa9f1d2617c5996cbb2201ae83089ae9c815e2faf2d8ded34706364","block_height":null,"time":null,"vin":[{"txid":"4ad43926dfa9f1d2617c5996cbb2201ae83089ae9c815e2faf2d8ded34706364","vout":0,"amount":17640,"coinbase":false},{"txid":"1811c5ad8960e92709eb7aec2bde1e41532a222da78370e52ec7f3ad31938bd5","vout":0,"amount":8995.7649203,"coinbase":false}],"vout":[{"n":0,"addresses":["prl1ze0hdzfav3e5k84r9f3alsdm69f2e4udnjxlt4xx3usjaxszxyy2q7fc6rq"],"amount":20000},{"n":1,"addresses":["prl1p4xzml0lxpdez2yutyngjuvw0lnffjy9v2sw7vqxfr0gjjwpvynssdjlnvq"],"amount":6635.76481311}]}