{"txid":"eb7b0b0123f799a207e90d4be3d2e7a3fc17bca2c0dfc59861247f6256b5b353","block_height":null,"time":null,"vin":[{"txid":"eb7b0b0123f799a207e90d4be3d2e7a3fc17bca2c0dfc59861247f6256b5b353","vout":1,"amount":1299.99999846,"coinbase":false},{"txid":"441469d5b4a438cdbeed7c3dc6b942ad334ab4bd594a6616576ac37b2e9c37ed","vout":0,"amount":1199.99999,"coinbase":false}],"vout":[{"n":0,"addresses":["prl1zp5e5lem53xaz25q9vcukrdg8dae0k4ewk2fkyf6t8ylu7v39qu0q85ltsc"],"amount":2000},{"n":1,"addresses":["prl1phhur8qkwflja3729gdln50vdpt2rg3nwzt4xnxesmvh3n049agfq90hp7g"],"amount":499.99998634}]}