{"txid":"a0a8f3fcc311b5595dce3a1bb74725cf658f54936d542e5bdd2f0b580cc91d80","block_height":null,"time":null,"vin":[{"txid":"a0a8f3fcc311b5595dce3a1bb74725cf658f54936d542e5bdd2f0b580cc91d80","vout":0,"amount":290,"coinbase":false},{"txid":"785448843c7af965172cfc01fd2f965387bcf76c68cfacfd37fbced478e889a0","vout":1,"amount":0.09499846,"coinbase":false}],"vout":[{"n":0,"addresses":["prl1z6tjmj4j579va44ptltpaf42rmj48ec2x3z04rnp60ld2eg4ppxmqmzts90"],"amount":290},{"n":1,"addresses":["prl1pnd2ng4u8ay84yu92vmazrvs0up36xerzj9gzscagqevtzg3mmgrs9xa69t"],"amount":0.09499634}]}