{"txid":"ac5944a01ab8596b48d8435009c172e913f9dadc6d400ad150a6b4b05bd63ac3","block_height":null,"time":null,"vin":[{"txid":"ac5944a01ab8596b48d8435009c172e913f9dadc6d400ad150a6b4b05bd63ac3","vout":446,"amount":91.59307423,"coinbase":false},{"txid":"c26e7370b237da027f1529c7563f1b6857193a23509010261548faf7ff746c71","vout":532,"amount":46.81618558,"coinbase":false}],"vout":[{"n":0,"addresses":["prl1z2wtv0ne8ddha7y0aa9386xjx4qtthn844xzsnl5d6r92723kmtkqyklxkd"],"amount":130},{"n":1,"addresses":["prl1p2p0lp0xhvg5y8cuqyuck9udzykv3cxkffn0n0ahzuuf0dapr9vzsmyueqx"],"amount":8.40925769}]}