{"txid":"f728cb6101386b16235f2f51c70c3765664bb27be6e05a169cf0fea6979a704a","block_height":null,"time":null,"vin":[{"txid":"f728cb6101386b16235f2f51c70c3765664bb27be6e05a169cf0fea6979a704a","vout":0,"amount":287.99999,"coinbase":false},{"txid":"639ea3c98cf3534ddeae599bed01787d613f2227337ecca2d0f925c7f41f6537","vout":1,"amount":0.76046626,"coinbase":false}],"vout":[{"n":0,"addresses":["prl1zltagp5furwamt0ldgatnkks7zmtzgfpx4588aysvd2uw2r4nmn0sqnf0gp"],"amount":288},{"n":1,"addresses":["prl1pafasr3qd5xjqvmda8ds4m7de3phgz7veyaphfpsq5hc4rtkwhk2qxa34ky"],"amount":0.76045414}]}