{"txid":"286f4dbc85fb823344e3c5ca97ae7e7eb0afc8e7ddb4ce1e58a00abd2c76b23f","block_height":null,"time":null,"vin":[{"txid":"286f4dbc85fb823344e3c5ca97ae7e7eb0afc8e7ddb4ce1e58a00abd2c76b23f","vout":428,"amount":1707.27100338,"coinbase":false},{"txid":"ca9e985543b467bad90b61ca27bd7d13bb33581b9c2942312df7683916fc1bf5","vout":552,"amount":1196.21230324,"coinbase":false},{"txid":"2d4242ab21319dac42b4c08c41da0355170df3a16fe33582965388db243075d2","vout":110,"amount":1113.96952385,"coinbase":false}],"vout":[{"n":0,"addresses":["prl1ptnmys2eq06ycy5hnrh2kmd3pyru0f4dfdu2qu92yyxhkpltzmr6ss9p9gn"],"amount":517.45274182},{"n":1,"addresses":["prl1z6400jl22jafw9hdevzntmw3jw8ekvkga33l63cahef2z5urceygs4e0068"],"amount":3500}]}