{"txid":"b5db5a750e26861a2aeab72d44519f1d4d5d8767c80adc96cb8d2c46378fab9b","block_height":null,"time":null,"vin":[{"txid":"b5db5a750e26861a2aeab72d44519f1d4d5d8767c80adc96cb8d2c46378fab9b","vout":1,"amount":1290,"coinbase":false},{"txid":"b5db5a750e26861a2aeab72d44519f1d4d5d8767c80adc96cb8d2c46378fab9b","vout":0,"amount":0.40794644,"coinbase":false}],"vout":[{"n":0,"addresses":["prl1zxl3jwck2u9rknft37cmlw0u2h6qqm43ev3qax7kj06dw3dejzy9qe3fyh3"],"amount":1290},{"n":1,"addresses":["prl1pls9r9dd2cpaph3jstan034fuyzhx5w05fswcng90vwqqysa8hm8swrd84e"],"amount":0.40793504}]}