{"txid":"2d4242ab21319dac42b4c08c41da0355170df3a16fe33582965388db243075d2","block_height":null,"time":null,"vin":[{"txid":"2d4242ab21319dac42b4c08c41da0355170df3a16fe33582965388db243075d2","vout":209,"amount":1133.59387129,"coinbase":false}],"vout":[{"n":0,"addresses":["prl1zlu2cea28mwf7sppzvuexmsstm2v3eypg8yk73dkhclutrfkxsd8s76qa94"],"amount":2.028},{"n":1,"addresses":["prl1pza4xkj2r85hkpwwak8l05v84q3mrqnmldquu30yhhl04tptqt58szjdsx6"],"amount":1131.56586975}]}