{"txid":"5f984169cc04b06ff8960937eb75268f053fd2c4caac3195958777fbf47429b3","block_height":null,"time":null,"vin":[{"txid":"5f984169cc04b06ff8960937eb75268f053fd2c4caac3195958777fbf47429b3","vout":0,"amount":9999.99999,"coinbase":false},{"txid":"3eac52bc2e3b5b84bb6bebbbb79f2c1ae310333bcd1018f4f0a2c834c9cebb22","vout":1,"amount":608.99998162,"coinbase":false}],"vout":[{"n":0,"addresses":["prl1zgum988dw5gcamz4p6am90ztw9cmtak6ypwnptj7en3ltm26xr78qv2zmx9"],"amount":10000},{"n":1,"addresses":["prl1ppnry7wf3hl7w0upz49yrrz53udme229s0lgvj6gzf23kgrfemhsqn0evs5"],"amount":608.99996017}]}