{"txid":"b11dd01cdd1455477fb33fcee887e266e2f0f17df29791fe83bdea0c08a7dd1b","block_height":null,"time":null,"vin":[{"txid":"b11dd01cdd1455477fb33fcee887e266e2f0f17df29791fe83bdea0c08a7dd1b","vout":0,"amount":412.34581674,"coinbase":false}],"vout":[{"n":0,"addresses":["prl1znj84d56tv4a87t0q334avnkpkhju8fat5qv9vmunpczee9s3r0cqh4sx4f"],"amount":409},{"n":1,"addresses":["prl1pwq2m8x3la4tnqmrfay67mjehpypf6leurshm62nyq88wq8jtzmzs3k0cae"],"amount":3.34580834}]}