{"txid":"0ac01b3f4c43ae71d05e79ab90d68515c6acfbbd0aa3967906bcefe75421b92b","block_height":null,"time":null,"vin":[{"txid":"0ac01b3f4c43ae71d05e79ab90d68515c6acfbbd0aa3967906bcefe75421b92b","vout":1,"amount":2651.84987467,"coinbase":false}],"vout":[{"n":0,"addresses":["prl1zjf3hqel56ngxmg7v5nh85hlvky3pl06sgnna6k2raew3pdgcpdqqflgnx8"],"amount":110},{"n":1,"addresses":["prl1pxgx47sgn9wrzhl5gsugur9j4yxzpf7wpfv4m4ynqr35w9ng4avvqduz955"],"amount":2541.84987313}]}