{"txid":"9c3f6b220cd570f303c9a1d45c704f3bf30dc3f6d8ed8df1508a2b3a10ecd815","block_height":null,"time":null,"vin":[{"txid":"9c3f6b220cd570f303c9a1d45c704f3bf30dc3f6d8ed8df1508a2b3a10ecd815","vout":0,"amount":564.99999,"coinbase":false},{"txid":"f7687078473377a78345807da2586378a562ebd575396e0c6ee6b3b721daf651","vout":1,"amount":0.25586848,"coinbase":false}],"vout":[{"n":0,"addresses":["prl1zzhcmcmwv3dlum7uxtfvtmxje0y2qglhu4cgapf5aufzk27u84wps3567zm"],"amount":565},{"n":1,"addresses":["prl1pam64rxsr7qnk7svj95lkuwpvjqc9qhylyu7vhquuyj9c5nzcucgsjzrtzr"],"amount":0.25585636}]}