{"txid":"4137b613ac310c76492722e4176114da8e29bba9553bf58a5e49ac3ceb741aea","block_height":null,"time":null,"vin":[{"txid":"4137b613ac310c76492722e4176114da8e29bba9553bf58a5e49ac3ceb741aea","vout":0,"amount":1199.99999,"coinbase":false}],"vout":[{"n":0,"addresses":["prl1z4ejezath6ludv5cjnd5vr5cmn0qqgk2jezk2a6v07tzzfhgp447scu5rme"],"amount":500},{"n":1,"addresses":["prl1pfafu7zcj5z8epfp2u832aqgz8mq3a3wl7e3as22yepykwg5v80tq2cdc05"],"amount":699.99998846}]}