{"txid":"2d4242ab21319dac42b4c08c41da0355170df3a16fe33582965388db243075d2","block_height":null,"time":null,"vin":[{"txid":"2d4242ab21319dac42b4c08c41da0355170df3a16fe33582965388db243075d2","vout":594,"amount":313.57261482,"coinbase":false},{"txid":"f0e977da443d185f87226a9e36ded745f4cd925a5b6c44c36ecae0e65917cfda","vout":0,"amount":0.689861,"coinbase":false}],"vout":[{"n":0,"addresses":["prl1pz5u62myvk45lp6emrtvsgceuamrmtlp4t44zshxk0r5c2553pxkqkgxjga"],"amount":0.26246423},{"n":1,"addresses":["prl1zhm0x2ux6qsfkv7k8xuw4uecthm9728l0nrkjg7rm73arwtfgnufsusv4du"],"amount":314}]}