{"txid":"2db267d5e35050045ed856f173701701cbce804d12f12612c7161efb1b4b8cb9","block_height":null,"time":null,"vin":[{"txid":"2db267d5e35050045ed856f173701701cbce804d12f12612c7161efb1b4b8cb9","vout":0,"amount":114,"coinbase":false},{"txid":"a1a91860a8f966382af7323e20f8d07c9e732f1350a3e6254cd42e99e6a5d09b","vout":1,"amount":0.47892803,"coinbase":false}],"vout":[{"n":0,"addresses":["prl1zfvm74fujn40sfn8vxc7py7zfny535qjx2crsktzshxlhkesjaphsw20jl7"],"amount":114},{"n":1,"addresses":["prl1px4wl270eyr4yp0kjlmvtqwrunex0z9ne7krtlujj6h950cksunjs49tyfz"],"amount":0.47882084}]}