{"txid":"7867fd1d68df635ab77f4cbb02e924efa868983741076db186858068a21ab3cc","block_height":null,"time":null,"vin":[{"txid":"7867fd1d68df635ab77f4cbb02e924efa868983741076db186858068a21ab3cc","vout":702,"amount":118.36246549,"coinbase":false}],"vout":[{"n":0,"addresses":["prl1z88wssre8ffa9w8l29s04exhh5sevne4d97gj7903dhw3pw50mjxsjxpk46"],"amount":118},{"n":1,"addresses":["prl1pynstmz4gsuml5zmfywmppwfzxkr8er9gy5pjt3zdrv6rckuvaj3s46pla5"],"amount":0.36246395}]}