{"txid":"d379695e0c98b6b8add8c8f809f487f76a76fabcc4cf78b60c41c18feca71125","block_height":null,"time":null,"vin":[{"txid":"d379695e0c98b6b8add8c8f809f487f76a76fabcc4cf78b60c41c18feca71125","vout":0,"amount":1000,"coinbase":false},{"txid":"3e65bb46e4dfe373e76bb8e95c9e555634bede0aabfd2fa029e31c196c066cf7","vout":0,"amount":160,"coinbase":false},{"txid":"7d788e4dbacd4492c9da24d739916910ebe5626ef9b1f03a763e0a4201930fe7","vout":36,"amount":16.07206416,"coinbase":false}],"vout":[{"n":0,"addresses":["prl1p2mwq8m57uncqmq62mah00gdtqgxwzv3865ytqe6ejc39wg5rjqfqs7qc44"],"amount":9.07204968},{"n":1,"addresses":["prl1zctu822afc0vx5z4edglh9heqjq7tyw56zt64claaz0j6zgclq6tqj4u7xh"],"amount":1167}]}