{"txid":"649664df34ce184d501624cfe3a0f59b23189b67f8505bbb02b8b90dde711227","block_height":null,"time":null,"vin":[{"txid":"649664df34ce184d501624cfe3a0f59b23189b67f8505bbb02b8b90dde711227","vout":457,"amount":139.18711572,"coinbase":false},{"txid":"43c53c6caf26e512795b6551cc65fe0998f49302a005e1affd39b3c809c26623","vout":249,"amount":138.31621576,"coinbase":false}],"vout":[{"n":0,"addresses":["prl1zsulvpg7vhlq8k7mxmvr0vrp9nlmg8uvelunhkn5adrk9uv85xhtqvenh05"],"amount":226},{"n":1,"addresses":["prl1p3dfmy73phrnzlt5d0g8f9hxx84frpwn57p3jg2f573y4y2mh4syq422e5c"],"amount":51.50332022}]}