{"txid":"b66e4200a2efe57c2922811552d1b7f28b8215742801c8131ea4ca77e7d2da55","block_height":null,"time":null,"vin":[{"txid":"b66e4200a2efe57c2922811552d1b7f28b8215742801c8131ea4ca77e7d2da55","vout":0,"amount":596.99999,"coinbase":false},{"txid":"b26de7f29cbb98ce02546c118b4da11470e6ba7812a93871c3794d8a9e97713e","vout":875,"amount":223.55461042,"coinbase":false},{"txid":"c662cfe98859d85ba1c946b67ad0a2620e932bcbdf79a186a9df9d3786d18673","vout":1249,"amount":191.51736807,"coinbase":false}],"vout":[{"n":0,"addresses":["prl1zw5yduxz8r0vq5wjz0nnz6jwhct2zfcywk4n322lqjreahw4gqzrs7ynjpu"],"amount":1000},{"n":1,"addresses":["prl1pf5g0d45ef5kc6yl8ehpjrlgzje4ws64yl9ncuclnc8uah9g8ckhqdzeefa"],"amount":12.07196579}]}