{"txid":"649664df34ce184d501624cfe3a0f59b23189b67f8505bbb02b8b90dde711227","block_height":null,"time":null,"vin":[{"txid":"649664df34ce184d501624cfe3a0f59b23189b67f8505bbb02b8b90dde711227","vout":134,"amount":67.29301462,"coinbase":false},{"txid":"43c53c6caf26e512795b6551cc65fe0998f49302a005e1affd39b3c809c26623","vout":361,"amount":58.66886926,"coinbase":false},{"txid":"21f7186a2e07745f613d265eed226de22c78027abcf9500d68e215466b70ee8d","vout":310,"amount":8.18818805,"coinbase":false}],"vout":[{"n":0,"addresses":["prl1znqwsmg27n3w3mzsjkyjjeccxctk0s4nzjrnmcrg0pemdvl5y2geqn7vn87"],"amount":130},{"n":1,"addresses":["prl1pmk6frtwtmmj7jhtrp5tj4se5gc7h67zky2q7dfrdcsalvzw9gzrsgan6ta"],"amount":4.15006923}]}