{"txid":"0089d6f949bbb219a12993f53547a1a2cfe23886c022eebd312ad1103563ec45","block_height":null,"time":null,"vin":[{"txid":"0089d6f949bbb219a12993f53547a1a2cfe23886c022eebd312ad1103563ec45","vout":440,"amount":57.52853662,"coinbase":false},{"txid":"886dbf2184b866557c1e37ebeda9a9045ce0951a75798d478739e199004d1e0f","vout":0,"amount":43.75795631,"coinbase":false}],"vout":[{"n":0,"addresses":["prl1zyduzh0fws8un5zk6tp00w2qah54whctkx8eygw4q0uaka2jmkppqn76wv2"],"amount":100},{"n":1,"addresses":["prl1ph6rzf5mrq8ngmfdfpmn0qzqk0krucjn4a8fl2rs0dycwgxk0weys2rskhf"],"amount":1.28647163}]}