{"txid":"2c1587d4b26923fbfe38db62a5ac5e8c26112c5f5d5e8e82ba15483b3fcb69f9","block_height":null,"time":null,"vin":[{"txid":"2c1587d4b26923fbfe38db62a5ac5e8c26112c5f5d5e8e82ba15483b3fcb69f9","vout":0,"amount":459.99999,"coinbase":false},{"txid":"7ba06ac809d34da0f8fa5836553939aba41a7fec41242979d4a516b981ee04f1","vout":1,"amount":0.97449735,"coinbase":false}],"vout":[{"n":0,"addresses":["prl1z0u9hpvwc54q83ddtemdryczyeqac93mnqynl3p9evs9dhx0ddr0qv29pl7"],"amount":460},{"n":1,"addresses":["prl1pxgejues36qrtvpznp9u707amre4573advuht7ch4d72fhlu8tyds0kmx0s"],"amount":0.97448523}]}