{"txid":"115aca11b45092df5bbd12c2d4f6946e38f8dc4f3409f7a1d79a1ed20487905d","block_height":null,"time":null,"vin":[{"txid":"115aca11b45092df5bbd12c2d4f6946e38f8dc4f3409f7a1d79a1ed20487905d","vout":1,"amount":2369.4,"coinbase":false},{"txid":"d4e6949cf1ddbe53ebeffdfbdc8101a05b3d9449c0ff36b0c8519b60db8eb373","vout":43,"amount":69.18185195,"coinbase":false},{"txid":"67d4cad855ee37d2765e3032c5cc5f31b56c1778afe93a4a568ee795f42501f2","vout":1,"amount":0.64615302,"coinbase":false}],"vout":[{"n":0,"addresses":["prl1zk8hzx2mmxxpvt4fm3gx9eh53t0cw0mvappctt2upuu2kh4p9z0nspr0qx6"],"amount":2439},{"n":1,"addresses":["prl1p2zu56gqek8ws9k9y40x7vvpj43x7anjysjfr4vd000jfjkufdqash09tu2"],"amount":0.22800227}]}