{"txid":"3c910a79e2bd3ec3daf465455f726720829d6b32e54d9028298f15d473ea9fb5","block_height":null,"time":null,"vin":[{"txid":"3c910a79e2bd3ec3daf465455f726720829d6b32e54d9028298f15d473ea9fb5","vout":882,"amount":74.39800559,"coinbase":false},{"txid":"baa243e798090efede3387b8470d824cc55a01b3cda4b4aad0960186931e1b96","vout":0,"amount":70,"coinbase":false}],"vout":[{"n":0,"addresses":["prl1zukfkggwkh8qsscuy063yl23vsepvseq0dn2zdud854ksewnpwgsqm4pcjz"],"amount":100},{"n":1,"addresses":["prl1pafasr3qd5xjqvmda8ds4m7de3phgz7veyaphfpsq5hc4rtkwhk2qxa34ky"],"amount":44.39800347}]}