{"txid":"e41b97584e45f62ab400f8ed7b19faae7df08610188effe32fa591a243feee3b","block_height":null,"time":null,"vin":[{"txid":"e41b97584e45f62ab400f8ed7b19faae7df08610188effe32fa591a243feee3b","vout":0,"amount":21689.99999,"coinbase":false}],"vout":[{"n":0,"addresses":["prl1zr62hh2hlcpf6uzze6gtkvaxj320j4g7s8zphy9vg8xsp43mwutuqssshqw"],"amount":5000},{"n":1,"addresses":["prl1pgz7xkmw396pcnw43ptt4sg35gkv5ax789whywt6ja7mqz494hrmq2q3fk9"],"amount":16689.99998846}]}