{"txid":"3c910a79e2bd3ec3daf465455f726720829d6b32e54d9028298f15d473ea9fb5","block_height":null,"time":null,"vin":[{"txid":"3c910a79e2bd3ec3daf465455f726720829d6b32e54d9028298f15d473ea9fb5","vout":631,"amount":106.09838677,"coinbase":false}],"vout":[{"n":0,"addresses":["prl1zmrtgcpltvuvwqrrg9q8kvlek26pqnfm88uduu6aemp3gfd7uj3eqmdznge"],"amount":106},{"n":1,"addresses":["prl1pvhq2n4hv3wuqjkgz8ezehphxr3h4rlut0xjcea6wpf6gauvfdg8s6fp7s2"],"amount":0.09838523}]}