{"txid":"0bb68d3d58aa2d9b2cf3048663e18753490b6930641db545764c6606ba163168","block_height":null,"time":null,"vin":[{"txid":"0bb68d3d58aa2d9b2cf3048663e18753490b6930641db545764c6606ba163168","vout":0,"amount":3.58950398,"coinbase":false},{"txid":"1540115c608ce567d48b65fcb5f544753f2e03a1c461f078de8596394020775f","vout":0,"amount":2399.99999,"coinbase":false}],"vout":[{"n":0,"addresses":["prl1p8v73jxag7wu6kprg6dkcvcchqxfst2g9yggkr3mf7jcptnjncaxqu2s344"],"amount":3.58849398},{"n":1,"addresses":["prl1zjsem6k6vsfgfz6jltgt6wxqd69khdes5m0f55guwmqr7nt7rwxtsrc327k"],"amount":2400}]}