{"txid":"95c35d4a0c201dcf7baa8c443b328a88d0910b76ad74d89d25c8e53c68a82317","block_height":null,"time":null,"vin":[{"txid":"95c35d4a0c201dcf7baa8c443b328a88d0910b76ad74d89d25c8e53c68a82317","vout":0,"amount":1890.99999,"coinbase":false}],"vout":[{"n":0,"addresses":["prl1z2jww5nrxv8njwu0sfuh8lra64se9h7h0ydpk64xk67ltpflgttyqk40eal"],"amount":1070},{"n":1,"addresses":["prl1p6emvgw2k25jwjymqnznjcaszwryzm54xxqqt3zkjh2lk86x3yscs6u0fvn"],"amount":820.99998164}]}