{"txid":"96800724c78d9f1bfdba302470842f44ae24edb3a811e7c64a713db7d6186b21","block_height":null,"time":null,"vin":[{"txid":"96800724c78d9f1bfdba302470842f44ae24edb3a811e7c64a713db7d6186b21","vout":0,"amount":6725.540746,"coinbase":false}],"vout":[{"n":0,"addresses":["prl1pdpty8dk5nm3mhzasy5k83m60p8sekqwul9un87rkzrk38vua2prsve8dwh"],"amount":1725.5406685},{"n":1,"addresses":["prl1zpsaldgc7q2z9apntf67w24wx4qp43f9w5xalkwq6n6495jc2x3vs7el3tt"],"amount":5000}]}