{"txid":"5542614eee1adee0ee906ecdfd7e46fdbd37bbaf4ad95e497ea660dfb7906d78","block_height":null,"time":null,"vin":[{"txid":"5542614eee1adee0ee906ecdfd7e46fdbd37bbaf4ad95e497ea660dfb7906d78","vout":1,"amount":250,"coinbase":false},{"txid":"43c53c6caf26e512795b6551cc65fe0998f49302a005e1affd39b3c809c26623","vout":444,"amount":237.06635907,"coinbase":false},{"txid":"82d54ac5f5996ccb343727fb9c9358bdfbf76ee0367356328a60a6c8881352bc","vout":1,"amount":155,"coinbase":false}],"vout":[{"n":0,"addresses":["prl1zq0cz8jdmnpydl2k2ym3dtx5rj8sktfgyrn3q2p3e9hv9rmhltdfshgkwve"],"amount":642},{"n":1,"addresses":["prl1pr3vvny95cljpdtu0rqu7vk7qr33axu39kdwdh9vakw8q8y3v90nsux0fnc"],"amount":0.06634462}]}