{"txid":"e9c67cd716143595387f564c82ee303c9791e504fb6abb97deff70b5c4358996","block_height":null,"time":null,"vin":[{"txid":"e9c67cd716143595387f564c82ee303c9791e504fb6abb97deff70b5c4358996","vout":0,"amount":2758.45506429,"coinbase":false},{"txid":"76190c1049429b345672b852e57200c7fe494de44b1fe3eee6121cd545fb5b1b","vout":1,"amount":2008.9808353,"coinbase":false},{"txid":"4edf237f34d022019823b77d9057cf66bf2f7ebc515176e4af730410645c8936","vout":112,"amount":825.30509602,"coinbase":false}],"vout":[{"n":0,"addresses":["prl1pt4yl3wmpp4ypmegmpd2khmx5dz9tkdllmg7azqzkwpa0hylwa45q409v0f"],"amount":592.74097684},{"n":1,"addresses":["prl1zwu2kkfnvf4qqv8wtymkytatdzpp8r6wqx93vfcl3zt8ktsv0r67s0a455z"],"amount":5000}]}