{"txid":"80c666258a8ef7cd61a15aecf0e5f90ad4ce43749f54beee73bae69a4d3e9be8","block_height":null,"time":null,"vin":[{"txid":"80c666258a8ef7cd61a15aecf0e5f90ad4ce43749f54beee73bae69a4d3e9be8","vout":1467,"amount":219.49153675,"coinbase":false}],"vout":[{"n":0,"addresses":["prl1pxxnjgh6mglfed7xag7j5fnzc6asanu6y7dw5k5a7w3xap02xlkuseezcyk"],"amount":38.49144575},{"n":1,"addresses":["prl1zkczhqxtxw3p03ftuk569d85jv589lk2g2le7wg2vaek0auaddw9qctkypy"],"amount":181}]}