{"txid":"39b55dc9436ba6036977b8a40e18a89e42a6b37e95f71081a0930949a3738324","block_height":null,"time":null,"vin":[{"txid":"39b55dc9436ba6036977b8a40e18a89e42a6b37e95f71081a0930949a3738324","vout":0,"amount":260,"coinbase":false},{"txid":"39b55dc9436ba6036977b8a40e18a89e42a6b37e95f71081a0930949a3738324","vout":1,"amount":103.338032,"coinbase":false}],"vout":[{"n":0,"addresses":["prl1peflqarrx6axktmsmth8e6z8pp8mmj6cyysf7gqfqdyjjchrv3gysdtecze"],"amount":103.33802051},{"n":1,"addresses":["prl1zjferfpks23phfuwmfl2yuvyw8rnyzyufk0790ayc8zgywntg0guqh7f5uf"],"amount":260}]}