{"txid":"31116a3da6d486b6bbbe62636f8c10b0151b96d51b133c7a5da0de835283b2be","block_height":null,"time":null,"vin":[{"txid":"31116a3da6d486b6bbbe62636f8c10b0151b96d51b133c7a5da0de835283b2be","vout":1,"amount":1337.9999823,"coinbase":false}],"vout":[{"n":0,"addresses":["prl1zhump46f6a3ecdfjzevftkns4n7rfxlkm9ztn5pdd2xtp92dqxqgsd62j5m"],"amount":1100},{"n":1,"addresses":["prl1p8yfuwrmy52swm3vppn34st0g3v9jewdyf7w24w5qntm0pm57qdqqc53q0m"],"amount":237.99998076}]}