{"txid":"789a50a5d69f77dbb2f67920c394ad12c795e7a12f9a0e0d2c3c7abc9119073c","block_height":null,"time":null,"vin":[{"txid":"789a50a5d69f77dbb2f67920c394ad12c795e7a12f9a0e0d2c3c7abc9119073c","vout":0,"amount":124.99999,"coinbase":false},{"txid":"6d1dc6dab9a9dd676923ca8c8fbcd8f03f5c83aec450e0dcb464a0440546c799","vout":291,"amount":6.93886889,"coinbase":false}],"vout":[{"n":0,"addresses":["prl1z6ptmrtgw9la0f9wk2kx57qejp5nchy9k4mmh34n8mn0jnsdeuq2st9pnth"],"amount":130},{"n":1,"addresses":["prl1pk7pacvmxgrt3fjhywjd65e3hj5smvcmaxfqv6mrxfr6xfk20g7fq8pyllt"],"amount":1.93885676}]}