{"txid":"0527546950f412a8e81c6311df2cfd8d68dff4a76eb59c6483e1fccc88c426e9","block_height":null,"time":null,"vin":[{"txid":"0527546950f412a8e81c6311df2cfd8d68dff4a76eb59c6483e1fccc88c426e9","vout":499,"amount":195.27971791,"coinbase":false},{"txid":"649664df34ce184d501624cfe3a0f59b23189b67f8505bbb02b8b90dde711227","vout":228,"amount":162.81008009,"coinbase":false}],"vout":[{"n":0,"addresses":["prl1pyn8390wsdqpm745usy7pww2vjrg3wut4fvvvrrkffflh2mkfgs2sy4zge6"],"amount":148.08978646},{"n":1,"addresses":["prl1zv4fgag37t3cqf909cvus9l2a6m58mjh3atsv4cjf3h67twrunnhqw8kuw6"],"amount":210}]}