{"txid":"8d1a09df20e6e0e739aaacd8f85017ec97db47f18dec39a12ef93954806c12d0","block_height":null,"time":null,"vin":[{"txid":"8d1a09df20e6e0e739aaacd8f85017ec97db47f18dec39a12ef93954806c12d0","vout":0,"amount":99.99999,"coinbase":false},{"txid":"b5e833ec5476c7ca1907df83119e61d1f4ed2393e110a135e993467a718f30ec","vout":1,"amount":2.55179884,"coinbase":false}],"vout":[{"n":0,"addresses":["prl1z6tkzajvx4fywydrqpa6ecyg4dp495xcphwdcemjmdxyzn4qalq2sngjs7p"],"amount":100},{"n":1,"addresses":["prl1p7u92th0axw9cu8jv8ep40p2zt78up065678rtmrn6qeldhvawsmqmzvdvn"],"amount":2.55178672}]}