{"txid":"3d61172a494014f73c177c0483a3c87134e065d8f5eccbc5d8db044004b89d80","block_height":null,"time":null,"vin":[{"txid":"3d61172a494014f73c177c0483a3c87134e065d8f5eccbc5d8db044004b89d80","vout":0,"amount":377.62431803,"coinbase":false}],"vout":[{"n":0,"addresses":["prl1zqverhzapy4zsf0acas4k0v3uv77tk9lrfdjc4cpt7ltg93jt9scqy6llqu"],"amount":100},{"n":1,"addresses":["prl1pemrus8dvuu7a5r4kuhcnj3rrg5ztuysgz09py0kczp0jt9nhrjjqe60dvr"],"amount":277.62391648}]}