{"txid":"d7eed82a8f34f4a5363084ca36e0c2ad0833580f884388cfb19f88cfc69b03ad","block_height":null,"time":null,"vin":[{"txid":"d7eed82a8f34f4a5363084ca36e0c2ad0833580f884388cfb19f88cfc69b03ad","vout":0,"amount":2670.35349638,"coinbase":false},{"txid":"f394ba0ec8fc82958f70f226af6ed07e2c995d9c6fa01838fdb36a228bb6d886","vout":0,"amount":842.11469669,"coinbase":false}],"vout":[{"n":0,"addresses":["prl1p7kwek3huvuht4xynd2txalzchzf28twca4g9j77lgxtqcx47darq3sq8l3"],"amount":12.46818151},{"n":1,"addresses":["prl1zt9vmdhw28ltyfu7hqjyxq2jepwvszrp3walycj92g2j7qz8s806qzczhvk"],"amount":3500}]}