{"txid":"6e63b4bfcbe1ea369836b17f8dc742d0810fea54d205196357d38d4d6b94e4cd","block_height":null,"time":null,"vin":[{"txid":"6e63b4bfcbe1ea369836b17f8dc742d0810fea54d205196357d38d4d6b94e4cd","vout":0,"amount":104.81810886,"coinbase":false},{"txid":"d98e4646a553f6333f5d86be9e168b8fc09d53ed5b7106fd9050963592d45321","vout":1,"amount":0.34313868,"coinbase":false}],"vout":[{"n":0,"addresses":["prl1z4wxzpnzjy5evq0h4yec89cg32306dg4nkyhwxnjs2v9u00qxuq2qwf844f"],"amount":105},{"n":1,"addresses":["prl1pafasr3qd5xjqvmda8ds4m7de3phgz7veyaphfpsq5hc4rtkwhk2qxa34ky"],"amount":0.16124542}]}