{"txid":"18524da8e843ccfcc5669907fffd3dc27f703d5511214842f1d2389fc9ec62ca","block_height":null,"time":null,"vin":[{"txid":"18524da8e843ccfcc5669907fffd3dc27f703d5511214842f1d2389fc9ec62ca","vout":1,"amount":298.1,"coinbase":false},{"txid":"ac5944a01ab8596b48d8435009c172e913f9dadc6d400ad150a6b4b05bd63ac3","vout":811,"amount":4.86484942,"coinbase":false}],"vout":[{"n":0,"addresses":["prl1zj5ghfrdradhap3qe5qesnj9s5s93kg72dkre6wvpuem89ednea9sfsccj4"],"amount":300},{"n":1,"addresses":["prl1p8ful68l50nkt068nakn7vljkcf60mqzkz4qp6ptcf4vad63ss3aqdl7p2f"],"amount":2.9648473}]}