{"txid":"12eea0dc1158f89367056ec328b00b5fbcc4f8c6d41d0088eea87c3defd66ae8","block_height":null,"time":null,"vin":[{"txid":"12eea0dc1158f89367056ec328b00b5fbcc4f8c6d41d0088eea87c3defd66ae8","vout":941,"amount":683.78220639,"coinbase":false},{"txid":"a7902ed15fba5f893cc2fbe31a5702c52db007d0a15237794412090ad918fc46","vout":1,"amount":37.65701541,"coinbase":false}],"vout":[{"n":0,"addresses":["prl1pqgd8vnw445tq5da4fd8e9edwpgslyx7pwnxkpfepqpk8zcq05zfqahxw9n"],"amount":1.43898845},{"n":1,"addresses":["prl1zqer0ayc4tzpq2f2alvlk2vg45h6hev5a8td4ejy2tykl45egsxyskg7vtc"],"amount":720}]}