{"txid":"e9c2117665f846f05de85b404c125a8a4b03fdfd5eb5f70ca722c67bcb01d947","block_height":null,"time":null,"vin":[{"txid":"e9c2117665f846f05de85b404c125a8a4b03fdfd5eb5f70ca722c67bcb01d947","vout":0,"amount":119.99999,"coinbase":false},{"txid":"5967e116f12fa73b9e37f2d1f1a2a2e8aadd4c4c0d4fc148acaa85f3b3eb2118","vout":0,"amount":0.63897421,"coinbase":false}],"vout":[{"n":0,"addresses":["prl1pa9gpd4t85plfmrhzwe3nf5d37c60gx3z922vsd02f86s3em6lk2spyznnm"],"amount":0.6388469},{"n":1,"addresses":["prl1z9sdddr9xavlk92cm2p7edeyf770k24cvgg337a2f5s3hr6eft4usvsg4xp"],"amount":120}]}