{"txid":"58dad8e9cac2f6ec6aa071b2359939446672df5971608531f844979d754723ba","block_height":null,"time":null,"vin":[{"txid":"58dad8e9cac2f6ec6aa071b2359939446672df5971608531f844979d754723ba","vout":0,"amount":229.99999,"coinbase":false},{"txid":"bbec745fb4afbf9db377638b0fbcc633b51f95a4f25fd1255b66c646b0f32d8b","vout":1,"amount":1.99998692,"coinbase":false}],"vout":[{"n":0,"addresses":["prl1zl4u58duk3x4lq9da4uwfag359gtmsruwus0wn5dmspddsknq7hjs67ww94"],"amount":230},{"n":1,"addresses":["prl1pw66ertj09dcz4xruh3a3eqsuyyu89hraccecmuwt6evrjzu987xqgp04e5"],"amount":1.9999748}]}