{"txid":"4f7038ad160cecdb9acdf4941eb03014d37dc81c538d6a3037cbf8a84c1fd689","block_height":null,"time":null,"vin":[{"txid":"4f7038ad160cecdb9acdf4941eb03014d37dc81c538d6a3037cbf8a84c1fd689","vout":0,"amount":204.99999,"coinbase":false}],"vout":[{"n":0,"addresses":["prl1znlycex82n8jmffqq0cuad3lm0ag79v63lcz6037gf4q9eyhkz64q02ppsc"],"amount":100},{"n":1,"addresses":["prl1pa58v4a6zdd252m02lwqx8fkgv2e8rahr5y68dwd5ne9fe20rnfjsqg344j"],"amount":104.99998845}]}