{"txid":"87a5dfa08d1a0abbb12c4fd356603e82c90ddb68db99592cc5964d75f8e7aff5","block_height":null,"time":null,"vin":[{"txid":"87a5dfa08d1a0abbb12c4fd356603e82c90ddb68db99592cc5964d75f8e7aff5","vout":204,"amount":1120.09040145,"coinbase":false},{"txid":"606390d7fc6c71561edadac6c9ffb979424c8acaefdfa46de1878051da58c52e","vout":0,"amount":999.99999,"coinbase":false},{"txid":"c12967dff6a3c3049839e59c2b50f69e508b5ae2494647fa44c908d41399b529","vout":1189,"amount":397.94572563,"coinbase":false}],"vout":[{"n":0,"addresses":["prl1zy6l2xavn0kv2mwxy54rwme5mps8zc7y380fawqsh42zmxknh73yqu2djch"],"amount":2500},{"n":1,"addresses":["prl1pxnfa2kn3fnwujmv8uxwkh4hhfjjuan3sp4zzy7duwe9x5zafwafqfr38gp"],"amount":18.03611438}]}