{"txid":"1c98475b16e632a78ad6f654f8bf9c5875f3cd09915de5fc003cb3fe11feb3c5","block_height":null,"time":null,"vin":[{"txid":"1c98475b16e632a78ad6f654f8bf9c5875f3cd09915de5fc003cb3fe11feb3c5","vout":0,"amount":7727.55407672,"coinbase":false}],"vout":[{"n":0,"addresses":["prl1pr65f96stytqp79j2n03u6g3nhpvsp85w2j06zkz0ptjj8uehlmlshsxcmu"],"amount":0.55406836},{"n":1,"addresses":["prl1zph23yaprw6993ewvly3f2nl68aqch4twr79dwtun9e45uj6sqtdq0ea5ez"],"amount":7727}]}