{"txid":"9cb0191bc482292fc9b9af54dc068e19dccd63529c70934124b15efaba33ed16","block_height":null,"time":null,"vin":[{"txid":"9cb0191bc482292fc9b9af54dc068e19dccd63529c70934124b15efaba33ed16","vout":1,"amount":9999.99999692,"coinbase":false}],"vout":[{"n":0,"addresses":["prl1z7jaxcrh77u7rxwp9wm8hv9c9280ygggs7dv9sd5hp384hxz8ptuqtmuwyn"],"amount":2000},{"n":1,"addresses":["prl1p209gdfdx4vl4y229jsqgx7rrncxpjpt2dgczqm7s8etpy0v60adqq05623"],"amount":7999.99999538}]}