{"txid":"2c4729caceb02eb3cc0a818c03c23b3c9c71a1f50cd413c88b859482a18ee2ee","block_height":null,"time":null,"vin":[{"txid":"2c4729caceb02eb3cc0a818c03c23b3c9c71a1f50cd413c88b859482a18ee2ee","vout":0,"amount":671.99999,"coinbase":false},{"txid":"a76b8a99e4185ff52578db1ae011e542fe89cc10b3a934d35c2b5e0d317007c7","vout":0,"amount":352,"coinbase":false},{"txid":"45c577a88258efdd95ceea3dbb328742eb03ce34840c8e57ec750d72172ba8f8","vout":1,"amount":0.39382156,"coinbase":false}],"vout":[{"n":0,"addresses":["prl1zqrk92pruy4umaq7k5zyzfye58fvctl7n4779pxuzzs35wkeqt4zq7tae9v"],"amount":1024},{"n":1,"addresses":["prl1p9849nsvv3twpqdjxe3v7xk6g0k2upz0vpy4pcyna4fn6v6c8guss2ctcaw"],"amount":0.39380886}]}