{"txid":"6744f4a79fe44895efd8f6ef1a34e684c01c67cf9c243ecfa5e413c9a2db1606","block_height":null,"time":null,"vin":[{"txid":"6744f4a79fe44895efd8f6ef1a34e684c01c67cf9c243ecfa5e413c9a2db1606","vout":0,"amount":6627.44066709,"coinbase":false}],"vout":[{"n":0,"addresses":["prl1zwkmtryky3vju8254e3q5ru3n6nftp4z6gvmag24x0274yt8he55qh9u5w5"],"amount":3000},{"n":1,"addresses":["prl1p8yfuwrmy52swm3vppn34st0g3v9jewdyf7w24w5qntm0pm57qdqqc53q0m"],"amount":3627.44066555}]}