{"txid":"b09f4098fdf5e46f7aeef9a8ec2915c792ba12348cf7952fffb594c0eb704711","block_height":null,"time":null,"vin":[{"txid":"b09f4098fdf5e46f7aeef9a8ec2915c792ba12348cf7952fffb594c0eb704711","vout":0,"amount":150,"coinbase":false},{"txid":"57a5412f99c62fcb4fc988e4aeae47dbb6551fcd9536fb8758193529089b5ba3","vout":0,"amount":2.96508266,"coinbase":false}],"vout":[{"n":0,"addresses":["prl1zsk7tqvuf9a5chvre2eq52shhsxrpc62e9z0d29ckjqfulzc6c9zqf89cwy"],"amount":150},{"n":1,"addresses":["prl1pq2lyxh79ygzz6yvgzyp3tq0h83rgr8faads33gg2999w60q9z72qmjqh8j"],"amount":2.96507119}]}