{"txid":"5bd48a29cb4b43630fe2afa6e3bd4a0d00df930a314f992e127cd59c798cf703","block_height":null,"time":null,"vin":[{"txid":"5bd48a29cb4b43630fe2afa6e3bd4a0d00df930a314f992e127cd59c798cf703","vout":0,"amount":6699.99999,"coinbase":false}],"vout":[{"n":0,"addresses":["prl1z46frjt5zktyn5vdavs89tjfmk5w6klwkektwrhr6jafnfxm8m7msmnx4q0"],"amount":2646},{"n":1,"addresses":["prl1pqgcesycgzff79d3zun2tkyh5ghrhcug4jwx0rh3h7fdvg39ypxkqjh5v05"],"amount":4053.99998846}]}