{"txid":"93b1405827bbaa22e9e35f0507fc95a5ff967c86a52076dabd8ee9081de0ef3c","block_height":null,"time":null,"vin":[{"txid":"93b1405827bbaa22e9e35f0507fc95a5ff967c86a52076dabd8ee9081de0ef3c","vout":0,"amount":24053.60187511,"coinbase":false}],"vout":[{"n":0,"addresses":["prl1z89sd8wvk6kvnfxm8ezgk9kspvuqpv4fu5lz5aykpmlzptqljucvskf5h8z"],"amount":10000},{"n":1,"addresses":["prl1ph8e3gxnytz9zmemwygpmlahft0d5gz4wwqs6uu0nqmlwhm80laeqhpm3ex"],"amount":14053.60187357}]}