{"txid":"9e40e35c56cfd3d608d3f92c296aa69b6752d042e1f6c2b9cf6a2cc614f4a2c9","block_height":null,"time":null,"vin":[{"txid":"9e40e35c56cfd3d608d3f92c296aa69b6752d042e1f6c2b9cf6a2cc614f4a2c9","vout":0,"amount":149.99999,"coinbase":false},{"txid":"c0878fae3285e2a37ae41c1868f854738c9f4bdef13ed3c7116fe6bf4d45aa6e","vout":1,"amount":133.99999518,"coinbase":false}],"vout":[{"n":0,"addresses":["prl1zh494w6423f976d0m4z0mud4a79htsxng8h48mccy6yzzwdw6c95qdtyxj5"],"amount":200},{"n":1,"addresses":["prl1pazsjqnmy58svgf7e85n0e2quxtj3f698q5f3p34grtnsf0t2jp7q2ynx3s"],"amount":83.99998306}]}