{"txid":"03fd8f1e1cf4cf317582ff3ca27b62ab69d7f47fa28d56e1ffb93859d1f249d5","block_height":null,"time":null,"vin":[{"txid":"03fd8f1e1cf4cf317582ff3ca27b62ab69d7f47fa28d56e1ffb93859d1f249d5","vout":1,"amount":552.44331888,"coinbase":false}],"vout":[{"n":0,"addresses":["prl1zzkf8cuzlk3j62mex9zrflf2rqsvr5afyj7jwelknepftxrkhn5xqzy6h25"],"amount":520},{"n":1,"addresses":["prl1pgqth8e3paaxy59p2ek0qd5ws2hz9jmgavahrzuqtkdq7vxtnatgspldwhp"],"amount":32.44231888}]}