{"txid":"d6b547524b4790acae454cc17de267346120c2746ef4418d4d2366726a842634","block_height":null,"time":null,"vin":[{"txid":"d6b547524b4790acae454cc17de267346120c2746ef4418d4d2366726a842634","vout":1,"amount":9239.99999384,"coinbase":false}],"vout":[{"n":0,"addresses":["prl1z3ve4z83xnhkmmt2x28gze2klczmr502n7lnzqwul7utjadnz6q5qmaumyz"],"amount":100},{"n":1,"addresses":["prl1pgz7xkmw396pcnw43ptt4sg35gkv5ax789whywt6ja7mqz494hrmq2q3fk9"],"amount":9139.9999923}]}