{"txid":"8fe025552bc60eb7c15e268d1dd78c9eaff293a95d2c42af4d00f8b3e6b52fef","block_height":null,"time":null,"vin":[{"txid":"8fe025552bc60eb7c15e268d1dd78c9eaff293a95d2c42af4d00f8b3e6b52fef","vout":1,"amount":5167.2226949,"coinbase":false}],"vout":[{"n":0,"addresses":["prl1zutgqg4zdpr4pnxv3dyvapaj6v0aryym922hcxusfu43uq8vfle6srwcx84"],"amount":1100},{"n":1,"addresses":["prl1pgz7xkmw396pcnw43ptt4sg35gkv5ax789whywt6ja7mqz494hrmq2q3fk9"],"amount":4067.22269336}]}