{"txid":"716473766cb1a8f6756d1a45d97dcc8f772faad70f01445995399752609b35ed","block_height":null,"time":null,"vin":[{"txid":"716473766cb1a8f6756d1a45d97dcc8f772faad70f01445995399752609b35ed","vout":1,"amount":177.59438479,"coinbase":false},{"txid":"2b990407de0703b6632f073bc82567ae455c6ca019ae698021f20f57111a8b75","vout":1,"amount":0.4215918,"coinbase":false}],"vout":[{"n":0,"addresses":["prl1z5dkfmplur6lhvr7z68cj8gcn5rmsmyymrevdtcd69e6n2zc4vkhsr4uwrf"],"amount":178},{"n":1,"addresses":["prl1p2p0lp0xhvg5y8cuqyuck9udzykv3cxkffn0n0ahzuuf0dapr9vzsmyueqx"],"amount":0.01597447}]}