{"txid":"dae58c33c374dfcdeb5dfa3757bff34b891e1ae7e1f16a91b0b3525cc3e3e8ab","block_height":null,"time":null,"vin":[{"txid":"dae58c33c374dfcdeb5dfa3757bff34b891e1ae7e1f16a91b0b3525cc3e3e8ab","vout":1,"amount":7499.99999846,"coinbase":false}],"vout":[{"n":0,"addresses":["prl1znjyg08z6m9c5dt8anev03tpfr68t0ukt0cx0g9eut58c494gmfxqqz8azp"],"amount":5000},{"n":1,"addresses":["prl1phhur8qkwflja3729gdln50vdpt2rg3nwzt4xnxesmvh3n049agfq90hp7g"],"amount":2499.99999692}]}