{"txid":"afcac782a26ba16c408487bbba498e1e49575deea37c6193e9c802f1a3ff86c2","block_height":null,"time":null,"vin":[{"txid":"afcac782a26ba16c408487bbba498e1e49575deea37c6193e9c802f1a3ff86c2","vout":0,"amount":199.79,"coinbase":false},{"txid":"4b03019a90f18f2c6c33916eaea718c4aab92862fb126473fe020d43a049b7c5","vout":1,"amount":29.15516496,"coinbase":false},{"txid":"bb010212c70b098cab8d281f795daff3fead9a35ad9ff96c27eb610a6f539b21","vout":1,"amount":1.39043748,"coinbase":false}],"vout":[{"n":0,"addresses":["prl1zga8pyyp6xmrr40752g3cachj6deusultm74l056aee3u56ukls4swg4kfd"],"amount":230},{"n":1,"addresses":["prl1p3lthrt3n7yrrh7qdttq68aq5q76qn0alnmftqqw3hvxh450atm2q3w0pa6"],"amount":0.33559974}]}