{"txid":"0497d134e9f4d50f1aaa46f0cb85657f86ac292f77f5798896fc68e9e96a4c6e","block_height":null,"time":null,"vin":[{"txid":"0497d134e9f4d50f1aaa46f0cb85657f86ac292f77f5798896fc68e9e96a4c6e","vout":0,"amount":309.99997332,"coinbase":false}],"vout":[{"n":0,"addresses":["prl1pmccjfjttxnlr8x2707p6w3fzqxn75yfkh0z2a9j7suy36t603jvsfsercz"],"amount":59.999965},{"n":1,"addresses":["prl1zkulepwknftzk2krtlwmwvkc7kwkfm8u7lrvqvek0g2u9qrl8dgwq66k9t7"],"amount":250}]}