{"txid":"4f35a3fcf72551b795dac8d4cee4e38507f7bfe42e42b465f446369d432ca620","block_height":null,"time":null,"vin":[{"txid":"4f35a3fcf72551b795dac8d4cee4e38507f7bfe42e42b465f446369d432ca620","vout":1,"amount":2201.7920235,"coinbase":false}],"vout":[{"n":0,"addresses":["prl1z03qjg7anx4564ejsnyxsl06r7964z63auklacsfcjg6mun0n887s3cuuuz"],"amount":2040},{"n":1,"addresses":["prl1p3lthrt3n7yrrh7qdttq68aq5q76qn0alnmftqqw3hvxh450atm2q3w0pa6"],"amount":161.79202196}]}