{"txid":"b4bbd003821c51f0d0fb6b6c23d58e43bfbaa6d8bbd3134235e78a832aaf2522","block_height":null,"time":null,"vin":[{"txid":"b4bbd003821c51f0d0fb6b6c23d58e43bfbaa6d8bbd3134235e78a832aaf2522","vout":1,"amount":448.99999165,"coinbase":false}],"vout":[{"n":0,"addresses":["prl1zhprrq5xfaf2pln8l222xlsu8nrsqg40y6tkp9y95g8k7tev0dqwqh294dv"],"amount":300},{"n":1,"addresses":["prl1pzrwu2e58mjygwmek585aaftvlp2mwz222kxk2x98pvcxfax4sp0qlqjewl"],"amount":148.99998339}]}