{"txid":"ba27fc0706742c542604f9e0c2d39803aa0c3acab2e75a1823b17b482a8171a8","block_height":null,"time":null,"vin":[{"txid":"ba27fc0706742c542604f9e0c2d39803aa0c3acab2e75a1823b17b482a8171a8","vout":0,"amount":210,"coinbase":false},{"txid":"e6356a03bcac10d8b31a478a45f217b25d3f55693c8446f1794213f8d008f3ac","vout":1,"amount":3.13852383,"coinbase":false}],"vout":[{"n":0,"addresses":["prl1zqsrdtqzl6l60h54wyvmc6nmzdhp845xf3q2kgk46eeuwmuaswg5s3ddpu4"],"amount":210},{"n":1,"addresses":["prl1pns4hs90cngap4txsnenu90ey5wzflnt6xwaqs08hxg3j4aycfa3qdqmrzd"],"amount":3.13851233}]}