{"txid":"b43bdcac4cf27c886886218e6893769cc2d3abcae478ebc65c92979261e9ef9b","block_height":null,"time":null,"vin":[{"txid":"b43bdcac4cf27c886886218e6893769cc2d3abcae478ebc65c92979261e9ef9b","vout":20,"amount":634.62769328,"coinbase":false}],"vout":[{"n":0,"addresses":["prl1zgunmjwmhzskmpe9mq593cn7c37wsruxdlue8ksl2ajpgu0ewj2rsx42dla"],"amount":410},{"n":1,"addresses":["prl1pq3xthj0gjvrhn8hqd94kx0mzrfz3rp96yljw6azpxs06v9k6n4gqs8dklf"],"amount":224.62769174}]}