{"txid":"b67fad312fc5f12f1a4e67d80d83de6da074d06eb4657cedfc3f1e44ad6bd3e5","block_height":null,"time":null,"vin":[{"txid":"b67fad312fc5f12f1a4e67d80d83de6da074d06eb4657cedfc3f1e44ad6bd3e5","vout":0,"amount":399.99999,"coinbase":false},{"txid":"a9eeab58fd55119b42ed04b60a475434ebb051de3332c27960159e9adc9a2c16","vout":0,"amount":2.99998155,"coinbase":false}],"vout":[{"n":0,"addresses":["prl1p8rgjqu8jmdmgkpjedqmz3m3dg8w0jvw4tjtlapzvet2uqf6v8nfst47edt"],"amount":0.99995991},{"n":1,"addresses":["prl1zwu6f77egxlhkw2w56ax28prkuxth58gjmrmah4zsytnklq7d4jjseyflrg"],"amount":402}]}