{"txid":"dec16e665761ad666068f9326128c6c67926981da6a8f586bac6515334e781d4","block_height":null,"time":null,"vin":[{"txid":"dec16e665761ad666068f9326128c6c67926981da6a8f586bac6515334e781d4","vout":0,"amount":763.99999,"coinbase":false},{"txid":"e353fb1245fc6e7cd2d91ecbe870451f43e80ecdb570deb0facf8baa8e8f8e7b","vout":1,"amount":0.03487032,"coinbase":false}],"vout":[{"n":0,"addresses":["prl1zfgkd8nawgff66zgcq5addeclvtce8l3u02uuv9a68hpttm6s735qd642cy"],"amount":764},{"n":1,"addresses":["prl1ph8pm3wq738kt7q3sjusztaml6v8ur444506r44qderqly0whwsmqmxlw2e"],"amount":0.0348582}]}