{"txid":"649664df34ce184d501624cfe3a0f59b23189b67f8505bbb02b8b90dde711227","block_height":null,"time":null,"vin":[{"txid":"649664df34ce184d501624cfe3a0f59b23189b67f8505bbb02b8b90dde711227","vout":493,"amount":666.60974745,"coinbase":false},{"txid":"cde5ed0195586330f98619ec4bc862eef5bd351e5f2007cd1715a9a630057577","vout":0,"amount":590,"coinbase":false}],"vout":[{"n":0,"addresses":["prl1zr8yxm9cllac4w45344nxh9cyz7cx9kxtgetc4m8nl5z552p0gzvqvdt2x0"],"amount":1250},{"n":1,"addresses":["prl1pawlx9q2a7hvw0966tclk9s8s4t6pdzmuvpaqdz8gzzz6mzaz206qdaemsq"],"amount":6.60972615}]}