{"txid":"d97b13d0f3b57101e116e9e61790a6d88bdf323656f3bf3219ad8f4b4e36595e","block_height":null,"time":null,"vin":[{"txid":"d97b13d0f3b57101e116e9e61790a6d88bdf323656f3bf3219ad8f4b4e36595e","vout":0,"amount":99,"coinbase":false},{"txid":"7643edd7ad5c102fc2f02a52c7357a81efeb2c68fc2e63428a9771139a761f20","vout":0,"amount":9.54216031,"coinbase":false}],"vout":[{"n":0,"addresses":["prl1pm68ldygju0wp5dawxpgfe0l4a0a0nd60t8ytl6z4g53sm2dmfxuqqd8v7x"],"amount":4.54214905},{"n":1,"addresses":["prl1zy997t5ta5a9jha5w3l66gljaly66jq6l98st9vsflpw4enc22wkq3m0scj"],"amount":104}]}