{"txid":"7979a02f1a6e59a54b19e2a03eca97cbb516474c9aaa1ea2312cd846362019cf","block_height":null,"time":null,"vin":[{"txid":"7979a02f1a6e59a54b19e2a03eca97cbb516474c9aaa1ea2312cd846362019cf","vout":0,"amount":2940,"coinbase":false},{"txid":"af3e7a91e7e529001fbae414eea87386bfe00c00a5b1a6aa2d052f4f3f09de5a","vout":1,"amount":99,"coinbase":false},{"txid":"49c6ea2eaa6fcf178204d409658a65ac9fc9187f3a4f144fbd76e00c8751a35f","vout":1,"amount":0.49999364,"coinbase":false}],"vout":[{"n":0,"addresses":["prl1zd65yp53agg23gqzju52d60r83hqq54wxdnzpexynvz7almhhwpfqj7vm7l"],"amount":3039},{"n":1,"addresses":["prl1p9849nsvv3twpqdjxe3v7xk6g0k2upz0vpy4pcyna4fn6v6c8guss2ctcaw"],"amount":0.49999094}]}