{"txid":"18f80e3f5d68775f437ff47772453d34b031f5df31e9dd1c7ed0357c9c6d682b","block_height":null,"time":null,"vin":[{"txid":"18f80e3f5d68775f437ff47772453d34b031f5df31e9dd1c7ed0357c9c6d682b","vout":0,"amount":9311.47154856,"coinbase":false}],"vout":[{"n":0,"addresses":["prl1ptddj7mtulksdly4apskclxfec5m87zwvem6n6p2a34xg02cnv4aswgv0du"],"amount":9211.47154022},{"n":1,"addresses":["prl1zzlmmav3dsl2vdf7ysv6q0kneh7p3u004eau8wepk4t2dktv92n7sqtz5tl"],"amount":100}]}