{"txid":"33cc12f487b77d7a377289a5088e6b27aa635c7506647d7198c186b9c226d860","block_height":null,"time":null,"vin":[{"txid":"33cc12f487b77d7a377289a5088e6b27aa635c7506647d7198c186b9c226d860","vout":159,"amount":324.35170381,"coinbase":false}],"vout":[{"n":0,"addresses":["prl1pct0rafr2suuh6c72h7qret5h73rs9u9ajxppca6xmxjqt76f4vyq6xk936"],"amount":0.3516954},{"n":1,"addresses":["prl1zn50jtp88p0vf3pr4eql08xm65s2yq3plyrcjkcuk0688hanjes2srternz"],"amount":324}]}