{"txid":"97f0117ad23a61f09d6750b21e8ca0aebec5e994390d3ee436f118c28a843996","block_height":null,"time":null,"vin":[{"txid":"97f0117ad23a61f09d6750b21e8ca0aebec5e994390d3ee436f118c28a843996","vout":1,"amount":765.39999846,"coinbase":false},{"txid":"5fd4be75918028d50691f6f1940c3c45c78f1b936f66107b7431e8c384c2e399","vout":0,"amount":199.99999,"coinbase":false}],"vout":[{"n":0,"addresses":["prl1zcp6zmmcdtww7ahvjp5t50s5kup8asac68z7m6jh0ju4djnh5dgjscneuqa"],"amount":960},{"n":1,"addresses":["prl1pqaqajcnlx2pqye6t0p76zduhc9qd5mc8nryjl304jtwgxvyqy2ssmcdag8"],"amount":5.39998634}]}