{"txid":"3089a0cc3e5efd53db274ca07692f2aae45d4481514ab373a4fc809b34cbab23","block_height":null,"time":null,"vin":[{"txid":"3089a0cc3e5efd53db274ca07692f2aae45d4481514ab373a4fc809b34cbab23","vout":0,"amount":100,"coinbase":false},{"txid":"c8ed4db5d1eb7deb6e17a97becd010351257eee5182a0707d0c5aad829bad4a8","vout":0,"amount":35.49305267,"coinbase":false}],"vout":[{"n":0,"addresses":["prl1przfcngc3y37ypv6prxg20g9vl0xqzgkmgdhy7p954lphvjqxtsnsn2agxw"],"amount":35.49304137},{"n":1,"addresses":["prl1zu86npksntlljdc0l6uhad4rrc5ymywqm3h6zwqnfr7c0664p3cks8gaxz0"],"amount":100}]}