{"txid":"d0533e159b8935ebec206ab22493fbcfdb1fe38edbd27dccd01f2a059f2b75a8","block_height":null,"time":null,"vin":[{"txid":"d0533e159b8935ebec206ab22493fbcfdb1fe38edbd27dccd01f2a059f2b75a8","vout":0,"amount":500,"coinbase":false},{"txid":"3c910a79e2bd3ec3daf465455f726720829d6b32e54d9028298f15d473ea9fb5","vout":527,"amount":128.24427276,"coinbase":false}],"vout":[{"n":0,"addresses":["prl1zmypuxcx4zx4ee0nyvk5yfelcljjz9jz842txc3ktf7ypalct93fq20w7r2"],"amount":600},{"n":1,"addresses":["prl1pxftdm2t06flm4fxqj0le3lgavwyp2ls77vx2qgqmyq04knr8t2dqhm9r4d"],"amount":28.24427064}]}