{"txid":"9cc91fcf106c5595b1d586e3861930058c9bca8613bdbd6d86939b28252f6dec","block_height":null,"time":null,"vin":[{"txid":"9cc91fcf106c5595b1d586e3861930058c9bca8613bdbd6d86939b28252f6dec","vout":1907,"amount":127.31339388,"coinbase":false},{"txid":"cf890d71c365db416a3de296c7301947edb992c86e788fbf8cb8e2ef4c332d6b","vout":1783,"amount":108.44125482,"coinbase":false}],"vout":[{"n":0,"addresses":["prl1zwpnkeh5pvaw5fmam93h73kdy4t0m4mdwezwhjqu72332wjq75v0sg7h52j"],"amount":130},{"n":1,"addresses":["prl1pefy97fscslmg7ls4nnydj4x2qk87e9g20ztf6d9h0sf0s007flhsghwpnu"],"amount":105.75464658}]}