{"txid":"051190846c76f54521a05cf8d66c37b8bdfd0a7d328f1c815763266f3cd02bed","block_height":null,"time":null,"vin":[{"txid":"051190846c76f54521a05cf8d66c37b8bdfd0a7d328f1c815763266f3cd02bed","vout":0,"amount":9999.99999,"coinbase":false}],"vout":[{"n":0,"addresses":["prl1z9ty0xqr0sedmha5sqky5j70zkuhqug6am8m4pucde9srj565zc9s4ydcmj"],"amount":4168},{"n":1,"addresses":["prl1p209gdfdx4vl4y229jsqgx7rrncxpjpt2dgczqm7s8etpy0v60adqq05623"],"amount":5831.99998846}]}