{"txid":"7a135d126f8aeeeaa8426d83c3e089884fafe964651fc83038c1c902744faecb","block_height":null,"time":null,"vin":[{"txid":"7a135d126f8aeeeaa8426d83c3e089884fafe964651fc83038c1c902744faecb","vout":0,"amount":1099.99999,"coinbase":false},{"txid":"caf41f0c74efb8aaddcf569667cfa6a89a42a0379622ed7c18d95b9ace83b7c9","vout":20,"amount":2.35870139,"coinbase":false}],"vout":[{"n":0,"addresses":["prl1zhlezxtvtwtcd2ysqmv4qufkuuvgv2pwvtkjpd50ww4lr7lrh6khqp9cnt4"],"amount":1100},{"n":1,"addresses":["prl1pneretvw38xk9y6lk60yx0cje40gz7lvgdsm3mu8a3mpanzgxew5s5lmzq4"],"amount":2.35868927}]}