{"txid":"68a095acea881c02ee688ef6276c62844286da644a6260d0baec6d5e00fa18e5","block_height":null,"time":null,"vin":[{"txid":"68a095acea881c02ee688ef6276c62844286da644a6260d0baec6d5e00fa18e5","vout":1,"amount":6238.71011973,"coinbase":false}],"vout":[{"n":0,"addresses":["prl1z5ath0sf834833xcnndy0aw7w87dw22yffjd72mzc30puh5yccvqs4q2azw"],"amount":1000},{"n":1,"addresses":["prl1p47rm07xafyztc7dz0pcs0pur3psdfqgfsawrpk646d4gasy0w2mst6rxak"],"amount":5238.71011819}]}