{"txid":"d36b675e105363a8b4ae3e531d88f366cfd5a424b2e98060e164b84ecbe93336","block_height":null,"time":null,"vin":[{"txid":"d36b675e105363a8b4ae3e531d88f366cfd5a424b2e98060e164b84ecbe93336","vout":864,"amount":116.0344839,"coinbase":false},{"txid":"d36b675e105363a8b4ae3e531d88f366cfd5a424b2e98060e164b84ecbe93336","vout":261,"amount":116.0344839,"coinbase":false}],"vout":[{"n":0,"addresses":["prl1zhvkc499nrq7c8x57zn65nrty2qaavpe3y0gu7tyetx2y6weyz7kqcq5wum"],"amount":232},{"n":1,"addresses":["prl1pel3vwq54y950q0sl6xezqys4ppsu25l24fs3kukyzge8nhgmxw6szrmcva"],"amount":0.06896568}]}