{"txid":"4e7ef575feb1fc9ebe4c218520ab233ec069314d82e03fb7bc2e444debec5c31","block_height":null,"time":null,"vin":[{"txid":"4e7ef575feb1fc9ebe4c218520ab233ec069314d82e03fb7bc2e444debec5c31","vout":496,"amount":186.18009837,"coinbase":false}],"vout":[{"n":0,"addresses":["prl1zktq9z9fjwgvq09d0e429fp2kw42tqpfh6melrcxx3hvt4rh0nfvsvjeuyw"],"amount":180},{"n":1,"addresses":["prl1p2p0lp0xhvg5y8cuqyuck9udzykv3cxkffn0n0ahzuuf0dapr9vzsmyueqx"],"amount":6.18009683}]}