{"txid":"33cc12f487b77d7a377289a5088e6b27aa635c7506647d7198c186b9c226d860","block_height":null,"time":null,"vin":[{"txid":"33cc12f487b77d7a377289a5088e6b27aa635c7506647d7198c186b9c226d860","vout":545,"amount":196.53726672,"coinbase":false}],"vout":[{"n":0,"addresses":["prl1zeqx5dfrdnltw38ltar7lufnvx5pcajh5sv02laed9eqd3nlu67eqzujtrk"],"amount":196},{"n":1,"addresses":["prl1p3zp0pjp3ufh7ajr32nx02rwdl49tg0knn2g5gck5qthlnwml0ufsvqtqyt"],"amount":0.53726518}]}