{"txid":"37cfcfba4f13d1808ed206490ae8f0951845079e98f71d0a2dad750216159aec","block_height":null,"time":null,"vin":[{"txid":"37cfcfba4f13d1808ed206490ae8f0951845079e98f71d0a2dad750216159aec","vout":1,"amount":199.99999788,"coinbase":false},{"txid":"057f26f659d4755499d9acdc6e88b5a586fa2fab89e311671159f10cffc78c23","vout":1,"amount":0.42102531,"coinbase":false}],"vout":[{"n":0,"addresses":["prl1zknqg3atnjdz0tc6fw88g4qqcktcyepkqppvru4zsnysndg7lqtkq2nly4u"],"amount":200},{"n":1,"addresses":["prl1pe06rqvfgu6vc38efgy6s7hs5neupypvma9js93fsa66k6yf6r2gqgy4gty"],"amount":0.42102107}]}