{"txid":"85cc8eaf66bc67d518f961cbb08b910d929ca2abf4fcf7890167b9ec9f924558","block_height":null,"time":null,"vin":[{"txid":"85cc8eaf66bc67d518f961cbb08b910d929ca2abf4fcf7890167b9ec9f924558","vout":0,"amount":612.09999,"coinbase":false}],"vout":[{"n":0,"addresses":["prl1zd6zcxaa77qlmvk566xn6hpl6uq0whcxke8ppfcxvfrf3az0a0rqs26ay43"],"amount":612},{"n":1,"addresses":["prl1pnlw92gr829kg45w8n4r38h42p5gfj265mendyhsc5t2m0spsf0wqehgt2f"],"amount":0.09998846}]}