{"txid":"286f4dbc85fb823344e3c5ca97ae7e7eb0afc8e7ddb4ce1e58a00abd2c76b23f","block_height":null,"time":null,"vin":[{"txid":"286f4dbc85fb823344e3c5ca97ae7e7eb0afc8e7ddb4ce1e58a00abd2c76b23f","vout":246,"amount":1471.31807254,"coinbase":false}],"vout":[{"n":0,"addresses":["prl1p7xzzghc9unadtuz26nyacrmrjwa52q5py7aa9agc24255acf9nasfll7vw"],"amount":1271.31806421},{"n":1,"addresses":["prl1zpftagakyjfgd62wu4v0wv5cgjyg2ye05vh59lt4t5592nl9tud9q04jw76"],"amount":200}]}