{"txid":"ae04e59705b58d860ee91d2e1fcc19fc05acaa7c53deddaffa200a71e61f832c","block_height":null,"time":null,"vin":[{"txid":"ae04e59705b58d860ee91d2e1fcc19fc05acaa7c53deddaffa200a71e61f832c","vout":5,"amount":2980.4845646,"coinbase":false}],"vout":[{"n":0,"addresses":["prl1zfq0csffruc02sh2cztsln5xud6w3kuntv3nvexle0y6rtv6vwapq620zy2"],"amount":2500},{"n":1,"addresses":["prl1plr3ywqyevusq0dd0fgqz3wmp5yvg642tx3047ydevxhth8x5y6gsm6twah"],"amount":480.48455622}]}