{"txid":"323f74633f3c3430e2eb8d6f048f70e5f4e25a507e5aafa10c4689412b11d778","block_height":null,"time":null,"vin":[{"txid":"323f74633f3c3430e2eb8d6f048f70e5f4e25a507e5aafa10c4689412b11d778","vout":1,"amount":0.94999846,"coinbase":false}],"vout":[{"n":0,"addresses":["prl1zhd7r8y8llql6qmsyfgu8dha2tlv7y4yjhxemrknrsmm55aryr4ks7tez7v"],"amount":0.05},{"n":1,"addresses":["prl1ph0httxz3rf9wh6v7z3htzjdsmfhm0rp7sf5395wk7hp6updw3hwqptlax9"],"amount":0.89999692}]}