{"txid":"649664df34ce184d501624cfe3a0f59b23189b67f8505bbb02b8b90dde711227","block_height":null,"time":null,"vin":[{"txid":"649664df34ce184d501624cfe3a0f59b23189b67f8505bbb02b8b90dde711227","vout":14,"amount":331.53961863,"coinbase":false},{"txid":"21f7186a2e07745f613d265eed226de22c78027abcf9500d68e215466b70ee8d","vout":153,"amount":179.07156547,"coinbase":false}],"vout":[{"n":0,"addresses":["prl1za5wmpjy4yzxvwz7tdf9xs77gzv07zjjkjjqu35deu579k8tphrrsw8j7rg"],"amount":500},{"n":1,"addresses":["prl1pf5g0d45ef5kc6yl8ehpjrlgzje4ws64yl9ncuclnc8uah9g8ckhqdzeefa"],"amount":10.61118198}]}