{"txid":"950984ad9ce5ebe732a7d336bb3682f46a43daf9a88e2b0a0ce34365da42b890","block_height":null,"time":null,"vin":[{"txid":"950984ad9ce5ebe732a7d336bb3682f46a43daf9a88e2b0a0ce34365da42b890","vout":0,"amount":999,"coinbase":false},{"txid":"ad4adb5b899b1aed49167e8675554a4322fe2011fe5768bbe5669d6e87b8bd7a","vout":1550,"amount":101.93530882,"coinbase":false}],"vout":[{"n":0,"addresses":["prl1z29r9r0l9egp6f0kz076l5xmsuznm7ucg7wcpfjrl0aj6e9g8yhus0en309"],"amount":999},{"n":1,"addresses":["prl1p0r8wp55aktf50s4hw2a2gftkn75lvpm34sfqj6vetkf0mava2w9smnkk5j"],"amount":101.9353067}]}