{"txid":"26c533879e12a0d16c105d89e769a5d4f8fa9c0bc7e88311947251e099c978eb","block_height":null,"time":null,"vin":[{"txid":"26c533879e12a0d16c105d89e769a5d4f8fa9c0bc7e88311947251e099c978eb","vout":0,"amount":115.99999,"coinbase":false},{"txid":"2c030e295253e6e034022f0b12863f868c7bfa26ad6e408b79b4372281522bf7","vout":1,"amount":0.36246395,"coinbase":false}],"vout":[{"n":0,"addresses":["prl1z5tnt5604fp78py05ldmup7nnrc69pl0wyzz7xlqf776e2lyku3dq4qdr86"],"amount":116},{"n":1,"addresses":["prl1phdzlpv8lukdvr8j7f4mylu4dlp5e0czm9j3m66mcevtmlme7gyws2sghkj"],"amount":0.36245183}]}