{"txid":"14ae7b0635bbebea89e0d5e3b323cd831f8c2f722a78704039f062e3e2d90e98","block_height":null,"time":null,"vin":[{"txid":"14ae7b0635bbebea89e0d5e3b323cd831f8c2f722a78704039f062e3e2d90e98","vout":1,"amount":5367.79982367,"coinbase":false}],"vout":[{"n":0,"addresses":["prl1zxepfqj2z6sshuy3vl5d6gwzmsyhcdwds8h9c9fqafv8xtmsjme4qv5hn2c"],"amount":5000},{"n":1,"addresses":["prl1ph0j2pwguaennkzus4k3qpnfdkfyssfz7lmga02jcxxvmp0gyym5snga9qh"],"amount":367.79961343}]}