{"txid":"11d745e84460ebc159a09c4a7152d4f982af059add68810c26d79de8bcd16085","block_height":null,"time":null,"vin":[{"txid":"11d745e84460ebc159a09c4a7152d4f982af059add68810c26d79de8bcd16085","vout":1,"amount":2449,"coinbase":false},{"txid":"a3d2c845b5b9ca8de0dab765dc135f910d921be586c82204a5ff8b1127478bc0","vout":1,"amount":68.50514113,"coinbase":false}],"vout":[{"n":0,"addresses":["prl1p32rar7nszana7q3edxk0pnmspzjuzm9u6jspah9ey5knqneegedsgrakde"],"amount":67.50512964},{"n":1,"addresses":["prl1zrxaxnmhtw3e00ssx2hye3cpwk7zeaj4cemwwk4weyy4ny84tvweqj00laz"],"amount":2450}]}