{"txid":"cc4bbdcd4cf32c4fd1c00c2106736d3c2ef1004981894d46934da639b4deea2c","block_height":null,"time":null,"vin":[{"txid":"cc4bbdcd4cf32c4fd1c00c2106736d3c2ef1004981894d46934da639b4deea2c","vout":0,"amount":229.99999,"coinbase":false},{"txid":"3bfe1b82002eef5edb90b4d09d4246301ad9c4e70b4dfda563c6f36bf81d3b7a","vout":1,"amount":167.2983741,"coinbase":false}],"vout":[{"n":0,"addresses":["prl1zljl4pknwsc2z3l8c8pfdrckhplspqp0ymdphcvtur6kks7wpt3uqzper7l"],"amount":230},{"n":1,"addresses":["prl1py2e2mr9euw0thsdu0gemtjmg9t3q0eysse8y26k98vjs0snqf7kql2sxh5"],"amount":167.29808218}]}