{"txid":"8b232d7476a16b297f60f45a1d7b9581b2693b5e206a4fd0c71e4a0cac98a8b2","block_height":null,"time":null,"vin":[{"txid":"8b232d7476a16b297f60f45a1d7b9581b2693b5e206a4fd0c71e4a0cac98a8b2","vout":0,"amount":199.99999,"coinbase":false},{"txid":"a6af778a0fbef2035b99a48a7a6ade9af44a9e79be4ac0a5287d22ac4620d6df","vout":30,"amount":18.34318945,"coinbase":false}],"vout":[{"n":0,"addresses":["prl1znzxpx5d6c7jffzqs37quaqwzaq4pmtcpzvayyrlqxh5lpxdr0kzq72mfdu"],"amount":200},{"n":1,"addresses":["prl1py3nf72ftqwrara98hxr6aj8fzxkazlg5gdq79yddngjte69t75zqynakfj"],"amount":18.34317733}]}