{"txid":"56abb89ddaeb3102eb0f3f15d90a2d6166fd21b54a6c40a747317a36bf879f16","block_height":null,"time":null,"vin":[{"txid":"56abb89ddaeb3102eb0f3f15d90a2d6166fd21b54a6c40a747317a36bf879f16","vout":0,"amount":4.99999889,"coinbase":false}],"vout":[{"n":0,"addresses":["prl1p30r9juz3l5c6unx7sxxn3kcfp54qzmf7endf77wvvjedvqyql04qeugch9"],"amount":4.99998889}]}