{"txid":"64e244823dd094580416ca46142bbd4ea7d9a428482e654e9de1100a0f3f9aff","block_height":null,"time":null,"vin":[{"txid":"64e244823dd094580416ca46142bbd4ea7d9a428482e654e9de1100a0f3f9aff","vout":0,"amount":199.99999,"coinbase":false},{"txid":"0068a3e402b52fc5c9219e7174a0772603136c9053b0421088efc47e69450931","vout":0,"amount":9.50183952,"coinbase":false}],"vout":[{"n":0,"addresses":["prl1plxmwhc3vuqp078pxhxs3kwvafer0l3l0a90pegv0crelmd3mz95qtpgluq"],"amount":9.50180822},{"n":1,"addresses":["prl1z9p8274hydqhjldfgptkn8nvmdmpfgge8vg70vc2khflh3jxtnrequ00tx5"],"amount":200}]}