{"txid":"72d47592c0e1f69528e01f63936b8db17448bb9242ae762c401f6ddb15a505e7","block_height":null,"time":null,"vin":[{"txid":"72d47592c0e1f69528e01f63936b8db17448bb9242ae762c401f6ddb15a505e7","vout":78,"amount":75.21769544,"coinbase":false},{"txid":"d1321634f24ab09c55dc749f08e85a142f8098a364b243e5e83f9b4e6cc15ad6","vout":499,"amount":36.44292178,"coinbase":false},{"txid":"061de1994885b7febbe1d320401fd987cde9c5b191e0291e3b56912a85da17cd","vout":287,"amount":6.61260522,"coinbase":false}],"vout":[{"n":0,"addresses":["prl1zjelqpk5l6a22thgrflentwkdkz690swr3fn5p869h820wrdu3v7q34asmz"],"amount":118},{"n":1,"addresses":["prl1p9zl69eqxfe4fs5xjwllvzz56gc5ku4zaxtckkqz5pqfh4dhunqkqz3cgsv"],"amount":0.27321974}]}