{"txid":"5b41e57f3c5861c74e46f414c603528c0eae6a9500fc1566512f97996c90cdaf","block_height":null,"time":null,"vin":[{"txid":"5b41e57f3c5861c74e46f414c603528c0eae6a9500fc1566512f97996c90cdaf","vout":456,"amount":117.35249746,"coinbase":false},{"txid":"01ee2b65e09d616e6d40bd35474622fbdebce5aea97a27bcb470a8b12b1f6978","vout":1,"amount":99.99998846,"coinbase":false},{"txid":"911a9389abf58ac269f28114df56b46052c3a3c5c3a17b20d51fcb5f3eacf9f1","vout":473,"amount":88.64013663,"coinbase":false}],"vout":[{"n":0,"addresses":["prl1z3txmc2xxms9zyqewzqntgt3symw9dd0fmmdl4kpsgfgqjxqjc6ss4vnpsv"],"amount":300},{"n":1,"addresses":["prl1p8ful68l50nkt068nakn7vljkcf60mqzkz4qp6ptcf4vad63ss3aqdl7p2f"],"amount":5.99261985}]}