{"txid":"7c1745439fe7a5c50fbad75af47b58d5621c8ab807be5d8a351c78a0d7485562","block_height":null,"time":null,"vin":[{"txid":"7c1745439fe7a5c50fbad75af47b58d5621c8ab807be5d8a351c78a0d7485562","vout":1,"amount":1123.34595051,"coinbase":false}],"vout":[{"n":0,"addresses":["prl1zgx4myw5qet7n6ggn3gfx72pgfrjx8uexfjc0hzqtlqt570kh7lzsqc93m5"],"amount":0.0139856},{"n":1,"addresses":["prl1pza4xkj2r85hkpwwak8l05v84q3mrqnmldquu30yhhl04tptqt58szjdsx6"],"amount":1123.33196337}]}