{"txid":"91faf7e2813e984b606451a21aa1a669ada565bcc573579a88d991295fc028e6","block_height":null,"time":null,"vin":[{"txid":"91faf7e2813e984b606451a21aa1a669ada565bcc573579a88d991295fc028e6","vout":0,"amount":123.99999,"coinbase":false},{"txid":"f16bc4c95225f33fe0a226df8b4cdb48d6b70566ba971db7e6c023febb7f35ba","vout":19,"amount":13.45506427,"coinbase":false}],"vout":[{"n":0,"addresses":["prl1zkp7grqg7ycxk2ayruufcux6c7e06wramrurqr3lmn08ux4zuav3qx25a7s"],"amount":124},{"n":1,"addresses":["prl1ptgt2x59nfye8cngayum8zhtz85pk6w3376thjwxyvu7m62ymt3nsh3tgp0"],"amount":13.45505215}]}