{"txid":"a29780ac2a001780bb84007dd012405ebb49a4fa8c9aff752c5b713f7934cb75","block_height":null,"time":null,"vin":[{"txid":"a29780ac2a001780bb84007dd012405ebb49a4fa8c9aff752c5b713f7934cb75","vout":0,"amount":37670,"coinbase":false},{"txid":"5171b1c05a6ed8a354cfa9e40215b58c2e9b16b0ecb3e2758f7c2b0d53d79f65","vout":1,"amount":27547.2208943,"coinbase":false},{"txid":"6538dd670615590f97601dbcdd5be1bc360748b1db2b3966b88b70ed5d68083d","vout":0,"amount":21640,"coinbase":false}],"vout":[{"n":0,"addresses":["prl1z82jz5f6a6rfzrpaq9wr5dnw6vt2ak4x5e7qy8c9mu24zuxujyutq9qd8nr"],"amount":85000},{"n":1,"addresses":["prl1p94mante8tgtvajgghxh93l0z0vykzz7xfly6zdfpd9lsarm3dlystq3ar4"],"amount":1857.2208916}]}