{"txid":"70aeffa8f1673c081beddae78a6153185bc94048954b9af9a470347515bd8afa","block_height":null,"time":null,"vin":[{"txid":"70aeffa8f1673c081beddae78a6153185bc94048954b9af9a470347515bd8afa","vout":0,"amount":294,"coinbase":false},{"txid":"ac4df2deb8fa5b049d5bc0f5affcc6b72a4f66b3e075f3d0bb8287890017cec5","vout":1,"amount":259.99998768,"coinbase":false}],"vout":[{"n":0,"addresses":["prl1z69s5a6gezdu4y3mhy3emqtdu38cfyf80npyrtazx0p3d36dnez3q9djggr"],"amount":500},{"n":1,"addresses":["prl1pzmr904ef067506akv00h53aavc9m6mjerllkxarztqm49gdxetsq8dldx5"],"amount":53.99998556}]}