{"txid":"91f02c307269e7c3e440a13ff67fc99c2076837bcdc4d9265e70d942d98c9607","block_height":null,"time":null,"vin":[{"txid":"91f02c307269e7c3e440a13ff67fc99c2076837bcdc4d9265e70d942d98c9607","vout":0,"amount":6627.44067709,"coinbase":false}],"vout":[{"n":0,"addresses":["prl1p8yfuwrmy52swm3vppn34st0g3v9jewdyf7w24w5qntm0pm57qdqqc53q0m"],"amount":6627.44066709}]}