{"txid":"7a0119fbd7776740422ef7063a68cff47ff25b6c6cd81078a0253b628aa01c41","block_height":null,"time":null,"vin":[{"txid":"7a0119fbd7776740422ef7063a68cff47ff25b6c6cd81078a0253b628aa01c41","vout":920,"amount":309.84483902,"coinbase":false},{"txid":"d227bb9a59ecde7503377709142e89bb64284030dfd37544783ff33cc003b657","vout":952,"amount":258.09836715,"coinbase":false},{"txid":"5f45b10c160a1a4649ce86db95987aab884da9ff8ce8b449f7f1619f42dd2507","vout":944,"amount":247.0942368,"coinbase":false}],"vout":[{"n":0,"addresses":["prl1zz8ds9djnm6e8d9ntly88wx4myhc8m05hkqzqgq2g5celdhx6fe4qrtjztl"],"amount":800},{"n":1,"addresses":["prl1pe3ys7gkqxw7pwjax60qm8umd7ha3cvjdslp8aspnrlt2s52uuvasc6py39"],"amount":15.03744027}]}