{"txid":"f2faee810ed093f5deeef097ebb97dc3ea394691e5af43f44571d18109709419","block_height":null,"time":null,"vin":[{"txid":"f2faee810ed093f5deeef097ebb97dc3ea394691e5af43f44571d18109709419","vout":0,"amount":7227.99999,"coinbase":false},{"txid":"8ed3b6bbe883f07b9df68fe51f8fe6b38c0c285d153e86fc55540bddf9baf2ec","vout":0,"amount":5111.99996024,"coinbase":false}],"vout":[{"n":0,"addresses":["prl1zcm3fajyq2m67ppaxenpude2xr95mugm8xz90pcpk3mdev7qxhxzqcya6sl"],"amount":10000},{"n":1,"addresses":["prl1pqt33qx6zajkt8e4xr0ldhd208l6an0zkcam69pa3wglke3gyvf3s03fdvg"],"amount":2339.99993879}]}