{"txid":"185fe6825a8e2ddd17ea1e6388223cdac1fcc38ff16bf51d63a68cb602e08252","block_height":null,"time":null,"vin":[{"txid":"185fe6825a8e2ddd17ea1e6388223cdac1fcc38ff16bf51d63a68cb602e08252","vout":1,"amount":601.99999788,"coinbase":false},{"txid":"4719ac82edd498ba1a2930b7a5962775405c8b5e72da45b189f709eb1738051d","vout":1,"amount":399.99999846,"coinbase":false}],"vout":[{"n":0,"addresses":["prl1z3fn9k026ef5lplydszxcjmqz4qnlqq9cwr3n7dyfemeqgg9vy3tq4nlqd0"],"amount":1000},{"n":1,"addresses":["prl1phhur8qkwflja3729gdln50vdpt2rg3nwzt4xnxesmvh3n049agfq90hp7g"],"amount":1.99999422}]}