{"txid":"f8497f8a4733517e874d43bfeef529014c42f1afe60cf668d6182189e299cec5","block_height":null,"time":null,"vin":[{"txid":"f8497f8a4733517e874d43bfeef529014c42f1afe60cf668d6182189e299cec5","vout":1,"amount":716.99999634,"coinbase":false},{"txid":"0a2cecc057ede831e4698fc9d1a53736f022a43bc470a03a4e944facd08c4e8b","vout":1,"amount":499.99999846,"coinbase":false}],"vout":[{"n":0,"addresses":["prl1z33fk8j64kv8f2j853qj70g7t5ey07k27d05f2pa9r0vsj8mgywlsnwss9n"],"amount":768},{"n":1,"addresses":["prl1pfu0e9fxx63s6gq6q0m2mqj4hawqeg9nxun99gcvuqrzktnu8gkrsfz2rkj"],"amount":448.99999268}]}