{"txid":"7867fd1d68df635ab77f4cbb02e924efa868983741076db186858068a21ab3cc","block_height":null,"time":null,"vin":[{"txid":"7867fd1d68df635ab77f4cbb02e924efa868983741076db186858068a21ab3cc","vout":312,"amount":118.36246549,"coinbase":false},{"txid":"7867fd1d68df635ab77f4cbb02e924efa868983741076db186858068a21ab3cc","vout":1009,"amount":91.61415662,"coinbase":false},{"txid":"87542f105851443790d699f54cc0d6ec5cd2c921c39d347bdb530f650c7145a2","vout":1,"amount":0.80555234,"coinbase":false}],"vout":[{"n":0,"addresses":["prl1z70let5y3gxj09nqrmqsj3ert5dfeachm0gu85k3hc8p3fcg9nn8qt9q2h7"],"amount":210},{"n":1,"addresses":["prl1pvequzhdkv25rgjp8w2w2ecmncrzm702h5cqkvkgwazmqdq2l9x6q2dvzqf"],"amount":0.78217175}]}