{"txid":"009f7458cf0d141acccae8dac13c20d3f3a7033d0d64a3fc94749501efbd5b81","block_height":null,"time":null,"vin":[{"txid":"009f7458cf0d141acccae8dac13c20d3f3a7033d0d64a3fc94749501efbd5b81","vout":1,"amount":3130.5,"coinbase":false},{"txid":"a1eb498bdd69de0497785eeaaee7f9190713c5ce9d6b833046dbb53c53a27827","vout":1,"amount":30.14615514,"coinbase":false}],"vout":[{"n":0,"addresses":["prl1zj5k39jukt90azajd7nqku0z6kjk5fh05v0akf5p0rppzk9h0dfns908tqt"],"amount":3160},{"n":1,"addresses":["prl1p2zu56gqek8ws9k9y40x7vvpj43x7anjysjfr4vd000jfjkufdqash09tu2"],"amount":0.64615302}]}