{"txid":"b271a52f7823a986615d79dea9788361c6a4861d32bb63d39d287bfa66481248","block_height":null,"time":null,"vin":[{"txid":"b271a52f7823a986615d79dea9788361c6a4861d32bb63d39d287bfa66481248","vout":0,"amount":1625.99999,"coinbase":false},{"txid":"1afb6597b8f814a5d3a7febd75d7087f1e58f690964901104d3cefb2f71307db","vout":4,"amount":276.56566462,"coinbase":false},{"txid":"c8b6be2d807218cbf2099448c40155f3d7b356061d64425a6faa512f92188607","vout":3,"amount":226.27525279,"coinbase":false}],"vout":[{"n":0,"addresses":["prl1zt72f6f0khdkd2yef4u2lwx77uzm4c3fwtjufnpx2902j6ezs87rs26zpu9"],"amount":2100},{"n":1,"addresses":["prl1pshsv0hkmpzrt5wuvd9lhhm9pn4zag9fwtz2xyfzu0lwv26rhge4svhf3gj"],"amount":28.84089304}]}