{"txid":"43c53c6caf26e512795b6551cc65fe0998f49302a005e1affd39b3c809c26623","block_height":null,"time":null,"vin":[{"txid":"43c53c6caf26e512795b6551cc65fe0998f49302a005e1affd39b3c809c26623","vout":458,"amount":1036.45421884,"coinbase":false},{"txid":"2bb8cdad7971176508dcb7aff7777971c013b7268f08b1a0cf0568ac20bd80ce","vout":0,"amount":490,"coinbase":false}],"vout":[{"n":0,"addresses":["prl1zp6s63l05fak6wmdea53wqc760lxws4fl9wjtp7yg60zypg4xxf9qz2ex33"],"amount":1500},{"n":1,"addresses":["prl1ppwud63x4euwf8frau3arzuweqmznjmwlujr90a4vljqw0qxfezyqx2ag7j"],"amount":26.45421672}]}