{"txid":"609d03ca189d355a0de56ecb922c8b89308e29ca04908b585049e01dfc05744a","block_height":null,"time":null,"vin":[{"txid":"609d03ca189d355a0de56ecb922c8b89308e29ca04908b585049e01dfc05744a","vout":30,"amount":517.32993602,"coinbase":false},{"txid":"af01a3f2892b8a287d2d80783af3c02a6aa55430c9d7ad1bf12cd4578bc20dee","vout":18,"amount":32.3254344,"coinbase":false},{"txid":"ad1f5ec0a0c7e4915f6bad1816e5d27f25f03758dc469a813a582bc7e41682a8","vout":504,"amount":30.35509342,"coinbase":false}],"vout":[{"n":0,"addresses":["prl1zvh735u9ka0gcsf6csualvzkv0sjq5k532la4fk9q90430r82s5cqsgwhrk"],"amount":580},{"n":1,"addresses":["prl1p358sr0epulxh2lquq7qujw5lh5a84edp7wuvsgcameqjjvarze7s6ef5lr"],"amount":0.01044905}]}