{"txid":"a1eb498bdd69de0497785eeaaee7f9190713c5ce9d6b833046dbb53c53a27827","block_height":null,"time":null,"vin":[{"txid":"a1eb498bdd69de0497785eeaaee7f9190713c5ce9d6b833046dbb53c53a27827","vout":390,"amount":175.59151569,"coinbase":false},{"txid":"cb2f1f4b7829c4f0bbc266da0f29e2a1aa530030b0f7d3d471ad103d987d7f96","vout":77,"amount":127.44443476,"coinbase":false}],"vout":[{"n":0,"addresses":["prl1z8jy306nrq0xzf4gfjcf44qjm084cj3cet6jejxmegq0vlu28y6nqft5elr"],"amount":300},{"n":1,"addresses":["prl1pefy97fscslmg7ls4nnydj4x2qk87e9g20ztf6d9h0sf0s007flhsghwpnu"],"amount":3.03594833}]}