{"txid":"7867fd1d68df635ab77f4cbb02e924efa868983741076db186858068a21ab3cc","block_height":null,"time":null,"vin":[{"txid":"7867fd1d68df635ab77f4cbb02e924efa868983741076db186858068a21ab3cc","vout":560,"amount":118.36246549,"coinbase":false},{"txid":"7867fd1d68df635ab77f4cbb02e924efa868983741076db186858068a21ab3cc","vout":5,"amount":118.36246549,"coinbase":false},{"txid":"5153e07ce8604f4101887fd21821a5c4ee0b55aab3edae4efd8861eb4a974a28","vout":1,"amount":0.55851977,"coinbase":false}],"vout":[{"n":0,"addresses":["prl1zph82ve3m6l89dzltzsha6avajaasx5px52nsmsnyuqk92dhtnflsxp2d5t"],"amount":237},{"n":1,"addresses":["prl1pu4zp9m7f2j9us9j84r68rd0wygxelhyvfs27grp6dch2nns5lc0q8q0ulp"],"amount":0.28344805}]}