{"txid":"4e79a1e82063302d8c0d82de5954de902288dab616aec64173fc77efe509b829","block_height":null,"time":null,"vin":[{"txid":"4e79a1e82063302d8c0d82de5954de902288dab616aec64173fc77efe509b829","vout":0,"amount":399.99999,"coinbase":false}],"vout":[{"n":0,"addresses":["prl1zucat3t82gstdh9tsyhl9ma0nz36z2a6ucfh6vaxhegf8hju3d8lsewq54v"],"amount":100},{"n":1,"addresses":["prl1py62pdg6eyz8ycluywqknf66j7er2rus63wp4avh8djtumhwtlxwsyye3cy"],"amount":299.99998846}]}