{"txid":"9726c025789d1f4f3506ba79c63557828bffc0a54edb6a61b7d1aef028866771","block_height":null,"time":null,"vin":[{"txid":"9726c025789d1f4f3506ba79c63557828bffc0a54edb6a61b7d1aef028866771","vout":1338,"amount":1228.18685532,"coinbase":false},{"txid":"fd03d19ba39174649509acd5afbd7f2d9c01a1bbcf212b5de43a0a7b9ddcff65","vout":221,"amount":489.28761409,"coinbase":false},{"txid":"b654b887e32220d65dcc38d26e6723fe117cb1d712e4f89de1d9c45e5745f33f","vout":671,"amount":483.49380792,"coinbase":false}],"vout":[{"n":0,"addresses":["prl1pvzyrnv3zfhvk9stqnua4zhmret8dwjddp9az0flkmfsz8nvarwnqr7y5ev"],"amount":200.96812847},{"n":1,"addresses":["prl1z5qhsxw7pyytfy4ry42avkajfzsdlwhzesc8v0cfhru6plnn7q0cq2fpgmt"],"amount":2000}]}