{"txid":"046ff8d2775042af17cbe2bb3238ff858ced746f6cb2d4453e5fc844cd91794d","block_height":null,"time":null,"vin":[{"txid":"046ff8d2775042af17cbe2bb3238ff858ced746f6cb2d4453e5fc844cd91794d","vout":0,"amount":7238.71012127,"coinbase":false}],"vout":[{"n":0,"addresses":["prl1z229agyc5euxylxlwf7wtwx2v2cfsmz7w9q2cmrv7hkztgh4yh3qsnxt2dl"],"amount":1000},{"n":1,"addresses":["prl1p47rm07xafyztc7dz0pcs0pur3psdfqgfsawrpk646d4gasy0w2mst6rxak"],"amount":6238.71011973}]}