{"txid":"f7cc43aaec9eaa7deb12156a26b480c69740b0895e9be3ba1662d0f570ef647c","block_height":null,"time":null,"vin":[{"txid":"f7cc43aaec9eaa7deb12156a26b480c69740b0895e9be3ba1662d0f570ef647c","vout":0,"amount":1854.17083173,"coinbase":false},{"txid":"de3f79ef33d6a054d37f3fdc402754886e7c37f3dc9e9f44fb7c34bf612b4c7a","vout":0,"amount":1847.96559548,"coinbase":false},{"txid":"0a13f4d0897e6f54a4cc9731f7dfd8a7275334b5af09f3a4ec4c2a35578075bc","vout":1,"amount":1841.00552776,"coinbase":false}],"vout":[{"n":0,"addresses":["prl1pmjaqpckzql8mtyj83jxnnf75c3sgdggwlckjfv2p3kg2tt50wffsswjmjs"],"amount":966.34181997},{"n":1,"addresses":["prl1zdvqv3p3l2m8tl7vtzj79n52ghwaeh56dyk8esnh8cal6fezzfr8qdmrqhy"],"amount":4576.8}]}