{"txid":"0a540f946b46f583da5eb9dc2304deb3a65c8dd85678df86f483e96625bd2d73","block_height":null,"time":null,"vin":[{"txid":"0a540f946b46f583da5eb9dc2304deb3a65c8dd85678df86f483e96625bd2d73","vout":0,"amount":390,"coinbase":false},{"txid":"8a3f40b00807bf48506e109db6911384d1e7be1e1918865e358738e149315420","vout":1,"amount":6.05866136,"coinbase":false}],"vout":[{"n":0,"addresses":["prl1zs7cr5s3t9rwe8dmjl38f7v8ancr6mvtwdhah4t9g2gmdqzp2lrwspejdfy"],"amount":395},{"n":1,"addresses":["prl1pc5v7m7p60444h8gjl69a67q209mx8pyp3z4z9n0wdk44j5dtfx7qm78kpr"],"amount":1.05865924}]}