{"txid":"d36b675e105363a8b4ae3e531d88f366cfd5a424b2e98060e164b84ecbe93336","block_height":null,"time":null,"vin":[{"txid":"d36b675e105363a8b4ae3e531d88f366cfd5a424b2e98060e164b84ecbe93336","vout":1049,"amount":65.86031355,"coinbase":false},{"txid":"741797534791ad7878fd9aa35280ff6c5091a382daeee655f252f3ef1ea2dec5","vout":0,"amount":65.53799442,"coinbase":false}],"vout":[{"n":0,"addresses":["prl1zqgj8wwqn89ypsjp0ced0vgtct6kr5xfzdehshnxywcl3uavfm3hqy442zz"],"amount":106},{"n":1,"addresses":["prl1pj8usj8x7vjzhedevpecw9nf3n9f6fx0yve0hd46fg93w6qlnkd0q0utgy6"],"amount":25.39830585}]}