{"txid":"14a5920415b54c44648ef59f1c3348547c6e60527052c35762cd8e1218683152","block_height":null,"time":null,"vin":[{"txid":"14a5920415b54c44648ef59f1c3348547c6e60527052c35762cd8e1218683152","vout":1,"amount":45.35334352,"coinbase":false},{"txid":"415e7de785c03723a601cedde0e304828191eaa33ca1c04d86e5ab162579007f","vout":18,"amount":43.23856757,"coinbase":false},{"txid":"9d3c2c0559acd26ceccf3e8948ecb1cd5a3d9fe32afdf4134018436bd2bf530f","vout":39,"amount":42.98594112,"coinbase":false}],"vout":[{"n":0,"addresses":["prl1zu6yp0xw386pr5yes9jl084a9r2zyugantyysqs6mcwf33hw83lyq3erghx"],"amount":100},{"n":1,"addresses":["prl1p5afcdxywm5v2kmgkuuzqp4qt7hl7s0f3xzqktckxekka53rlu6ks49cyrh"],"amount":31.57784951}]}