{"txid":"164195011378b14975058eef5cd405da90e39f4a5a7aeea98ae73dd6e12fb82f","block_height":null,"time":null,"vin":[{"txid":"164195011378b14975058eef5cd405da90e39f4a5a7aeea98ae73dd6e12fb82f","vout":256,"amount":104.81810997,"coinbase":false},{"txid":"f88461edeeed636ab141183819cb7448e19d28cb7c6644d1bdf44fb8f10f85c0","vout":1,"amount":0.32573058,"coinbase":false}],"vout":[{"n":0,"addresses":["prl1z3vj3yjd23qw95am4qqk6t5uwvnweqx8uam6z8fkqq9hxezrzanrqey2k62"],"amount":105},{"n":1,"addresses":["prl1plutvq8ndrjzd9h545mmxfch974k7flj59k09kfz4lm0ngx6t50rsmhdt0n"],"amount":0.14383843}]}