{"txid":"32e4b0c5e2383782ba7e42835aed10b5ab464609eeda1d2e6f126a99fb02d6f0","block_height":null,"time":null,"vin":[{"txid":"32e4b0c5e2383782ba7e42835aed10b5ab464609eeda1d2e6f126a99fb02d6f0","vout":424,"amount":1703.80931454,"coinbase":false}],"vout":[{"n":0,"addresses":["prl1pks64rgqshvhex4hyazga5ykpgux8pr23perkc7227ca7253qpqzq3sqtpj"],"amount":1503.80926399},{"n":1,"addresses":["prl1zkzz80myxjn5p8pye60md5sgxfflq0ans0e7wlyc4ykqrk8xk2vkssrmalg"],"amount":200}]}