{"txid":"f706e3afd5192d2690d54927f68c9aef661fe9d68a3a7345e2f4b86905ab88da","block_height":null,"time":null,"vin":[{"txid":"f706e3afd5192d2690d54927f68c9aef661fe9d68a3a7345e2f4b86905ab88da","vout":325,"amount":284.17899108,"coinbase":false}],"vout":[{"n":0,"addresses":["prl1zennmuxv6zqfkdvjex2g0hq073dt8a026zp3dx5lapw2aprfdpj9stqwwvj"],"amount":200},{"n":1,"addresses":["prl1pefy97fscslmg7ls4nnydj4x2qk87e9g20ztf6d9h0sf0s007flhsghwpnu"],"amount":84.17898954}]}