{"txid":"21f7186a2e07745f613d265eed226de22c78027abcf9500d68e215466b70ee8d","block_height":null,"time":null,"vin":[{"txid":"21f7186a2e07745f613d265eed226de22c78027abcf9500d68e215466b70ee8d","vout":382,"amount":1136.46227193,"coinbase":false}],"vout":[{"n":0,"addresses":["prl1phgujkgacmav56z34q7f28884m234wdcvm9qscnyy50nlye0zp38spy8vwz"],"amount":0.4622636},{"n":1,"addresses":["prl1zdfeh42ya7653hm9ccxqyqezqgu6cfhj0etzmx8rwxzyjrv779sasuvq924"],"amount":1136}]}