{"txid":"a8f6bc0026686e114ef85f4c94b29e54c22faed02445a5dc9a858579332c252c","block_height":null,"time":null,"vin":[{"txid":"a8f6bc0026686e114ef85f4c94b29e54c22faed02445a5dc9a858579332c252c","vout":0,"amount":9999.99999,"coinbase":false}],"vout":[{"n":0,"addresses":["prl1zskjv23a6lns0wkc4eynwztjhf3c4saf4lvhnaee555t5hqapum2s040wnc"],"amount":2500},{"n":1,"addresses":["prl1phhur8qkwflja3729gdln50vdpt2rg3nwzt4xnxesmvh3n049agfq90hp7g"],"amount":7499.99998846}]}