{"txid":"7481c579ed0c0266d5494f1eac44cb37ad6a61a93a843ea6e5009c74e0706599","block_height":null,"time":null,"vin":[{"txid":"7481c579ed0c0266d5494f1eac44cb37ad6a61a93a843ea6e5009c74e0706599","vout":1,"amount":15233.99997511,"coinbase":false},{"txid":"eff766e8c4b71c4674e2e402aa777e7fea876264b9bef375fab3eca2181434b9","vout":0,"amount":2999.99999,"coinbase":false},{"txid":"b38e986a4c12719c5735a99316862591747bf1e6e9b4a67948b8ac10c7d63da6","vout":0,"amount":0.9995607,"coinbase":false}],"vout":[{"n":0,"addresses":["prl1zrtr5y6tly2zjjyegmms4l35xrnay3g9hrnhm4hucsf6favyd6a8sgsc2d4"],"amount":18234},{"n":1,"addresses":["prl1ptnek83ddwp8pz6v2thyj5w7ljwxt7805s67zfmq42n2rtzcchvzq4kkrkg"],"amount":0.99951134}]}