{"txid":"861c8e35af9af20b600fcf7520e2cd6a35e3fd73f68914748b8cbe6d93d0701b","block_height":null,"time":null,"vin":[{"txid":"861c8e35af9af20b600fcf7520e2cd6a35e3fd73f68914748b8cbe6d93d0701b","vout":897,"amount":208.55225992,"coinbase":false},{"txid":"861c8e35af9af20b600fcf7520e2cd6a35e3fd73f68914748b8cbe6d93d0701b","vout":590,"amount":36.15832748,"coinbase":false}],"vout":[{"n":0,"addresses":["prl1zvnztz2rc25j8ncupr2ulkpgt5mnwld6gamw3pk4urejc7yzha8wscyjqr6"],"amount":244},{"n":1,"addresses":["prl1plutvq8ndrjzd9h545mmxfch974k7flj59k09kfz4lm0ngx6t50rsmhdt0n"],"amount":0.71058528}]}