{"txid":"0dec83d5b498342ae6e25033a594c63cd7c77484e27c7073d6d9b2ac5aaba512","block_height":null,"time":null,"vin":[{"txid":"0dec83d5b498342ae6e25033a594c63cd7c77484e27c7073d6d9b2ac5aaba512","vout":1,"amount":1968.99999692,"coinbase":false}],"vout":[{"n":0,"addresses":["prl1zwjw866m3ermlmpjsahknpytltat8ey446xeg05shzl9wchm5w35s8jnywh"],"amount":500},{"n":1,"addresses":["prl1pml4rlyp6w0m0ylvxaxpm4j434qu0rmjgxpguvkz6gl7729uma5tshv3rs4"],"amount":1468.99999538}]}