{"txid":"c644e70e51b757153b8fe78897b6b25e8f8b9a9870b17b5d3a6841f6f5351bfc","block_height":null,"time":null,"vin":[{"txid":"c644e70e51b757153b8fe78897b6b25e8f8b9a9870b17b5d3a6841f6f5351bfc","vout":1,"amount":133.17675429,"coinbase":false}],"vout":[{"n":0,"addresses":["prl1zk0fjum7k5n985lqcxt5at3lepfchzk6vuv4qmzyzu7xjx0w70prqaafxlh"],"amount":133},{"n":1,"addresses":["prl1puqwzu4aaxyva0pe0e2qma3plk332e4qjx8rgcwkw4x6axg2xh2dsam3v80"],"amount":0.17675275}]}