{"txid":"7f73da489df96a26a5b9446834e02735577f905a3d5f1a852577700ce7062df8","block_height":null,"time":null,"vin":[{"txid":"7f73da489df96a26a5b9446834e02735577f905a3d5f1a852577700ce7062df8","vout":671,"amount":415.96313759,"coinbase":false},{"txid":"cab91013f7e12c862a82ecd35114b8b50eb317264f048ce2519b69a87e6be2a4","vout":0,"amount":81.948,"coinbase":false},{"txid":"f86012ebbcb51b4af3d02ee8c29ec0110056343a511c13e0fe61508d2cfafa03","vout":1,"amount":0.88449111,"coinbase":false}],"vout":[{"n":0,"addresses":["prl1z7zn9anct9htpjcv6cjjuu46jk0rvfm8z3fczlfv6pzpal58znn8s2rrndt"],"amount":498},{"n":1,"addresses":["prl1ph8pm3wq738kt7q3sjusztaml6v8ur444506r44qderqly0whwsmqmxlw2e"],"amount":0.795626}]}