{"txid":"03fe6f84c47fcba332cfe6c90474e006d8db5bde68a324ef4846f99f34cfa552","block_height":null,"time":null,"vin":[{"txid":"03fe6f84c47fcba332cfe6c90474e006d8db5bde68a324ef4846f99f34cfa552","vout":25,"amount":433.15575177,"coinbase":false}],"vout":[{"n":0,"addresses":["prl1zkfcm4c7835qtpn9n40ny05tdl26f0yvlgp4y4hmefxt8edw9jnmsx4ydkf"],"amount":266},{"n":1,"addresses":["prl1py62pdg6eyz8ycluywqknf66j7er2rus63wp4avh8djtumhwtlxwsyye3cy"],"amount":167.15575023}]}