{"txid":"b65986a51f4867effe5fde2a2b9f1b63cd341742248f204848ded65c3ddb3461","block_height":null,"time":null,"vin":[{"txid":"b65986a51f4867effe5fde2a2b9f1b63cd341742248f204848ded65c3ddb3461","vout":0,"amount":499.99999,"coinbase":false},{"txid":"9cc91fcf106c5595b1d586e3861930058c9bca8613bdbd6d86939b28252f6dec","vout":211,"amount":245.61600408,"coinbase":false}],"vout":[{"n":0,"addresses":["prl1zszhx7lh5s5zhqzzdnugqu3096vt5lsuh28d5gylnl2ah6pjtnwjqj65ll4"],"amount":500},{"n":1,"addresses":["prl1p2p0lp0xhvg5y8cuqyuck9udzykv3cxkffn0n0ahzuuf0dapr9vzsmyueqx"],"amount":245.61599196}]}