{"txid":"1d073ed6673e4603b4bd2f0e53fc8485bc3a5ec7aa656b46973ebc501f08ace0","block_height":null,"time":null,"vin":[{"txid":"1d073ed6673e4603b4bd2f0e53fc8485bc3a5ec7aa656b46973ebc501f08ace0","vout":1,"amount":350,"coinbase":false},{"txid":"1d073ed6673e4603b4bd2f0e53fc8485bc3a5ec7aa656b46973ebc501f08ace0","vout":0,"amount":60.15001964,"coinbase":false}],"vout":[{"n":0,"addresses":["prl1pawfknl9y6zdrhfaahaxtxn6u9tn7j8m03yr8n8z9nw6gtrxgtepspyyl7g"],"amount":60.15000833},{"n":1,"addresses":["prl1zmn8vq9a2vfsc98u5p0hv0nqat70eaja2hnz9lanrgg4hgz68ukuqzvqzuv"],"amount":350}]}