{"txid":"468cd47d58352c7a2196c201548dbaf0daa4361a8da352a77e6d7253c0c72c81","block_height":null,"time":null,"vin":[{"txid":"468cd47d58352c7a2196c201548dbaf0daa4361a8da352a77e6d7253c0c72c81","vout":0,"amount":6399.99999,"coinbase":false},{"txid":"1b4fe876c05713439457937bc1ee0d4893bec588d1e2d08b56ce47b3c240d72a","vout":0,"amount":2999.99999,"coinbase":false}],"vout":[{"n":0,"addresses":["prl1pdka0u5yzvkhtjn253p7d2wrda0cfex245wvckkzdd4zh2ejf5axqhflk6u"],"amount":499.99997787},{"n":1,"addresses":["prl1zndplm8eauxgjg4xdh8ahg4afynlfw2m86ya0d860uzpgn7pyjyzql40tex"],"amount":8900}]}