{"txid":"f0e0346995368baa2f1c42453aa4faf747b8ebe33bdb7c2579ec97f9f4e59465","block_height":null,"time":null,"vin":[{"txid":"f0e0346995368baa2f1c42453aa4faf747b8ebe33bdb7c2579ec97f9f4e59465","vout":1,"amount":1111.22282103,"coinbase":false}],"vout":[{"n":0,"addresses":["prl1z33xhg036ls3dnmtv7xpv2fsr5jg5xemwr64vwygez6lv64s3ddgqqpz8ep"],"amount":0.13},{"n":1,"addresses":["prl1pza4xkj2r85hkpwwak8l05v84q3mrqnmldquu30yhhl04tptqt58szjdsx6"],"amount":1111.09281949}]}