{"txid":"7da052650a038790198f4ea46589c29d80f2888219787265dd0f1d9a89cf7f5f","block_height":null,"time":null,"vin":[{"txid":"7da052650a038790198f4ea46589c29d80f2888219787265dd0f1d9a89cf7f5f","vout":1,"amount":4337.99998538,"coinbase":false}],"vout":[{"n":0,"addresses":["prl1z9y2mekunnmj57zftgw7tm5kr2d67t9jwjkp46xsrm5kt9u7svptssda8yf"],"amount":2000},{"n":1,"addresses":["prl1p8yfuwrmy52swm3vppn34st0g3v9jewdyf7w24w5qntm0pm57qdqqc53q0m"],"amount":2337.99998384}]}