{"txid":"62764b0483507785d9016cb61407ec26c020539569ccedcf935a8f3434549237","block_height":null,"time":null,"vin":[{"txid":"62764b0483507785d9016cb61407ec26c020539569ccedcf935a8f3434549237","vout":0,"amount":999.99999,"coinbase":false},{"txid":"e766c81fab0777816af87da652c20a2f6fc48a12c8a993abe792a174f7997604","vout":943,"amount":62.03894184,"coinbase":false}],"vout":[{"n":0,"addresses":["prl1p0e7saujaxs3vcn90n4lmp872hegq2qch32l30ffmkg7fct9wwgmsgc3zqx"],"amount":62.03880157},{"n":1,"addresses":["prl1zs3gx8ejzq2we6yqux8kdg0a4xm0pf4hl0fuw7kkuwesvncarxyqqx3uvfs"],"amount":1000}]}