{"txid":"aaf2cd324d4c0d3fbab118e1545ebb2808627a444329674693976db321cad0d2","block_height":null,"time":null,"vin":[{"txid":"aaf2cd324d4c0d3fbab118e1545ebb2808627a444329674693976db321cad0d2","vout":0,"amount":5460,"coinbase":false},{"txid":"2692ef4ee635344a0cbddde25036cc82dfcd22e7ffb77a2b46883ebb146f64f5","vout":0,"amount":10,"coinbase":false},{"txid":"f89f7e01a3b7d0128dd726cbb535b7fae9f6c90fb9391348df8fe95caa28a292","vout":1,"amount":0.03409192,"coinbase":false}],"vout":[{"n":0,"addresses":["prl1z3z232agzlhp3ty2kjx238qw4apvzremu9dkc04evkh2nlz0yp5pq2rr4cr"],"amount":5470},{"n":1,"addresses":["prl1pc5v7m7p60444h8gjl69a67q209mx8pyp3z4z9n0wdk44j5dtfx7qm78kpr"],"amount":0.03408922}]}