{"txid":"1609b94f56b3b737246646c18b1d7d54d214b8bc16f32344d1f068d1e1458055","block_height":null,"time":null,"vin":[{"txid":"1609b94f56b3b737246646c18b1d7d54d214b8bc16f32344d1f068d1e1458055","vout":271,"amount":238.91849627,"coinbase":false},{"txid":"07ab6ae0c98671155d166c8b413f57b6fa8a540759a4aa49ca370cda8c0e744b","vout":1021,"amount":226.7830241,"coinbase":false},{"txid":"7a0119fbd7776740422ef7063a68cff47ff25b6c6cd81078a0253b628aa01c41","vout":460,"amount":138.65255094,"coinbase":false}],"vout":[{"n":0,"addresses":["prl1zs2stxxv54kg3yzl42vug9cwx9vv93nu368ur0kuy7unkmffqgj3sey557l"],"amount":500},{"n":1,"addresses":["prl1pt3a6978x39yxjn72l6pyc8yht3fdewn2ujmwm2xqf0vmv7wk8t3qcgjcvx"],"amount":104.35406861}]}