{"txid":"3e139e7a730eb8b425201eb0b1b1d0b4ecc5a4fbe60795ef297c00e258318a3a","block_height":null,"time":null,"vin":[{"txid":"3e139e7a730eb8b425201eb0b1b1d0b4ecc5a4fbe60795ef297c00e258318a3a","vout":0,"amount":11399.99999,"coinbase":false},{"txid":"db8c574b888bdce32f4ba85ab809f3883f778b92f9e07138ed9f80b7f8397650","vout":1,"amount":14.09770102,"coinbase":false}],"vout":[{"n":0,"addresses":["prl1zvsy9x2grkupx3dr7pheh73pn3qfycwea58k4w04wq0qmz6j5ks6sjx57q6"],"amount":11400},{"n":1,"addresses":["prl1ps96adt4cjar3d4hs3m7sgqs7gjcxqgf2u7peflpwxhq5hp2h0y5qwlfhvd"],"amount":14.0976889}]}