{"txid":"1c477f49eb894bf3871b051fe229ea7f7116b83f1ea1952e149309d7bca5e994","block_height":null,"time":null,"vin":[{"txid":"1c477f49eb894bf3871b051fe229ea7f7116b83f1ea1952e149309d7bca5e994","vout":0,"amount":916.39999,"coinbase":false},{"txid":"91887c42895861d7717aeaea7535cf5be92e23302882399ab8e1dc079a61f07c","vout":1,"amount":0.01136139,"coinbase":false}],"vout":[{"n":0,"addresses":["prl1pn3zgsethlxgsaazh7hzzwrezhz5nllup7srqucxlt3c9d7whg00sw6n0t2"],"amount":0.00132958},{"n":1,"addresses":["prl1zlqp8zvlg0ne63v29ym6hg6cwyaem353zqjscpxuc7fm47mzmjdmqzw2x3c"],"amount":916.41}]}