{"txid":"33cc12f487b77d7a377289a5088e6b27aa635c7506647d7198c186b9c226d860","block_height":null,"time":null,"vin":[{"txid":"33cc12f487b77d7a377289a5088e6b27aa635c7506647d7198c186b9c226d860","vout":202,"amount":142.9372053,"coinbase":false},{"txid":"eef7b97aecd2902dc6de65523c7de7171c4740d0152e0016558adea0dd43c4db","vout":1,"amount":1.80833931,"coinbase":false}],"vout":[{"n":0,"addresses":["prl1zpcfcmsu0huk92pgfzzzf5rzxy4h3snsjrpln09xawurys22st4tsyya598"],"amount":144},{"n":1,"addresses":["prl1pcra3fr7ng9l5eft8ezyq0jdlzs6lzcr94w5psdcczqq4gdcz8cjqxv946s"],"amount":0.74554249}]}