{"txid":"dd9540836d7e340d69cc21d438d7db3cfc6a91227c2516e017f05b45db74df51","block_height":null,"time":null,"vin":[{"txid":"dd9540836d7e340d69cc21d438d7db3cfc6a91227c2516e017f05b45db74df51","vout":225,"amount":115.07827689,"coinbase":false},{"txid":"dd9540836d7e340d69cc21d438d7db3cfc6a91227c2516e017f05b45db74df51","vout":219,"amount":115.07827689,"coinbase":false}],"vout":[{"n":0,"addresses":["prl1z55ru2f3geus0mltj7gkjug2fhzw0m8l50fn6tyep3f2tam3s6xhqzywajx"],"amount":230},{"n":1,"addresses":["prl1p9seft2f0kx2wefh9p5m33gl5qzrm93yenne4hlkxgqsnqp5uc7rsaspvrk"],"amount":0.15655166}]}