{"txid":"286f4dbc85fb823344e3c5ca97ae7e7eb0afc8e7ddb4ce1e58a00abd2c76b23f","block_height":null,"time":null,"vin":[{"txid":"286f4dbc85fb823344e3c5ca97ae7e7eb0afc8e7ddb4ce1e58a00abd2c76b23f","vout":435,"amount":1194.71332028,"coinbase":false},{"txid":"1e81c425634a151fd35c445e9aefe431adc6daea47cc3f5a1846af4d93341cf5","vout":1,"amount":551,"coinbase":false},{"txid":"62fa8cb5adc75f3a6ad1e51df153d61008d333a89546b4a3f8fa99b5e090d573","vout":149,"amount":44.90162058,"coinbase":false}],"vout":[{"n":0,"addresses":["prl1pge9hkrn2wdaj2ek7xn9q8pdmstyzhm8nv0wt5cv4jsvtpty7xa3sg53har"],"amount":0.61492633},{"n":1,"addresses":["prl1z29quavzltexu3jsjqws9d5gd4tdknrx8nfqnkl3g6u08fhw58peq6ulr7r"],"amount":1790}]}