{"txid":"64645593f4e04d28058b4430690b851f6e8d697d167b5720105d217f70647bf0","block_height":null,"time":null,"vin":[{"txid":"64645593f4e04d28058b4430690b851f6e8d697d167b5720105d217f70647bf0","vout":1,"amount":5831.99998846,"coinbase":false}],"vout":[{"n":0,"addresses":["prl1zhzte5ph5syh72ues0n42rgadjqc227g7d64ehg0h02thd5dxzu8qz8dv76"],"amount":1000},{"n":1,"addresses":["prl1p209gdfdx4vl4y229jsqgx7rrncxpjpt2dgczqm7s8etpy0v60adqq05623"],"amount":4831.99998692}]}