{"txid":"9726c025789d1f4f3506ba79c63557828bffc0a54edb6a61b7d1aef028866771","block_height":null,"time":null,"vin":[{"txid":"9726c025789d1f4f3506ba79c63557828bffc0a54edb6a61b7d1aef028866771","vout":1396,"amount":317.24647658,"coinbase":false}],"vout":[{"n":0,"addresses":["prl1pwjewgwhxtl60nrhnemsurvuzv3f2aqkn8u075mh0hy60hr00ghjqkjj4m9"],"amount":67.24639035},{"n":1,"addresses":["prl1z993qk897hcy34pcld5uvug8jtxgcgfgwgu3lcs9c5q00pf7aunzsxayxtp"],"amount":250}]}