{"txid":"41aadd5b1977075d9713a32330ed42bb975b2fd68f66461d8c2f0eaddce369f5","block_height":null,"time":null,"vin":[{"txid":"41aadd5b1977075d9713a32330ed42bb975b2fd68f66461d8c2f0eaddce369f5","vout":0,"amount":199.99999,"coinbase":false},{"txid":"28d0620996b97e379868dcc0d7081cd96d27c8ad59385202ccab870b6e1d9773","vout":1,"amount":22.1663329,"coinbase":false}],"vout":[{"n":0,"addresses":["prl1ztcj7sl6n0l0nd4w9hvzsstycx4d50td7d0vphvep5lccvjkxgrvq04rmws"],"amount":200},{"n":1,"addresses":["prl1p6tx5s62jav7jp2rdd3cg5gyjaddan9zy5sc6pjg0zjg7eft93v4s0z0m3u"],"amount":22.16632078}]}