{"txid":"0527546950f412a8e81c6311df2cfd8d68dff4a76eb59c6483e1fccc88c426e9","block_height":null,"time":null,"vin":[{"txid":"0527546950f412a8e81c6311df2cfd8d68dff4a76eb59c6483e1fccc88c426e9","vout":18,"amount":44.5908556,"coinbase":false},{"txid":"0b33fe90ad1c4f5b3f95ce1da0b026bfbf1fc9ae9c50a1a1ed45acaf050108f4","vout":0,"amount":40.12353916,"coinbase":false},{"txid":"649664df34ce184d501624cfe3a0f59b23189b67f8505bbb02b8b90dde711227","vout":294,"amount":33.08720149,"coinbase":false}],"vout":[{"n":0,"addresses":["prl1pr5djpwy86fdmglcasrvzmsnpteer5d8ty7eas3vk42z80vudy0lqmtsjmu"],"amount":17.80158161},{"n":1,"addresses":["prl1z4h4qspudt9tzl724u224z6wp8ly5y4q33zqsu0cpxy3spnezf4msf6d0hw"],"amount":100}]}