{"txid":"5af09b8078d8d61db12757922cb2af6b4bbeab473d6df802e47a6a9ccf8e865a","block_height":null,"time":null,"vin":[{"txid":"5af09b8078d8d61db12757922cb2af6b4bbeab473d6df802e47a6a9ccf8e865a","vout":0,"amount":150,"coinbase":false},{"txid":"25f4d3ba55e3481afb30777cf0fc0d7214926cb593cad972c03f2fafacedd1a4","vout":0,"amount":134,"coinbase":false},{"txid":"b9972806b8f634f88e117a86b2afb53871b04e270a2dca1ffb71d8598bf8a210","vout":1,"amount":0.11009435,"coinbase":false}],"vout":[{"n":0,"addresses":["prl1zgxfxurv04smx3fmue3cl5yw0jw7w5gt6lyc9vjnv5wlspd3ktgfsqa6ft0"],"amount":284},{"n":1,"addresses":["prl1p9849nsvv3twpqdjxe3v7xk6g0k2upz0vpy4pcyna4fn6v6c8guss2ctcaw"],"amount":0.11009165}]}