{"txid":"9e99029dd9f8ee3c2b872fb30ce0ede04831d4202f57d20d23a8097655b87dea","block_height":null,"time":null,"vin":[{"txid":"9e99029dd9f8ee3c2b872fb30ce0ede04831d4202f57d20d23a8097655b87dea","vout":0,"amount":509.99999,"coinbase":false},{"txid":"dd03399998d93e421a74d306a64072dbc7765315876b3769d343f5f822ea2cd0","vout":0,"amount":3.40430368,"coinbase":false}],"vout":[{"n":0,"addresses":["prl1p6cgqvd6yjyxalt48ffnesnpmvjfzacaz2qkrt4vw9wzz087hy5mspcf7dy"],"amount":1.40428205},{"n":1,"addresses":["prl1z8r2gzpa575wgnj0kpjgd89urmy9nvv0ju4l7pd6nmspgf9mpyqys6sw3em"],"amount":512}]}