{"txid":"43c53c6caf26e512795b6551cc65fe0998f49302a005e1affd39b3c809c26623","block_height":null,"time":null,"vin":[{"txid":"43c53c6caf26e512795b6551cc65fe0998f49302a005e1affd39b3c809c26623","vout":335,"amount":5188.9637018,"coinbase":false},{"txid":"48db27bead3a2e268f451eb2e1479553d78cb2f248209874a0760827121bfd69","vout":1,"amount":360.99997516,"coinbase":false}],"vout":[{"n":0,"addresses":["prl1pdq0lupn5az073jc3rxc0fw9lph6y3prmug6kv0zmj3vhtwgk2tqq8q5ney"],"amount":49.96366553},{"n":1,"addresses":["prl1zc5kmgyyq5qaujffpsfsplhzypnn92whthry0nymwmt7s7y5nvshsrk3wut"],"amount":5500}]}