{"txid":"774426c6b4a160b55bda6948c8dd03b005ef30b90ee33f2e9959e5d0f5d8ec01","block_height":null,"time":null,"vin":[{"txid":"774426c6b4a160b55bda6948c8dd03b005ef30b90ee33f2e9959e5d0f5d8ec01","vout":0,"amount":649.99998889,"coinbase":false}],"vout":[{"n":0,"addresses":["prl1z6e57m6wl33ng7cjuwcpl9pvgq26dn75g2dykk2fz3rh3329aq8lsudkdjg"],"amount":649},{"n":1,"addresses":["prl1p3vf5t5xvf7hsda0cgrsvzk329tg66daww2g7d8nkr3kvj2dhls0qgjs73g"],"amount":0.99998734}]}