{"txid":"6b796a2ed4486a1f8e1bb08d70683ad7741312007d72f00e20abda8557961261","block_height":null,"time":null,"vin":[{"txid":"6b796a2ed4486a1f8e1bb08d70683ad7741312007d72f00e20abda8557961261","vout":0,"amount":13034.45037676,"coinbase":false}],"vout":[{"n":0,"addresses":["prl1zy9m9a4nnft8d6uld7cuw82gj4hzlsla5ecpsgvp45uue7kpjkgdq0sr69p"],"amount":10000},{"n":1,"addresses":["prl1ph8e3gxnytz9zmemwygpmlahft0d5gz4wwqs6uu0nqmlwhm80laeqhpm3ex"],"amount":3034.45037522}]}