{"txid":"609d03ca189d355a0de56ecb922c8b89308e29ca04908b585049e01dfc05744a","block_height":null,"time":null,"vin":[{"txid":"609d03ca189d355a0de56ecb922c8b89308e29ca04908b585049e01dfc05744a","vout":539,"amount":92.31520964,"coinbase":false},{"txid":"735540988a2452a6cc89a47c3970026707f3de8e5b03969d4e1bec402f8473db","vout":39,"amount":17.12219724,"coinbase":false}],"vout":[{"n":0,"addresses":["prl1zd07vxr35t03gp29y32gxzd44ns6ky9nw5658330mr5d5emfk58xsgz9x6p"],"amount":103},{"n":1,"addresses":["prl1py4vmmsfjyrem69uslajypz4x5zw6cf096ucdgwx3vkcls4p0r9kqhtt723"],"amount":6.43740476}]}