{"txid":"12a52f26f51389ea0c30b73085a1536e791cd51a9bc530f02afc64a139754bcd","block_height":null,"time":null,"vin":[{"txid":"12a52f26f51389ea0c30b73085a1536e791cd51a9bc530f02afc64a139754bcd","vout":0,"amount":232.99999,"coinbase":false},{"txid":"f4c7df711b2ed24e91c11565cbe18f363a17d67de85164cfe83212b75bac6b86","vout":0,"amount":0.88397326,"coinbase":false}],"vout":[{"n":0,"addresses":["prl1zh6kxv7p3k8vmh6rpv99vqe45qcavas64w4swhq74cdwykfayyggsh9st97"],"amount":233},{"n":1,"addresses":["prl1paz84g6p780muwzxhz9udv4tv3l75a7uq3mhkuc24nc862ez7ly3quvde8m"],"amount":0.88395168}]}