{"txid":"697182cbb916d3d21b1d9d1b86e879d3a46758d4fa364fa481e9d26055f611d0","block_height":null,"time":null,"vin":[{"txid":"697182cbb916d3d21b1d9d1b86e879d3a46758d4fa364fa481e9d26055f611d0","vout":0,"amount":1000,"coinbase":false},{"txid":"42df74577307553391a97e19d613c7ef6cb32ff86257f50fe6d02e14615281cd","vout":1,"amount":0.99999634,"coinbase":false}],"vout":[{"n":0,"addresses":["prl1ztuyv63hepawfh9sl20ztq9q376cx5nur80ym9dc6t33xhgq8jjyq0eh62c"],"amount":1000},{"n":1,"addresses":["prl1pplvtsac7kg3gvv0c8u9d7hskgm2tmalk7j39sn72pqhttv4z4c5qf0w845"],"amount":0.99999422}]}