{"txid":"a401c91b9c2f93bb343239f2a6200736aa2e1bfca95512000448dd8121896994","block_height":null,"time":null,"vin":[{"txid":"a401c91b9c2f93bb343239f2a6200736aa2e1bfca95512000448dd8121896994","vout":1,"amount":606.28873894,"coinbase":false}],"vout":[{"n":0,"addresses":["prl1zszs2sz7qckqlgrw7sq70twwdknvldg4wknwxnpkhj99yxpxl0cgqvrrgdx"],"amount":138},{"n":1,"addresses":["prl1p3mzfwrw9y2tpj9cyfxw3nzusyevvwmulwkarwpqpgrnl9k542xqsqc6220"],"amount":468.2887374}]}