{"txid":"48ac2c10497c47f891a92822128e6fd382afe76e1d11cdc82946a4122b217017","block_height":null,"time":null,"vin":[{"txid":"48ac2c10497c47f891a92822128e6fd382afe76e1d11cdc82946a4122b217017","vout":214,"amount":336.35873213,"coinbase":false},{"txid":"119118733f3fc6e5087e59075a40af6a689ff311fd99c4e0dc4e26115102cf44","vout":758,"amount":313.8855338,"coinbase":false}],"vout":[{"n":0,"addresses":["prl1zewc542k4r7v3a2jpes3h0rewur2jmsd6yve34y37h0nap8jnv2js8jcf7g"],"amount":530},{"n":1,"addresses":["prl1pyvr4z0yy6m5vlnelk09kqxs3retmaewqdv9jd6vww6kzmhh9r7ksvvmywy"],"amount":120.24416593}]}