{"txid":"ae74a274d5ae66f780fe1754c11dd8d99325f2603b27d84fbb19448aad61ae2a","block_height":null,"time":null,"vin":[{"txid":"ae74a274d5ae66f780fe1754c11dd8d99325f2603b27d84fbb19448aad61ae2a","vout":0,"amount":986.9421599,"coinbase":false}],"vout":[{"n":0,"addresses":["prl1zg8nrnnc5pgd6mhlqg6hkyluagswsnczrhh3y5jdr05284n7syvjqkngt80"],"amount":940},{"n":1,"addresses":["prl1p3lthrt3n7yrrh7qdttq68aq5q76qn0alnmftqqw3hvxh450atm2q3w0pa6"],"amount":46.94215836}]}