{"txid":"340e0a2209d801608835459dfb59a8fec89c8821935e77bb3caeb10ab10d442b","block_height":null,"time":null,"vin":[{"txid":"340e0a2209d801608835459dfb59a8fec89c8821935e77bb3caeb10ab10d442b","vout":0,"amount":7767.08899061,"coinbase":false}],"vout":[{"n":0,"addresses":["prl1ztm4j6hzm90cacxc6w8eqn70zdt5vw9vnjapmmel6s2e2qxpa8atqe299ax"],"amount":5000},{"n":1,"addresses":["prl1p47rm07xafyztc7dz0pcs0pur3psdfqgfsawrpk646d4gasy0w2mst6rxak"],"amount":2767.08898907}]}