{"txid":"76003201bea36e8c7737c800673cdf1b81a3c0fc6458ecfb8edb0348f893a665","block_height":null,"time":null,"vin":[{"txid":"76003201bea36e8c7737c800673cdf1b81a3c0fc6458ecfb8edb0348f893a665","vout":1,"amount":6376.5751319,"coinbase":false}],"vout":[{"n":0,"addresses":["prl1zvnzzecya63tp0swg360szmyvcr508p4h2ae4qlruur3ymy56kf7qcpefnr"],"amount":1000},{"n":1,"addresses":["prl1pgz7xkmw396pcnw43ptt4sg35gkv5ax789whywt6ja7mqz494hrmq2q3fk9"],"amount":5376.57513036}]}