{"txid":"2765f8b97afdcc73a7ef845963a737fdaaed1c5850012964ca1ea2433d8fabfc","block_height":null,"time":null,"vin":[{"txid":"2765f8b97afdcc73a7ef845963a737fdaaed1c5850012964ca1ea2433d8fabfc","vout":0,"amount":5931.99999,"coinbase":false}],"vout":[{"n":0,"addresses":["prl1zfthdqpq2njgc7pu3904sffthnww24p8tgcpfc6p8gsth3f278f8qjvpkcj"],"amount":100},{"n":1,"addresses":["prl1p8yfuwrmy52swm3vppn34st0g3v9jewdyf7w24w5qntm0pm57qdqqc53q0m"],"amount":5831.99998846}]}