{"txid":"896c18955f97f46e9810e5ce137e7647682667c3aac081fb1a47e28ff437613b","block_height":null,"time":null,"vin":[{"txid":"896c18955f97f46e9810e5ce137e7647682667c3aac081fb1a47e28ff437613b","vout":14,"amount":65.37609152,"coinbase":false},{"txid":"3235097926adf634edac07c9f8a3102a6ef0b2a32ccaf94aafa1c1b3c4675ab1","vout":0,"amount":57.19255602,"coinbase":false}],"vout":[{"n":0,"addresses":["prl1zqnnafn2fdls7lntf8drj0c5p2mevc3m4lygykgjvjzvu7aj5508qla57c4"],"amount":100},{"n":1,"addresses":["prl1p5afcdxywm5v2kmgkuuzqp4qt7hl7s0f3xzqktckxekka53rlu6ks49cyrh"],"amount":22.56864542}]}