{"txid":"21f7186a2e07745f613d265eed226de22c78027abcf9500d68e215466b70ee8d","block_height":null,"time":null,"vin":[{"txid":"21f7186a2e07745f613d265eed226de22c78027abcf9500d68e215466b70ee8d","vout":136,"amount":1378.84548601,"coinbase":false},{"txid":"649664df34ce184d501624cfe3a0f59b23189b67f8505bbb02b8b90dde711227","vout":90,"amount":1337.58820101,"coinbase":false},{"txid":"43c53c6caf26e512795b6551cc65fe0998f49302a005e1affd39b3c809c26623","vout":227,"amount":1239.98395998,"coinbase":false}],"vout":[{"n":0,"addresses":["prl1zxsn0k3cfjjvfcxfd3ggsv8drd4v4xetl2dmmz0wnwnjlrzzsxcasmrn6c7"],"amount":3000},{"n":1,"addresses":["prl1p52hjewn8q7dx7avrjkwywn7mjsjgjgddfe89697pvuawlk4xp5nqpw7wxt"],"amount":956.4176443}]}