{"txid":"187cdc0cb26d6db81fb494fd00fa48c5a2cc766d6dbf3f7240ee7dccd8b7157a","block_height":null,"time":null,"vin":[{"txid":"187cdc0cb26d6db81fb494fd00fa48c5a2cc766d6dbf3f7240ee7dccd8b7157a","vout":1,"amount":558.99999076,"coinbase":false},{"txid":"fa1933f0d590000a7f0aa71028d6a68677c9942a0df83b10567f7b7f45967567","vout":0,"amount":99.99999,"coinbase":false},{"txid":"17285134ae015212d8b2a37bb902e6faf48b7e6a3d5a36a8e4a2c36e95ef9778","vout":0,"amount":10,"coinbase":false}],"vout":[{"n":0,"addresses":["prl1zhgw3qpqhxd942pykhg084qkze3se8szsdtdava0k3j77q8w6qhrqcqfynk"],"amount":666},{"n":1,"addresses":["prl1p47rm07xafyztc7dz0pcs0pur3psdfqgfsawrpk646d4gasy0w2mst6rxak"],"amount":2.99997806}]}