{"txid":"95277d47e727e98cef9656c1f998059c0d817f49aa40b0af942d1cb1d1f063b0","block_height":null,"time":null,"vin":[{"txid":"95277d47e727e98cef9656c1f998059c0d817f49aa40b0af942d1cb1d1f063b0","vout":0,"amount":2855.92213108,"coinbase":false},{"txid":"c8cbdf125e18d523097f103ba98168ab327e55dd74e217456c3d8f7f27cf88a2","vout":0,"amount":2854.88158917,"coinbase":false}],"vout":[{"n":0,"addresses":["prl1p4dpsaedd7fpjlcd2u6cx7st52st8ppq9ggtqs36jr3yscu3hpz5qp240fy"],"amount":1710.80369895},{"n":1,"addresses":["prl1z29xqsalyhahdexcjcx9gnyx435qamkhte0ussaz4p3mmsvwef3fqznhlxg"],"amount":4000}]}