{"txid":"212c4059e2d96f61530a6fdd170e2c696186f82ee0d9199dac55b78c86f20c2d","block_height":null,"time":null,"vin":[{"txid":"212c4059e2d96f61530a6fdd170e2c696186f82ee0d9199dac55b78c86f20c2d","vout":327,"amount":185.74293324,"coinbase":false},{"txid":"62fa8cb5adc75f3a6ad1e51df153d61008d333a89546b4a3f8fa99b5e090d573","vout":160,"amount":60.42699349,"coinbase":false},{"txid":"80bd6813f9501be6737925c93e948d0c9f4b46f991831e6412842ec6d55baa56","vout":1,"amount":2.81098116,"coinbase":false}],"vout":[{"n":0,"addresses":["prl1z7pra07rzeesv4zz8hfqcftx0vy2emnwyeaw4h9c20rxmgvtzzkpqz6ezjq"],"amount":248},{"n":1,"addresses":["prl1p3ragx4wx36592wpx7z6k876x8gm3tz2rtvstl76kd7r5seeje3mqhe4a4y"],"amount":0.98089343}]}