{"txid":"7978ac1a063bf45085c493b7024a301338749d25bbdb92a37765df1615cfa476","block_height":null,"time":null,"vin":[{"txid":"7978ac1a063bf45085c493b7024a301338749d25bbdb92a37765df1615cfa476","vout":0,"amount":296.17169798,"coinbase":false}],"vout":[{"n":0,"addresses":["prl1zslc6v4xv63fyvaaxt4qhzcpmjewzwx7u3q7dtntap47zl5wjncfshxd83e"],"amount":296},{"n":1,"addresses":["prl1pm2u7jht5vqqw32k5e2m87dpwhavwwrjnd6d7tjtpsv3l8qzzgdds8d449j"],"amount":0.17169644}]}