{"txid":"7375c99dac20d04963a7e1d997a4d5dafba3951591ea0b014b82f5b8d259adac","block_height":null,"time":null,"vin":[{"txid":"7375c99dac20d04963a7e1d997a4d5dafba3951591ea0b014b82f5b8d259adac","vout":171,"amount":507.65048726,"coinbase":false},{"txid":"a7666431bb8628263407f9d12890ba6fbf0a2a9a9edc00d232e9873d75df3b77","vout":175,"amount":455.22767649,"coinbase":false},{"txid":"90a8d0d2b0ef32a807b5b76f7cf99e6c6725d7ac5fe4ec69606cc7e3607fedc5","vout":1,"amount":3.43021553,"coinbase":false}],"vout":[{"n":0,"addresses":["prl1zrl6350sce96f9fcdrzt04sukas59n420yje74qwq52c09rhuje8sjy6tzu"],"amount":966},{"n":1,"addresses":["prl1pyx60pwd6wy8z4a3f29s80e6jgyswl2an6zups6xwkp94h0e0ahpqqz69zu"],"amount":0.30837658}]}