{"txid":"5b41e57f3c5861c74e46f414c603528c0eae6a9500fc1566512f97996c90cdaf","block_height":null,"time":null,"vin":[{"txid":"5b41e57f3c5861c74e46f414c603528c0eae6a9500fc1566512f97996c90cdaf","vout":846,"amount":389.44708167,"coinbase":false},{"txid":"71d32a3a2422498aba63b6734fb702fefc22357f6254e5d80ed45519cd7bbecf","vout":1,"amount":0.54676966,"coinbase":false},{"txid":"15c97389b45f11e1952ef662e80534c4630805990878925ae7a61c9457899ac6","vout":1,"amount":0.02975915,"coinbase":false}],"vout":[{"n":0,"addresses":["prl1z9dmhv9ur5mhf5gfdqeujlkf5q0lwf7we0za06qaxdj860kudjnjqlpfr0e"],"amount":390},{"n":1,"addresses":["prl1ph8pm3wq738kt7q3sjusztaml6v8ur444506r44qderqly0whwsmqmxlw2e"],"amount":0.02360778}]}