{"txid":"92d6a242bea7a5a00e4c123c8c97f07071e035b0b6635134a05dedf2bbdb23de","block_height":null,"time":null,"vin":[{"txid":"92d6a242bea7a5a00e4c123c8c97f07071e035b0b6635134a05dedf2bbdb23de","vout":0,"amount":611.00556996,"coinbase":false}],"vout":[{"n":0,"addresses":["prl1zfw42zraeatsehkv8xkpx3mp7d4qq45c3n5kkez9x9f4n0efzqfkqufkl3z"],"amount":500},{"n":1,"addresses":["prl1pxgx47sgn9wrzhl5gsugur9j4yxzpf7wpfv4m4ynqr35w9ng4avvqduz955"],"amount":111.00556842}]}