{"txid":"7867fd1d68df635ab77f4cbb02e924efa868983741076db186858068a21ab3cc","block_height":null,"time":null,"vin":[{"txid":"7867fd1d68df635ab77f4cbb02e924efa868983741076db186858068a21ab3cc","vout":1115,"amount":235.44128615,"coinbase":false}],"vout":[{"n":0,"addresses":["prl1zj9j2xdrzlvrpgw64zaxsecqykclfv2nmrc8aym5a49apcaytj42qer5z7z"],"amount":235},{"n":1,"addresses":["prl1p25v93xmqe2qtmm2gyxvyvdcgc8cjzgg7e02rtnt992es835atkfqtxggws"],"amount":0.44128461}]}