{"txid":"c58000f3db60fec6c6bf0fd76335250fd32a2edc785df5b4c94e6e9382e9a729","block_height":null,"time":null,"vin":[{"txid":"c58000f3db60fec6c6bf0fd76335250fd32a2edc785df5b4c94e6e9382e9a729","vout":0,"amount":999.99999,"coinbase":false},{"txid":"824a388ea30d8639c60c00ae00b1ade35d8fcf917abae4ebb271158c1da68e9d","vout":1,"amount":499.99998846,"coinbase":false}],"vout":[{"n":0,"addresses":["prl1zcqj6e6rvnkmem6lz2sclp7g6wmyzm23ht0zndqjlw9ezu5v05kast3cz0e"],"amount":1000},{"n":1,"addresses":["prl1p209gdfdx4vl4y229jsqgx7rrncxpjpt2dgczqm7s8etpy0v60adqq05623"],"amount":499.99997634}]}