{"txid":"e9d80d158b2cf6ab783a49bfa7905022e47b8bc7fed02501d93d51f5f963253f","block_height":null,"time":null,"vin":[{"txid":"e9d80d158b2cf6ab783a49bfa7905022e47b8bc7fed02501d93d51f5f963253f","vout":0,"amount":499.99999,"coinbase":false}],"vout":[{"n":0,"addresses":["prl1zt7wgsn72uuy3ra6e2eqpaaldkwsdvyw8g8xypvkcnwdkn4v6fpvqsu9j9l"],"amount":300},{"n":1,"addresses":["prl1py2n7tkh63kqs92aqutah4ytmxyajt2hgfucn3mkhvynnapyvuj6sq57t3j"],"amount":199.99990707}]}