{"txid":"ef281c363355e9e7779353dfd3a62d487d6a59714d5fd3d7d0866e8d31a89625","block_height":null,"time":null,"vin":[{"txid":"ef281c363355e9e7779353dfd3a62d487d6a59714d5fd3d7d0866e8d31a89625","vout":0,"amount":649.99999,"coinbase":false},{"txid":"9d042eabd546486581752030ba7afdb59f4f672e09da15406245ae2dff984665","vout":0,"amount":0.03646572,"coinbase":false}],"vout":[{"n":0,"addresses":["prl1pukrh59wn69qcgwvh24g52sm5x4w4zxsfqp6ksu8s2f3vz0qrckuqhqk8nw"],"amount":0.0364441},{"n":1,"addresses":["prl1zsm2ncaqa45tsyzm6eyqsxsf0ncts0p8kgq0hyqxt6w2ueuudm8hss947nd"],"amount":650}]}