{"txid":"25759a043cd919453142cd56bf50e623b48f15c01a08db14173bc177edb1debe","block_height":null,"time":null,"vin":[{"txid":"25759a043cd919453142cd56bf50e623b48f15c01a08db14173bc177edb1debe","vout":1,"amount":34847.46496386,"coinbase":false}],"vout":[{"n":0,"addresses":["prl1p0l0spg76203n724j37v07v36az85yny5m5lwlrgffqxp2sxt0yjsvh88mr"],"amount":17.46494836},{"n":1,"addresses":["prl1znrcujt0227tnutjp5hupvz2akkxvjrg0ca7r5jkzxr9qyfrkl3ks7e7429"],"amount":34830}]}