{"txid":"9726c025789d1f4f3506ba79c63557828bffc0a54edb6a61b7d1aef028866771","block_height":null,"time":null,"vin":[{"txid":"9726c025789d1f4f3506ba79c63557828bffc0a54edb6a61b7d1aef028866771","vout":1773,"amount":147.10721279,"coinbase":false}],"vout":[{"n":0,"addresses":["prl1pxt4dms4gyst79uzpsc575ucckerz92m99k5y4yvkz6xw76y6k9rslk8lhw"],"amount":7.10712639},{"n":1,"addresses":["prl1zv98mffl7ufmtxe3nvvtyerdmweak2qmnhy0v9pmd9xf55s3g82cstp9ay7"],"amount":140}]}