{"txid":"080c39ae1c0bfa98aeb200c3cd2ea12b5f4e47e48f9c65778c9337c589189ed0","block_height":null,"time":null,"vin":[{"txid":"080c39ae1c0bfa98aeb200c3cd2ea12b5f4e47e48f9c65778c9337c589189ed0","vout":0,"amount":2000,"coinbase":false},{"txid":"82e9bf8c4dfc49f7ff86d0182773e53ac1eed6bcf2621445f48d318446f5a146","vout":1,"amount":1499.99998846,"coinbase":false}],"vout":[{"n":0,"addresses":["prl1zc6x768dgm6m59g6f27099ketaf59w7hgfjmk8qjae7mvf42vnwlqcn3ey4"],"amount":2000},{"n":1,"addresses":["prl1psr07w39lz85n23tffktvfmngtre5rdq9uck26qkx7enun8jpfl4qux2t57"],"amount":1499.99998634}]}