{"txid":"9cc91fcf106c5595b1d586e3861930058c9bca8613bdbd6d86939b28252f6dec","block_height":null,"time":null,"vin":[{"txid":"9cc91fcf106c5595b1d586e3861930058c9bca8613bdbd6d86939b28252f6dec","vout":756,"amount":233.56024627,"coinbase":false}],"vout":[{"n":0,"addresses":["prl1zzshd4uq472f4sf9ygr2800m5n8uygswmpkxnpmn5lzwj2s5pvkdqtq4m9f"],"amount":140},{"n":1,"addresses":["prl1p93n4r59yr4zeqjraghrcrhww6ektyht6xmpcgwc6l9k044qadfzqjveld3"],"amount":93.56016265}]}