{"txid":"2681fc697f3e0cf42b9274fd797bd55fc198c372df349f1dc17b9fd22e06c989","block_height":null,"time":null,"vin":[{"txid":"2681fc697f3e0cf42b9274fd797bd55fc198c372df349f1dc17b9fd22e06c989","vout":1,"amount":2343.32200673,"coinbase":false}],"vout":[{"n":0,"addresses":["prl1zm7k5f8xj454uqrsj4zer8f6qtdg7q66l77l48pnvr3x00m3luawq9rfgrt"],"amount":100},{"n":1,"addresses":["prl1pxgx47sgn9wrzhl5gsugur9j4yxzpf7wpfv4m4ynqr35w9ng4avvqduz955"],"amount":2243.32200519}]}