{"txid":"d828ef9dc30fc3cd0bb62a6f1ce4eac2c4e6e48bf74a567b45c3aab4225399fb","block_height":null,"time":null,"vin":[{"txid":"d828ef9dc30fc3cd0bb62a6f1ce4eac2c4e6e48bf74a567b45c3aab4225399fb","vout":0,"amount":300,"coinbase":false},{"txid":"fc2868c387febdf497163c2cda601725a1e876956e894cd26b545769728ae0d8","vout":0,"amount":2.37365497,"coinbase":false}],"vout":[{"n":0,"addresses":["prl1pfujttllmefmjdxtakep2pgan0wemgn4a06jms3gayyatzuverrysyjqfx6"],"amount":2.37364339},{"n":1,"addresses":["prl1z5xtkq3jvjfh0lxduhqe0ycsn85pk63qh3fhya0jsxk5w4eqdegdqh5syfg"],"amount":300}]}