{"txid":"eee60894ebc12804151ff711ac8b8c62889ab17710633d5d51a2ea1f12756c2e","block_height":null,"time":null,"vin":[{"txid":"eee60894ebc12804151ff711ac8b8c62889ab17710633d5d51a2ea1f12756c2e","vout":1,"amount":967.99997788,"coinbase":false},{"txid":"37f854f4d929466b391b5932f876344e6f3a0ebfa8e290db7303f0ca71f187b1","vout":1,"amount":529.99999384,"coinbase":false}],"vout":[{"n":0,"addresses":["prl1z28rzfvcuwga7dprua77dh9xuavem7m0ldg9qxrcpph9alf7hmfvsj778vg"],"amount":1000},{"n":1,"addresses":["prl1p209gdfdx4vl4y229jsqgx7rrncxpjpt2dgczqm7s8etpy0v60adqq05623"],"amount":497.9999696}]}