{"txid":"3ede462416a9fce82b03bdf445d6fd0193c73dc64b5220a037b6e27463f529ef","block_height":null,"time":null,"vin":[{"txid":"3ede462416a9fce82b03bdf445d6fd0193c73dc64b5220a037b6e27463f529ef","vout":0,"amount":139.99999,"coinbase":false},{"txid":"f21130c2fd3f9723fe346a15f41dc93fa321dae8a82620978a367e4b08fa0996","vout":1,"amount":5.23649705,"coinbase":false}],"vout":[{"n":0,"addresses":["prl1zftky94y478cmmsaxsqasvmap5tq7wh7nxlvnawq6q90qppn5nqzsyquwt7"],"amount":140},{"n":1,"addresses":["prl1pefy97fscslmg7ls4nnydj4x2qk87e9g20ztf6d9h0sf0s007flhsghwpnu"],"amount":5.23648493}]}