{"txid":"5d3db1482dae5dbf18d197807926bce193b0ca3af415ecf686d0ec40ac73a09d","block_height":null,"time":null,"vin":[{"txid":"5d3db1482dae5dbf18d197807926bce193b0ca3af415ecf686d0ec40ac73a09d","vout":0,"amount":147.38290013,"coinbase":false}],"vout":[{"n":0,"addresses":["prl1p6vexrslm48t47k34na77r8kx2p90e4uzcpa3qgfarvx6et0guvlqvj422j"],"amount":4.38289173},{"n":1,"addresses":["prl1zzty6f8etxgtskal592z5sq988npgum30f4ug8qe4g40ywhstgzwsd5p6kr"],"amount":143}]}