{"txid":"07ab6ae0c98671155d166c8b413f57b6fa8a540759a4aa49ca370cda8c0e744b","block_height":null,"time":null,"vin":[{"txid":"07ab6ae0c98671155d166c8b413f57b6fa8a540759a4aa49ca370cda8c0e744b","vout":348,"amount":50.89520226,"coinbase":false},{"txid":"4d588a4d8cd3aca39a3138b7a6cbd5883d1cfd39aff18ab175d6f64ab98ed001","vout":166,"amount":40.10358282,"coinbase":false},{"txid":"061de1994885b7febbe1d320401fd987cde9c5b191e0291e3b56912a85da17cd","vout":477,"amount":39.99232609,"coinbase":false}],"vout":[{"n":0,"addresses":["prl1zdq36kkywdgmh5v0jymdh2fsar4tdgpmkfy0wasv3kqw9c5342wysmrzx6h"],"amount":100},{"n":1,"addresses":["prl1p3xjgln4lj6g6qdjjjtttu3mkz8kr7k8swy4uzs6gd2ftxqmdmqfsqkxzgd"],"amount":30.99108417}]}