{"txid":"d4d544d7bb1ca3f791c68cc068b1ca813272e5677866fdd011299471d9381d0e","block_height":null,"time":null,"vin":[{"txid":"d4d544d7bb1ca3f791c68cc068b1ca813272e5677866fdd011299471d9381d0e","vout":0,"amount":267.99999,"coinbase":false}],"vout":[{"n":0,"addresses":["prl1zewztjnn27v59uhqu9weczshnvggj354y47mzhxkukzr6rqlsthds55uc9d"],"amount":100},{"n":1,"addresses":["prl1p5afcdxywm5v2kmgkuuzqp4qt7hl7s0f3xzqktckxekka53rlu6ks49cyrh"],"amount":167.99998846}]}