{"txid":"587f98d2de2a6523116165fea23ca779fb19d60687b49649f677b02760c40560","block_height":null,"time":null,"vin":[{"txid":"587f98d2de2a6523116165fea23ca779fb19d60687b49649f677b02760c40560","vout":60,"amount":272.98263354,"coinbase":false}],"vout":[{"n":0,"addresses":["prl1pl5w77vss3f7ap3szk3d8ly6v30uywrxd5d27z85p2j439mtkm80sdz4zl5"],"amount":22.98258322},{"n":1,"addresses":["prl1zhwzjnjraz5kec380a2zdz6kmeucgx6vcp4s4ltr9kahew0zd9ykqcfv793"],"amount":250}]}