{"txid":"81f546a10d2cdc5e9a41c6ac17e4c4f839ad7b4037067083f4831b37fd664e19","block_height":null,"time":null,"vin":[{"txid":"81f546a10d2cdc5e9a41c6ac17e4c4f839ad7b4037067083f4831b37fd664e19","vout":1,"amount":2989.70070785,"coinbase":false},{"txid":"2bb2735ac082989a0a59f05ad28952a56552cfd2e474841220eaf66d8415a107","vout":0,"amount":2989.60073752,"coinbase":false}],"vout":[{"n":0,"addresses":["prl1pfa0rde4uxujhfl23jr7q6s48lzxv3s3t86m4sjt3nqkum9ak3exqvxphay"],"amount":979.30144324},{"n":1,"addresses":["prl1zvhj5pur7tpg404f3sv7nccl6cwcm53v6msnwsj95dvxspukr3sqq3y0htn"],"amount":5000}]}