{"txid":"2cd908dfd14a858af135b5286b93476778322144c6d19c42966a9563d20fb897","block_height":null,"time":null,"vin":[{"txid":"2cd908dfd14a858af135b5286b93476778322144c6d19c42966a9563d20fb897","vout":0,"amount":99.99999,"coinbase":false},{"txid":"c01616fb26919a1afd656e84e94a2e64c14395c09c8ee7b9037ab0ea2390f20e","vout":807,"amount":11.64169325,"coinbase":false}],"vout":[{"n":0,"addresses":["prl1z8zpkk2np8hcqdhc9sgpssshmakkgqafz8xjde6mvhx5tsdfh9pvsr6ua04"],"amount":100},{"n":1,"addresses":["prl1phc9zjg27cj3cjnsnw7nu2aazwsvu3nfzl9mepmcmdrhu0xal3hwshqv5tp"],"amount":11.64168113}]}