{"txid":"122c8a41048ccface5d1f94433a894bbb2a4577936f998b8916ebed4ebd60787","block_height":null,"time":null,"vin":[{"txid":"122c8a41048ccface5d1f94433a894bbb2a4577936f998b8916ebed4ebd60787","vout":0,"amount":161,"coinbase":false},{"txid":"21c0267f884652973df3325998929ea9a688e89936c0b1fc2e452755cd6b85d6","vout":1,"amount":0.00995758,"coinbase":false}],"vout":[{"n":0,"addresses":["prl1zzugwexpyl5vaps974qsxdw7ufeuey6ff3874n9ymwgln6mypfl8q2pkcg6"],"amount":161},{"n":1,"addresses":["prl1p3xdx7d6ef9aw4vm805xmftzaakk3eempzchgwlq2gyl5ap0mk42s6mcuyk"],"amount":0.00967484}]}