{"txid":"39f3a18dd129ec8787142986a27c1b71317d36548cb37a06f4e7b72065bee141","block_height":null,"time":null,"vin":[{"txid":"39f3a18dd129ec8787142986a27c1b71317d36548cb37a06f4e7b72065bee141","vout":1,"amount":794.03900174,"coinbase":false},{"txid":"5d14538d9dcfce79c106b582745c0bb5e5a24a7ab84ce636891e2502dab25965","vout":283,"amount":728.34173492,"coinbase":false}],"vout":[{"n":0,"addresses":["prl1zmulxs7rxgpjupac7ldgj7wrcrma55ts0kff066k5uus2m64x3nuqeafln5"],"amount":800},{"n":1,"addresses":["prl1p09tv0fjr4gmtcgcxa3eml8sugutmgy2juxclshdn4mv5ss92wl5qujaw2r"],"amount":722.38073454}]}