{"txid":"57ad7588ba2b4a826b393d4af5bd09ea91011cf09513e3e3924d87c4ee655563","block_height":null,"time":null,"vin":[{"txid":"57ad7588ba2b4a826b393d4af5bd09ea91011cf09513e3e3924d87c4ee655563","vout":82,"amount":544.64019875,"coinbase":false}],"vout":[{"n":0,"addresses":["prl1pzwa7qs6pe76ja76u4q7hsm35y3rgyltfkjpgttwedcf6d3kqwl5qkjxl78"],"amount":44.64019031},{"n":1,"addresses":["prl1z3uklhafl6egsfhy3dlmclqkzxc3rrjr6fjhy2cplndsk8fkp3adscl4qxj"],"amount":500}]}