{"txid":"af852f62a3c27fe8928211785c6666399c720467b17384b9b3fe5b7caf1d0a6f","block_height":null,"time":null,"vin":[{"txid":"af852f62a3c27fe8928211785c6666399c720467b17384b9b3fe5b7caf1d0a6f","vout":1,"amount":338.72290947,"coinbase":false}],"vout":[{"n":0,"addresses":["prl1zyckj3f40204zud3wpd6ax9vh00j35hxmpww2mnkr64h4p5j0gh7qp4qzh3"],"amount":300},{"n":1,"addresses":["prl1p9hwqvmag4phez0w8fxx906wn9emcrgrlwvnev3j6pgkkdkgxu3ns6sqgaz"],"amount":38.72290793}]}