{"txid":"5e7b6271289c0d7bef92070cfab5b3754f756db3042a849ae48187e9afab814f","block_height":null,"time":null,"vin":[{"txid":"5e7b6271289c0d7bef92070cfab5b3754f756db3042a849ae48187e9afab814f","vout":740,"amount":612.3791197,"coinbase":false}],"vout":[{"n":0,"addresses":["prl1za4gjvv095870473tw2cmstyu68tzkc54pfdrxcmhdjww9exq8yqsfeyl8a"],"amount":0.24},{"n":1,"addresses":["prl1pza4xkj2r85hkpwwak8l05v84q3mrqnmldquu30yhhl04tptqt58szjdsx6"],"amount":612.13911816}]}