{"txid":"429862a863792090f4dfbfd065cb6b88788d87eb20144e23c0162fad5bdc98bd","block_height":null,"time":null,"vin":[{"txid":"429862a863792090f4dfbfd065cb6b88788d87eb20144e23c0162fad5bdc98bd","vout":1,"amount":6767.08898907,"coinbase":false}],"vout":[{"n":0,"addresses":["prl1zkqpxhv6h4p9nz4jrmwgt6gweh8wr5a7tt6v5n55gz543uu6xtrzq9crmpt"],"amount":1000},{"n":1,"addresses":["prl1p47rm07xafyztc7dz0pcs0pur3psdfqgfsawrpk646d4gasy0w2mst6rxak"],"amount":5767.08898753}]}