{"txid":"2c62bc72b8c68920dcb0d57a3394fc10f0e8d4d16512e80a418dd34b28d1b5ab","block_height":null,"time":null,"vin":[{"txid":"2c62bc72b8c68920dcb0d57a3394fc10f0e8d4d16512e80a418dd34b28d1b5ab","vout":1,"amount":2599.99997854,"coinbase":false}],"vout":[{"n":0,"addresses":["prl1zgrkt5km044cpttf8mw4d2w3re4pey8xfm0q5hj5dq7t7lhcgz0gsmuex3z"],"amount":893.99999999},{"n":1,"addresses":["prl1p3sx2g8xsy5jqfm405ljtl56tnd6e5xnvlzkd9uvdqzh08rzax50s86lqfa"],"amount":1705.99996697}]}