{"txid":"5964483b576ee4e7c83389864722e4c89ebefb8af59b6b1f1070a5acd3ab904e","block_height":null,"time":null,"vin":[{"txid":"5964483b576ee4e7c83389864722e4c89ebefb8af59b6b1f1070a5acd3ab904e","vout":1,"amount":499.96998844,"coinbase":false},{"txid":"c445e9d336dd1d2bdaa32ffe47d7588410965e98add58fc10961e1d99448f896","vout":1,"amount":57.99997025,"coinbase":false}],"vout":[{"n":0,"addresses":["prl1z7h78z07prx7lp8n9u5z646elyqlhvp749ulwckl9r5wn3wpnrmfqlv8ms4"],"amount":500},{"n":1,"addresses":["prl1pz6lqr8sklwj46fs07uzftsdmljl3qj8p4zq8zcrrgznhuv0r9hfqrywncf"],"amount":57.96994739}]}