{"txid":"21f7186a2e07745f613d265eed226de22c78027abcf9500d68e215466b70ee8d","block_height":null,"time":null,"vin":[{"txid":"21f7186a2e07745f613d265eed226de22c78027abcf9500d68e215466b70ee8d","vout":33,"amount":196.98167324,"coinbase":false},{"txid":"0527546950f412a8e81c6311df2cfd8d68dff4a76eb59c6483e1fccc88c426e9","vout":0,"amount":156.68014473,"coinbase":false}],"vout":[{"n":0,"addresses":["prl1pgkh09urceahgqktns9efzxxlcfufj7aar8xkxs75zss4x37x7wzs4n24tj"],"amount":73.66181584},{"n":1,"addresses":["prl1zy6mfctd37f3rxjjz5n8dtdyr8vmtcky6cpyxtdwzuwuvcdra9fkqez6fyr"],"amount":280}]}