{"txid":"8c1d9166ad793111e32a6a0145598102bfd1bc77d46ca2ed3df3e51e192a22f9","block_height":null,"time":null,"vin":[{"txid":"8c1d9166ad793111e32a6a0145598102bfd1bc77d46ca2ed3df3e51e192a22f9","vout":19,"amount":70.91722886,"coinbase":false},{"txid":"0cee20a7a0ade0d74ed0f290f5b6a634bcf80187f379d023dba507bb27121d5a","vout":10,"amount":70.25152566,"coinbase":false}],"vout":[{"n":0,"addresses":["prl1phfxz4h6xn8d33ms0gcvwuu9dg9wsxtnh5vcftlmfj8dmhfsuc3msdtrgvs"],"amount":1.16873322},{"n":1,"addresses":["prl1z53mwudlnn6j7xvsn07vn5kuhhtgtqvdqr00qdhv4w59ehv2c6xlq9w02m7"],"amount":140}]}