{"txid":"dec70043375b4c12d6b115b8625008749c2b9a9d50c2884a2191a339cd8a4751","block_height":null,"time":null,"vin":[{"txid":"dec70043375b4c12d6b115b8625008749c2b9a9d50c2884a2191a339cd8a4751","vout":0,"amount":10000,"coinbase":false},{"txid":"3a2e8a8b98a80d900b52d3997df434ac418a967387627eb1b70d5e3f7c2f5f63","vout":1,"amount":548.10998364,"coinbase":false}],"vout":[{"n":0,"addresses":["prl1z7v05ha74thdcsuuzzexgcqxs92rpt6a4epqra7yhg0zepejcxgrse7nrhs"],"amount":10000},{"n":1,"addresses":["prl1p94mante8tgtvajgghxh93l0z0vykzz7xfly6zdfpd9lsarm3dlystq3ar4"],"amount":548.10998152}]}