{"txid":"c97f36a409ff0fd91ce60a72e94b502d7549efd9f0787c946226aa0a91bdbae5","block_height":null,"time":null,"vin":[{"txid":"c97f36a409ff0fd91ce60a72e94b502d7549efd9f0787c946226aa0a91bdbae5","vout":1,"amount":3749.99999846,"coinbase":false}],"vout":[{"n":0,"addresses":["prl1z67vffvr9x92se5mjh2ff7dsd9ajrzy2yrtgsswzx7d8f8a7zg4cst7dvs3"],"amount":1000},{"n":1,"addresses":["prl1pfu0e9fxx63s6gq6q0m2mqj4hawqeg9nxun99gcvuqrzktnu8gkrsfz2rkj"],"amount":2749.99999692}]}