{"txid":"e44ca8873f5fce948e6892d684ce1970e98566823bd1b2948bad38b5b13d96c0","block_height":null,"time":null,"vin":[{"txid":"e44ca8873f5fce948e6892d684ce1970e98566823bd1b2948bad38b5b13d96c0","vout":0,"amount":733.8734819,"coinbase":false}],"vout":[{"n":0,"addresses":["prl1z33436dyccxthwj8vekc5u3jz753yrr7hrpu3cyhzpfmhfs4xfyzqtgf0c6"],"amount":200},{"n":1,"addresses":["prl1p3lthrt3n7yrrh7qdttq68aq5q76qn0alnmftqqw3hvxh450atm2q3w0pa6"],"amount":533.87348036}]}