{"txid":"e87ad8575dacbbafb94cec3709a2ca6f10aded8a7a80d2faadc3b50e0210ec90","block_height":null,"time":null,"vin":[{"txid":"e87ad8575dacbbafb94cec3709a2ca6f10aded8a7a80d2faadc3b50e0210ec90","vout":1,"amount":4064.09429864,"coinbase":false}],"vout":[{"n":0,"addresses":["prl1zts7kcqz8ytlpehnlda0wnhgq5s24stltrxzgcurkc6p7nmny05hszpgflz"],"amount":1000},{"n":1,"addresses":["prl1pgz7xkmw396pcnw43ptt4sg35gkv5ax789whywt6ja7mqz494hrmq2q3fk9"],"amount":3064.0942971}]}