{"txid":"c3196231e996e14a89fa3b11f8b816313bfc02e487ae335330faf7593813d390","block_height":null,"time":null,"vin":[{"txid":"c3196231e996e14a89fa3b11f8b816313bfc02e487ae335330faf7593813d390","vout":1,"amount":1283.71126328,"coinbase":false}],"vout":[{"n":0,"addresses":["prl1zs5na3zqcmnr7wzmrka77jherr4mrecjyd0tf8ysxlclxnped7zaszuz6w4"],"amount":101},{"n":1,"addresses":["prl1p7dah0wn9uwnx4ususf3fch3w28d2k58pe29su0h2cup4gv4zqk8s4g865m"],"amount":1182.71126174}]}