{"txid":"13357ebdb0cea6bffefe60a4a81be49c265a104e382acb80694ccc678ec3cf35","block_height":null,"time":null,"vin":[{"txid":"13357ebdb0cea6bffefe60a4a81be49c265a104e382acb80694ccc678ec3cf35","vout":143,"amount":203.51034477,"coinbase":false},{"txid":"32e4b0c5e2383782ba7e42835aed10b5ab464609eeda1d2e6f126a99fb02d6f0","vout":387,"amount":91.42206435,"coinbase":false},{"txid":"24c71167ebfbd7a41b3832ffd6200e1fa4fcd1a2a14f2705bccb3c3c9f5d91ad","vout":315,"amount":2.75086291,"coinbase":false}],"vout":[{"n":0,"addresses":["prl1zpmjer576jupusyayzejxf8aayldlxg6cr9qq3txnnze534r6dmqsx7ly7r"],"amount":297},{"n":1,"addresses":["prl1ph8pm3wq738kt7q3sjusztaml6v8ur444506r44qderqly0whwsmqmxlw2e"],"amount":0.68326933}]}