{"txid":"d9dc6eb32ae5f9a4cc9936d8e936d7b3ee8d7e2d6461847ccb7f7f32ee8cd593","block_height":null,"time":null,"vin":[{"txid":"d9dc6eb32ae5f9a4cc9936d8e936d7b3ee8d7e2d6461847ccb7f7f32ee8cd593","vout":0,"amount":29999.99999,"coinbase":false}],"vout":[{"n":0,"addresses":["prl1zhw0pj7z6jqvyrhce8g30snc2tu2fj0n65s2kzjcfm9yy7tm45spswlqqtk"],"amount":20000},{"n":1,"addresses":["prl1p72ux52ej2z3rq0ktxkezn9kzlj8ynnl7kvl8v92hsx9f4tgm65qseawlm7"],"amount":9999.99998846}]}