{"txid":"c4371fb963648d6be9e0139c2bd9119a3851a293127586517c0aa95111ed473f","block_height":null,"time":null,"vin":[{"txid":"c4371fb963648d6be9e0139c2bd9119a3851a293127586517c0aa95111ed473f","vout":0,"amount":599.99999,"coinbase":false},{"txid":"09e467f299b6167270bfdd7821916751fd40c5aa61c1f6fa2d2e9716522ba1fa","vout":448,"amount":57.06744489,"coinbase":false}],"vout":[{"n":0,"addresses":["prl1z2nq67ncrgympt5cppll4w2gnqymjk7ted2mv4ncmdjgncxtunmystw79rn"],"amount":650},{"n":1,"addresses":["prl1pzj64t9lqwv8h0hxfqhy5q0hjt5myrwf9y99x5tm2wdfejheatf2s4u5a3g"],"amount":7.06732416}]}