{"txid":"a6467cc666a1c61bc0074cdc9ce9903233107ca5c5d1df343415cd808dd42b94","block_height":null,"time":null,"vin":[{"txid":"a6467cc666a1c61bc0074cdc9ce9903233107ca5c5d1df343415cd808dd42b94","vout":1,"amount":4989.99998168,"coinbase":false}],"vout":[{"n":0,"addresses":["prl1zjq4leva40phzhhprdz8trwfzluwysfz8y6jxr4cd42dcynn0ra9sa5n6tp"],"amount":1000},{"n":1,"addresses":["prl1pc7ajnlupg4rs9gurn04mlapx8sxgupm6xfrjsa0z9a92z5axhfesdlzj5t"],"amount":3989.9999734}]}