{"txid":"7867fd1d68df635ab77f4cbb02e924efa868983741076db186858068a21ab3cc","block_height":null,"time":null,"vin":[{"txid":"7867fd1d68df635ab77f4cbb02e924efa868983741076db186858068a21ab3cc","vout":1094,"amount":246.51323659,"coinbase":false}],"vout":[{"n":0,"addresses":["prl1z2vyk7kj2lyaxvauglz5zr0562lfw7gn0q9557ys2jc7snenwhh9srvac7p"],"amount":246},{"n":1,"addresses":["prl1pndeeg2v6uynfwlhrwssmkeydtv5z54ajyv3yfwfsp6l45maylygq4dt7p7"],"amount":0.51323505}]}