{"txid":"35158de951db75130e441ab31f3316e250c9ebab99803db0c984bcdca79c9c97","block_height":null,"time":null,"vin":[{"txid":"35158de951db75130e441ab31f3316e250c9ebab99803db0c984bcdca79c9c97","vout":1,"amount":6000,"coinbase":false},{"txid":"ee859664c2b6315343021ba879f26e81d3739eaf4ad1d79a78350e754d17b405","vout":479,"amount":36.15234769,"coinbase":false}],"vout":[{"n":0,"addresses":["prl1pdrasqxkvjcjxv0ekpu5ul28h0rqg5cq7n48gqy4v674zm2xw77hshxymv0"],"amount":36.15224002},{"n":1,"addresses":["prl1z0kd69qv9fstlckmssyeepxptprff9mel4d9jsuzrhpjr7meen7vs02sf6z"],"amount":6000}]}