{"txid":"c3470ade9f1693a88aa3f429823193b0d833cfa62f2f79862fed922b109c88c2","block_height":null,"time":null,"vin":[{"txid":"c3470ade9f1693a88aa3f429823193b0d833cfa62f2f79862fed922b109c88c2","vout":867,"amount":114.91048781,"coinbase":false},{"txid":"cb40075f2f5007658aa26ef459429cbde7f2be77643de3a995a6283540ee88f6","vout":291,"amount":32.9732484,"coinbase":false}],"vout":[{"n":0,"addresses":["prl1pn6zvcuqqd8x9w6z7epjrhdhc4d9gycltqyzh5gdmmc9pf5yvt49s9639d4"],"amount":1.88362296},{"n":1,"addresses":["prl1zs82wvmhjn83meclrahtah8xds5ax5nvf89dg4e3m2pychywe5rsqcfrsvc"],"amount":146}]}