{"txid":"ca9e985543b467bad90b61ca27bd7d13bb33581b9c2942312df7683916fc1bf5","block_height":null,"time":null,"vin":[{"txid":"ca9e985543b467bad90b61ca27bd7d13bb33581b9c2942312df7683916fc1bf5","vout":415,"amount":688.36149518,"coinbase":false},{"txid":"4704651b66173fe22704628aac9fa96d764b8b8ebdd9cff41f38cc198c0b984c","vout":1,"amount":15.09768069,"coinbase":false}],"vout":[{"n":0,"addresses":["prl1zv26zxzq0rs8wkh49vat556ru8ge9gpdaxnf3fnf7g7hdym5ku8sstrt67l"],"amount":700},{"n":1,"addresses":["prl1p00330xumy7rdavdd4pd9rnzftegz2u9395xzvd7wgcm3ulexu6yspuee3u"],"amount":3.45917375}]}