{"txid":"d1dd7c58f5621b15f9f3842d87f265e15d5e24d871f3a671266fd28d7ce7a0b5","block_height":null,"time":null,"vin":[{"txid":"d1dd7c58f5621b15f9f3842d87f265e15d5e24d871f3a671266fd28d7ce7a0b5","vout":0,"amount":1254.52149993,"coinbase":false}],"vout":[{"n":0,"addresses":["prl1zu608ryy2l6uwh6h6qmupzcn77mfaeepldtw8zq4v3kkxu57q4sksrlqhp7"],"amount":1000},{"n":1,"addresses":["prl1p8yfuwrmy52swm3vppn34st0g3v9jewdyf7w24w5qntm0pm57qdqqc53q0m"],"amount":254.52149839}]}