{"txid":"546353801fd751d93cbebfccfce71bc45145b559f2e2a9ee2a39a84c1ef65605","block_height":null,"time":null,"vin":[{"txid":"546353801fd751d93cbebfccfce71bc45145b559f2e2a9ee2a39a84c1ef65605","vout":1,"amount":10599.99999846,"coinbase":false},{"txid":"3f8289fac50f5127f45e2acaa7bd3b93c7d191d09abff3181ca85ef7f3ef4be9","vout":0,"amount":9999.99999,"coinbase":false}],"vout":[{"n":0,"addresses":["prl1zumsqv5kn7gffuzzgylvkqehgt0gl64skqkeyevy95jl68ycjuhvs0cnjrw"],"amount":20000},{"n":1,"addresses":["prl1p94mante8tgtvajgghxh93l0z0vykzz7xfly6zdfpd9lsarm3dlystq3ar4"],"amount":599.99998634}]}