{"txid":"0db111b3d2e63f5ad2fbca49cdaf063bd7b697b29f4558c0fb1d8bdd00d188a0","block_height":null,"time":null,"vin":[{"txid":"0db111b3d2e63f5ad2fbca49cdaf063bd7b697b29f4558c0fb1d8bdd00d188a0","vout":0,"amount":5763.4418789,"coinbase":false},{"txid":"52dc0b33a7c8e1a9caa62062a0464a892035cc6ba9c227487548909586869be5","vout":1,"amount":5719.39776546,"coinbase":false}],"vout":[{"n":0,"addresses":["prl1z4nfjatqwdcqxjzeye4udcw2flzsk4k92dgmud0ucuwlrmrvz3g4sken4du"],"amount":10000},{"n":1,"addresses":["prl1pgz7xkmw396pcnw43ptt4sg35gkv5ax789whywt6ja7mqz494hrmq2q3fk9"],"amount":1482.83964224}]}