{"txid":"0c1836fe860e5ca1f6d7d8230f3785fe16102bb5fd556a151a7d11fa79cb5b50","block_height":null,"time":null,"vin":[{"txid":"0c1836fe860e5ca1f6d7d8230f3785fe16102bb5fd556a151a7d11fa79cb5b50","vout":0,"amount":369.97951767,"coinbase":false}],"vout":[{"n":0,"addresses":["prl1pdf66xmd3hx7jzwt8y70l263lxfppgx44lle9w7lttzz87wpuz5vq4e8hdd"],"amount":69.97950938},{"n":1,"addresses":["prl1zshm8px67z4xtw9eq7xu7anx64xrxuvnf0ywdm57h7n5vqfj40vhsm68tzh"],"amount":300}]}