{"txid":"7d59fdd143c035d9bfcf047d00cdf3c957db94884a929d9c1e2c6449b5eb1467","block_height":null,"time":null,"vin":[{"txid":"7d59fdd143c035d9bfcf047d00cdf3c957db94884a929d9c1e2c6449b5eb1467","vout":0,"amount":689.99996781,"coinbase":false}],"vout":[{"n":0,"addresses":["prl1paqrzkexrtlz5qcv4aksuq30vuxnd0qdfkasv7a8sfw654e2dmzgs2ay0s7"],"amount":459.99995668},{"n":1,"addresses":["prl1zc7cvh7rx8h353sswjk8nf68z03wfu9le4uav2tz9mj3qypc8cn7smd0mjk"],"amount":230}]}