{"txid":"75ea82445e5bed462dbff0a50aa53d7400b83217803944f374e44931e0f151fe","block_height":null,"time":null,"vin":[{"txid":"75ea82445e5bed462dbff0a50aa53d7400b83217803944f374e44931e0f151fe","vout":0,"amount":5499.99999,"coinbase":false}],"vout":[{"n":0,"addresses":["prl1pt3dfq0uw59c6etkfjhr6arfjnt6wwwvuncgp29vzgfgnsxv4gk8q50dm76"],"amount":499.999835},{"n":1,"addresses":["prl1z4qr94gjgsnuhwawjx8p7yngacr7k2fe3qfyenpp3gh0xhv03f9wql0w33k"],"amount":5000}]}