{"txid":"3eb997b1ad3c110058f577d7a8e4e9b2cff6432412a5453198ed013a39278ff9","block_height":null,"time":null,"vin":[{"txid":"3eb997b1ad3c110058f577d7a8e4e9b2cff6432412a5453198ed013a39278ff9","vout":1,"amount":25128.93501418,"coinbase":false}],"vout":[{"n":0,"addresses":["prl1pje98746wwj07kkkg72h6c8kgwj7p8x67dhfzz3932rrn5fxqv7mqwxms0y"],"amount":15128.93493095},{"n":1,"addresses":["prl1zeysfu8ke4xt6jz5p4na2f9fq029ukse2frjqn42qdxhs5n37ax2qumhadt"],"amount":10000}]}