{"txid":"cc33ac6034751fc4841b43fb36b452149a81133920f0ac20d18ca41040e69f19","block_height":null,"time":null,"vin":[{"txid":"cc33ac6034751fc4841b43fb36b452149a81133920f0ac20d18ca41040e69f19","vout":0,"amount":189.99999,"coinbase":false},{"txid":"8ebfc2b893bd4add9162709b7b331a155e1e000d31c95fca38e79fb2c08c90a7","vout":1043,"amount":2.81969995,"coinbase":false}],"vout":[{"n":0,"addresses":["prl1zqa8ty8rt7ud00qs7ak64d9x28r78gpwssfh3wjqn90x3yhtwgj0selelau"],"amount":190},{"n":1,"addresses":["prl1p42pfdfhfpj0lwxskscwfh34jnud989uc5vz5mgue08sk9qpseq0ssqdjwa"],"amount":2.81958046}]}