{"txid":"e843e9c3e3b643acf08c8ffda27e9c2766ba0086bb042e1118be3228b99ad4dd","block_height":null,"time":null,"vin":[{"txid":"e843e9c3e3b643acf08c8ffda27e9c2766ba0086bb042e1118be3228b99ad4dd","vout":63,"amount":98.92425208,"coinbase":false},{"txid":"3cc98b69ff6b8c5b67dc89b7c386cc2c7db819d92e2a53e863b9fa28fc1c8f89","vout":6,"amount":93.95844224,"coinbase":false}],"vout":[{"n":0,"addresses":["prl1zkg8ukc22958phds0ta9z4xerew3zpg30rnmq3kru2hn5csw7h6mqgtd6q4"],"amount":100},{"n":1,"addresses":["prl1p5afcdxywm5v2kmgkuuzqp4qt7hl7s0f3xzqktckxekka53rlu6ks49cyrh"],"amount":92.8826922}]}