{"txid":"bdf4d7100af0e777adddb2a6f3e1e5d4b60e1bbbc5dbb8a4428cd3c0c9cc83bb","block_height":null,"time":null,"vin":[{"txid":"bdf4d7100af0e777adddb2a6f3e1e5d4b60e1bbbc5dbb8a4428cd3c0c9cc83bb","vout":0,"amount":1082.56,"coinbase":false},{"txid":"710221e42e2409f6aad34aedf80292cac2c406d0c4f6d47c091819afe9675fda","vout":1,"amount":9.8516285,"coinbase":false}],"vout":[{"n":0,"addresses":["prl1z3an3vj6ncse2cftnj4sp7p0acp7hnkk9javx7tlksg6q59kczq5qjk4ku7"],"amount":1088},{"n":1,"addresses":["prl1p9849nsvv3twpqdjxe3v7xk6g0k2upz0vpy4pcyna4fn6v6c8guss2ctcaw"],"amount":4.41162638}]}