{"txid":"21e3741005f747f5337dda8190968e02733344f20cf39f2fd386d16faf8ff619","block_height":null,"time":null,"vin":[{"txid":"21e3741005f747f5337dda8190968e02733344f20cf39f2fd386d16faf8ff619","vout":1,"amount":4365.23435395,"coinbase":false}],"vout":[{"n":0,"addresses":["prl1zrjhf554hm8u4argzrkm6yn574vrm2exmph3g7kx7ppfzs2leydaqfjx7qd"],"amount":1000},{"n":1,"addresses":["prl1pfzn2dsrzyvr34ue4xfu9pj0nz5zg82raw383shtqwgyczc4jpags7ep8at"],"amount":3365.23435241}]}