{"txid":"343b73e329201f5a0722a6a501c5b76a4aef256a21dcae3bfec7d59b14dbcb0d","block_height":null,"time":null,"vin":[{"txid":"343b73e329201f5a0722a6a501c5b76a4aef256a21dcae3bfec7d59b14dbcb0d","vout":260,"amount":149.15872551,"coinbase":false},{"txid":"f4978549885ff53988f3acd6206b9f4daed7b8999633d17b72d5c2789683ea5e","vout":1,"amount":0.69617755,"coinbase":false},{"txid":"7ec4a90f26439576b1b8201c9d3374745c70236838edacbc6c9afdde5fc9944a","vout":1,"amount":0.15260378,"coinbase":false}],"vout":[{"n":0,"addresses":["prl1z6qxqtpstte92ys2mmv2p2xeer7pc4lw3xk4rm6cjlndgqwr353pqvssfyx"],"amount":150},{"n":1,"addresses":["prl1plutvq8ndrjzd9h545mmxfch974k7flj59k09kfz4lm0ngx6t50rsmhdt0n"],"amount":0.00750414}]}