{"txid":"376f27736515d7908488d50ec6060b010caf5d770ce39096b2ff371d654470b6","block_height":null,"time":null,"vin":[{"txid":"376f27736515d7908488d50ec6060b010caf5d770ce39096b2ff371d654470b6","vout":1,"amount":4836.25309273,"coinbase":false},{"txid":"e3f85c3a2276b9cb90abdd6cccb544f4097ce55cbe353da803a81b33fc900603","vout":1,"amount":11.12133475,"coinbase":false}],"vout":[{"n":0,"addresses":["prl1zzqdtupv0nk32d3a07de5yvzucplseu2etjyuq0ehuxkedyat4vgsjschu7"],"amount":4840},{"n":1,"addresses":["prl1prlgglhezl4ajhladjuklgtegrjgyhghzwgnxrzesn5d0slupz2qqfmjl56"],"amount":7.37442536}]}