{"txid":"2d4242ab21319dac42b4c08c41da0355170df3a16fe33582965388db243075d2","block_height":null,"time":null,"vin":[{"txid":"2d4242ab21319dac42b4c08c41da0355170df3a16fe33582965388db243075d2","vout":584,"amount":230.44989732,"coinbase":false}],"vout":[{"n":0,"addresses":["prl1zc0yxrtcm43s3uruej7fng6yp9dy2x5dueg9x9v37vkeq0ltd88csv6440e"],"amount":200},{"n":1,"addresses":["prl1pu08fzrmgz2f4ma6t454sqg4vlnzdqjvng4g24pes85crljxuu65srrttup"],"amount":30.44989578}]}