{"txid":"609d03ca189d355a0de56ecb922c8b89308e29ca04908b585049e01dfc05744a","block_height":null,"time":null,"vin":[{"txid":"609d03ca189d355a0de56ecb922c8b89308e29ca04908b585049e01dfc05744a","vout":428,"amount":109.81588374,"coinbase":false},{"txid":"af01a3f2892b8a287d2d80783af3c02a6aa55430c9d7ad1bf12cd4578bc20dee","vout":300,"amount":7.82178369,"coinbase":false},{"txid":"ad1f5ec0a0c7e4915f6bad1816e5d27f25f03758dc469a813a582bc7e41682a8","vout":34,"amount":5.6861126,"coinbase":false}],"vout":[{"n":0,"addresses":["prl1zmdgvekswzfa3f86y6qdwgmsku3hu4lfg6neqeuds9j5zdzu7jamsvcp8k7"],"amount":123},{"n":1,"addresses":["prl1py794ec3q5hh7jxtrhllz8gk95p8xjc60c7eya37rdk807qv0c68ssv09ha"],"amount":0.32377733}]}