{"txid":"c851b83562c137ce23caddc1a660b6338ea096ac70fac888d917dea158d08204","block_height":null,"time":null,"vin":[{"txid":"c851b83562c137ce23caddc1a660b6338ea096ac70fac888d917dea158d08204","vout":0,"amount":6501.48169987,"coinbase":false},{"txid":"8ce7d09011cdea773de7a3f04cecda09d6c26cbb69afc9d35e1d0440687c0b56","vout":17,"amount":1095.92497503,"coinbase":false}],"vout":[{"n":0,"addresses":["prl1zp4ky838ael58j9qzc0hsxph4da7ect35rq2rl750q4a372u9xxnq84u87z"],"amount":6657},{"n":1,"addresses":["prl1p3sr7h6epyxsnfj6jx6cq8jufs5maqv804hrf4x4965a8q4s9kfwqffweq3"],"amount":940.4066536}]}