{"txid":"b638632162fce42021f3ad340ff3d4dfad4d40541db459b6a56a01b43e97c422","block_height":null,"time":null,"vin":[{"txid":"b638632162fce42021f3ad340ff3d4dfad4d40541db459b6a56a01b43e97c422","vout":430,"amount":111.89173912,"coinbase":false}],"vout":[{"n":0,"addresses":["prl1zmff64ljg0d3lrclgqzvkfyhgvu7lg36wfrdxzct2rrg2e3ydgedqm5xhrp"],"amount":100},{"n":1,"addresses":["prl1py62pdg6eyz8ycluywqknf66j7er2rus63wp4avh8djtumhwtlxwsyye3cy"],"amount":11.89173758}]}