{"txid":"68f7acbe2de036abe17a4493f49a1ea5bd32dc3e00e225a9e5ca8dcbbff0d107","block_height":null,"time":null,"vin":[{"txid":"68f7acbe2de036abe17a4493f49a1ea5bd32dc3e00e225a9e5ca8dcbbff0d107","vout":0,"amount":2448,"coinbase":false},{"txid":"dbb8576fc2c44da0c5f8b66495b03b16f223c5d54049d8a78074ddb78522320c","vout":1,"amount":17.70071383,"coinbase":false}],"vout":[{"n":0,"addresses":["prl1ze2hhxcevl3ynp0rzngddy87gfuqyxrdpptxnsgnsr78aua4as6nsdpl94h"],"amount":2450},{"n":1,"addresses":["prl1p9227tkvlhul8aqd4xpcgk8y3303hllehs8akft9zuyjqklfp3z6qj0m75f"],"amount":15.70071171}]}