{"txid":"649664df34ce184d501624cfe3a0f59b23189b67f8505bbb02b8b90dde711227","block_height":null,"time":null,"vin":[{"txid":"649664df34ce184d501624cfe3a0f59b23189b67f8505bbb02b8b90dde711227","vout":237,"amount":2985.07333294,"coinbase":false}],"vout":[{"n":0,"addresses":["prl1ztztg8mzhtcaz3ytj5qtdxxa04n996zzda46vghcwv4fa8cvvj5nqty5csp"],"amount":2000},{"n":1,"addresses":["prl1pc3f54pg0rha55uq4y7h6fkungkstqq0gf4rjwfrqfqw5y8f4kknqhxeay4"],"amount":985.07332467}]}