{"txid":"db1abb04b1572d164404548861407564aa8cb4976308a77b2758918ab1cea834","block_height":null,"time":null,"vin":[{"txid":"db1abb04b1572d164404548861407564aa8cb4976308a77b2758918ab1cea834","vout":0,"amount":3699.99999,"coinbase":false},{"txid":"a14ccc09b9972f67023541f5979cd38ab24970689e69cd9a5b29bf919d173c91","vout":1,"amount":66.83482024,"coinbase":false},{"txid":"c8b6be2d807218cbf2099448c40155f3d7b356061d64425a6faa512f92188607","vout":6,"amount":64.70406616,"coinbase":false}],"vout":[{"n":0,"addresses":["prl1zkck42tsxjm2wkuglycd76x5a48yk4399qwdrjuuql7qcn7w2e0xqlhcvgf"],"amount":3800},{"n":1,"addresses":["prl1ph8e3gxnytz9zmemwygpmlahft0d5gz4wwqs6uu0nqmlwhm80laeqhpm3ex"],"amount":31.5388737}]}