{"txid":"609d03ca189d355a0de56ecb922c8b89308e29ca04908b585049e01dfc05744a","block_height":null,"time":null,"vin":[{"txid":"609d03ca189d355a0de56ecb922c8b89308e29ca04908b585049e01dfc05744a","vout":147,"amount":75.64133394,"coinbase":false},{"txid":"33cc12f487b77d7a377289a5088e6b27aa635c7506647d7198c186b9c226d860","vout":401,"amount":46.2951094,"coinbase":false},{"txid":"b39dd1b96f3ce51316e09c639162f6ce63e4d5eeeca83ef7fea30da9164e445c","vout":1,"amount":1.08467012,"coinbase":false}],"vout":[{"n":0,"addresses":["prl1zsn0f99nx7807kvd5dgpsqaze7dw9p78n7c8pzfskl0uesdyvjn0q4d9m23"],"amount":123},{"n":1,"addresses":["prl1pp9jyp9m28rktnasz93xwnf9xh8c4pkvzc3luaxwjl5qkxf9duvhsg70sr2"],"amount":0.02111076}]}