{"txid":"7eec86fc793bb51c18cf85ded5ae7ce79ac396a503d351561e05ba6708a8a09c","block_height":null,"time":null,"vin":[{"txid":"7eec86fc793bb51c18cf85ded5ae7ce79ac396a503d351561e05ba6708a8a09c","vout":0,"amount":534.99997499,"coinbase":false}],"vout":[{"n":0,"addresses":["prl1pa50amaaaueatafqzgy07zzds08jt2yxw8crx4s9w3h9ddqschy9she44df"],"amount":434.99996671},{"n":1,"addresses":["prl1zdu8tlfv4h8d7ey7thuxdlplaeezgqlpq4wse7zfd227zvsjzmjeszgxc92"],"amount":100}]}