{"txid":"151f9c481793e3e38efa350e288d84f740a83e4e61b7806389b48495b40a455b","block_height":null,"time":null,"vin":[{"txid":"151f9c481793e3e38efa350e288d84f740a83e4e61b7806389b48495b40a455b","vout":1,"amount":7894.99998922,"coinbase":false}],"vout":[{"n":0,"addresses":["prl1zq07xkjpgklnf3jh8j5mu6mux0rtgy79t6fggapan7wet8g6dtehqkvaw46"],"amount":1250},{"n":1,"addresses":["prl1p209gdfdx4vl4y229jsqgx7rrncxpjpt2dgczqm7s8etpy0v60adqq05623"],"amount":6644.99998768}]}