{"txid":"f706e3afd5192d2690d54927f68c9aef661fe9d68a3a7345e2f4b86905ab88da","block_height":null,"time":null,"vin":[{"txid":"f706e3afd5192d2690d54927f68c9aef661fe9d68a3a7345e2f4b86905ab88da","vout":37,"amount":1262.0041899,"coinbase":false}],"vout":[{"n":0,"addresses":["prl1ze39tk7ghqq3keh0epgca7awt2fxc9uknmplct8p4e3sf7pyz226qw62l62"],"amount":500},{"n":1,"addresses":["prl1pz6s6jwgefwnmuk9hgl75khfs0p2kn5eanlqy32q56zd7fgcvk46qlf77px"],"amount":762.00398607}]}