{"txid":"21f7186a2e07745f613d265eed226de22c78027abcf9500d68e215466b70ee8d","block_height":null,"time":null,"vin":[{"txid":"21f7186a2e07745f613d265eed226de22c78027abcf9500d68e215466b70ee8d","vout":69,"amount":1090.74354503,"coinbase":false}],"vout":[{"n":0,"addresses":["prl1zphjf5cgs9cls0h2qdn423g72jqkdtuvy30q3f3xxedshw7lwkprspwec7a"],"amount":400},{"n":1,"addresses":["prl1pg877m45zrd5ph0j3w74zyt0enp94ya6r6zfrml0r9h8us8mfrdds0fnam3"],"amount":690.74354349}]}