{"txid":"8a293f5ae7128f63d4726d4cefadd1f3f4df198f762602b1f4f1b424810b14a5","block_height":null,"time":null,"vin":[{"txid":"8a293f5ae7128f63d4726d4cefadd1f3f4df198f762602b1f4f1b424810b14a5","vout":1,"amount":10000,"coinbase":false},{"txid":"8a293f5ae7128f63d4726d4cefadd1f3f4df198f762602b1f4f1b424810b14a5","vout":0,"amount":4999.99999158,"coinbase":false}],"vout":[{"n":0,"addresses":["prl1zqx6j072f74nrvhqd58t8cszx4n4cqvtg07zc9dnldg6kzfpv9kks6ttkqs"],"amount":10000},{"n":1,"addresses":["prl1pzzfu4upz0rufhp8ndnwfmz0rh8ugskh044vnmyt66ygsdeqm95yqkcqa7h"],"amount":4999.99998}]}