{"txid":"57ad7588ba2b4a826b393d4af5bd09ea91011cf09513e3e3924d87c4ee655563","block_height":null,"time":null,"vin":[{"txid":"57ad7588ba2b4a826b393d4af5bd09ea91011cf09513e3e3924d87c4ee655563","vout":444,"amount":573.23312152,"coinbase":false},{"txid":"0527546950f412a8e81c6311df2cfd8d68dff4a76eb59c6483e1fccc88c426e9","vout":345,"amount":8.40572095,"coinbase":false},{"txid":"649664df34ce184d501624cfe3a0f59b23189b67f8505bbb02b8b90dde711227","vout":481,"amount":6.81650401,"coinbase":false}],"vout":[{"n":0,"addresses":["prl1zpl333ngzyd26gaey5phjwlcxm6ka75wypa7u72chucjjaqwd507sqq8zzj"],"amount":588},{"n":1,"addresses":["prl1pk0g5uc5u6n9j820f9tcpzrfsqhdyt0f3entmwmtxdzvv37krdzhqga66vn"],"amount":0.45533179}]}