{"txid":"d63343343dbfab19e662d471205bbef2a95b63ac30d52ddfb62acf2d22f5663b","block_height":null,"time":null,"vin":[{"txid":"d63343343dbfab19e662d471205bbef2a95b63ac30d52ddfb62acf2d22f5663b","vout":554,"amount":354.83859429,"coinbase":false},{"txid":"75ad79bdbcab13c11436bcf521374514462c6473852d8b980b336d18eac27b08","vout":228,"amount":254.43827842,"coinbase":false}],"vout":[{"n":0,"addresses":["prl1pwfc2azhgwzm9avuuxz74dt6humqzjg2rcy7d2apjlmcycruwhwyqe07xye"],"amount":229.2766481},{"n":1,"addresses":["prl1zeaufdp3jp2v2aes8y9ecamh4h590lnkvd6agz6zkctargxyn25ds208rg9"],"amount":380}]}