{"txid":"59a482a3079ecc0d4f710ace2da60e5df54c660ff5a8c9f9b82f3605f28845d7","block_height":null,"time":null,"vin":[{"txid":"59a482a3079ecc0d4f710ace2da60e5df54c660ff5a8c9f9b82f3605f28845d7","vout":0,"amount":25233.99998341,"coinbase":false}],"vout":[{"n":0,"addresses":["prl1z7u8l3lqhsprkejst5y7jarzr8zwceygn4y2uzeszuvhq8dtyrt7q7r2lx7"],"amount":10000},{"n":1,"addresses":["prl1pdn984mzewrt9nc7yxtlnev7wnm0r63gttmp5l0hap4cp7mp7zflqe6nxwk"],"amount":15233.99997511}]}