{"txid":"59ae54220cdfb4281f2ecf87795350e52f9fca53a7ecd1f4764c9f525b73f690","block_height":null,"time":null,"vin":[{"txid":"59ae54220cdfb4281f2ecf87795350e52f9fca53a7ecd1f4764c9f525b73f690","vout":0,"amount":199.99999,"coinbase":false},{"txid":"54b9500de99ba3799f1c52488b60f39a991a72e33cd1aee885c7119b4a684836","vout":100,"amount":16.63380826,"coinbase":false}],"vout":[{"n":0,"addresses":["prl1z5f3cf9fegxnqkps68gkgze68mfkgf4s2hmxfxxnpx9kx65rsuq5qshzktj"],"amount":200},{"n":1,"addresses":["prl1pesd46vcsy6znd4py8x4lslmtj3t8nq4llwwczpnex2fgqj693r6squ8nnj"],"amount":16.63379614}]}