{"txid":"3fc7447022e8ea4260ef61693491bf4ccbb7a78b1b94f7c626f10de371b7fe67","block_height":null,"time":null,"vin":[{"txid":"3fc7447022e8ea4260ef61693491bf4ccbb7a78b1b94f7c626f10de371b7fe67","vout":0,"amount":708,"coinbase":false},{"txid":"66a62dfc3cdf84fac911f18f1d696e2a9391a9ac6682f8e6420e7e10b5f86abe","vout":1,"amount":292.9998888,"coinbase":false}],"vout":[{"n":0,"addresses":["prl1pzg4a2ezuvzm756jv79z4gdkpps4j08qpdaxnduhfv70seq5cpuxqhqkwqx"],"amount":0.99987422},{"n":1,"addresses":["prl1z8dvv9ex2ak896tjychaur4uwwfdlsp55u9q2vudvjddpmjxgukyqkwak3f"],"amount":1000}]}