{"txid":"ad59a09992eb09412181d0b247a6c0bbd6de24cbff3d7f5ec1ec4787608bcdf5","block_height":null,"time":null,"vin":[{"txid":"ad59a09992eb09412181d0b247a6c0bbd6de24cbff3d7f5ec1ec4787608bcdf5","vout":1,"amount":789.31675,"coinbase":false},{"txid":"7867fd1d68df635ab77f4cbb02e924efa868983741076db186858068a21ab3cc","vout":393,"amount":118.36246549,"coinbase":false},{"txid":"7867fd1d68df635ab77f4cbb02e924efa868983741076db186858068a21ab3cc","vout":962,"amount":98.20088487,"coinbase":false}],"vout":[{"n":0,"addresses":["prl1zn203ryj4cehmmc0qlphjfmsre4cwzl2dqmd3m4pk253ns65wthmqrhyjs3"],"amount":1000},{"n":1,"addresses":["prl1pxftdm2t06flm4fxqj0le3lgavwyp2ls77vx2qgqmyq04knr8t2dqhm9r4d"],"amount":5.88009766}]}