{"txid":"d655ec8570e424b191f38e4c40eedadea198fc239b7c96a683d3a2d4377d809c","block_height":null,"time":null,"vin":[{"txid":"d655ec8570e424b191f38e4c40eedadea198fc239b7c96a683d3a2d4377d809c","vout":1,"amount":4999.99999788,"coinbase":false},{"txid":"c2c692775f632052fd712f4577384d57cfb3e2d2a40cf64c597c1244df21328f","vout":1,"amount":2344.49998768,"coinbase":false}],"vout":[{"n":0,"addresses":["prl1zrt4gpzx6l6jdxak4ukl4vqhxk7ajwr8r4rwe57zqhlavu57msajqaf394y"],"amount":5000},{"n":1,"addresses":["prl1p94mante8tgtvajgghxh93l0z0vykzz7xfly6zdfpd9lsarm3dlystq3ar4"],"amount":2344.49998344}]}