{"txid":"dd45e338e7ece7993e4bcd3482a7d74d1ae52a2e1ad2f5543d664da8f68d2777","block_height":null,"time":null,"vin":[{"txid":"dd45e338e7ece7993e4bcd3482a7d74d1ae52a2e1ad2f5543d664da8f68d2777","vout":13,"amount":543.33013753,"coinbase":false}],"vout":[{"n":0,"addresses":["prl1zanhdg593wjlh5kn5hwscv0rdv6srhuf3fm3ld88cw4cge7d7matqz5wxaz"],"amount":274},{"n":1,"addresses":["prl1pluyj37l3mvtzkptd0t6uuggp0hzfyxzyzmpcrvkcjrg6flztxrtq86hvfw"],"amount":269.33012912}]}