{"txid":"ba42c73f9cc732b293ab2150a11ef08fc8ed0826187fa33963cf362e1194e672","block_height":null,"time":null,"vin":[{"txid":"ba42c73f9cc732b293ab2150a11ef08fc8ed0826187fa33963cf362e1194e672","vout":1,"amount":22989.99999846,"coinbase":false}],"vout":[{"n":0,"addresses":["prl1z4jtdeewhrxl4dqjnfv066gn86wnlhtxsux5qtnuugrq55vzc59jq3dqyj3"],"amount":8000},{"n":1,"addresses":["prl1phgy80denkwg30pjac40nct9za0f8kxzg0r2cwaw2ctyman3rt3wq0jzn4l"],"amount":14989.99999692}]}