{"txid":"61e507d09aa81b7a64a3b1012f50b37b0cd52a9f10f89f06423223c999e968ed","block_height":null,"time":null,"vin":[{"txid":"61e507d09aa81b7a64a3b1012f50b37b0cd52a9f10f89f06423223c999e968ed","vout":0,"amount":999.99999,"coinbase":false},{"txid":"c71d4066c04567385ab8305adcc031d00d4c1319b846de0aab88acaf9d16a5c5","vout":0,"amount":999.99999,"coinbase":false}],"vout":[{"n":0,"addresses":["prl1z07hfduav9gurfp6jwz8x5k4ce3cf8xmtxp4tkv70ja7v3h0pnsequfvhqj"],"amount":1810},{"n":1,"addresses":["prl1p7gjrt99lmjr659ru3cnk6fczztnx22x4ryzrm648zkwfs4hfwcfsyc8m2p"],"amount":189.99997788}]}