{"txid":"464f6ca22148fe25d147d813232b084fcafb38dbb69dfe20ad84e49a4db55c03","block_height":null,"time":null,"vin":[{"txid":"464f6ca22148fe25d147d813232b084fcafb38dbb69dfe20ad84e49a4db55c03","vout":1,"amount":1113.13495875,"coinbase":false}],"vout":[{"n":0,"addresses":["prl1z6mnz6kn993rjcrza2kkqc2cfyzq80su8wqv0677vkdkvvmesw6qqt3nwlk"],"amount":0.125},{"n":1,"addresses":["prl1pza4xkj2r85hkpwwak8l05v84q3mrqnmldquu30yhhl04tptqt58szjdsx6"],"amount":1113.00995721}]}