{"txid":"2bde387178bc22f38f94cd009ed4a6ca7e963d830ed6947e783e53d7189274e5","block_height":null,"time":null,"vin":[{"txid":"2bde387178bc22f38f94cd009ed4a6ca7e963d830ed6947e783e53d7189274e5","vout":1,"amount":109.99996619,"coinbase":false}],"vout":[{"n":0,"addresses":["prl1pxueakzlgdcw5uytpuz8fuk6e04fwdt3ytan9hjxg8yh6wxve46jqxf7uhg"],"amount":9.99995492},{"n":1,"addresses":["prl1zsskkvufc9af0k4wq5mj4ac5lpmkql38ne68apfv8tke3wjep845svxyuht"],"amount":100}]}