{"txid":"2d4242ab21319dac42b4c08c41da0355170df3a16fe33582965388db243075d2","block_height":null,"time":null,"vin":[{"txid":"2d4242ab21319dac42b4c08c41da0355170df3a16fe33582965388db243075d2","vout":514,"amount":120.11715306,"coinbase":false}],"vout":[{"n":0,"addresses":["prl1p8cr6veeykxdthq00zy5lh7cvwu7huqrgakjz9u80d6mpceclpvxsrg536r"],"amount":20.11713756},{"n":1,"addresses":["prl1zddgrcy7uxgsd8xlcsnteqr7t7wp9en64v866zulnha5mrrqyc8kqttk0qg"],"amount":100}]}