{"txid":"ccbbdffae535d0d62d86979721800d4494326cee33ffa1ff3d44b10fabf06147","block_height":null,"time":null,"vin":[{"txid":"ccbbdffae535d0d62d86979721800d4494326cee33ffa1ff3d44b10fabf06147","vout":0,"amount":168,"coinbase":false},{"txid":"5d161c0a6b67e8b2d08bb88aa9a73cd6a12a6c792827a0be49fdeedd573ca725","vout":1,"amount":0.09499634,"coinbase":false}],"vout":[{"n":0,"addresses":["prl1zchefpmcg93ngf8l0pdt4q7axe7tm4j6lkn8jfdg848ehsdzqdceq8yd2n9"],"amount":168},{"n":1,"addresses":["prl1pnd2ng4u8ay84yu92vmazrvs0up36xerzj9gzscagqevtzg3mmgrs9xa69t"],"amount":0.09499422}]}