{"txid":"32f907eaf497d80f74804f8877abeb8db47902228970fb2367092866e1b1441c","block_height":null,"time":null,"vin":[{"txid":"32f907eaf497d80f74804f8877abeb8db47902228970fb2367092866e1b1441c","vout":0,"amount":1589.99999,"coinbase":false},{"txid":"649664df34ce184d501624cfe3a0f59b23189b67f8505bbb02b8b90dde711227","vout":120,"amount":1088.60711289,"coinbase":false},{"txid":"fbfcf891c0383c473abfad7f7f371d182ef79eb97c9586efd5fe0571a7b09b18","vout":1,"amount":0.59403658,"coinbase":false}],"vout":[{"n":0,"addresses":["prl1zhevcd4ctzgse5p5nfme3g3jex94p8hu5ryvdml9z2jkyy4az4d6s239j3y"],"amount":2679},{"n":1,"addresses":["prl1ps96adt4cjar3d4hs3m7sgqs7gjcxqgf2u7peflpwxhq5hp2h0y5qwlfhvd"],"amount":0.20113677}]}