{"txid":"33cc12f487b77d7a377289a5088e6b27aa635c7506647d7198c186b9c226d860","block_height":null,"time":null,"vin":[{"txid":"33cc12f487b77d7a377289a5088e6b27aa635c7506647d7198c186b9c226d860","vout":161,"amount":98.80194938,"coinbase":false},{"txid":"32e4b0c5e2383782ba7e42835aed10b5ab464609eeda1d2e6f126a99fb02d6f0","vout":409,"amount":50.96912561,"coinbase":false}],"vout":[{"n":0,"addresses":["prl1zv2lkxfw9ytg8wuksnt7ya056fdmakzp7ah0qc7tgsyevgpztqr7szlkd6r"],"amount":100},{"n":1,"addresses":["prl1p2p0lp0xhvg5y8cuqyuck9udzykv3cxkffn0n0ahzuuf0dapr9vzsmyueqx"],"amount":49.77107287}]}