{"txid":"c9299b2d86054de6434c185a2b3e9cc6a7e1159a844be3406045757ce150e821","block_height":null,"time":null,"vin":[{"txid":"c9299b2d86054de6434c185a2b3e9cc6a7e1159a844be3406045757ce150e821","vout":283,"amount":112.02767058,"coinbase":false}],"vout":[{"n":0,"addresses":["prl1z2tqrty3kfpuv68khwv6xtkx3g0nq6sne0vfn5pymf6a0az944mss7wk09n"],"amount":100},{"n":1,"addresses":["prl1pwr5886ypg84da89qdnuar3847aw56m80mzrsnzycwk0xknq5w6vsdwhre6"],"amount":12.02766904}]}