{"txid":"ccf13a08441d4f73517735af8fef835bf39a311a29b719eac42e9878941a2325","block_height":null,"time":null,"vin":[{"txid":"ccf13a08441d4f73517735af8fef835bf39a311a29b719eac42e9878941a2325","vout":1,"amount":1877.35956445,"coinbase":false}],"vout":[{"n":0,"addresses":["prl1zynhstavq6tafdqfl8ucwf26r7ncgd356x6cjznhstaaa62cvugtsuvwh04"],"amount":1710},{"n":1,"addresses":["prl1ps96adt4cjar3d4hs3m7sgqs7gjcxqgf2u7peflpwxhq5hp2h0y5qwlfhvd"],"amount":167.35956291}]}