{"txid":"76174a4cb010b2422755e50d69d83005882b75eeab799da45eae96fb846839de","block_height":null,"time":null,"vin":[{"txid":"76174a4cb010b2422755e50d69d83005882b75eeab799da45eae96fb846839de","vout":0,"amount":8289.99999,"coinbase":false},{"txid":"3c59b50c2ec6fd6a32ad24afcc00f81785963eebcca954e04995f8e872049948","vout":0,"amount":2759.5375326,"coinbase":false},{"txid":"586ad4906ad582446d0eddb5e01fe2cf7955d60feb0188bb46bc78b0b0408dc6","vout":0,"amount":2759.44333125,"coinbase":false}],"vout":[{"n":0,"addresses":["prl1zg6c780znc7kz5mvtcyzfs02jqrmppsfw0d64039rvcjhaeay5qusuvvz3m"],"amount":11800},{"n":1,"addresses":["prl1pq83wvj6t7638cf20n2u5m0y6y325rvwwkdv39fdwk2ef84n90j8qkaysr0"],"amount":2008.9808353}]}