{"txid":"2d41dc574b945f8db8c149a5db571167a537a9bb1d854bf4a9dd40303c1f70b4","block_height":null,"time":null,"vin":[{"txid":"2d41dc574b945f8db8c149a5db571167a537a9bb1d854bf4a9dd40303c1f70b4","vout":0,"amount":999.99999,"coinbase":false},{"txid":"abab2090b1fbec109136c419228f743d64493ce3b6df00c4bf3a248bb2aa2b2c","vout":1,"amount":312.06587105,"coinbase":false},{"txid":"205ddb7c03e957f40866da6b0bd96d0aed69d1662385fc1872ee9d32fcfd5365","vout":1,"amount":75.2629131,"coinbase":false}],"vout":[{"n":0,"addresses":["prl1ppz058nmr3uzvtv5ytly3vkz3kx8s3we47xhvkl3v7tq3k750dcqsv2pka2"],"amount":7.32875978},{"n":1,"addresses":["prl1zv7szrpm2m02ytz87qxqwld6tau3pp7ca86syah033smvhx7sjecs0nn7yv"],"amount":1380}]}