{"txid":"67342ed31e3ab98b11382750e92e174dc31e0575e347f18bdf03ce9d9496b9c8","block_height":null,"time":null,"vin":[{"txid":"67342ed31e3ab98b11382750e92e174dc31e0575e347f18bdf03ce9d9496b9c8","vout":1,"amount":145.02473568,"coinbase":false}],"vout":[{"n":0,"addresses":["prl1zaml6ka7kyyh8ky087ag8623va2djrd5gn6au6jx6dl9hd8vpkk8s4fcrvz"],"amount":100},{"n":1,"addresses":["prl1pjjlzacknw83xr2e3vx5w5ef064htekg2eprwef5c80cy76wdk7kq8y74fu"],"amount":45.02472741}]}