{"txid":"c3470ade9f1693a88aa3f429823193b0d833cfa62f2f79862fed922b109c88c2","block_height":null,"time":null,"vin":[{"txid":"c3470ade9f1693a88aa3f429823193b0d833cfa62f2f79862fed922b109c88c2","vout":356,"amount":228.31817426,"coinbase":false}],"vout":[{"n":0,"addresses":["prl1z4dxygj8fflltgquvzkc7058wr0tawypcfns9km8hwv78swde3x3s7rtr8c"],"amount":100},{"n":1,"addresses":["prl1p0qy8gtmvpcvlunsvznmtee3px2wgvfdj4c7zpf7j7n4g5ylvd89sq6r70e"],"amount":128.31809197}]}