{"txid":"0527546950f412a8e81c6311df2cfd8d68dff4a76eb59c6483e1fccc88c426e9","block_height":null,"time":null,"vin":[{"txid":"0527546950f412a8e81c6311df2cfd8d68dff4a76eb59c6483e1fccc88c426e9","vout":187,"amount":338.14906637,"coinbase":false}],"vout":[{"n":0,"addresses":["prl1ppdsz6gcx5hcmrxsct3xuycyapdwralsvfzgverc0ukkyy5xf4lms428ary"],"amount":174.14905801},{"n":1,"addresses":["prl1zlya0rmnch40yrt8alugdp8kyxn5hfrpp3lxx9gpls6n48d40vzpse3xktv"],"amount":164}]}