{"txid":"ffef7c16d127a937f284db501e3605133fa44cc6d74234860f2207552c872cbd","block_height":null,"time":null,"vin":[{"txid":"ffef7c16d127a937f284db501e3605133fa44cc6d74234860f2207552c872cbd","vout":75,"amount":368.92038485,"coinbase":false}],"vout":[{"n":0,"addresses":["prl1zrvwvnz2mrp2ruh7twvnzezmq6e9f42365sa9z627wuvfulrzmvrsqxun43"],"amount":100},{"n":1,"addresses":["prl1pg273ctmu9nwjqjvllm8u9q3k3ln6u72ad368hcuca3sjlmh3pglqwwga45"],"amount":268.92036935}]}