{"txid":"13357ebdb0cea6bffefe60a4a81be49c265a104e382acb80694ccc678ec3cf35","block_height":null,"time":null,"vin":[{"txid":"13357ebdb0cea6bffefe60a4a81be49c265a104e382acb80694ccc678ec3cf35","vout":271,"amount":101.2372356,"coinbase":false},{"txid":"32e4b0c5e2383782ba7e42835aed10b5ab464609eeda1d2e6f126a99fb02d6f0","vout":429,"amount":99.34143915,"coinbase":false},{"txid":"33cc12f487b77d7a377289a5088e6b27aa635c7506647d7198c186b9c226d860","vout":530,"amount":56.80419083,"coinbase":false}],"vout":[{"n":0,"addresses":["prl1zdmmf5tv5hs0ft2ck499mfmxw3cqzuqya0rdj7dfy5fpql4dj9q6q46yu4k"],"amount":257.3},{"n":1,"addresses":["prl1pvx6x02gsukh6sn82x0tl98lzhey4h0cwthtywcqyewk8dje043psfmwv38"],"amount":0.08286288}]}