{"txid":"f706e3afd5192d2690d54927f68c9aef661fe9d68a3a7345e2f4b86905ab88da","block_height":null,"time":null,"vin":[{"txid":"f706e3afd5192d2690d54927f68c9aef661fe9d68a3a7345e2f4b86905ab88da","vout":419,"amount":61.39759805,"coinbase":false},{"txid":"a1eb498bdd69de0497785eeaaee7f9190713c5ce9d6b833046dbb53c53a27827","vout":97,"amount":50.84080851,"coinbase":false},{"txid":"cb2f1f4b7829c4f0bbc266da0f29e2a1aa530030b0f7d3d471ad103d987d7f96","vout":585,"amount":13.11599736,"coinbase":false}],"vout":[{"n":0,"addresses":["prl1z5mcqw8edy39df86acfrflrv9phzcy5p7m0a723a33wkhqq2vmjvqvwurc3"],"amount":125},{"n":1,"addresses":["prl1p9zl69eqxfe4fs5xjwllvzz56gc5ku4zaxtckkqz5pqfh4dhunqkqz3cgsv"],"amount":0.35440122}]}