{"txid":"e483ff711527dd6a2b0aceddf4195d3a36211d0092af45c33fc7cca7846c9e2d","block_height":null,"time":null,"vin":[{"txid":"e483ff711527dd6a2b0aceddf4195d3a36211d0092af45c33fc7cca7846c9e2d","vout":0,"amount":99999.99999,"coinbase":false},{"txid":"29fbfd10b8cb94b12549519213efd93f178947aee3f102e56845f6473e23878c","vout":0,"amount":2746.14639195,"coinbase":false}],"vout":[{"n":0,"addresses":["prl1prasq6zu0w0wexfsx9kjjhh208m773lshk94qme7rcqf62z822mmsefc0la"],"amount":2746.14636065},{"n":1,"addresses":["prl1zyfa2guzumq4zc48rg3wd3wlwlyxvth7nld5qslae88lpg3g3aq7qkpdd9e"],"amount":100000}]}