{"txid":"87a5dfa08d1a0abbb12c4fd356603e82c90ddb68db99592cc5964d75f8e7aff5","block_height":null,"time":null,"vin":[{"txid":"87a5dfa08d1a0abbb12c4fd356603e82c90ddb68db99592cc5964d75f8e7aff5","vout":644,"amount":263.2920929,"coinbase":false}],"vout":[{"n":0,"addresses":["prl1z3ptu6xn7mkh54kccjr3fpkgkluryts3zrm7pjvw94u67x3fu65sqymx0p3"],"amount":250},{"n":1,"addresses":["prl1p2p0lp0xhvg5y8cuqyuck9udzykv3cxkffn0n0ahzuuf0dapr9vzsmyueqx"],"amount":13.29209136}]}