{"txid":"5b3510516fd8b4f487dfade3091e5e4dc2b63541868fa2cc8f581faf2634ef4c","block_height":null,"time":null,"vin":[{"txid":"5b3510516fd8b4f487dfade3091e5e4dc2b63541868fa2cc8f581faf2634ef4c","vout":0,"amount":3100,"coinbase":false},{"txid":"5b3510516fd8b4f487dfade3091e5e4dc2b63541868fa2cc8f581faf2634ef4c","vout":1,"amount":69.99991966,"coinbase":false}],"vout":[{"n":0,"addresses":["prl1psenxkfugtyztryyxsmfj5tkgq3gmx04zg5l22s48emjdmtfulatswvne99"],"amount":69.99990502},{"n":1,"addresses":["prl1za8smqf5ev6ghc2cqxkatyy6fm9ndvt2v250qkexpgnjauu09280qvvryj8"],"amount":3100}]}