{"txid":"f6c1b5dae25cb3b3cddcb25a8e7089cc5f924a8387bb8ea405f109a114c06c54","block_height":null,"time":null,"vin":[{"txid":"f6c1b5dae25cb3b3cddcb25a8e7089cc5f924a8387bb8ea405f109a114c06c54","vout":0,"amount":1899.99998435,"coinbase":false},{"txid":"9eba08b7ed2717846a21e0c02d470ece7e4a701f47f71e0fc43bc9006d97f153","vout":0,"amount":1,"coinbase":false}],"vout":[{"n":0,"addresses":["prl1pckyh6rl4t4kf8r0uu8q0wea9c2ayseauzs3c576372yk8kawd0ps6mgjmz"],"amount":0.99996278},{"n":1,"addresses":["prl1zd5l85usw43hy6pwmn34pnn47lzf7354tfx40z0tf86r0wec6aqmsn8j6m5"],"amount":1900}]}