{"txid":"d36b675e105363a8b4ae3e531d88f366cfd5a424b2e98060e164b84ecbe93336","block_height":null,"time":null,"vin":[{"txid":"d36b675e105363a8b4ae3e531d88f366cfd5a424b2e98060e164b84ecbe93336","vout":1055,"amount":348.10345169,"coinbase":false},{"txid":"7867fd1d68df635ab77f4cbb02e924efa868983741076db186858068a21ab3cc","vout":1106,"amount":39.11760367,"coinbase":false}],"vout":[{"n":0,"addresses":["prl1zjdwxzhtmnjvapleck0w9s74ya9ljk6edz785hvxqpq02magu6wrqu3m3zf"],"amount":387},{"n":1,"addresses":["prl1pzwlacy80cgvns3ehgyxqpgljn533vgssf8mr5gmx77nmvar0rvsqjwaytu"],"amount":0.22105324}]}