{"txid":"12eea0dc1158f89367056ec328b00b5fbcc4f8c6d41d0088eea87c3defd66ae8","block_height":null,"time":null,"vin":[{"txid":"12eea0dc1158f89367056ec328b00b5fbcc4f8c6d41d0088eea87c3defd66ae8","vout":729,"amount":47.24872145,"coinbase":false},{"txid":"d63343343dbfab19e662d471205bbef2a95b63ac30d52ddfb62acf2d22f5663b","vout":825,"amount":30.14859893,"coinbase":false},{"txid":"75ad79bdbcab13c11436bcf521374514462c6473852d8b980b336d18eac27b08","vout":258,"amount":24.06067388,"coinbase":false}],"vout":[{"n":0,"addresses":["prl1pdes0yps7aezvp2t2c50jzkupjsg7sas2kv9t9numh7juwvy027hqk32vqc"],"amount":1.45799156},{"n":1,"addresses":["prl1ztmjxr9vgplu79s7wmt27dhqrpjwat68hxfdazf44rjn56n4wwrnsx0d8tn"],"amount":100}]}