{"txid":"4e7b608d07e5e35f179f7c90e7473b721b1ff80320d8cc13caf28aa38a55d10d","block_height":null,"time":null,"vin":[{"txid":"4e7b608d07e5e35f179f7c90e7473b721b1ff80320d8cc13caf28aa38a55d10d","vout":48,"amount":75.49074686,"coinbase":false},{"txid":"b654b887e32220d65dcc38d26e6723fe117cb1d712e4f89de1d9c45e5745f33f","vout":37,"amount":72.75689342,"coinbase":false}],"vout":[{"n":0,"addresses":["prl1z00nva72s8xztkqzptvvesa60ytq49cp0uma5kr905yasrvuw7q2szcx4kk"],"amount":100},{"n":1,"addresses":["prl1px0xy0rzp8g7hm8rzn5cmuaj03yns7csnjc899htgg6m4ek08plgsxg6aeq"],"amount":48.24763816}]}