{"txid":"6f7f6809b75b57734dd27a15e1e58f2a0e6aad0af4dccc94f90905a4604e182b","block_height":null,"time":null,"vin":[{"txid":"6f7f6809b75b57734dd27a15e1e58f2a0e6aad0af4dccc94f90905a4604e182b","vout":1,"amount":591.5235743,"coinbase":false},{"txid":"0eec81cdece4ff2fdc3b0ca87837b9d214d9aa707f25efc3279f7270098defd0","vout":0,"amount":99.99999,"coinbase":false}],"vout":[{"n":0,"addresses":["prl1z7mqargnzscv69rl2m83pqnsm4gtpgypzwyvululy2a7l9w0crc6q2k9p82"],"amount":691},{"n":1,"addresses":["prl1p9849nsvv3twpqdjxe3v7xk6g0k2upz0vpy4pcyna4fn6v6c8guss2ctcaw"],"amount":0.52356218}]}