{"txid":"a1eb498bdd69de0497785eeaaee7f9190713c5ce9d6b833046dbb53c53a27827","block_height":null,"time":null,"vin":[{"txid":"a1eb498bdd69de0497785eeaaee7f9190713c5ce9d6b833046dbb53c53a27827","vout":135,"amount":364.02579805,"coinbase":false},{"txid":"75ad79bdbcab13c11436bcf521374514462c6473852d8b980b336d18eac27b08","vout":582,"amount":292.70064913,"coinbase":false},{"txid":"5e7b6271289c0d7bef92070cfab5b3754f756db3042a849ae48187e9afab814f","vout":201,"amount":288.78746516,"coinbase":false}],"vout":[{"n":0,"addresses":["prl1pxdkfnqzxla6cvfms2yar26ns7wya22r8sl2rsug90s307mrye0asvdxh9d"],"amount":0.51368085},{"n":1,"addresses":["prl1z4wsftzgszr9rpwz47w3xuj60fwan38jlrt7mdmzfyu6amcey39wqj0hdev"],"amount":945}]}