{"txid":"379f36e6383d0acc54ad95cbffe43705cc70ebf2b1eb71cd568b2b1c60e778e7","block_height":null,"time":null,"vin":[{"txid":"379f36e6383d0acc54ad95cbffe43705cc70ebf2b1eb71cd568b2b1c60e778e7","vout":0,"amount":250.73367795,"coinbase":false}],"vout":[{"n":0,"addresses":["prl1z0dl2nrlq5l5ndxa0ylknfkaju6lzcytmd9mr7qq52vf3ssfxkrcqpjz3rk"],"amount":250},{"n":1,"addresses":["prl1pp0hfm5er3p42vy2dqx67379dt94lrvzyuf00l27la9svzmwzv6gqdskhgj"],"amount":0.73366235}]}