{"txid":"33cc12f487b77d7a377289a5088e6b27aa635c7506647d7198c186b9c226d860","block_height":null,"time":null,"vin":[{"txid":"33cc12f487b77d7a377289a5088e6b27aa635c7506647d7198c186b9c226d860","vout":232,"amount":668.76520156,"coinbase":false},{"txid":"2d4242ab21319dac42b4c08c41da0355170df3a16fe33582965388db243075d2","vout":357,"amount":339.43191183,"coinbase":false}],"vout":[{"n":0,"addresses":["prl1zu0y580tdgdn8hvecxmqu0nk490hgp4ksy0c3xvl8j8r7r6pvukyq8m3h4s"],"amount":807},{"n":1,"addresses":["prl1pmxgrjgdzrfu34gswdmlz7ezfc7vm06qa8msm0xpzme2hj4gsrz5qhy9lde"],"amount":201.19711127}]}