{"txid":"bb7d9d04bbfeb671cd88e30735d1e69e2f4065c43fc36fd01ed7c3a2a97976fd","block_height":null,"time":null,"vin":[{"txid":"bb7d9d04bbfeb671cd88e30735d1e69e2f4065c43fc36fd01ed7c3a2a97976fd","vout":0,"amount":830,"coinbase":false},{"txid":"444690282cfe2e1a7b3e15764145230eb3ff0a827968912f89c65ee081498147","vout":1,"amount":56.12955392,"coinbase":false}],"vout":[{"n":0,"addresses":["prl1zvmtaspnsku7amj4rl4jvdvpyfd87n84m6202y7yg5zd04ga5zmwqsuwqgm"],"amount":830},{"n":1,"addresses":["prl1pwvh9q2gqg662457sl5we09h633ss7jyzvt0vttvhkxkt795vjuaq5a8ac7"],"amount":56.12953262}]}