{"txid":"0527546950f412a8e81c6311df2cfd8d68dff4a76eb59c6483e1fccc88c426e9","block_height":null,"time":null,"vin":[{"txid":"0527546950f412a8e81c6311df2cfd8d68dff4a76eb59c6483e1fccc88c426e9","vout":469,"amount":212.15174157,"coinbase":false}],"vout":[{"n":0,"addresses":["prl1pleh2rm2kmafnn2h85flsy9fez4ld9t40uu852fq657vu722d97eq99rl45"],"amount":112.1517332},{"n":1,"addresses":["prl1zgu50fff4vlcj23pn05p2k2ry6g8hfzwrh7urtff0m7h3m7sh0hqqxcm2ea"],"amount":100}]}