{"txid":"2416192926123602dff2911440df405cf87b0f2670ad24718ae8c2d72c3391f6","block_height":null,"time":null,"vin":[{"txid":"2416192926123602dff2911440df405cf87b0f2670ad24718ae8c2d72c3391f6","vout":0,"amount":206.31046488,"coinbase":false}],"vout":[{"n":0,"addresses":["prl1zjxul2ch6je29vz03wekv680wc90mun8g0xqmmfy9hpjcvx2aa8usurme6m"],"amount":206},{"n":1,"addresses":["prl1p9hwqvmag4phez0w8fxx906wn9emcrgrlwvnev3j6pgkkdkgxu3ns6sqgaz"],"amount":0.31046334}]}