{"txid":"6dabc86d03334716976d8a40c1a051d2faacc9eac7ffbf470a925eb692289eb8","block_height":null,"time":null,"vin":[{"txid":"6dabc86d03334716976d8a40c1a051d2faacc9eac7ffbf470a925eb692289eb8","vout":27,"amount":405.4179894,"coinbase":false},{"txid":"0527546950f412a8e81c6311df2cfd8d68dff4a76eb59c6483e1fccc88c426e9","vout":179,"amount":6.16499181,"coinbase":false}],"vout":[{"n":0,"addresses":["prl1psrjjcj4h2k3s75amj9vhxzpjepcusdj7mr5dncul5uz863pz0sqqwf6w2y"],"amount":1.58296964},{"n":1,"addresses":["prl1zfd7l0c4q3rjsvsduvhn0xuekrk08tf69xucuns57u23099ay6ues4w5lt5"],"amount":410}]}