{"txid":"0e30a657cb11d96bdbd3c3c7b4ce66170de1a63955a0467b5595530fe8fd411e","block_height":null,"time":null,"vin":[{"txid":"0e30a657cb11d96bdbd3c3c7b4ce66170de1a63955a0467b5595530fe8fd411e","vout":0,"amount":1000,"coinbase":false},{"txid":"17f332e4a79552c064843517c09f1d45118f46a1194fa184f8174cdfc38cebe1","vout":1,"amount":0.59943706,"coinbase":false}],"vout":[{"n":0,"addresses":["prl1zuk6keyvwlm6p4ggnlcj830dlc2cyseezevrm9us9uxng0rl7669s8420nl"],"amount":1000},{"n":1,"addresses":["prl1pcmh09gq68xeywxcjhzcjv9jvzl4s6g808cll4f4mh955ajpq485qgh8u6v"],"amount":0.59943494}]}