{"txid":"08fd3763bf0141c2d831c59032d85fb9e273d2d66b53b0a893feb91ac6176738","block_height":null,"time":null,"vin":[{"txid":"08fd3763bf0141c2d831c59032d85fb9e273d2d66b53b0a893feb91ac6176738","vout":0,"amount":499.99999,"coinbase":false},{"txid":"a1eb498bdd69de0497785eeaaee7f9190713c5ce9d6b833046dbb53c53a27827","vout":88,"amount":73.50948161,"coinbase":false}],"vout":[{"n":0,"addresses":["prl1zqlgam5gz0swpe8tj40kk8wwckelu6ywv6ae9zcyem8tudg5d5hkqqfdkd0"],"amount":500},{"n":1,"addresses":["prl1pskk83v2k6xmrq7ev9v0y47ralq49ne2lhudkzzwvwe9ke3sjh2fqjc3x8j"],"amount":73.50946949}]}