{"txid":"4ca3b68c336633b31e0123e0a0f75c95a8415af34ba528d24e5bcc8db360ed45","block_height":null,"time":null,"vin":[{"txid":"4ca3b68c336633b31e0123e0a0f75c95a8415af34ba528d24e5bcc8db360ed45","vout":0,"amount":2545.2065357,"coinbase":false}],"vout":[{"n":0,"addresses":["prl1zdwv9afp9gmdfag8tm0u50esjq5qc8440vyv4pql22w3ayeau7nyqk9u7pm"],"amount":890},{"n":1,"addresses":["prl1pgz7xkmw396pcnw43ptt4sg35gkv5ax789whywt6ja7mqz494hrmq2q3fk9"],"amount":1655.20653416}]}