{"txid":"265a360f0c2d5eefad0c37ec94a5f6eb396910e499c1f2268721384a2ceab7df","block_height":null,"time":null,"vin":[{"txid":"265a360f0c2d5eefad0c37ec94a5f6eb396910e499c1f2268721384a2ceab7df","vout":0,"amount":139,"coinbase":false},{"txid":"bd53a5b24e78edb2bac7dffd92ede2f36f6c3f6bd05ca6c6fc4381a697787758","vout":1413,"amount":127.36078722,"coinbase":false},{"txid":"2c9d50320a3e8c4a1e09c3c8093a3eaed67667558338204c7aa778df60536e0d","vout":0,"amount":34.8,"coinbase":false}],"vout":[{"n":0,"addresses":["prl1z78qv28jl00zufhn4w4n2ct034qqhtxsyctwy9fg8w04uwg77m35qc06xna"],"amount":301},{"n":1,"addresses":["prl1pqge66ze06t7d8ze40zmpu59eev4hmnuw3empel2vnjfuf8xk0k2qd0twwr"],"amount":0.16078452}]}