{"txid":"0527546950f412a8e81c6311df2cfd8d68dff4a76eb59c6483e1fccc88c426e9","block_height":null,"time":null,"vin":[{"txid":"0527546950f412a8e81c6311df2cfd8d68dff4a76eb59c6483e1fccc88c426e9","vout":126,"amount":1485.69850695,"coinbase":false}],"vout":[{"n":0,"addresses":["prl1zk6pt2tcux4f9sp437mc5njwgs269eyktz72gfta7d6kk3zecfrxqevmdsg"],"amount":510},{"n":1,"addresses":["prl1phmyae4hke97qtznu5nwu7952q4fgl0sxm6cv4jfkngejp8rmr2wsuk5ah7"],"amount":975.69850541}]}