{"txid":"7867fd1d68df635ab77f4cbb02e924efa868983741076db186858068a21ab3cc","block_height":null,"time":null,"vin":[{"txid":"7867fd1d68df635ab77f4cbb02e924efa868983741076db186858068a21ab3cc","vout":1126,"amount":228.08464499,"coinbase":false}],"vout":[{"n":0,"addresses":["prl1zhrnv3ghu54gvmfzqj63dmysh74p0kmex5jyl4nwp5pxf05ayzkrqrwvr2d"],"amount":228},{"n":1,"addresses":["prl1pxc6p29wt96r6g628qu7lsal556m627clugnm97h8afpls779nzvqv3uens"],"amount":0.08464345}]}