{"txid":"592723a256a92e337b1603ab50ce061fc09e6f58fea5f21d99f7e2266a46290d","block_height":null,"time":null,"vin":[{"txid":"592723a256a92e337b1603ab50ce061fc09e6f58fea5f21d99f7e2266a46290d","vout":0,"amount":3999.98956454,"coinbase":false}],"vout":[{"n":0,"addresses":["prl1zf8ak2vk6vtzc6u4a94068mwjrumh5alwfpaz2dhwqu0lq3w3x4tswkddp0"],"amount":3000},{"n":1,"addresses":["prl1pzgct6ds2darn94flcdjpvxyv05j4re62a6mwvvh6r2tvleq0jwsqv62459"],"amount":999.98955621}]}