{"txid":"da87e3c02f0b3cd615152392f03c8b5f39ab6cef948a5c4e0b21a96cbec4bbfb","block_height":null,"time":null,"vin":[{"txid":"da87e3c02f0b3cd615152392f03c8b5f39ab6cef948a5c4e0b21a96cbec4bbfb","vout":0,"amount":112.62782748,"coinbase":false}],"vout":[{"n":0,"addresses":["prl1p55u6pk9xf3t4hkd7sj4m8u7ptj3uwddvecl3fjg9uj6lhc0p866swktfc6"],"amount":12.62777716},{"n":1,"addresses":["prl1zlmsh83jqz93qwzndcd9gzkevyratkqa53vetn5s9wzzknx0hgc7q9clj6k"],"amount":100}]}