{"txid":"12f4a5d22c387ea4cfb73f2085525699717139dc1fa0255b96bcf95b39031ab5","block_height":null,"time":null,"vin":[{"txid":"12f4a5d22c387ea4cfb73f2085525699717139dc1fa0255b96bcf95b39031ab5","vout":0,"amount":449.99999,"coinbase":false}],"vout":[{"n":0,"addresses":["prl1z0euhhm4uzx8wpync0flfhmjhrxw4ml0e7dtv8pav32c8d7rl7mvqv5s4r5"],"amount":100},{"n":1,"addresses":["prl1p92ewn9m0jwx6995258h8pj7wwjhtn88d8kpnyyd4uvsgd652ju6qtwfujv"],"amount":349.99998846}]}