{"txid":"57ad7588ba2b4a826b393d4af5bd09ea91011cf09513e3e3924d87c4ee655563","block_height":null,"time":null,"vin":[{"txid":"57ad7588ba2b4a826b393d4af5bd09ea91011cf09513e3e3924d87c4ee655563","vout":556,"amount":207.43627242,"coinbase":false}],"vout":[{"n":0,"addresses":["prl1zfn5y6fayjqvraryl4yrhyyaswjq78ks36n6l0g0vv2jfl6cnvxcskdku74"],"amount":100},{"n":1,"addresses":["prl1pg3sx9w2gf87kplv03e38ywxshh0rntfw3p62t4ddgy28tel0cd6saqlp9m"],"amount":107.43626397}]}