{"txid":"e3ae1d059e6a18c96144e8168b5af87233afca6aa9917f88834677c6c675e8cc","block_height":null,"time":null,"vin":[{"txid":"e3ae1d059e6a18c96144e8168b5af87233afca6aa9917f88834677c6c675e8cc","vout":1,"amount":342.16766968,"coinbase":false}],"vout":[{"n":0,"addresses":["prl1zvd36g0ugh87pwp7qyc2twc2vkhqen6yh9jfpyqfeed6uz6ttt50qutuwyj"],"amount":100},{"n":1,"addresses":["prl1ppn7ccccv0z3lvdegwplzhs7r53azwdsnvsnl0equap6fj6ylwhyq736ujs"],"amount":242.16766138}]}