{"txid":"fbdc189080a5e8b36ff10adb0817b155b4211fb9001913da173c7deafebbfdad","block_height":null,"time":null,"vin":[{"txid":"fbdc189080a5e8b36ff10adb0817b155b4211fb9001913da173c7deafebbfdad","vout":0,"amount":171.926,"coinbase":false},{"txid":"7e96d981ba0204d1a16efded94f1b38ab96bef9dfd69d24a4a1d87b15a81d658","vout":684,"amount":44.3225678,"coinbase":false}],"vout":[{"n":0,"addresses":["prl1zekx5j8v6cxyuvryu58sc25m4k20jn3cuydrad4vynwr8ckfs2y9sm5655w"],"amount":200},{"n":1,"addresses":["prl1prf4d8ncjqxpwsrpld4evd3fwv2kyk9kxun2drkhj627hs3nvs6tq0dh35n"],"amount":16.24845468}]}