{"txid":"78ad22b2469173da1b7de5aa130c752bf3779b69adf68ef52ab3e5edfa686bb3","block_height":null,"time":null,"vin":[{"txid":"78ad22b2469173da1b7de5aa130c752bf3779b69adf68ef52ab3e5edfa686bb3","vout":0,"amount":8519.31583882,"coinbase":false},{"txid":"609d03ca189d355a0de56ecb922c8b89308e29ca04908b585049e01dfc05744a","vout":91,"amount":6559.18342244,"coinbase":false},{"txid":"528ac3a09099aaddb3e904d3a5cf5e2acd0cf87ebcf6225b840a6266f21cca9d","vout":93,"amount":982.88171331,"coinbase":false}],"vout":[{"n":0,"addresses":["prl1zg5kuzqdtymzglgzl5qpkmp4hxst78nzfuhhqqg54qpkxmrqnrjxqrn0p6f"],"amount":15800},{"n":1,"addresses":["prl1pjkkl0n7z78hhdhfs2jewt660fdfyrjh9mj7akky83j52ym4dpm0q25ydh8"],"amount":261.38095966}]}