{"txid":"8755ea68c45c3b9383177f3a1815354bf14c1ed3d40c0f6e2de59b524980d873","block_height":null,"time":null,"vin":[{"txid":"8755ea68c45c3b9383177f3a1815354bf14c1ed3d40c0f6e2de59b524980d873","vout":0,"amount":1200,"coinbase":false},{"txid":"6b085448ed8fc2ed45e7fe66ba761d5927de5ea1fe9dd403fa3b5d8467943f64","vout":1,"amount":0.03408922,"coinbase":false}],"vout":[{"n":0,"addresses":["prl1z79h232gdpytlvduhh8a7cceq442tqv0tfuj0s5l6p4azp0stndusvmgm7h"],"amount":1200},{"n":1,"addresses":["prl1pc5v7m7p60444h8gjl69a67q209mx8pyp3z4z9n0wdk44j5dtfx7qm78kpr"],"amount":0.0340871}]}