{"txid":"59200b6613b046cb39ec0c112551e95d84797330f28b43e78ada03cbcd22147f","block_height":null,"time":null,"vin":[{"txid":"59200b6613b046cb39ec0c112551e95d84797330f28b43e78ada03cbcd22147f","vout":1,"amount":49252.67527162,"coinbase":false}],"vout":[{"n":0,"addresses":["prl1zz3629sj8dxsgurhtpdk2tdpv07h4z46qgvxxvtdq85ywdumcrrrqgrdtk5"],"amount":18000},{"n":1,"addresses":["prl1p72ux52ej2z3rq0ktxkezn9kzlj8ynnl7kvl8v92hsx9f4tgm65qseawlm7"],"amount":31252.67527008}]}