{"txid":"0dd362b7acdec3a3400e313b526724833949261bcd3099facaca093620e5f1a4","block_height":null,"time":null,"vin":[{"txid":"0dd362b7acdec3a3400e313b526724833949261bcd3099facaca093620e5f1a4","vout":1,"amount":1636.72414904,"coinbase":false}],"vout":[{"n":0,"addresses":["prl1zml4t29pguvlhesf2tq9c5ua6uwlf7g6v834q76hk96zqf5v738qsewq5mf"],"amount":800},{"n":1,"addresses":["prl1p9pg7e4vfg9e9dy6m03zn5gwt2r23629rymrtmv0g9mp72ks6e5jsy7c7xx"],"amount":836.7241475}]}