{"txid":"a8903edda933d96c6f2f372757d40149cbbe76f3b348d6911007ceae7aae56fd","block_height":null,"time":null,"vin":[{"txid":"a8903edda933d96c6f2f372757d40149cbbe76f3b348d6911007ceae7aae56fd","vout":0,"amount":26159.51829626,"coinbase":false}],"vout":[{"n":0,"addresses":["prl1z9ynfutz2f0u0p73735qh5j9kfpyrmg65ggktzcd8h7av39t6pm0qt65nxv"],"amount":20000},{"n":1,"addresses":["prl1pfjjxrajsqfl82rc7c6d6dg6nz7dml5sxhn5frzlusrym24x69r8svmsu77"],"amount":6159.51813215}]}