{"txid":"32e4b0c5e2383782ba7e42835aed10b5ab464609eeda1d2e6f126a99fb02d6f0","block_height":null,"time":null,"vin":[{"txid":"32e4b0c5e2383782ba7e42835aed10b5ab464609eeda1d2e6f126a99fb02d6f0","vout":322,"amount":176.97337579,"coinbase":false}],"vout":[{"n":0,"addresses":["prl1pm35yqg6qkr9peqkxevg39xv68zte6ql6guc68f2k5jtr6w0tn4dqvyf24t"],"amount":36.9733672},{"n":1,"addresses":["prl1zx5xfeqd5yxhrme35vprw57vcjy67csvs6fn9785kkgpcx02lrzvqmvdgfa"],"amount":140}]}