{"txid":"722035a9fe5fe922c91c7de19653843428e009bc57143a29e391dd5fee15c6c6","block_height":null,"time":null,"vin":[{"txid":"722035a9fe5fe922c91c7de19653843428e009bc57143a29e391dd5fee15c6c6","vout":0,"amount":149.99999,"coinbase":false},{"txid":"21f7186a2e07745f613d265eed226de22c78027abcf9500d68e215466b70ee8d","vout":42,"amount":1.06286412,"coinbase":false}],"vout":[{"n":0,"addresses":["prl1p68rw9s64fu8ew6lp9v9f7ys9urrgux96ff6uwvp6xy2rg8zhtsqqehy9c0"],"amount":1.06284252},{"n":1,"addresses":["prl1zsdgeaa40psm5hjv6xfseaz2974sgu8l4v56dnxxq9sag657vkx6qtaycnj"],"amount":150}]}