{"txid":"e8ed0877f345ca6b363807ce324f9182b86e0fac9ad298817e02e7deabf5085a","block_height":null,"time":null,"vin":[{"txid":"e8ed0877f345ca6b363807ce324f9182b86e0fac9ad298817e02e7deabf5085a","vout":0,"amount":8999.99999,"coinbase":false}],"vout":[{"n":0,"addresses":["prl1pals3r5mmrzqrl9cuwv6v7urevxuf0826s4vrv5vyr23gj8vu7u7shsr0gl"],"amount":8899.99998163},{"n":1,"addresses":["prl1z9sza2quf285yyqlc8fnh8va0lkgq467lpl490drp9wrckxh0al5sl9csr2"],"amount":100}]}