{"txid":"7867fd1d68df635ab77f4cbb02e924efa868983741076db186858068a21ab3cc","block_height":null,"time":null,"vin":[{"txid":"7867fd1d68df635ab77f4cbb02e924efa868983741076db186858068a21ab3cc","vout":1086,"amount":256.03166169,"coinbase":false}],"vout":[{"n":0,"addresses":["prl1zfr9nf8tm89jwj9rfypsmr2h7zuwqtcjuz3teefjazjfur8lgpzlq96ldrp"],"amount":255},{"n":1,"addresses":["prl1p7kgze56jxxrlypygghfwdq3e9yn6hc9tly5t6wgylztthlducg6slttelj"],"amount":1.03166015}]}