{"txid":"858a38723d8195579d7b52284053a82666b419a191da5c7d076f3a6d1212b620","block_height":null,"time":null,"vin":[{"txid":"858a38723d8195579d7b52284053a82666b419a191da5c7d076f3a6d1212b620","vout":0,"amount":899.99991016,"coinbase":false}],"vout":[{"n":0,"addresses":["prl1p3nkyjsnymlkfz9ejv9ykeycfn3y7smxq5jsxywfw9sx79ec6tsqsfw77yk"],"amount":599.99983049},{"n":1,"addresses":["prl1zjk50dpk4vna6msfrpvhzsr9s0pjrd840g7flqmhzvcjmte3uke4s2hreal"],"amount":300}]}