{"txid":"ade73d170800d6c1215f2035b98bd88ec890015d47900347a0d0d2c6f8bd15bc","block_height":null,"time":null,"vin":[{"txid":"ade73d170800d6c1215f2035b98bd88ec890015d47900347a0d0d2c6f8bd15bc","vout":0,"amount":10999.99999,"coinbase":false}],"vout":[{"n":0,"addresses":["prl1zlr37gcqtrwntsrj2n4lpc8205dm4ddwhgm685laeydaxhnyfratsrzvdu6"],"amount":9096},{"n":1,"addresses":["prl1ph8e3gxnytz9zmemwygpmlahft0d5gz4wwqs6uu0nqmlwhm80laeqhpm3ex"],"amount":1903.99998846}]}