{"txid":"609d03ca189d355a0de56ecb922c8b89308e29ca04908b585049e01dfc05744a","block_height":null,"time":null,"vin":[{"txid":"609d03ca189d355a0de56ecb922c8b89308e29ca04908b585049e01dfc05744a","vout":341,"amount":2338.13135555,"coinbase":false},{"txid":"53b0b5e4123095e5e7566c543e90ffcbd298ad4ea712ae79bb20fc1d16b0be0c","vout":0,"amount":1999.99999,"coinbase":false},{"txid":"bcb8ccd08df5469f0526d4d16da4e3dbf2e4aa6f9da894bb12f3fe27f0b0b372","vout":1,"amount":679.79057785,"coinbase":false}],"vout":[{"n":0,"addresses":["prl1zulwue2enr09wgw9fyzx4hthhxahlzdfa52kdfq8ccjlwguc0wnfsprn4dq"],"amount":5000},{"n":1,"addresses":["prl1phmyae4hke97qtznu5nwu7952q4fgl0sxm6cv4jfkngejp8rmr2wsuk5ah7"],"amount":17.9219207}]}