{"txid":"60714801a988481faeb04774e08f1b997bbb340dcd4e250cafda40e8adaed6f7","block_height":null,"time":null,"vin":[{"txid":"60714801a988481faeb04774e08f1b997bbb340dcd4e250cafda40e8adaed6f7","vout":0,"amount":19999.99999,"coinbase":false}],"vout":[{"n":0,"addresses":["prl1pr9w77rf3r5yq27fcejuvu8fzwzdqcgs5verzu8stfen5hpzntepsy94f9u"],"amount":16999.99998168},{"n":1,"addresses":["prl1z72el7r6ndddwyhgt64sugztvrtza0e235s4xdcvqazamylpj56kqen2r2k"],"amount":3000}]}