{"txid":"ae32d6c5a65f9da140779e58de8ae7f5885c26a3578866a44f9593acdc4a2d63","block_height":null,"time":null,"vin":[{"txid":"ae32d6c5a65f9da140779e58de8ae7f5885c26a3578866a44f9593acdc4a2d63","vout":0,"amount":534.1,"coinbase":false},{"txid":"1fb7b73dcf7fef4db1e207dd7bcf808028a736d5da1e20175eed81401e580436","vout":1,"amount":476.9999948,"coinbase":false}],"vout":[{"n":0,"addresses":["prl1zurfzyqc649e5wzjh4u57ff2cj70gqyu4d434ytjxa8m2e0vn84dqy9cjmz"],"amount":1000},{"n":1,"addresses":["prl1phtelnzd37d7ac8errht86c3jaw8pmdvrkj8yp6lpp38aureyw3uqveudvy"],"amount":11.09999268}]}