{"txid":"13921b346d9fd535c58ea41da61eca96af1d09d30c36737168bc975749108714","block_height":null,"time":null,"vin":[{"txid":"13921b346d9fd535c58ea41da61eca96af1d09d30c36737168bc975749108714","vout":1,"amount":23000.94831341,"coinbase":false}],"vout":[{"n":0,"addresses":["prl1psgad5mh2wen0rnxcr4rfyp3y49ke9xhly4rlylsda6hsf5ws3j8qkm29ql"],"amount":0.94831186},{"n":1,"addresses":["prl1zuzz3scd855f8dyykvthjnxk776064vt3w5tv2rexmq9q39mscvzsrgrxf4"],"amount":23000}]}