{"txid":"21f7186a2e07745f613d265eed226de22c78027abcf9500d68e215466b70ee8d","block_height":null,"time":null,"vin":[{"txid":"21f7186a2e07745f613d265eed226de22c78027abcf9500d68e215466b70ee8d","vout":272,"amount":930.22156594,"coinbase":false}],"vout":[{"n":0,"addresses":["prl1phda47ul54mx0xjuvel8mswlkd9na8qeutv7s2hyd5umn6hvwv8hslcq2yp"],"amount":5.22155764},{"n":1,"addresses":["prl1zd5tvnp4sfkkud3trpq060u9k9zjawhqt9f63zmpzvvm89zh25qjqvntf4a"],"amount":925}]}