{"txid":"12eea0dc1158f89367056ec328b00b5fbcc4f8c6d41d0088eea87c3defd66ae8","block_height":null,"time":null,"vin":[{"txid":"12eea0dc1158f89367056ec328b00b5fbcc4f8c6d41d0088eea87c3defd66ae8","vout":734,"amount":733.86889223,"coinbase":false}],"vout":[{"n":0,"addresses":["prl1pc72gx4lzc6tcdnj9elwl07nlvgk5t3nfqszkyy62v58xp7tnsfkqt42mf6"],"amount":489.86872122},{"n":1,"addresses":["prl1z5lhuslndtyckjdg5qk76n2q47x47nwwmc8r5d8xd66d8v9456lvswhjjyf"],"amount":244}]}