{"txid":"4a8824fe3dafd70d27838c77055ad77d3db74073ad96ecfe9d285341ccec16fe","block_height":null,"time":null,"vin":[{"txid":"4a8824fe3dafd70d27838c77055ad77d3db74073ad96ecfe9d285341ccec16fe","vout":0,"amount":399.99999,"coinbase":false},{"txid":"62fa8cb5adc75f3a6ad1e51df153d61008d333a89546b4a3f8fa99b5e090d573","vout":122,"amount":7.65319158,"coinbase":false}],"vout":[{"n":0,"addresses":["prl1p55hq839t6tnq6gqaqk06xentuf7hsylq093w3rjz4daw6fn33x8qanjqjv"],"amount":7.65316998},{"n":1,"addresses":["prl1zv9wgsdqqxw3g2z8uqwckg6mr9wc4df4uaxa0uwp246rtyerszk7swfvmn6"],"amount":400}]}