{"txid":"72d47592c0e1f69528e01f63936b8db17448bb9242ae762c401f6ddb15a505e7","block_height":null,"time":null,"vin":[{"txid":"72d47592c0e1f69528e01f63936b8db17448bb9242ae762c401f6ddb15a505e7","vout":20,"amount":487.74352425,"coinbase":false}],"vout":[{"n":0,"addresses":["prl1z86zlwz0kzn7kjdkuvdu2lm6ptpqm6czrz3dxg7g3wxkc0eaajulsmzjazm"],"amount":100},{"n":1,"addresses":["prl1p4ev48swxpxjhcuf9yv764ldrsvhft87wdz9jpyqeyzegq8zhmtxsl3cmmd"],"amount":387.74312148}]}