{"txid":"8970d44105fc85ead8f4b6d494fc3d24884a16cacceb825dbaa170bb5796da54","block_height":null,"time":null,"vin":[{"txid":"8970d44105fc85ead8f4b6d494fc3d24884a16cacceb825dbaa170bb5796da54","vout":1,"amount":272.2419755,"coinbase":false}],"vout":[{"n":0,"addresses":["prl1zk32r58zg94v96gddauptwxetr5tfysth3tssjr5gl6unmzkjm2tqpp3vmk"],"amount":272},{"n":1,"addresses":["prl1p9849nsvv3twpqdjxe3v7xk6g0k2upz0vpy4pcyna4fn6v6c8guss2ctcaw"],"amount":0.24197396}]}