{"txid":"7867fd1d68df635ab77f4cbb02e924efa868983741076db186858068a21ab3cc","block_height":null,"time":null,"vin":[{"txid":"7867fd1d68df635ab77f4cbb02e924efa868983741076db186858068a21ab3cc","vout":409,"amount":118.36246549,"coinbase":false},{"txid":"3c910a79e2bd3ec3daf465455f726720829d6b32e54d9028298f15d473ea9fb5","vout":546,"amount":105.81191518,"coinbase":false}],"vout":[{"n":0,"addresses":["prl1z0fg7u4t0gkaypgjfnleh6t2h5hhpxjpacnwafc47ezcjy9c24p8sc25mk9"],"amount":224},{"n":1,"addresses":["prl1pak0r0p0xpu9l7msrj968r937fnstnrcqhrv8t7vd9kdefqmq6w4s9nz0st"],"amount":0.17437855}]}