{"txid":"efe9e3bc779a638ac6f9e09429c1750325a2fac5e5b67602ee86941e464e5460","block_height":null,"time":null,"vin":[{"txid":"efe9e3bc779a638ac6f9e09429c1750325a2fac5e5b67602ee86941e464e5460","vout":1,"amount":5268.99999846,"coinbase":false}],"vout":[{"n":0,"addresses":["prl1zmgxjng2e9tanaae6s2j6e94g99lzvam6rs0ey26seyy573y0g6ush6mx2x"],"amount":1000},{"n":1,"addresses":["prl1pfzn2dsrzyvr34ue4xfu9pj0nz5zg82raw383shtqwgyczc4jpags7ep8at"],"amount":4268.99999692}]}