{"txid":"6f7805c65c1f3aee5fdd8c4764b38538d3dcb232b69959d4b4537fbf4362d018","block_height":null,"time":null,"vin":[{"txid":"6f7805c65c1f3aee5fdd8c4764b38538d3dcb232b69959d4b4537fbf4362d018","vout":0,"amount":8236.9386072,"coinbase":false},{"txid":"265fa42bb3101f8e19e1152775b1594e87ab59343ebd2fc82d547aa27804e52a","vout":1,"amount":1850.4228149,"coinbase":false}],"vout":[{"n":0,"addresses":["prl1z8qxrcpc0t62yl3sa2hr5nptslm3hdsf7rx9r39cjyg64y2psk7jqzkhn8m"],"amount":10000},{"n":1,"addresses":["prl1p9lvnsxy8mh38x63zsght733k8uttefhz0kcp664m5kzd50r79qgqt0vpcm"],"amount":87.36131408}]}