{"txid":"1b0d330aef68430baf79f2ed9b97026c307aa2215f902b4a653eb9f9268e671a","block_height":null,"time":null,"vin":[{"txid":"1b0d330aef68430baf79f2ed9b97026c307aa2215f902b4a653eb9f9268e671a","vout":1,"amount":1111.94993643,"coinbase":false}],"vout":[{"n":0,"addresses":["prl1z20jkms3vrhmkltxhj36vv229cp3gn7cel9etguexn55j5kzeunashum40x"],"amount":0.02},{"n":1,"addresses":["prl1pza4xkj2r85hkpwwak8l05v84q3mrqnmldquu30yhhl04tptqt58szjdsx6"],"amount":1111.92993489}]}