{"txid":"3629867a57578cabeb8191e80499dea55e479b60598471e31e343986ff971929","block_height":null,"time":null,"vin":[{"txid":"3629867a57578cabeb8191e80499dea55e479b60598471e31e343986ff971929","vout":0,"amount":459.99999,"coinbase":false},{"txid":"a1330d4b9512ed74a50484d69f186c596e2d2dd84662218a5ca98542921461a1","vout":1,"amount":0.97450947,"coinbase":false}],"vout":[{"n":0,"addresses":["prl1z4dcju66zxgvxdnajx0kgfq8tl6ef60rw4880j076ls59zf957t5qwdlwe6"],"amount":460},{"n":1,"addresses":["prl1pxgejues36qrtvpznp9u707amre4573advuht7ch4d72fhlu8tyds0kmx0s"],"amount":0.97449735}]}