{"txid":"4a57a375effee506a63dfc4ec904ac62deab2a81a12140de519a9ae8753a7981","block_height":null,"time":null,"vin":[{"txid":"4a57a375effee506a63dfc4ec904ac62deab2a81a12140de519a9ae8753a7981","vout":1,"amount":1125.94595513,"coinbase":false}],"vout":[{"n":0,"addresses":["prl1zptdarsf9rgaruwyzmx4q2u97s4hr4ztejgm6r6wqyzpfgwc03s9sa8whfv"],"amount":0.3},{"n":1,"addresses":["prl1pza4xkj2r85hkpwwak8l05v84q3mrqnmldquu30yhhl04tptqt58szjdsx6"],"amount":1125.64595359}]}