{"txid":"69a09cefd2dce7d6e65da8d62acd22e34ce249687e1976a724f8e6621cb4e111","block_height":null,"time":null,"vin":[{"txid":"69a09cefd2dce7d6e65da8d62acd22e34ce249687e1976a724f8e6621cb4e111","vout":0,"amount":999.99999,"coinbase":false}],"vout":[{"n":0,"addresses":["prl1zm8q5t9dev7jjj26g7m6vg6gyg2lyuuayjvwm7dvhd6fa2jm2sz4sr0ja4q"],"amount":900},{"n":1,"addresses":["prl1p5yx44d69vu27yw662uw5c3pwsglla9xu2nlxp5m5e9pkc6gm3adsu9fclw"],"amount":99.99998846}]}