{"txid":"c6aa72ab214548767e8301954894c6ad695a2c8c1454c3b1047cd7bf7af7b10d","block_height":null,"time":null,"vin":[{"txid":"c6aa72ab214548767e8301954894c6ad695a2c8c1454c3b1047cd7bf7af7b10d","vout":1,"amount":96232.9999745,"coinbase":false}],"vout":[{"n":0,"addresses":["prl1zd2ds0fjsvmfakpxqadfjessy7dtmftutytuukqdave2flasxm77qazt03p"],"amount":22999.99999989},{"n":1,"addresses":["prl1p97wr9ajcdhvs6qh0qfwmyl0jc0nucayvprt5hzw98jj5k4gk8mnqpjsvd2"],"amount":73232.99995911}]}