{"txid":"e88025cac739cf411bd2d6373cb330b863d5db559c11beeabe12e2fce318abbc","block_height":null,"time":null,"vin":[{"txid":"e88025cac739cf411bd2d6373cb330b863d5db559c11beeabe12e2fce318abbc","vout":1,"amount":1124.84595205,"coinbase":false}],"vout":[{"n":0,"addresses":["prl1zgxwvaa3u3t7vwllv66vegdl7wwta2wf3uemhyvngpta2rsh6s9js4hn6yr"],"amount":1.5},{"n":1,"addresses":["prl1pza4xkj2r85hkpwwak8l05v84q3mrqnmldquu30yhhl04tptqt58szjdsx6"],"amount":1123.34595051}]}