{"txid":"57ad7588ba2b4a826b393d4af5bd09ea91011cf09513e3e3924d87c4ee655563","block_height":null,"time":null,"vin":[{"txid":"57ad7588ba2b4a826b393d4af5bd09ea91011cf09513e3e3924d87c4ee655563","vout":363,"amount":269.43116142,"coinbase":false}],"vout":[{"n":0,"addresses":["prl1zag35x4m345rzqmqap8peh6ef536qe3atjr3f9jw7jg7kkmk67j8qmlkuz8"],"amount":269},{"n":1,"addresses":["prl1prmeykzcfn64ncafez39y6pfyag28w84l75jg7fpyvkmchvaneksse0szzr"],"amount":0.43115301}]}