{"txid":"0c99250a80e685848ec33e1fbed95c5106e91e99e034ace35e758311365abbfa","block_height":null,"time":null,"vin":[{"txid":"0c99250a80e685848ec33e1fbed95c5106e91e99e034ace35e758311365abbfa","vout":972,"amount":215.65131729,"coinbase":false}],"vout":[{"n":0,"addresses":["prl1zaurktunzfder24jxftw38mf9gam28ya3d4e0trkag7cgjk3zd9uswe8t0v"],"amount":129},{"n":1,"addresses":["prl1phqvkljvyap72dk5wtnalskk7lktg930qw4xc4mknvkmrjwduszws2tznh7"],"amount":86.6512347}]}