{"txid":"515fbf81b9ce4c8072439cb95b9e96164fc78af5a28e9ca9beb024221efe70b6","block_height":null,"time":null,"vin":[{"txid":"515fbf81b9ce4c8072439cb95b9e96164fc78af5a28e9ca9beb024221efe70b6","vout":0,"amount":2953.99997346,"coinbase":false}],"vout":[{"n":0,"addresses":["prl1zrmf0gmnev7cjpdwa902w3kawasec0eamw6982wn4nxv8kudyw6lqr2lm88"],"amount":1999.99},{"n":1,"addresses":["prl1pjlxjsc04js6624mmmsfk39srrlh6d7ura2syuj674xltsfafcn7q8gzxdd"],"amount":954.00996523}]}