{"txid":"cd121db7c639f369e072d819d4fd5182fbd5e74e45f54fe482927f88bc514a1c","block_height":null,"time":null,"vin":[{"txid":"cd121db7c639f369e072d819d4fd5182fbd5e74e45f54fe482927f88bc514a1c","vout":1,"amount":3765.3043166,"coinbase":false},{"txid":"cc928f4d7632285a93b5156bd3c6c91760a7d1f19fb70695d4b9dab207e215c6","vout":1,"amount":1088.0553455,"coinbase":false},{"txid":"a7a1f4a4b13f683b1c461363ffc5ae09dd5434e71c3683cca6e93f31dc33434f","vout":1,"amount":156.06231294,"coinbase":false}],"vout":[{"n":0,"addresses":["prl1z84vwaj7w4003ycfjr8lwmz29cunpx3nhq685uk04j3n0fcmeetvqwkgrfm"],"amount":5000},{"n":1,"addresses":["prl1pgz7xkmw396pcnw43ptt4sg35gkv5ax789whywt6ja7mqz494hrmq2q3fk9"],"amount":9.42197234}]}