{"txid":"16d558136850c9eb1a8bd0960f31eeecb879b6163b1a4d524368d933e9064ddd","block_height":null,"time":null,"vin":[{"txid":"16d558136850c9eb1a8bd0960f31eeecb879b6163b1a4d524368d933e9064ddd","vout":879,"amount":94.40857106,"coinbase":false},{"txid":"3659428ac394d368961318ee090803c148fcf1783af716cdff1e853aafde29f9","vout":1555,"amount":77.36507162,"coinbase":false}],"vout":[{"n":0,"addresses":["prl1zqmamqr3m3xsvfql460005dhzfn6a52f79l3ayamma2y4h6233kvszwmq3a"],"amount":165},{"n":1,"addresses":["prl1pxl4wx7sxadu3r79msheg0qd8h63435wh8pk3ps872te4smv0nppqw8vcuq"],"amount":6.77364056}]}