{"txid":"334d4e262e4d74d64fb3e59698674ccae5f688df1dd582a4e61bffc18c6d11d7","block_height":null,"time":null,"vin":[{"txid":"334d4e262e4d74d64fb3e59698674ccae5f688df1dd582a4e61bffc18c6d11d7","vout":1,"amount":499.89998156,"coinbase":false},{"txid":"70020da0c3b040f4674f8abf898728d0caac40de43a877b7aa5accbf45fb450b","vout":0,"amount":44.64019031,"coinbase":false}],"vout":[{"n":0,"addresses":["prl1pfw3vcuvd2avf8g502u6wsal4pr0p4pp80y2qv65q8x346jgyq6ashlxmw9"],"amount":44.54016027},{"n":1,"addresses":["prl1zlpja8xjjdy280pxtupc7y9z4lj7epdma79c5p6rwrqnux9839jvqen0rv4"],"amount":500}]}