{"txid":"b0882fc3b3826fbedcd603eaa0149b9e13bc9cbb273e7a065e8d8db589eb2594","block_height":null,"time":null,"vin":[{"txid":"b0882fc3b3826fbedcd603eaa0149b9e13bc9cbb273e7a065e8d8db589eb2594","vout":1,"amount":9000,"coinbase":false},{"txid":"212c4059e2d96f61530a6fdd170e2c696186f82ee0d9199dac55b78c86f20c2d","vout":59,"amount":214.78788729,"coinbase":false}],"vout":[{"n":0,"addresses":["prl1zvpydtwjgc33nsy3frr39plmla2vv5sc5dg7wrecwy3ec0ks4ny5s0l479r"],"amount":9000},{"n":1,"addresses":["prl1p493094yk02zaysqvdplhnjcj8j9ht2sg3u4agxses45f44cjfz8st64kg7"],"amount":214.78787581}]}