{"txid":"26f595ae3a7e6e3393e10c2c53435eae51413dd4e0301adfe49897000ff716c7","block_height":null,"time":null,"vin":[{"txid":"26f595ae3a7e6e3393e10c2c53435eae51413dd4e0301adfe49897000ff716c7","vout":1,"amount":1112.59994105,"coinbase":false}],"vout":[{"n":0,"addresses":["prl1zug40w9v6wyr6evtqhm2zkkg0yg7edacrrp5kdq8uct98r9mcl6ksaxdhev"],"amount":0.05},{"n":1,"addresses":["prl1pza4xkj2r85hkpwwak8l05v84q3mrqnmldquu30yhhl04tptqt58szjdsx6"],"amount":1112.54993951}]}