{"txid":"1f5e5957ba7939e1568007d5572b302f2d30fa4c209d0a5e54a373b1ab4cee53","block_height":null,"time":null,"vin":[{"txid":"1f5e5957ba7939e1568007d5572b302f2d30fa4c209d0a5e54a373b1ab4cee53","vout":0,"amount":279.34930807,"coinbase":false},{"txid":"0527546950f412a8e81c6311df2cfd8d68dff4a76eb59c6483e1fccc88c426e9","vout":340,"amount":162.03489387,"coinbase":false}],"vout":[{"n":0,"addresses":["prl1p7sn88lgpqnd5pqhltlsudj3lc2vk72pl9ndezue3r7l4kdkwaz9sh85swz"],"amount":1.38419039},{"n":1,"addresses":["prl1zy5qd8dryplahwqgpjpdzukdc6rf4g3vecz57yc92fdjmk3cqndhs2cn4ck"],"amount":440}]}