{"txid":"601cd735f426a067b43ccae0a15e9b8dbe5d3709f82f665910019fb61956bb8d","block_height":null,"time":null,"vin":[{"txid":"601cd735f426a067b43ccae0a15e9b8dbe5d3709f82f665910019fb61956bb8d","vout":0,"amount":1099.99999,"coinbase":false},{"txid":"7f951293879b6ce6ac9d2b6b86bc10ff23f02d74ea40ba0279724bc70e6eae65","vout":817,"amount":218.11281436,"coinbase":false}],"vout":[{"n":0,"addresses":["prl1pptcpuguv493xv4wxjl436e2akzm0dpx5cxn2x4w9lezwyqjkfhaqpwpwh8"],"amount":18.11225255},{"n":1,"addresses":["prl1zydmhnh7pghrmj4gk47rsqsf590sfljps4tvsmdvkd0ucsxd0mp4srmkr3g"],"amount":1300}]}