{"txid":"6fe654de0d7ca89157b1e36e27f127ce38f47d8e1e444e8da993bcc275cf9d0e","block_height":null,"time":null,"vin":[{"txid":"6fe654de0d7ca89157b1e36e27f127ce38f47d8e1e444e8da993bcc275cf9d0e","vout":0,"amount":2773.80936878,"coinbase":false}],"vout":[{"n":0,"addresses":["prl1zq73ku08y85smtp0v9nrwfwt8sznyptnl2c3r7z7f625q7sz4xm5syzcfr2"],"amount":1000},{"n":1,"addresses":["prl1pymg0m3sgp9pj0325x592uekzfpyavwxg0prujqn6sfahljyymr6qradxmn"],"amount":1773.80936724}]}