{"txid":"2ae7bc320ecfc577dbea36b317327d598f5a6af12b1db59fcbbbd04b4c741822","block_height":null,"time":null,"vin":[{"txid":"2ae7bc320ecfc577dbea36b317327d598f5a6af12b1db59fcbbbd04b4c741822","vout":1,"amount":889.99997894,"coinbase":false}],"vout":[{"n":0,"addresses":["prl1py0n3r8ajfcgqf7vwufhn0wmfl8eq6wx3yz34zylujk6yqlfdzvcsvlsl9p"],"amount":689.99996781},{"n":1,"addresses":["prl1zhtetg8gsgd83rs4334mrqggzyuacqmnjpmjskxla4k7rp24taxhspmp4g5"],"amount":200}]}