{"txid":"2d4242ab21319dac42b4c08c41da0355170df3a16fe33582965388db243075d2","block_height":null,"time":null,"vin":[{"txid":"2d4242ab21319dac42b4c08c41da0355170df3a16fe33582965388db243075d2","vout":553,"amount":412.37955752,"coinbase":false}],"vout":[{"n":0,"addresses":["prl1ze7k0g5vn3qz2d7z8zyg7nkxjevh207hp3segauss6jxqa7h4n0gqnj7ydw"],"amount":300},{"n":1,"addresses":["prl1pusn9ww0gmzazp2lz0g4vj907ltz5dcmej97jhz7fhusnu8qteygsdvugp2"],"amount":112.37954911}]}