{"txid":"2f045f049cc6ffc32989abdcbda6088eaf75f09f6101a04022369c6aad265ae6","block_height":null,"time":null,"vin":[{"txid":"2f045f049cc6ffc32989abdcbda6088eaf75f09f6101a04022369c6aad265ae6","vout":0,"amount":379.99999,"coinbase":false}],"vout":[{"n":0,"addresses":["prl1z0l3nt4fac5hr74nxpgfvewr28ppddgv3y9x44wp8406xuwlfzydqqp2lu4"],"amount":375},{"n":1,"addresses":["prl1p275knejn965m2gyn79f6tanl8kjs0lv9watsjjetrxh93q23s52quzjhmx"],"amount":4.99998166}]}