{"txid":"e66123d535b3b47a15c02ae0a9e0ec7734e16ba2934f40aa9ffa25ea6b0b0ad2","block_height":null,"time":null,"vin":[{"txid":"e66123d535b3b47a15c02ae0a9e0ec7734e16ba2934f40aa9ffa25ea6b0b0ad2","vout":1,"amount":4831.99998692,"coinbase":false}],"vout":[{"n":0,"addresses":["prl1z876z3k8z82cv0ufamtl84smamyf3hc4m9me5s9aj5r0prqv0uemqpfkkdv"],"amount":494},{"n":1,"addresses":["prl1p8yfuwrmy52swm3vppn34st0g3v9jewdyf7w24w5qntm0pm57qdqqc53q0m"],"amount":4337.99998538}]}