{"txid":"cf890d71c365db416a3de296c7301947edb992c86e788fbf8cb8e2ef4c332d6b","block_height":null,"time":null,"vin":[{"txid":"cf890d71c365db416a3de296c7301947edb992c86e788fbf8cb8e2ef4c332d6b","vout":1551,"amount":469.80098474,"coinbase":false},{"txid":"a55032a3100fc242dbf60d627c7a61d1ecfa74597f3c8ecee93ef7cadfa40427","vout":1,"amount":264.8016331,"coinbase":false}],"vout":[{"n":0,"addresses":["prl1zttew4tdf53xm9828kqkdcsqg679szkvjgjgu3e4a8j9ne6xm5c7qpqcyek"],"amount":500},{"n":1,"addresses":["prl1p2p0lp0xhvg5y8cuqyuck9udzykv3cxkffn0n0ahzuuf0dapr9vzsmyueqx"],"amount":234.60261572}]}