{"txid":"d53e30157602b84b452be9752e2d339551258656d45e4482396316bbdd6cc10a","block_height":null,"time":null,"vin":[{"txid":"d53e30157602b84b452be9752e2d339551258656d45e4482396316bbdd6cc10a","vout":0,"amount":134,"coinbase":false},{"txid":"ad1f5ec0a0c7e4915f6bad1816e5d27f25f03758dc469a813a582bc7e41682a8","vout":247,"amount":4.8988047,"coinbase":false}],"vout":[{"n":0,"addresses":["prl1p4twa0dmanjeftntgyc2hmlfkkcz72r275m0v4kmv46nuc07a6m8qxa8cur"],"amount":4.89879312},{"n":1,"addresses":["prl1ze648fchqka27rfgrj98eq7hh8x9s86tf08jeeswrgv34yxrhr63syg5gk5"],"amount":134}]}