{"txid":"862363df6935b9f26c6feec12fc46928cd09ec27199204ad750cede80d9afdf1","block_height":null,"time":null,"vin":[{"txid":"862363df6935b9f26c6feec12fc46928cd09ec27199204ad750cede80d9afdf1","vout":394,"amount":136.23091557,"coinbase":false}],"vout":[{"n":0,"addresses":["prl1zx366jnt5xnnygm3ag8vrxnfgmgy5hvgc3j04c65r47hf6sn8jgmq76eeuh"],"amount":100},{"n":1,"addresses":["prl1pzl0435lt6lzy74ycxksfu9f5823fugtw8fhhycgm6wlng7a5cgqqrsatcg"],"amount":36.23091403}]}