{"txid":"12eea0dc1158f89367056ec328b00b5fbcc4f8c6d41d0088eea87c3defd66ae8","block_height":null,"time":null,"vin":[{"txid":"12eea0dc1158f89367056ec328b00b5fbcc4f8c6d41d0088eea87c3defd66ae8","vout":270,"amount":464.67297693,"coinbase":false},{"txid":"425cc5bae86bdc5ff99fbe50e01c9f7d43716debf5e04b6b05ed36b83b66e34c","vout":1,"amount":0.56899817,"coinbase":false}],"vout":[{"n":0,"addresses":["prl1zmdqnkfl3t58e09zatv3fedv5zzqgenpc2tman6shg4mehr6meunqhxe47g"],"amount":465},{"n":1,"addresses":["prl1p2p0lp0xhvg5y8cuqyuck9udzykv3cxkffn0n0ahzuuf0dapr9vzsmyueqx"],"amount":0.24197298}]}