{"txid":"0089d6f949bbb219a12993f53547a1a2cfe23886c022eebd312ad1103563ec45","block_height":null,"time":null,"vin":[{"txid":"0089d6f949bbb219a12993f53547a1a2cfe23886c022eebd312ad1103563ec45","vout":157,"amount":77.15289127,"coinbase":false},{"txid":"eccf49bc1303e8b8c84dc7e90bc1999c04d003d95564e7498881c1e902c21d7b","vout":139,"amount":53.08371363,"coinbase":false},{"txid":"cee5f2098b45dd3e1511dddff1cbd01ae80da917911e2d6f8e83c8128f2f1a0b","vout":881,"amount":31.95739766,"coinbase":false}],"vout":[{"n":0,"addresses":["prl1pufppe8vh0prcdq6skxfr6ks33jq6w8plvrcnth3g5p5xvqz07gvqj3qpzp"],"amount":0.19363479},{"n":1,"addresses":["prl1zhaaxxcmgr8k2l3y2m9mpqwqp784euz7dfkuy5cw89vd3n74tqxsqkz8p5k"],"amount":162}]}