{"txid":"abd9c026e082a7a29ec7140d04093f92d1d584636a050901e5c9306b6fa722d5","block_height":null,"time":null,"vin":[{"txid":"abd9c026e082a7a29ec7140d04093f92d1d584636a050901e5c9306b6fa722d5","vout":0,"amount":346.42552474,"coinbase":false}],"vout":[{"n":0,"addresses":["prl1z8p8wm5awrknvdwm49j3qmvjpxw9dspf2tnp9t7xwczh4yvrur3vs35j3vz"],"amount":300},{"n":1,"addresses":["prl1p2te94f2mst7j2cgsuy2xm9kmu0vsnqcx09yhufrg4y42lxk42zsqe34d60"],"amount":46.42551647}]}