{"txid":"c964c6a0b88f5a2e21c17520c014e3c83cb787e1b95e9297ce800e8c9f5e4b74","block_height":null,"time":null,"vin":[{"txid":"c964c6a0b88f5a2e21c17520c014e3c83cb787e1b95e9297ce800e8c9f5e4b74","vout":0,"amount":1961,"coinbase":false},{"txid":"9eef487340f185120fa11869a3515a9ad16996baaef3aa5bb01864618684ef5b","vout":0,"amount":407.99998839,"coinbase":false}],"vout":[{"n":0,"addresses":["prl1pmtlmk8v58jzzh0nj833y2q9werg7wdwc4fsg64fej966urkurspqx2ve8z"],"amount":68.99997667},{"n":1,"addresses":["prl1zfc46vx6v7jw6xcycc0zxkaknj2w293kj23gfldv2y6jw0gea3t6shkf2kr"],"amount":2300}]}