{"txid":"3be5b9ed575a3dd655507e80967c1f823f7ac94ffa034f7da4d4d90809bfde1d","block_height":null,"time":null,"vin":[{"txid":"3be5b9ed575a3dd655507e80967c1f823f7ac94ffa034f7da4d4d90809bfde1d","vout":1,"amount":355.22767495,"coinbase":false}],"vout":[{"n":0,"addresses":["prl1z5xx0l09qul436r8kqs0y9kqr5egpu8l47p3ke7vm32dy8mekm8rqu2hefx"],"amount":200},{"n":1,"addresses":["prl1p7fve65ytvrmjj0aj3fzqp063msvxyv2jqas7322yc4gd7hghg09szu2gyv"],"amount":155.22767341}]}