{"txid":"87a5dfa08d1a0abbb12c4fd356603e82c90ddb68db99592cc5964d75f8e7aff5","block_height":null,"time":null,"vin":[{"txid":"87a5dfa08d1a0abbb12c4fd356603e82c90ddb68db99592cc5964d75f8e7aff5","vout":362,"amount":56.3922524,"coinbase":false},{"txid":"4e7ef575feb1fc9ebe4c218520ab233ec069314d82e03fb7bc2e444debec5c31","vout":1192,"amount":50.01527837,"coinbase":false}],"vout":[{"n":0,"addresses":["prl1pzl76zc32ekata0h34jjqdp0fk6lmf0d0a5qklsvc3euxz3qse9rqycsua3"],"amount":6.40742358},{"n":1,"addresses":["prl1z7kdaygpdv3q37e95eyskw86wl4jcqq9ugjr5sxdrkpsnk5wh5y0qvrh53x"],"amount":100}]}