{"txid":"a1eb498bdd69de0497785eeaaee7f9190713c5ce9d6b833046dbb53c53a27827","block_height":null,"time":null,"vin":[{"txid":"a1eb498bdd69de0497785eeaaee7f9190713c5ce9d6b833046dbb53c53a27827","vout":663,"amount":165.83497232,"coinbase":false},{"txid":"132d9967cf70d2e3ae774122b1123d763df2c7e22411f758770a411bdbdb1a73","vout":1,"amount":0.1830933,"coinbase":false}],"vout":[{"n":0,"addresses":["prl1zvln8ec20lrwjr8hp92ldlyel8p3e5222d0gzwh7vpa87j22dedjqv5y5lq"],"amount":166},{"n":1,"addresses":["prl1pxl4wx7sxadu3r79msheg0qd8h63435wh8pk3ps872te4smv0nppqw8vcuq"],"amount":0.0180635}]}