{"txid":"5b3f023d518f4b9b445bbd9d7aaf4fe17f64a400591192755dd329fcf30bbce9","block_height":null,"time":null,"vin":[{"txid":"5b3f023d518f4b9b445bbd9d7aaf4fe17f64a400591192755dd329fcf30bbce9","vout":0,"amount":490.29414524,"coinbase":false},{"txid":"3b9e72b5407bd21fa120282740a071f3d69f08addd9d100bb95186dac0646975","vout":0,"amount":99.99999,"coinbase":false}],"vout":[{"n":0,"addresses":["prl1p8v73jxag7wu6kprg6dkcvcchqxfst2g9yggkr3mf7jcptnjncaxqu2s344"],"amount":0.29313524},{"n":1,"addresses":["prl1z0k73499kf3zexpwpk30xfxcur053d6aswzqxa2373e2vg7695t5qul5xqd"],"amount":590}]}