{"txid":"4fe3bb8d717c4b836426bf93b26df9440c11a6667717c84a7453960366d38d25","block_height":null,"time":null,"vin":[{"txid":"4fe3bb8d717c4b836426bf93b26df9440c11a6667717c84a7453960366d38d25","vout":0,"amount":590,"coinbase":false},{"txid":"6486dd29fcaa0d4ec61260f1273ab4af6af6840be359302ef1abdd8fba1df1da","vout":7,"amount":15.19999857,"coinbase":false},{"txid":"b199c17e73953f184689f890162d8ce5ebb84cc94cfb5d10b3116ec3deeb3877","vout":5,"amount":6.69855307,"coinbase":false}],"vout":[{"n":0,"addresses":["prl1p82anrn3f6hlz6tjdljsl7adqsfhch2uhd6j8pv6et0ayxdrs67vqud9yhq"],"amount":1.89841577},{"n":1,"addresses":["prl1ze4c9k6myfq32yknjcwdqc9g9xjkjnqd9lrthlafvtraxqj9sqw5qumtr44"],"amount":610}]}