{"txid":"80c666258a8ef7cd61a15aecf0e5f90ad4ce43749f54beee73bae69a4d3e9be8","block_height":null,"time":null,"vin":[{"txid":"80c666258a8ef7cd61a15aecf0e5f90ad4ce43749f54beee73bae69a4d3e9be8","vout":541,"amount":110.69629124,"coinbase":false},{"txid":"32be6951cc8442f9f785284011ca1fb536562448f4be9b32590eeae50a815153","vout":1172,"amount":108.62078899,"coinbase":false}],"vout":[{"n":0,"addresses":["prl1pc2kt03qf2ejfca4mfv2vta243mdhsqwadgnqn3l5sfw9jxm40msqjgnmj8"],"amount":19.31707595},{"n":1,"addresses":["prl1z59k8ldv7djs9gt2n42mha7p0a62y57jnh8fhrmpxczeafx33yz0qmfzd4z"],"amount":200}]}