{"txid":"98bacf608283cdef8e33b7814a4c8ca391339c4cf2945b990c8551ca9d5835c1","block_height":null,"time":null,"vin":[{"txid":"98bacf608283cdef8e33b7814a4c8ca391339c4cf2945b990c8551ca9d5835c1","vout":0,"amount":209.99999,"coinbase":false},{"txid":"0235048709f5dd95b34f588de6da10470daaa0912fe3218c2a549ed5b0aff62a","vout":1,"amount":0.66358739,"coinbase":false},{"txid":"588f51d86aaf61471388af409d7e612a612547ccf468bf2d8c99cedf3660eebe","vout":1,"amount":0.48902909,"coinbase":false}],"vout":[{"n":0,"addresses":["prl1zwndy4f74g0yy4yrtewtf7wvpmha9l5rgj8qyyqm7lg5d97k2yscsjhlk87"],"amount":211},{"n":1,"addresses":["prl1plutvq8ndrjzd9h545mmxfch974k7flj59k09kfz4lm0ngx6t50rsmhdt0n"],"amount":0.15260378}]}