{"txid":"f92fcbe692eb277fb29c3687b3ab78186f0115455e3c56e14a57fde0f495c987","block_height":null,"time":null,"vin":[{"txid":"f92fcbe692eb277fb29c3687b3ab78186f0115455e3c56e14a57fde0f495c987","vout":0,"amount":634.99998333,"coinbase":false}],"vout":[{"n":0,"addresses":["prl1p925smmydym2qjqt6cenfw3wkfzx5ua8hpq0726ju0nckt9efhh4qxgz5y5"],"amount":534.99997499},{"n":1,"addresses":["prl1zn0m5l6cexhes2kqz6cwmkpv0l6lgkxvvuerkaql6sd99lea6rm4s699suw"],"amount":100}]}