{"txid":"30120183bcd90eec4a543cb848b11dc93f7b4748567dd0a91ba0365e6182565d","block_height":null,"time":null,"vin":[{"txid":"30120183bcd90eec4a543cb848b11dc93f7b4748567dd0a91ba0365e6182565d","vout":44,"amount":70.69653084,"coinbase":false},{"txid":"f255dbe1c9a736d063c8c840e0529296253fed0c802e535c40a2dafb443bf67d","vout":13,"amount":50.08526922,"coinbase":false}],"vout":[{"n":0,"addresses":["prl1zlkx7w7ys2j2088yj0d5p0qyd4wll6mas5h26a0tahwpwu4uh0ucqsy0qm3"],"amount":100},{"n":1,"addresses":["prl1pjjeh52a7djl09nyhfjqcdz6p74fv6muj7n2krt6y8xs5xc4q7zhs49gej5"],"amount":20.78179794}]}