{"txid":"acaaf564c9022106aae98aa5ae917310e7db44700439c1ab48e71194364a0a98","block_height":null,"time":null,"vin":[{"txid":"acaaf564c9022106aae98aa5ae917310e7db44700439c1ab48e71194364a0a98","vout":1,"amount":1110.57161333,"coinbase":false}],"vout":[{"n":0,"addresses":["prl1ztky3fvrfs7mfkmvu0utk70f3scqven62dwn4954ux4zchd49p49qcygme2"],"amount":0.251},{"n":1,"addresses":["prl1pza4xkj2r85hkpwwak8l05v84q3mrqnmldquu30yhhl04tptqt58szjdsx6"],"amount":1110.32061179}]}