{"txid":"21f7186a2e07745f613d265eed226de22c78027abcf9500d68e215466b70ee8d","block_height":null,"time":null,"vin":[{"txid":"21f7186a2e07745f613d265eed226de22c78027abcf9500d68e215466b70ee8d","vout":48,"amount":53601.72629732,"coinbase":false}],"vout":[{"n":0,"addresses":["prl1pm2rhx22x6zwcpy7myeexpkr3yd5j937gp8gljhcrte3xe8x08m7sz6upea"],"amount":15101.72628904},{"n":1,"addresses":["prl1zty6lva3w9nmplxw8rps46j4zvramgg4648m4phh9c9gz0jsn6j6qkq62he"],"amount":38500}]}