{"txid":"0527546950f412a8e81c6311df2cfd8d68dff4a76eb59c6483e1fccc88c426e9","block_height":null,"time":null,"vin":[{"txid":"0527546950f412a8e81c6311df2cfd8d68dff4a76eb59c6483e1fccc88c426e9","vout":110,"amount":1108.59717071,"coinbase":false},{"txid":"0527546950f412a8e81c6311df2cfd8d68dff4a76eb59c6483e1fccc88c426e9","vout":144,"amount":502.76481198,"coinbase":false}],"vout":[{"n":0,"addresses":["prl1pxjdgy00zw7cy32t40zawd7gjny3typ5qu2wk9yd7nuvx4dkjdzkswtd8gx"],"amount":11.36197122},{"n":1,"addresses":["prl1z5ee88cjvh39p0gny8kpn2yvuj8f60hmj2gqdkflncr7uhcshna9s4qs7hu"],"amount":1600}]}