{"txid":"286f4dbc85fb823344e3c5ca97ae7e7eb0afc8e7ddb4ce1e58a00abd2c76b23f","block_height":null,"time":null,"vin":[{"txid":"286f4dbc85fb823344e3c5ca97ae7e7eb0afc8e7ddb4ce1e58a00abd2c76b23f","vout":396,"amount":450.25586398,"coinbase":false},{"txid":"ca9e985543b467bad90b61ca27bd7d13bb33581b9c2942312df7683916fc1bf5","vout":16,"amount":403.23149186,"coinbase":false}],"vout":[{"n":0,"addresses":["prl1zqfc4y8rj63yzmgxjstn8mrwy2pk4lkahyjr8u87lf8qtltgfureq4er8ff"],"amount":600},{"n":1,"addresses":["prl1pd5gzxaccpun9e7zakuyy46r2u6dwc2zk4m0f8dwdzwscunf597ws0cjemq"],"amount":253.48735372}]}