{"txid":"a16a153ca963d1191eb8202aa4a227e27acde7c2f1a037b060b5d20ac626e40b","block_height":null,"time":null,"vin":[{"txid":"a16a153ca963d1191eb8202aa4a227e27acde7c2f1a037b060b5d20ac626e40b","vout":1,"amount":499.99998788,"coinbase":false}],"vout":[{"n":0,"addresses":["prl1zxl5afpk592qlh24z0vj2n3mmnfkq57vj9chj685tx097czw8zemqavlphp"],"amount":200},{"n":1,"addresses":["prl1pyx822355muc7mn73j4pjpx4wdgjxdfn37szg6gf5355jpp8523uqk7ajqt"],"amount":299.99998634}]}