{"txid":"7cd8ff09b3596638bacb482aecd53bb7abfb1613acffe3a1e11dd37814c22919","block_height":null,"time":null,"vin":[{"txid":"7cd8ff09b3596638bacb482aecd53bb7abfb1613acffe3a1e11dd37814c22919","vout":1,"amount":1112.54993951,"coinbase":false}],"vout":[{"n":0,"addresses":["prl1zhq4sz9ch92zuz2stpt2rctq952k6j5r8e3tamf4d64kljm3nf62qkk80vg"],"amount":0.5},{"n":1,"addresses":["prl1pza4xkj2r85hkpwwak8l05v84q3mrqnmldquu30yhhl04tptqt58szjdsx6"],"amount":1112.04993797}]}