{"txid":"bd53a5b24e78edb2bac7dffd92ede2f36f6c3f6bd05ca6c6fc4381a697787758","block_height":null,"time":null,"vin":[{"txid":"bd53a5b24e78edb2bac7dffd92ede2f36f6c3f6bd05ca6c6fc4381a697787758","vout":1355,"amount":340.76597615,"coinbase":false}],"vout":[{"n":0,"addresses":["prl1zc9rmaw7qytaqhhdevfj273l9eyxje50r7awawldyc8yyc8g8u29sj65gd3"],"amount":300},{"n":1,"addresses":["prl1p2p0lp0xhvg5y8cuqyuck9udzykv3cxkffn0n0ahzuuf0dapr9vzsmyueqx"],"amount":40.76597461}]}