{"txid":"888032a1843372d9bc8618259db113937fdba2e0d4eb1adca4cc48a1aa98c764","block_height":null,"time":null,"vin":[{"txid":"888032a1843372d9bc8618259db113937fdba2e0d4eb1adca4cc48a1aa98c764","vout":0,"amount":1000,"coinbase":false},{"txid":"888032a1843372d9bc8618259db113937fdba2e0d4eb1adca4cc48a1aa98c764","vout":1,"amount":16.44931962,"coinbase":false}],"vout":[{"n":0,"addresses":["prl1zgx3cgs08pshv0fcg2expck9lz0y9qa0cg3c5je6e6s080qxyhrhqu2s89z"],"amount":1000},{"n":1,"addresses":["prl1pfudexmgkjyaek27eaq6ulndszzqpn79wcpk2ma9c5627ml4ny34qhnku77"],"amount":16.44929811}]}