{"txid":"2a247930671098d59ac0272bd34e812688f766a0d3e7fc5c70e0d31dc8db87b1","block_height":null,"time":null,"vin":[{"txid":"2a247930671098d59ac0272bd34e812688f766a0d3e7fc5c70e0d31dc8db87b1","vout":0,"amount":9999.99999,"coinbase":false},{"txid":"79829f050a8b3b919fa456ffd69fe30683954de90dd92bfbff09276e6aa10d22","vout":0,"amount":98,"coinbase":false}],"vout":[{"n":0,"addresses":["prl1px4nhzeru7rm05arypzfw4k5fjsff20vwjvml60zh6amsn9z6hcxsuv2tgx"],"amount":97.99988127},{"n":1,"addresses":["prl1zgtmty7ptta5alf2esjwleld48cekvyvh5k7m34uhz2hhjmf4dglsndyzk2"],"amount":10000}]}