{"txid":"9d93f4dac82627fb1969e3b082f93ee0df9ee65ff4eac3abba57073501e5bb2d","block_height":null,"time":null,"vin":[{"txid":"9d93f4dac82627fb1969e3b082f93ee0df9ee65ff4eac3abba57073501e5bb2d","vout":59,"amount":590.22118447,"coinbase":false}],"vout":[{"n":0,"addresses":["prl1p8v73jxag7wu6kprg6dkcvcchqxfst2g9yggkr3mf7jcptnjncaxqu2s344"],"amount":0.22018447},{"n":1,"addresses":["prl1zcahdevzsyt4zr0waqxkc2m3gmxhdkndd5lh90wmwal5zq5935w5qgaqten"],"amount":590}]}