{"txid":"bcbf897177f222f4d47e722b6f5844e4d8d5a1397ec723174c1b839f5335ce1e","block_height":null,"time":null,"vin":[{"txid":"bcbf897177f222f4d47e722b6f5844e4d8d5a1397ec723174c1b839f5335ce1e","vout":1,"amount":854.2944404,"coinbase":false}],"vout":[{"n":0,"addresses":["prl1z03mmk7gy3l2xq6gddj2hvdavd84nxwpegm7p9s33nxldqrceg6gsvefp2m"],"amount":854},{"n":1,"addresses":["prl1p9849nsvv3twpqdjxe3v7xk6g0k2upz0vpy4pcyna4fn6v6c8guss2ctcaw"],"amount":0.29443886}]}