{"txid":"72d47592c0e1f69528e01f63936b8db17448bb9242ae762c401f6ddb15a505e7","block_height":null,"time":null,"vin":[{"txid":"72d47592c0e1f69528e01f63936b8db17448bb9242ae762c401f6ddb15a505e7","vout":185,"amount":172.41406146,"coinbase":false}],"vout":[{"n":0,"addresses":["prl1puwp298w7y4e7sklh7elwd4drsr89xh4q6mm72hmqhydppy3rel5qpv9ssg"],"amount":0.41365991},{"n":1,"addresses":["prl1z3ntkeggldn25wlwfsjwy8xh0477cakh9scdvxrefpr2fxnuz3etq90m3ey"],"amount":172}]}