{"txid":"63214b593632042cd71d4f9572a15957c055bfd563cac1230c815c7f486a8e59","block_height":null,"time":null,"vin":[{"txid":"63214b593632042cd71d4f9572a15957c055bfd563cac1230c815c7f486a8e59","vout":0,"amount":269.99999,"coinbase":false},{"txid":"ac82587646d2c02cdfc22fb2ae071a18897203debb5d974646ecce4f974e752b","vout":1,"amount":8.54657188,"coinbase":false}],"vout":[{"n":0,"addresses":["prl1zt58saln2hjqsvknrx6gl29um3wwk0rd9j7j568252dxa0kuk9kksxltus7"],"amount":270},{"n":1,"addresses":["prl1p6ss2hxmw6qf6ar66pufdf3rkl620nta6jlakt7dmu2juyv8pllxq0y8vcd"],"amount":8.54655976}]}