{"txid":"04f196c312225e4899c84390fc41d359b5a1b2400f182f20d034d20be4239011","block_height":null,"time":null,"vin":[{"txid":"04f196c312225e4899c84390fc41d359b5a1b2400f182f20d034d20be4239011","vout":0,"amount":9999.99985244,"coinbase":false}],"vout":[{"n":0,"addresses":["prl1z7a3rdg90nvzysluk9fxturyun7weazmc3jy34zfwkwg9rf0lg06qm0llw8"],"amount":5029},{"n":1,"addresses":["prl1ph634nheqersep78az9fz2lalx3y8fp2q9874jyunhetankdyp59sg7nc74"],"amount":4970.99983681}]}