{"txid":"86bc74f3a24ce07d495c01497a91a0f3505499c34c23ca9dfc41853328815580","block_height":null,"time":null,"vin":[{"txid":"86bc74f3a24ce07d495c01497a91a0f3505499c34c23ca9dfc41853328815580","vout":0,"amount":1650,"coinbase":false},{"txid":"25e4e61731fffc7b2b44c2655f9e631558ff2d11ff3088a8c4bd08de3a76fa30","vout":1,"amount":513.09873189,"coinbase":false},{"txid":"f2f1b1c300faf3e0321af96b3153e75ba9a8fb33577e9199547ca1fc674beaa5","vout":1,"amount":459.48764517,"coinbase":false}],"vout":[{"n":0,"addresses":["prl1zvkhpqevdcmz90g6zauhck9anj9k3h70rf9v6r8jhxd7nnmthatxq9fwgce"],"amount":2600},{"n":1,"addresses":["prl1ppwud63x4euwf8frau3arzuweqmznjmwlujr90a4vljqw0qxfezyqx2ag7j"],"amount":22.58637436}]}