{"txid":"404334922b205c4827b2397e58436777916d19f609481680381f4834c3a251a3","block_height":null,"time":null,"vin":[{"txid":"404334922b205c4827b2397e58436777916d19f609481680381f4834c3a251a3","vout":228,"amount":146.75085491,"coinbase":false},{"txid":"93ffe0dbf4a84f32cb28f54b762ec94d7d04a89aa8beac1f3fdfa3a5b2e3a254","vout":1,"amount":0.65602526,"coinbase":false}],"vout":[{"n":0,"addresses":["prl1zc6k5hlzgxkzaplj57kn0q2ehll2z7jhkd4232gpktylxqc93zrasmkqm7p"],"amount":147},{"n":1,"addresses":["prl1py62pdg6eyz8ycluywqknf66j7er2rus63wp4avh8djtumhwtlxwsyye3cy"],"amount":0.40687805}]}