{"txid":"68c8973637bd8629e3da290bf7bd4d1027a8737b56e3ed2fda08b080ad3ddde7","block_height":null,"time":null,"vin":[{"txid":"68c8973637bd8629e3da290bf7bd4d1027a8737b56e3ed2fda08b080ad3ddde7","vout":0,"amount":999.99999,"coinbase":false},{"txid":"73156595333961c3d8597d7b9072748974925de7728836d8c5e657bf5451b553","vout":1,"amount":34.73996493,"coinbase":false}],"vout":[{"n":0,"addresses":["prl1zftwz8fe7snt9nnkaaz2edjlw6r6k3wxhkswhxpfsty4rv3586a6qxg86te"],"amount":1000},{"n":1,"addresses":["prl1px0xy0rzp8g7hm8rzn5cmuaj03yns7csnjc899htgg6m4ek08plgsxg6aeq"],"amount":34.73995281}]}