{"txid":"4d588a4d8cd3aca39a3138b7a6cbd5883d1cfd39aff18ab175d6f64ab98ed001","block_height":null,"time":null,"vin":[{"txid":"4d588a4d8cd3aca39a3138b7a6cbd5883d1cfd39aff18ab175d6f64ab98ed001","vout":209,"amount":371.3329313,"coinbase":false}],"vout":[{"n":0,"addresses":["prl1p825n5udkxv6mjfhrgzvyr6xjyh02g0k89chxagqdafeg85nzvtgqylfpkl"],"amount":271.33272843},{"n":1,"addresses":["prl1zdctwpxym45a60pjdl4xur8dycwus6jlgjv60pwey2j8c8azwlucsfmq6jd"],"amount":100}]}