{"txid":"4b21b4d25d7edf932d789d61cfd9f166d53bb2dacc58a406fd09dc4c963a3af7","block_height":null,"time":null,"vin":[{"txid":"4b21b4d25d7edf932d789d61cfd9f166d53bb2dacc58a406fd09dc4c963a3af7","vout":1,"amount":0.69999538,"coinbase":false}],"vout":[{"n":0,"addresses":["prl1zruu00xa6wq7nwhtgnxgy49kr67qmlgq23qzjdhreldd4uvhwawvslpvwdc"],"amount":0.5},{"n":1,"addresses":["prl1ph0httxz3rf9wh6v7z3htzjdsmfhm0rp7sf5395wk7hp6updw3hwqptlax9"],"amount":0.19999384}]}