{"txid":"7867fd1d68df635ab77f4cbb02e924efa868983741076db186858068a21ab3cc","block_height":null,"time":null,"vin":[{"txid":"7867fd1d68df635ab77f4cbb02e924efa868983741076db186858068a21ab3cc","vout":1083,"amount":256.7960948,"coinbase":false}],"vout":[{"n":0,"addresses":["prl1z4ganj73zuwk57vdzwhgxhyk6f47vtvrswkepge3cwywd90ex9aqqfsqdk8"],"amount":256},{"n":1,"addresses":["prl1pngeqtcfzrv0h6jr8uv2r6j6rnsefkf88df44xp9jgqezernvum2szywynz"],"amount":0.79609326}]}