{"txid":"57ad7588ba2b4a826b393d4af5bd09ea91011cf09513e3e3924d87c4ee655563","block_height":null,"time":null,"vin":[{"txid":"57ad7588ba2b4a826b393d4af5bd09ea91011cf09513e3e3924d87c4ee655563","vout":305,"amount":303.8237057,"coinbase":false},{"txid":"24a88d74cbb6348b56acf5707d487c57c34f19c04f45178995342946232530ee","vout":0,"amount":16.09183967,"coinbase":false}],"vout":[{"n":0,"addresses":["prl1pfg889w0sv890kcqu6xhfee9mp7tuqgd2mv02cdnmz99ujmm3afvsdv7jxv"],"amount":9.91553375},{"n":1,"addresses":["prl1zxyhv7a395uvqca0re6anumh8w5untzy3r2zep0r9jztjuvq5s5yqqp0ddf"],"amount":310}]}