{"txid":"4abf732f67172866f18563449d757cec3c2a37e0a6f42d85317dad5211634bea","block_height":null,"time":null,"vin":[{"txid":"4abf732f67172866f18563449d757cec3c2a37e0a6f42d85317dad5211634bea","vout":0,"amount":99.99999,"coinbase":false},{"txid":"8f08093debd03e49bfe2b5eb85fd928c130affb5f8a5c5a6d300a7753ba4a7f5","vout":1,"amount":21,"coinbase":false}],"vout":[{"n":0,"addresses":["prl1zca0r4mksek3fjmnsqqalfv7kjpxtz29ypnj3hjep2y9vz0nhu6mq89c9qp"],"amount":100},{"n":1,"addresses":["prl1p73c4aczn8kuwgk4x9k3kqegs2uzz05m75hc70zwefeftx7hk7pnq2y93ef"],"amount":20.99998788}]}