{"txid":"40b02dace13bedf97ba3ed20b2db28709ec180d34749933c0b679fe3ed10356d","block_height":null,"time":null,"vin":[{"txid":"40b02dace13bedf97ba3ed20b2db28709ec180d34749933c0b679fe3ed10356d","vout":1,"amount":582.96509942,"coinbase":false}],"vout":[{"n":0,"addresses":["prl1pmh7njfeaecp5fdhkql0xq47hftcu4q6sq27u32fslapaljwxfdlq6u92pv"],"amount":442.96509108},{"n":1,"addresses":["prl1zwqgmv09utkpc02nyj4nx978wj6jp8t4z2vd7vtfsjqj8r5rnsafqrs2uze"],"amount":140}]}