{"txid":"9e549bbc38f3db89a69b3c9eb64d19f906b0807974bb41486bedd392ef1f478d","block_height":null,"time":null,"vin":[{"txid":"9e549bbc38f3db89a69b3c9eb64d19f906b0807974bb41486bedd392ef1f478d","vout":0,"amount":999.99999,"coinbase":false},{"txid":"54b9500de99ba3799f1c52488b60f39a991a72e33cd1aee885c7119b4a684836","vout":135,"amount":10.94631167,"coinbase":false}],"vout":[{"n":0,"addresses":["prl1z00gt8ypwm9g29e3jkk9f3xgdsvdrjty37npex7zqa2m857vf7afq2p558p"],"amount":1000},{"n":1,"addresses":["prl1pr97kcc64v0497acf99h3e5l2fwr6evncy3fqtfwfazrmxhf29twszh74ef"],"amount":10.94629955}]}