{"txid":"7867fd1d68df635ab77f4cbb02e924efa868983741076db186858068a21ab3cc","block_height":null,"time":null,"vin":[{"txid":"7867fd1d68df635ab77f4cbb02e924efa868983741076db186858068a21ab3cc","vout":332,"amount":118.36246549,"coinbase":false},{"txid":"3c910a79e2bd3ec3daf465455f726720829d6b32e54d9028298f15d473ea9fb5","vout":449,"amount":104.72688552,"coinbase":false}],"vout":[{"n":0,"addresses":["prl1zx3vyw2zmdpqdd3c6v9p89gneps0ury6508gnx4njdjak77c4nahs8u3pt4"],"amount":223},{"n":1,"addresses":["prl1p0944zvm0qz7rudcq36ugasf0yafs5e0gydd80u2vynrekut3tqhqz36w7a"],"amount":0.08934889}]}