{"txid":"3a8775f64deffa4cca1e216e196bca231c8ea662266c5e9eef7b1c89fe482d81","block_height":null,"time":null,"vin":[{"txid":"3a8775f64deffa4cca1e216e196bca231c8ea662266c5e9eef7b1c89fe482d81","vout":0,"amount":138.99999,"coinbase":false},{"txid":"9f550e216b04bbb27bc856f5976bad428ae269c16af32ce33aba56b5f3f4921d","vout":0,"amount":84.60492736,"coinbase":false}],"vout":[{"n":0,"addresses":["prl1pukkh8h368sxv00vh729s23fuj3jsh68cypuk2rrjn8r0nk60tfls6kfaut"],"amount":63.6049059},{"n":1,"addresses":["prl1z8wcjtf578fma5aexaxsnz8le3lz45r7n5u5x86u0nfcr5ntv00nqftgmhv"],"amount":160}]}