{"txid":"5cff3dbd6be897565520a90cdcbc42a9d5e9562ead79c6d9ea673f47f06da1f7","block_height":null,"time":null,"vin":[{"txid":"5cff3dbd6be897565520a90cdcbc42a9d5e9562ead79c6d9ea673f47f06da1f7","vout":1,"amount":3748.99999538,"coinbase":false}],"vout":[{"n":0,"addresses":["prl1zgua9t3ywwy40c9yddrg3w9enkpeljepp5dsch8gjemvkc2nh7easuprmcp"],"amount":1410},{"n":1,"addresses":["prl1p209gdfdx4vl4y229jsqgx7rrncxpjpt2dgczqm7s8etpy0v60adqq05623"],"amount":2338.99999384}]}