{"txid":"21f7186a2e07745f613d265eed226de22c78027abcf9500d68e215466b70ee8d","block_height":null,"time":null,"vin":[{"txid":"21f7186a2e07745f613d265eed226de22c78027abcf9500d68e215466b70ee8d","vout":526,"amount":1243.95700788,"coinbase":false}],"vout":[{"n":0,"addresses":["prl1pp7md07vmpqrf54amqc9r26y3xhh4eu2h4mjtdnja26m49p0deexs9zuvvy"],"amount":43.95699957},{"n":1,"addresses":["prl1z6schm5jq89z3tkjrg2yscacts6ylmr36mern9um63gmnlplahvjs66gqk2"],"amount":1200}]}