{"txid":"f427e8d74fb7bb5766a1521242d874de53fd4f615c21fff115457962fc27f0f7","block_height":null,"time":null,"vin":[{"txid":"f427e8d74fb7bb5766a1521242d874de53fd4f615c21fff115457962fc27f0f7","vout":1,"amount":447.16942531,"coinbase":false}],"vout":[{"n":0,"addresses":["prl1zm6d9xk5zf0vky679jccglj8ckcqlpzt2k8ydlp43kmlvv2kdrutsgt95ww"],"amount":447},{"n":1,"addresses":["prl1pve2hw3h6xw0szaal88wskpsrj2ly7j04lhjy8awa3zyrhguuphrqy7j26m"],"amount":0.16937444}]}