{"txid":"03525484ddb6d46962a721c1b5f76f232cbf10ba81258857533486b87ed56546","block_height":null,"time":null,"vin":[{"txid":"03525484ddb6d46962a721c1b5f76f232cbf10ba81258857533486b87ed56546","vout":1,"amount":138.99999692,"coinbase":false}],"vout":[{"n":0,"addresses":["prl1z40erxjfy9gt6szsuqshm8v3un4dwu4dkkxueytgk0ss2vp0py0ds75n2je"],"amount":100},{"n":1,"addresses":["prl1phzhqqld00xk6eyr0r6z64rm4r38uyx8ck7ja4eqeummtyu48qzgqm8fftj"],"amount":38.99999538}]}