{"txid":"d36b675e105363a8b4ae3e531d88f366cfd5a424b2e98060e164b84ecbe93336","block_height":null,"time":null,"vin":[{"txid":"d36b675e105363a8b4ae3e531d88f366cfd5a424b2e98060e164b84ecbe93336","vout":663,"amount":116.0344839,"coinbase":false}],"vout":[{"n":0,"addresses":["prl1zpksqt6nwcq25lz6vlftu533fw9a25phdr6d6x6f2xkt67p2wphtslfh0ug"],"amount":100},{"n":1,"addresses":["prl1p8c5nkag3dc2rltlzywjrz0mafacd2qnl0ly4rm0d6s95jdl2wjfsr5gh0k"],"amount":16.03448236}]}