{"txid":"3c910a79e2bd3ec3daf465455f726720829d6b32e54d9028298f15d473ea9fb5","block_height":null,"time":null,"vin":[{"txid":"3c910a79e2bd3ec3daf465455f726720829d6b32e54d9028298f15d473ea9fb5","vout":430,"amount":104.72688552,"coinbase":false}],"vout":[{"n":0,"addresses":["prl1zj6v7fhqp2fsz4ykta8za8lx2w5nk88udfxejz6g7j938vt6qsrrqvfryl3"],"amount":104},{"n":1,"addresses":["prl1pk944mxs0nae7dwhwdepgfvsqkg8wzcqgw89h3w7rlgj8jxzfa56skwprvz"],"amount":0.72688398}]}