{"txid":"cb1e4fe4b8e8849a3ebd1cfb41db94e5b8b9cbf6f23f0a8663bb64f8b5b65bcb","block_height":null,"time":null,"vin":[{"txid":"cb1e4fe4b8e8849a3ebd1cfb41db94e5b8b9cbf6f23f0a8663bb64f8b5b65bcb","vout":0,"amount":3900,"coinbase":false},{"txid":"b1e42283c066db1db3ed501ae2ce1416ca55ed698419757fd45a7d9e14112c62","vout":0,"amount":3000,"coinbase":false},{"txid":"cb1e4fe4b8e8849a3ebd1cfb41db94e5b8b9cbf6f23f0a8663bb64f8b5b65bcb","vout":1,"amount":30.9995267,"coinbase":false}],"vout":[{"n":0,"addresses":["prl1zt27s0nf0a9uaxcfevvmc33cn7dnq6rcw2dk3h8p7037fwk4tyuzqpteqsv"],"amount":6900},{"n":1,"addresses":["prl1pzs8aq8amrj6ukq9auyn9k9t6wuch2g3hnldm5u5nkpgtl87gl6ss7kdeue"],"amount":30.99951225}]}