{"txid":"cd797ea386f90636641b09fea6fa4ba8fac3b99854894f1589822ef046c6d574","block_height":null,"time":null,"vin":[{"txid":"cd797ea386f90636641b09fea6fa4ba8fac3b99854894f1589822ef046c6d574","vout":0,"amount":6784.0943048,"coinbase":false}],"vout":[{"n":0,"addresses":["prl1zchcd6d3dydq7t9v4ef7e3dszkyv27n9z8e9dxv7wpdgpz2qmnwfsmapy07"],"amount":120},{"n":1,"addresses":["prl1pgz7xkmw396pcnw43ptt4sg35gkv5ax789whywt6ja7mqz494hrmq2q3fk9"],"amount":6664.09430326}]}