{"txid":"481bdf26307364db4180e3d6fff38b555075f6055ac18cb8b8159ff13b03e703","block_height":null,"time":null,"vin":[{"txid":"481bdf26307364db4180e3d6fff38b555075f6055ac18cb8b8159ff13b03e703","vout":0,"amount":1500,"coinbase":false},{"txid":"481bdf26307364db4180e3d6fff38b555075f6055ac18cb8b8159ff13b03e703","vout":1,"amount":18.99995889,"coinbase":false}],"vout":[{"n":0,"addresses":["prl1psvy0sevt3xfkwdpkeycjnlaj5r72jnctzn47gjznrrzmvdd970vq29m24n"],"amount":18.99994745},{"n":1,"addresses":["prl1zkpxzy8zxux3x5sgy0t3v2jsyghd30xrmm4wdhcmkeu87s2m8xaxsuhrt42"],"amount":1500}]}