{"txid":"cf80e77a0fc28fb67099d4f4c9ec094b9c31dd9fbad2223df075cd3b82afd6c2","block_height":null,"time":null,"vin":[{"txid":"cf80e77a0fc28fb67099d4f4c9ec094b9c31dd9fbad2223df075cd3b82afd6c2","vout":1,"amount":2735.37466397,"coinbase":false}],"vout":[{"n":0,"addresses":["prl1zzetqnuqgzry9uyjp5d6s25ftr64u893gshlgzcygfk0jpa8rw7csaj443x"],"amount":1000},{"n":1,"addresses":["prl1pyrnjww2lar2p2746f84xt5mtuv5zvj6lx4d24ps60euudv04hf3s99nvzp"],"amount":1735.37466243}]}