{"txid":"8e7baec751f98ebebbebe45a950dc19bf1f1dcb0a222f546254a68ec9ed0e147","block_height":null,"time":null,"vin":[{"txid":"8e7baec751f98ebebbebe45a950dc19bf1f1dcb0a222f546254a68ec9ed0e147","vout":0,"amount":858.60132276,"coinbase":false}],"vout":[{"n":0,"addresses":["prl1zu05x7c5wsulqe3am5p0rpqyemsrkzz6dcuf0ucs4pxs6r6t7rm8slq8996"],"amount":858},{"n":1,"addresses":["prl1ps96adt4cjar3d4hs3m7sgqs7gjcxqgf2u7peflpwxhq5hp2h0y5qwlfhvd"],"amount":0.60132122}]}