{"txid":"a4920a6c4d4a42c70f09b5908f92beebd567cd7ad3a36a48fea629b2d0c5a0d9","block_height":null,"time":null,"vin":[{"txid":"a4920a6c4d4a42c70f09b5908f92beebd567cd7ad3a36a48fea629b2d0c5a0d9","vout":0,"amount":5900,"coinbase":false},{"txid":"b1ae187b99e9205c3f144e35ed5aa5984686e5cca4005de8c7fd9f0c275c15ab","vout":1,"amount":1.79997824,"coinbase":false}],"vout":[{"n":0,"addresses":["prl1zzw0uyfg73x92v2cp3w3fe2zex4nw7xk36s37drvwvqj23e3rffksh6dlmm"],"amount":5900},{"n":1,"addresses":["prl1pc5v7m7p60444h8gjl69a67q209mx8pyp3z4z9n0wdk44j5dtfx7qm78kpr"],"amount":1.79997612}]}