{"txid":"625904e4543a09fb693d0765fd700f5d3019b73b8fa8638bf0374253593a4956","block_height":null,"time":null,"vin":[{"txid":"625904e4543a09fb693d0765fd700f5d3019b73b8fa8638bf0374253593a4956","vout":0,"amount":713,"coinbase":false},{"txid":"183298bf47deacf27973c364d9b2df7f8ddf7f1335a87e8fcea3391c602b6872","vout":1,"amount":0.78514236,"coinbase":false}],"vout":[{"n":0,"addresses":["prl1zwt7drrdtp2pmfrzld2qya73knj0kgvf0aj07u59k6dz53y4yc6pqdtwefz"],"amount":713},{"n":1,"addresses":["prl1pxl4wx7sxadu3r79msheg0qd8h63435wh8pk3ps872te4smv0nppqw8vcuq"],"amount":0.78514024}]}