{"txid":"5ba4ea804a5f1a40afc575f448f2ce361623137a0401a9321f0b2d7f2aa90990","block_height":null,"time":null,"vin":[{"txid":"5ba4ea804a5f1a40afc575f448f2ce361623137a0401a9321f0b2d7f2aa90990","vout":0,"amount":1699.99999,"coinbase":false}],"vout":[{"n":0,"addresses":["prl1zvugh95vukdfarpmxchfedvk4ehcvtv7mvlsn96m73lhg89zqry3q7fr7dw"],"amount":200},{"n":1,"addresses":["prl1psr07w39lz85n23tffktvfmngtre5rdq9uck26qkx7enun8jpfl4qux2t57"],"amount":1499.99998846}]}