{"txid":"e105aba3db615414e2679212a7860ee3585e1f9a17b7ab47967149734337d46d","block_height":null,"time":null,"vin":[{"txid":"e105aba3db615414e2679212a7860ee3585e1f9a17b7ab47967149734337d46d","vout":1,"amount":1111.73732873,"coinbase":false}],"vout":[{"n":0,"addresses":["prl1z6e5s925z6ug4xg7gvev9evt9ewwmv76khu7jknpwylwzq2lenplsujkjg8"],"amount":0.08},{"n":1,"addresses":["prl1pza4xkj2r85hkpwwak8l05v84q3mrqnmldquu30yhhl04tptqt58szjdsx6"],"amount":1111.65732719}]}