{"txid":"3a375d79e13cdc75dc0a483795b36ebd6f0ac0dd18410a0eeff0d0f3ab7c01f8","block_height":null,"time":null,"vin":[{"txid":"3a375d79e13cdc75dc0a483795b36ebd6f0ac0dd18410a0eeff0d0f3ab7c01f8","vout":1,"amount":20000,"coinbase":false},{"txid":"3a375d79e13cdc75dc0a483795b36ebd6f0ac0dd18410a0eeff0d0f3ab7c01f8","vout":0,"amount":2813.26738437,"coinbase":false}],"vout":[{"n":0,"addresses":["prl1pq5qfszumtnrwx9yqwt7ha5ytfxld82h7gsp4qr7ygf5sczyrd9zqfxwy3c"],"amount":2813.26710295},{"n":1,"addresses":["prl1zuvepltycwhjntxnckureaqunfc6f0rclgjpy0j2m2n5lcdfp6mlq7m74cc"],"amount":20000}]}