{"txid":"9f28d1fb58cef129d5e9d68ee9ab6c89c48eebd4f780b37b5785f31b55df4c46","block_height":null,"time":null,"vin":[{"txid":"9f28d1fb58cef129d5e9d68ee9ab6c89c48eebd4f780b37b5785f31b55df4c46","vout":0,"amount":62269.99999,"coinbase":false},{"txid":"1012a48f3f965156275212ddcc803abd81ccd5731c8bf6b43c03189b21ce4f82","vout":0,"amount":3.48745668,"coinbase":false}],"vout":[{"n":0,"addresses":["prl1zlsct9gtux5tayvtnwuyt46zkjjh65ya76wxwg2ark0nrvvxs0zvq3wnzlp"],"amount":62270},{"n":1,"addresses":["prl1pjckc6w59qwe0s8ed5f7f5a3a2gchg7gmnpdxckr7gdych7ea9t7sk8nj2y"],"amount":3.48743504}]}