{"txid":"4471fd38799dbbf527de94ad0df1bf84a879c858897ce1e8515f66fccce3501a","block_height":null,"time":null,"vin":[{"txid":"4471fd38799dbbf527de94ad0df1bf84a879c858897ce1e8515f66fccce3501a","vout":4,"amount":73.50328179,"coinbase":false},{"txid":"6178a0ca1fa20af38da2e81c0a8ab561a12184fb4a4f071bf2a5c9cd5c349728","vout":1,"amount":38.80456362,"coinbase":false}],"vout":[{"n":0,"addresses":["prl1zapk43pj3emnyh4a3kyrjkly9njml2t9dw0fkgszx34yql6sdjzlq95ydan"],"amount":100},{"n":1,"addresses":["prl1pfafu7zcj5z8epfp2u832aqgz8mq3a3wl7e3as22yepykwg5v80tq2cdc05"],"amount":12.30784329}]}