{"txid":"477c39e31b2680c26694970dda2790c9ef11f049cca0a5368a73b9c9c091ee90","block_height":null,"time":null,"vin":[{"txid":"477c39e31b2680c26694970dda2790c9ef11f049cca0a5368a73b9c9c091ee90","vout":0,"amount":397.76975229,"coinbase":false}],"vout":[{"n":0,"addresses":["prl1znzc7y9pdqwqkmrwntu7jna8s7zzncqaqeutr4jg2az05h8yjwl8sfh2wk9"],"amount":397},{"n":1,"addresses":["prl1pq97mgvn7gxgn5gxtuwancd5x00z6mqzp0q56x7d9uz32qvw4sn3qxk5r72"],"amount":0.76975075}]}