{"txid":"f706e3afd5192d2690d54927f68c9aef661fe9d68a3a7345e2f4b86905ab88da","block_height":null,"time":null,"vin":[{"txid":"f706e3afd5192d2690d54927f68c9aef661fe9d68a3a7345e2f4b86905ab88da","vout":366,"amount":851.71892091,"coinbase":false}],"vout":[{"n":0,"addresses":["prl1pkt06l7ka8k2m706csytf76awmqsqjpxq9hjkchraf8uhxdnr27sslqvtql"],"amount":51.71871516},{"n":1,"addresses":["prl1zrqgav6vpzl7l40w2y49xk6hjjd64l2ed7xyn3vdy4ruwex6t484q347txt"],"amount":800}]}