{"txid":"6540f1b8659ff66968e883dc9156103f73e3a124b9ff45a4e790ec09d77e6a60","block_height":null,"time":null,"vin":[{"txid":"6540f1b8659ff66968e883dc9156103f73e3a124b9ff45a4e790ec09d77e6a60","vout":0,"amount":6499.99999,"coinbase":false},{"txid":"3e5ad54c387f8c980af9e9b99e4180019949801aab63b21238593dcc31594e5b","vout":1,"amount":8.34862085,"coinbase":false}],"vout":[{"n":0,"addresses":["prl1zp89uv6s0nsj6tvmef33p4dp62dk56lk6x3qsvgjauhm9rcw3f69qcf4qzg"],"amount":6500},{"n":1,"addresses":["prl1pqgcesycgzff79d3zun2tkyh5ghrhcug4jwx0rh3h7fdvg39ypxkqjh5v05"],"amount":8.34860873}]}