{"txid":"81494ee34db370550d613d6f56455346276252158f1565eb76881cb804b543ec","block_height":null,"time":null,"vin":[{"txid":"81494ee34db370550d613d6f56455346276252158f1565eb76881cb804b543ec","vout":0,"amount":17300.92136585,"coinbase":false}],"vout":[{"n":0,"addresses":["prl1zvgcpguel9qmx3xes08wlf8x9hrjud28v59737en5vt4uvdlcufzq6n2khj"],"amount":7100},{"n":1,"addresses":["prl1punv5mgfe0ju5t5e73md3e8m5m03ufw6mnrk455mkx56yjvyv04zqtrknvv"],"amount":10200.92135745}]}