{"txid":"5206387a93bc4274e253748acb54de1492ac1bb9b4bcf7ba1b04c4fa287b3860","block_height":null,"time":null,"vin":[{"txid":"5206387a93bc4274e253748acb54de1492ac1bb9b4bcf7ba1b04c4fa287b3860","vout":256,"amount":208.02265415,"coinbase":false}],"vout":[{"n":0,"addresses":["prl1ztl6425lfwtecm8w3hr37nan7jd4jk39vf7ju0ahekp3d3f87ec6qpxgvmh"],"amount":150},{"n":1,"addresses":["prl1pewu224ntqz23qaprru7g2srt32pmdaaxlfv4w87ys2yhg80x4ymsga95yp"],"amount":58.02265261}]}