{"txid":"ae04e59705b58d860ee91d2e1fcc19fc05acaa7c53deddaffa200a71e61f832c","block_height":null,"time":null,"vin":[{"txid":"ae04e59705b58d860ee91d2e1fcc19fc05acaa7c53deddaffa200a71e61f832c","vout":187,"amount":1763.27005428,"coinbase":false},{"txid":"4edf237f34d022019823b77d9057cf66bf2f7ebc515176e4af730410645c8936","vout":65,"amount":693.91982755,"coinbase":false}],"vout":[{"n":0,"addresses":["prl1phfkndr0tn4fe4deszj4mxnan4j3gkj99tfl0k05exla2mnfsyl6sf5hqma"],"amount":457.18987024},{"n":1,"addresses":["prl1zsm4glgps0rsy2hwhaplkjnrxjuagzzcu4hy3a5wd0dn6qcp4s9eqmvmd3v"],"amount":2000}]}