{"txid":"2d4242ab21319dac42b4c08c41da0355170df3a16fe33582965388db243075d2","block_height":null,"time":null,"vin":[{"txid":"2d4242ab21319dac42b4c08c41da0355170df3a16fe33582965388db243075d2","vout":331,"amount":789.42932207,"coinbase":false},{"txid":"6353d3cf8ba5669cfea5001b1a2ec2eca313f720fd4f7d0799b15984a2be5eae","vout":0,"amount":0.99995991,"coinbase":false}],"vout":[{"n":0,"addresses":["prl1pmw07yzx7przqn8cpkxddh78va7d7vyaj2c9ywvmfq45lng5ccgmq2jv6m9"],"amount":0.42927042},{"n":1,"addresses":["prl1z2pfvx28dv9d9w89q6uhvfu8f0m75kewngh9x8rrywk4um0le96jqup4ju6"],"amount":790}]}