{"txid":"aebc093138c7ee03674d47af7974fea8838ad364c1f46080d3b3d2a0e3c3b7f7","block_height":null,"time":null,"vin":[{"txid":"aebc093138c7ee03674d47af7974fea8838ad364c1f46080d3b3d2a0e3c3b7f7","vout":0,"amount":169.99999,"coinbase":false},{"txid":"ad1f5ec0a0c7e4915f6bad1816e5d27f25f03758dc469a813a582bc7e41682a8","vout":57,"amount":2.62435966,"coinbase":false}],"vout":[{"n":0,"addresses":["prl1zuwqr65x6snnut2fhcr8fa7gcv9zxk2gr22ppthsupn9lsst89f7s3pwq57"],"amount":170},{"n":1,"addresses":["prl1phc9zjg27cj3cjnsnw7nu2aazwsvu3nfzl9mepmcmdrhu0xal3hwshqv5tp"],"amount":2.62434754}]}