{"txid":"5d91689de33edece35bce9825f671d17703ba7de482d95782cf47d524cc515c0","block_height":null,"time":null,"vin":[{"txid":"5d91689de33edece35bce9825f671d17703ba7de482d95782cf47d524cc515c0","vout":1141,"amount":93.59091974,"coinbase":false},{"txid":"8f69aafb095eb1cb0a7cb7b443aad28fa7ab01f00d4ce2c117be231410dea744","vout":997,"amount":75.27178708,"coinbase":false},{"txid":"8e1a2ba7bd29b7a028b4b1b71ee1a1f825751bf3e23ed1141957edaa1c4dc393","vout":1862,"amount":74.96006479,"coinbase":false}],"vout":[{"n":0,"addresses":["prl1zwp54uhxa0lxc8xze9eltc4mzx7hvl62rrxsep3nz29ksfauzmvsqk2d855"],"amount":201},{"n":1,"addresses":["prl1pwr5886ypg84da89qdnuar3847aw56m80mzrsnzycwk0xknq5w6vsdwhre6"],"amount":42.82276891}]}