{"txid":"3b973dd48300895e618a5e1db41356beeeb3553f2416646e991638fbec52aff9","block_height":null,"time":null,"vin":[{"txid":"3b973dd48300895e618a5e1db41356beeeb3553f2416646e991638fbec52aff9","vout":1,"amount":458.99999692,"coinbase":false}],"vout":[{"n":0,"addresses":["prl1zzvf7jl4xqhff2dxn8v3w5h6al6fr0d6h5wm35vzz60909snmm4ks7gd3qr"],"amount":300},{"n":1,"addresses":["prl1pzmr904ef067506akv00h53aavc9m6mjerllkxarztqm49gdxetsq8dldx5"],"amount":158.99999538}]}