{"txid":"72d47592c0e1f69528e01f63936b8db17448bb9242ae762c401f6ddb15a505e7","block_height":null,"time":null,"vin":[{"txid":"72d47592c0e1f69528e01f63936b8db17448bb9242ae762c401f6ddb15a505e7","vout":902,"amount":196.9395236,"coinbase":false}],"vout":[{"n":0,"addresses":["prl1z9knht23smf3yslqwhzysywvmtdakye0vcmhyry8q4n20gtxh3kjse8ywyg"],"amount":190},{"n":1,"addresses":["prl1p2g4jezsgvucl0vaqemrw7xlng8d8qqfjvrwrz8u9hyrss58xnuns02zqyg"],"amount":6.93912205}]}