{"txid":"db6e51331cc0de052cd87d352e782d3cefdbfe9206660f1306a638de66d74654","block_height":null,"time":null,"vin":[{"txid":"db6e51331cc0de052cd87d352e782d3cefdbfe9206660f1306a638de66d74654","vout":0,"amount":250.31389185,"coinbase":false}],"vout":[{"n":0,"addresses":["prl1zzd628z62ccw7tuqgulpgks357h4rdgqmp248ags4s9vjsqg6xq9q8af2y3"],"amount":250},{"n":1,"addresses":["prl1pqecu9ehh7tf9z3zu0u6wqdz5smnachtgp7jj09akwz2gt0746aqs6g3jk4"],"amount":0.31387635}]}