{"txid":"56369766cf993bb7ef2fe6b5834fb1689e17f1cb1ba0882e60b4c4ff835f5a17","block_height":null,"time":null,"vin":[{"txid":"56369766cf993bb7ef2fe6b5834fb1689e17f1cb1ba0882e60b4c4ff835f5a17","vout":1,"amount":3999.99999846,"coinbase":false}],"vout":[{"n":0,"addresses":["prl1zhms5hzuw5p4xskrmqgg9fak52pu8wevgrswkcn5ppha604pfgngsfk0d2c"],"amount":1000},{"n":1,"addresses":["prl1phhur8qkwflja3729gdln50vdpt2rg3nwzt4xnxesmvh3n049agfq90hp7g"],"amount":2999.99999692}]}