{"txid":"649664df34ce184d501624cfe3a0f59b23189b67f8505bbb02b8b90dde711227","block_height":null,"time":null,"vin":[{"txid":"649664df34ce184d501624cfe3a0f59b23189b67f8505bbb02b8b90dde711227","vout":526,"amount":1008.43371063,"coinbase":false}],"vout":[{"n":0,"addresses":["prl1pe8g76kn5x7gc6pry7k9x4ry0x0emlu9drtszgqewk8ytlfknh7aqkt33k8"],"amount":3.43370229},{"n":1,"addresses":["prl1zqxy3l26fs9vhh0ldhcpcctatfk5l7xw3gkuyyckyv8760yre9zwqdznyqj"],"amount":1005}]}