{"txid":"fd2ded11d14e814017f898735bee3ae35f749dcd6416208efdb1a1c987c010fb","block_height":null,"time":null,"vin":[{"txid":"fd2ded11d14e814017f898735bee3ae35f749dcd6416208efdb1a1c987c010fb","vout":0,"amount":2766.37609467,"coinbase":false},{"txid":"3d72c204eed810971c700716cb7f4d0aca962a10a45109680e5a6ab68136edb9","vout":0,"amount":2765.72259882,"coinbase":false}],"vout":[{"n":0,"addresses":["prl1z654q5tfmk8wkmhyrj8rmjvsvpewwjxzgmuxdzmzu2puna59tdqdqcvy3ac"],"amount":5000},{"n":1,"addresses":["prl1pqarywgef56tt4422ns77ddtsq82nv400zga0ldsxy0pk9e4useaqgctga7"],"amount":532.09867219}]}