{"txid":"e748464e319a4f51025bae177ddb35bdbb3ab165be079d956d1d0f285334e385","block_height":null,"time":null,"vin":[{"txid":"e748464e319a4f51025bae177ddb35bdbb3ab165be079d956d1d0f285334e385","vout":0,"amount":999.99999,"coinbase":false}],"vout":[{"n":0,"addresses":["prl1prwlud5lhcave7y3nvsjr5hksehk65chmxvcd9j33dd9ru2utratqv4c37r"],"amount":899.99991016},{"n":1,"addresses":["prl1z7zwczpta3hlfcsc3azshzhs23sy64v23jnqt298ju5efuw8qn4qqgt232f"],"amount":100}]}