{"txid":"e80f3d6f2757f721091b87c3e34892990d121d447884780bd742897cf48e9caa","block_height":null,"time":null,"vin":[{"txid":"e80f3d6f2757f721091b87c3e34892990d121d447884780bd742897cf48e9caa","vout":0,"amount":1343.20457202,"coinbase":false}],"vout":[{"n":0,"addresses":["prl1zmy28wvmhxp0ry8h3ja3ks6375dm2mwav6rxldckl5wxng95dyxgsnlm5fs"],"amount":1300},{"n":1,"addresses":["prl1p8evegeyzzqy8thaycvpqujyhgg7lkztkm7kkdxh84zmxh3up34msy95q5y"],"amount":43.20455652}]}