{"txid":"677834279d475879469d863b14bb962bfdce4a01cb53b54095b7e823ea30fb1c","block_height":null,"time":null,"vin":[{"txid":"677834279d475879469d863b14bb962bfdce4a01cb53b54095b7e823ea30fb1c","vout":70,"amount":186.30274017,"coinbase":false},{"txid":"1c04415be77c5cc170618cf065daff0f6aa4a6a61067163587e792361a430e8b","vout":12,"amount":185.87918654,"coinbase":false}],"vout":[{"n":0,"addresses":["prl1ztjrtel505e6cyktuhde4fmf2l27qts27sstm5hwtsyvjay8s3zcsg5g5v6"],"amount":200},{"n":1,"addresses":["prl1pc2spdpu5fdcsf3fyyg9279569z7hfga2drqad20gwn8579f3m27q6zhczh"],"amount":172.18192459}]}