{"txid":"5b41e57f3c5861c74e46f414c603528c0eae6a9500fc1566512f97996c90cdaf","block_height":null,"time":null,"vin":[{"txid":"5b41e57f3c5861c74e46f414c603528c0eae6a9500fc1566512f97996c90cdaf","vout":299,"amount":488.30035604,"coinbase":false},{"txid":"8ebfc2b893bd4add9162709b7b331a155e1e000d31c95fca38e79fb2c08c90a7","vout":230,"amount":367.75421249,"coinbase":false},{"txid":"7f30982e245867ff1be7a088db14b3e5ce4dcaa29b581370fe1f976c1bd51d75","vout":260,"amount":286.90360359,"coinbase":false}],"vout":[{"n":0,"addresses":["prl1z9n50wkhl0hv37jltg2s7prv7galm8a0plgq39rlhe3n86rsshxqsv5gkr7"],"amount":1000},{"n":1,"addresses":["prl1pmr8zrzv6n2v67hfdhuq4ma2e6kkxe77q3vx2u2v4h7r8f4qha0pq2t5f6f"],"amount":142.9578737}]}