{"txid":"26fb71e70586e149cc50b8fe83adc6bf7181a4cfec8fa1e3c5cd860d0e61a62a","block_height":null,"time":null,"vin":[{"txid":"26fb71e70586e149cc50b8fe83adc6bf7181a4cfec8fa1e3c5cd860d0e61a62a","vout":0,"amount":999.99,"coinbase":false},{"txid":"94044f797b67b5395e8a94ad35ceb5a4cec889667f4b97c77a1a4131cc965fb6","vout":1,"amount":2.99040491,"coinbase":false}],"vout":[{"n":0,"addresses":["prl1z8kstcqh4vz30xfqc3w5ag2954yr8gmeet8805pft4hg3xsramkzslw3ew9"],"amount":1000},{"n":1,"addresses":["prl1pkurygc2epvt4mgh2x8znfg9a3tpl5q9chuulezggeudet8j98kcsl8mvqp"],"amount":2.98027476}]}