{"txid":"49eab967aec2be0471caa3c2d49f0380937b436763f259dcd15a8408c44067ab","block_height":null,"time":null,"vin":[{"txid":"49eab967aec2be0471caa3c2d49f0380937b436763f259dcd15a8408c44067ab","vout":0,"amount":6014.1126572,"coinbase":false}],"vout":[{"n":0,"addresses":["prl1z6xp4knwpt80aw74eh2vjt8cyk3egs062jdqhlpdwjy4xuza6whqqtknya9"],"amount":4500},{"n":1,"addresses":["prl1pgz7xkmw396pcnw43ptt4sg35gkv5ax789whywt6ja7mqz494hrmq2q3fk9"],"amount":1514.11265566}]}