{"txid":"212c4059e2d96f61530a6fdd170e2c696186f82ee0d9199dac55b78c86f20c2d","block_height":null,"time":null,"vin":[{"txid":"212c4059e2d96f61530a6fdd170e2c696186f82ee0d9199dac55b78c86f20c2d","vout":193,"amount":286.61376284,"coinbase":false},{"txid":"62d56d7dac9379248cf0103743b5dbdadc4d26d3ce3c7c77410674d395ad0128","vout":1,"amount":4.0869994,"coinbase":false},{"txid":"0260225604ef1ecf9b492204d568fbae1fd1a489eab9e6d8ca2b1304b77a09bf","vout":1,"amount":0.75382012,"coinbase":false}],"vout":[{"n":0,"addresses":["prl1zw8fesacv8cv2uc9tnxhzzmml44ntwnzvw6fpqv42z4592wr8stxqrat370"],"amount":291},{"n":1,"addresses":["prl1p2zu56gqek8ws9k9y40x7vvpj43x7anjysjfr4vd000jfjkufdqash09tu2"],"amount":0.45457966}]}