{"txid":"074da1a148051cd1dd668443aa914a6134df798d3a4b8be69a80f0fa1369b59a","block_height":null,"time":null,"vin":[{"txid":"074da1a148051cd1dd668443aa914a6134df798d3a4b8be69a80f0fa1369b59a","vout":1,"amount":5889.9983938,"coinbase":false}],"vout":[{"n":0,"addresses":["prl1p2zknztt4xywk3j4u8a2gmkg48j70ppqv0224gg8j8aulltulwckqdel4qy"],"amount":5789.99799225},{"n":1,"addresses":["prl1z32ykn2yxu77el826g0c3msgxyjwdscmclz35jvauvylamhv8a2jqj5armh"],"amount":100}]}