{"txid":"21f7186a2e07745f613d265eed226de22c78027abcf9500d68e215466b70ee8d","block_height":null,"time":null,"vin":[{"txid":"21f7186a2e07745f613d265eed226de22c78027abcf9500d68e215466b70ee8d","vout":111,"amount":261.32040454,"coinbase":false}],"vout":[{"n":0,"addresses":["prl1pjkyar3gj7nshgnsasw5vrjq5qrut8z9fst24jkznt6wrskvd0lrqgzg992"],"amount":161.32039621},{"n":1,"addresses":["prl1znmsutctjn9zd8pq5q6js0n0c3wydq6saqqxt4dfuraevyuamuwcsvqh7s4"],"amount":100}]}