{"txid":"b9f46abf49be9d6ac5d3a3ece92cfeb209a266cd872d182233603c3cdb52be9b","block_height":null,"time":null,"vin":[{"txid":"b9f46abf49be9d6ac5d3a3ece92cfeb209a266cd872d182233603c3cdb52be9b","vout":0,"amount":1199.99999,"coinbase":false},{"txid":"f91e14806d455fe1f0a982c4f51dc60e38b04cfdc7aa972067cf29b76cc9bf16","vout":1,"amount":54.93975522,"coinbase":false}],"vout":[{"n":0,"addresses":["prl1zkynwpp0h5l22tk5l94ykr5kz32qmuxsdw07rp5efc2c0kf3dw92snfxshx"],"amount":1200},{"n":1,"addresses":["prl1pccf9429m63nnyqd0pchnn8gys5h04598rqjkmvh6xp3326u4q5qsz62xc8"],"amount":54.93973364}]}