{"txid":"1913d883c6a2bd1a045002cd4b0c769780d91d53ab3875a651f77a69f830ad6d","block_height":null,"time":null,"vin":[{"txid":"1913d883c6a2bd1a045002cd4b0c769780d91d53ab3875a651f77a69f830ad6d","vout":0,"amount":799.99999,"coinbase":false},{"txid":"af01a3f2892b8a287d2d80783af3c02a6aa55430c9d7ad1bf12cd4578bc20dee","vout":497,"amount":48.83327104,"coinbase":false}],"vout":[{"n":0,"addresses":["prl1zxgv82kq5cf32mx6gl3ra2fw5tphk3v8clfdk6zznk92njr06467qqfajke"],"amount":840},{"n":1,"addresses":["prl1p77ulqh3e4zgcvya3mjrj4jluuzg5f0r2jnmdyq2phzlg6nqk9uysyd0vzw"],"amount":8.83324937}]}