{"txid":"08e5473d0e0606685932963853f5af1e818dd493235281286d1ab1d2e76c34fe","block_height":null,"time":null,"vin":[{"txid":"08e5473d0e0606685932963853f5af1e818dd493235281286d1ab1d2e76c34fe","vout":0,"amount":177.38,"coinbase":false},{"txid":"e0f63214656c2eee7b53427738cc865fb758485d3d6e95c1b25f1a65c99d061f","vout":1,"amount":0.60935506,"coinbase":false},{"txid":"6be0eb503a4ecaca9624ad29aeb66c609bbcc63ecb74116299c2aca26722ad10","vout":1,"amount":0.11009165,"coinbase":false}],"vout":[{"n":0,"addresses":["prl1zmxu7vvp8rxjvf7kaq3z6r7u76kvc2pal7dg4u73p0m7vlgsuj8zqt0stk3"],"amount":178},{"n":1,"addresses":["prl1p9849nsvv3twpqdjxe3v7xk6g0k2upz0vpy4pcyna4fn6v6c8guss2ctcaw"],"amount":0.09944401}]}