{"txid":"9ea1de46d3621b142951878c0d01df7110301ea3296f793302c6f5eb75657535","block_height":null,"time":null,"vin":[{"txid":"9ea1de46d3621b142951878c0d01df7110301ea3296f793302c6f5eb75657535","vout":1,"amount":2673.4313825,"coinbase":false},{"txid":"0df01ceb49fd6d2e8c1bc171ac2139a07bb2e449f21795ce43ecd2d02c9f874d","vout":0,"amount":2648.2870609,"coinbase":false}],"vout":[{"n":0,"addresses":["prl1zta9vm30q8ngk825xlk3rzukucv7afp832jxdh44dtpnhgge2gn0ses2na7"],"amount":4000},{"n":1,"addresses":["prl1pyrnjww2lar2p2746f84xt5mtuv5zvj6lx4d24ps60euudv04hf3s99nvzp"],"amount":1321.71844128}]}