{"txid":"eaa1c844550c12235855153f471f5726060900cbb915073e2dda98cd67492232","block_height":null,"time":null,"vin":[{"txid":"eaa1c844550c12235855153f471f5726060900cbb915073e2dda98cd67492232","vout":0,"amount":99.99999,"coinbase":false}],"vout":[{"n":0,"addresses":["prl1zj2uvx8t8zw38fzzqleswxkl0wlwpg6nsky43rdq7x9l37tnadf5qg0pt00"],"amount":1},{"n":1,"addresses":["prl1pu2enkjc9sntvkqwn02a6pnzskeg02m3lt0l5nujr3d09g73ucw6q8ydmpw"],"amount":98.99998845}]}