{"txid":"c8b044ab2339ef874deb66d13e62ca3e664da281b618ee4c9608b64103f76a38","block_height":null,"time":null,"vin":[{"txid":"c8b044ab2339ef874deb66d13e62ca3e664da281b618ee4c9608b64103f76a38","vout":1,"amount":4594.17775094,"coinbase":false}],"vout":[{"n":0,"addresses":["prl1ze5jyrhvf4hly8vaqyr36su3xu68qc074e5e2ehk4svscttc7pgrq7esukx"],"amount":1000},{"n":1,"addresses":["prl1pcyhkvs6f7e0htvwugq80a6f4q42mccqnzsrd7rrk6f4vvrh5g8vqktfgp6"],"amount":3594.17774265}]}