{"txid":"ec3742b9a04d81c3f90299d76debdea823fb86bf8934030d33a03a6114e473f3","block_height":null,"time":null,"vin":[{"txid":"ec3742b9a04d81c3f90299d76debdea823fb86bf8934030d33a03a6114e473f3","vout":1,"amount":1556.99999788,"coinbase":false}],"vout":[{"n":0,"addresses":["prl1zqmanejalsaf40svy677774s73n93ku5cunfknhnelrs4xz8wpzpq3d2epp"],"amount":1000},{"n":1,"addresses":["prl1pk4yk46hqqtxynr9qk5z2vfle636hpsmwzepwvgslzvec94ealcsqm3pas0"],"amount":556.99999634}]}