{"txid":"f78182ab092a7395e5148fc0eb6fccfc1b6ee87f048d008033f4c4377e8c687f","block_height":null,"time":null,"vin":[{"txid":"f78182ab092a7395e5148fc0eb6fccfc1b6ee87f048d008033f4c4377e8c687f","vout":0,"amount":114,"coinbase":false},{"txid":"5af4199ccc8e32cc9a0bcbeab4e886db9560bfc6166928eb49e9485f1af76915","vout":1,"amount":0.49999576,"coinbase":false}],"vout":[{"n":0,"addresses":["prl1z3w0nvq9lrewdq2xdqt7rtcagzaa53345n0vczzg3h70fvyk4tjxq6u0cs7"],"amount":114},{"n":1,"addresses":["prl1p6z85dd93t9ks64x6fn5c4wcdc38pwsks8vac4qed24g7mwhvmdrs8z969a"],"amount":0.49999364}]}