{"txid":"6ece141a29208784c446ded859115fe1c11884657b01bb8172be28ff50412d8a","block_height":null,"time":null,"vin":[{"txid":"6ece141a29208784c446ded859115fe1c11884657b01bb8172be28ff50412d8a","vout":0,"amount":1000,"coinbase":false},{"txid":"0b58e0e9ae7470d3344319ede42862156199364e305c0b4f96ace5ecb266886d","vout":1,"amount":0.55272235,"coinbase":false}],"vout":[{"n":0,"addresses":["prl1zc3624mssfcflpjupp9fljrxvllzkguevgg8gj4m49qnx07u5jy8sfptcs2"],"amount":1000},{"n":1,"addresses":["prl1pcmh09gq68xeywxcjhzcjv9jvzl4s6g808cll4f4mh955ajpq485qgh8u6v"],"amount":0.55272023}]}