{"txid":"eeab1ad14dc29b39f3a4d1b2cfc253c80cb0de0c0036160757ab86de51e1ff69","block_height":null,"time":null,"vin":[{"txid":"eeab1ad14dc29b39f3a4d1b2cfc253c80cb0de0c0036160757ab86de51e1ff69","vout":0,"amount":531.99999845,"coinbase":false},{"txid":"e247d90ce1aa329005b07d9c353d6641f9a1174095d17a59fb054fd31192007f","vout":0,"amount":0.00414611,"coinbase":false}],"vout":[{"n":0,"addresses":["prl1z30ajh7d552gwpwrj6jcxj34yn65wd4nl87zykttvwm5h07p25tvs5qrkrd"],"amount":532},{"n":1,"addresses":["prl1pjd374fk3dz47ncjnq9kkeq4l5u6fdt35mey0vm0j0x6zj872cuaqqppkhl"],"amount":0.00414243}]}