{"txid":"2a26093d70482eea08cdf0c8c48e83b5e4f79de4038cd3dca50300a8b06de170","block_height":null,"time":null,"vin":[{"txid":"2a26093d70482eea08cdf0c8c48e83b5e4f79de4038cd3dca50300a8b06de170","vout":0,"amount":84.4,"coinbase":false},{"txid":"934003d8f01c6f5f29c02de7c775a6db97200279ed01a5e31ab381652e0b11f8","vout":336,"amount":23.84285431,"coinbase":false}],"vout":[{"n":0,"addresses":["prl1z39zunjzh2xt70pryt8y05n6jytjzmwx8mpmck33x3dlyn85rddjsqyqrnj"],"amount":108},{"n":1,"addresses":["prl1pyhyka0mtjfekr9ssp45zda8xfh3cg04q2ryt8zvx5ryuzq5n7n8sljss4y"],"amount":0.24285219}]}