{"txid":"6bcba4c8a0b01e7a0c27c301b07dadfdfaeea9a9052c0d23806bbc90324a14ba","block_height":null,"time":null,"vin":[{"txid":"6bcba4c8a0b01e7a0c27c301b07dadfdfaeea9a9052c0d23806bbc90324a14ba","vout":0,"amount":347.99999,"coinbase":false},{"txid":"f017e57449472466d2f3f716e6b129ba835fcce90e752674a93ac1b89f1c1331","vout":1,"amount":0.10345015,"coinbase":false}],"vout":[{"n":0,"addresses":["prl1zg5fejmg7szgnekh66p9w5m9nzkeczs5532ayd067ls64237wup4ql9hetz"],"amount":348},{"n":1,"addresses":["prl1pcnert63u5jvg50qsjlf7mtgxcdyy4sk084l4vz7he96q9dks450sgeg90j"],"amount":0.10343803}]}