{"txid":"3c910a79e2bd3ec3daf465455f726720829d6b32e54d9028298f15d473ea9fb5","block_height":null,"time":null,"vin":[{"txid":"3c910a79e2bd3ec3daf465455f726720829d6b32e54d9028298f15d473ea9fb5","vout":427,"amount":104.80555388,"coinbase":false}],"vout":[{"n":0,"addresses":["prl1z7fjhh8f46wtl22zn9l2zkaghc66wsm9mz3re0hens9f3hsnwwe2q5pnecm"],"amount":104},{"n":1,"addresses":["prl1pvequzhdkv25rgjp8w2w2ecmncrzm702h5cqkvkgwazmqdq2l9x6q2dvzqf"],"amount":0.80555234}]}