{"txid":"52395a081555a67e599d8266ddc6bdeb116c8db60bce806d80ba1e3d66fd8f93","block_height":null,"time":null,"vin":[{"txid":"52395a081555a67e599d8266ddc6bdeb116c8db60bce806d80ba1e3d66fd8f93","vout":0,"amount":408.754826,"coinbase":false},{"txid":"c3be19cd7b5e4e4f83af0fe1272bc46218e7a24a09b5332a7b9ef5cbdcdad9b8","vout":0,"amount":40,"coinbase":false},{"txid":"4e4c256259469955489fb0edbb1a2a7eccb6a56c10ff276a0231351e598d3fc2","vout":1,"amount":9.69507924,"coinbase":false}],"vout":[{"n":0,"addresses":["prl1zn6emesu5zz2t7zgge9uz3yxzya50t05lsfvf84694dm3s242cp8sre8fvx"],"amount":450},{"n":1,"addresses":["prl1p6z85dd93t9ks64x6fn5c4wcdc38pwsks8vac4qed24g7mwhvmdrs8z969a"],"amount":8.44990254}]}