{"txid":"0527546950f412a8e81c6311df2cfd8d68dff4a76eb59c6483e1fccc88c426e9","block_height":null,"time":null,"vin":[{"txid":"0527546950f412a8e81c6311df2cfd8d68dff4a76eb59c6483e1fccc88c426e9","vout":489,"amount":3512.27436515,"coinbase":false}],"vout":[{"n":0,"addresses":["prl1z7z8f74cgtpu5vvcg38pfqpk3raqax27qzmmltlvns8lnfxllykestfmewz"],"amount":3500},{"n":1,"addresses":["prl1p8w8y9nve2km0c9s94jxme9hmqjfhxwmwgxxgk52nwl9lcfa5tg2sxvwg8g"],"amount":12.27435678}]}