{"txid":"ee5ed21bb71c5935a9bc52f349eefe42a186aa4458eea58476253481554b60a3","block_height":null,"time":null,"vin":[{"txid":"ee5ed21bb71c5935a9bc52f349eefe42a186aa4458eea58476253481554b60a3","vout":1,"amount":436.14170188,"coinbase":false}],"vout":[{"n":0,"addresses":["prl1ztcxfzlujpt4ffya3smld40tjxuj5s76ug8jlwquyh8gulwcsjztq5u6z7a"],"amount":300},{"n":1,"addresses":["prl1p0sp3fx5hjs6aeq4p9qnu8qlvzujl5qvdfrct6nz5h2qrct6uk2wqn3242l"],"amount":136.14170034}]}