{"txid":"59d550fcf881332c913324de74fc8b9f6e0368cbfbc2506b0c14fdd3b398ffd5","block_height":null,"time":null,"vin":[{"txid":"59d550fcf881332c913324de74fc8b9f6e0368cbfbc2506b0c14fdd3b398ffd5","vout":0,"amount":1999.99999,"coinbase":false}],"vout":[{"n":0,"addresses":["prl1p5mc4slz975ppxqa8ndj3y2ze66x8htk67nw82lm469n44jd00zks76zhwr"],"amount":999.99991214},{"n":1,"addresses":["prl1zvzx07gf0uzuz872f9s9fa33wer7pl0q8wuy26j6yvcua8w07pgfsmk3g87"],"amount":1000}]}