{"txid":"87a5dfa08d1a0abbb12c4fd356603e82c90ddb68db99592cc5964d75f8e7aff5","block_height":null,"time":null,"vin":[{"txid":"87a5dfa08d1a0abbb12c4fd356603e82c90ddb68db99592cc5964d75f8e7aff5","vout":1048,"amount":106.06217628,"coinbase":false},{"txid":"3d8f80d45762b8d4e2629150168ab4a5008210787a2f03d123dc5ce99c8b1f8a","vout":0,"amount":87,"coinbase":false}],"vout":[{"n":0,"addresses":["prl1zsueaqgr7y7u6xv7ytdw52aw6mrd7rv73p7dfd870d0xgk7pv8zzsl9vpf9"],"amount":193},{"n":1,"addresses":["prl1pxl4wx7sxadu3r79msheg0qd8h63435wh8pk3ps872te4smv0nppqw8vcuq"],"amount":0.06217416}]}