{"txid":"f706e3afd5192d2690d54927f68c9aef661fe9d68a3a7345e2f4b86905ab88da","block_height":null,"time":null,"vin":[{"txid":"f706e3afd5192d2690d54927f68c9aef661fe9d68a3a7345e2f4b86905ab88da","vout":298,"amount":142.49376425,"coinbase":false},{"txid":"72d47592c0e1f69528e01f63936b8db17448bb9242ae762c401f6ddb15a505e7","vout":596,"amount":92.6052867,"coinbase":false}],"vout":[{"n":0,"addresses":["prl1z2eay95we6escj6fa9xkn7szfk6h4cjmr4t92t2wcyteavpz8fevsykhwcz"],"amount":235},{"n":1,"addresses":["prl1ph59q2merygvn2psgxdr3fcp0untw40flhsfadxmx4xcs74gful4s2hg9qk"],"amount":0.09904883}]}