{"txid":"3ed5a234ae7c1d90a2e119202c37be5a009662d2abb09be33b54d27d6b3fc484","block_height":null,"time":null,"vin":[{"txid":"3ed5a234ae7c1d90a2e119202c37be5a009662d2abb09be33b54d27d6b3fc484","vout":1,"amount":964.2299845,"coinbase":false}],"vout":[{"n":0,"addresses":["prl1z8kwv6mxkxx6fyyhn7cvttqf2f6m8r8aj635g4x6r75a5shgrw9kq3flc8l"],"amount":101},{"n":1,"addresses":["prl1pgclz4vfv789hjxgatuyc79nc7t2yvt04lu2ehen0wuzv52nqmtuq22dm02"],"amount":863.229969}]}