{"txid":"2314b031907647e24194e41e21ce52883f10bd8dc6744c21b188777e0e8fb822","block_height":null,"time":null,"vin":[{"txid":"2314b031907647e24194e41e21ce52883f10bd8dc6744c21b188777e0e8fb822","vout":0,"amount":99.99999,"coinbase":false},{"txid":"13357ebdb0cea6bffefe60a4a81be49c265a104e382acb80694ccc678ec3cf35","vout":215,"amount":43.75798761,"coinbase":false}],"vout":[{"n":0,"addresses":["prl1p638t36r5w5dkrzdpfsv43xenzvzjjtlej6khsraq366f8nme23msas8lm6"],"amount":43.75795631},{"n":1,"addresses":["prl1z4ph8dh27qd6fpc298avdky5v40ycydsxrsgp8xunq6xzlgj243rqtmwv3a"],"amount":100}]}