{"txid":"e2ff02734071efec319c606bc14c69be5a9efa15321900d595855e485cb8bd4f","block_height":null,"time":null,"vin":[{"txid":"e2ff02734071efec319c606bc14c69be5a9efa15321900d595855e485cb8bd4f","vout":1,"amount":12344.4999923,"coinbase":false}],"vout":[{"n":0,"addresses":["prl1zrdyuuhjlxxs9r8fyrampplj3yz2p4s8834qdejgsquwzzhx28jyqlhwgnr"],"amount":3000},{"n":1,"addresses":["prl1p94mante8tgtvajgghxh93l0z0vykzz7xfly6zdfpd9lsarm3dlystq3ar4"],"amount":9344.49999076}]}