{"txid":"81537fbaff70cbc9d66d970f13d2366005a769d3023ae0960f9fb926ca4e1f77","block_height":null,"time":null,"vin":[{"txid":"81537fbaff70cbc9d66d970f13d2366005a769d3023ae0960f9fb926ca4e1f77","vout":0,"amount":99.99999,"coinbase":false},{"txid":"5206387a93bc4274e253748acb54de1492ac1bb9b4bcf7ba1b04c4fa287b3860","vout":148,"amount":34.76007299,"coinbase":false}],"vout":[{"n":0,"addresses":["prl1zf98memcvmc0h8k4dv7wk8ukdyzdkhksrn8tn8z323ph2m9l9q88slc9jw5"],"amount":100},{"n":1,"addresses":["prl1ppc54gdnh444gmlyan3ssp250nne9tlxnqz95m64da40qygyxkdxst5rajw"],"amount":34.76005162}]}