{"txid":"145a6d9b0b35ba4a9c80152374d108f9037af5e7135c44e150e760da001a976a","block_height":null,"time":null,"vin":[{"txid":"145a6d9b0b35ba4a9c80152374d108f9037af5e7135c44e150e760da001a976a","vout":0,"amount":1399.99999,"coinbase":false},{"txid":"0527546950f412a8e81c6311df2cfd8d68dff4a76eb59c6483e1fccc88c426e9","vout":217,"amount":82.95943458,"coinbase":false},{"txid":"13357ebdb0cea6bffefe60a4a81be49c265a104e382acb80694ccc678ec3cf35","vout":33,"amount":60.45044152,"coinbase":false}],"vout":[{"n":0,"addresses":["prl1zcr0rxzr563e8aha47q6xvt2kxcx2u799n2wxxgluz6eptv0l7pysf23pxn"],"amount":1500},{"n":1,"addresses":["prl1pffrgku4340zdkpld4e0lq5c9yuvvur36tzq7rlvhnlx395unm2wqdpqhrq"],"amount":43.40977844}]}