{"txid":"e079b008f4c5cead98efff6475d91b31c6ec84ab53e4b585fced7df61abcf2ba","block_height":null,"time":null,"vin":[{"txid":"e079b008f4c5cead98efff6475d91b31c6ec84ab53e4b585fced7df61abcf2ba","vout":0,"amount":149.99999,"coinbase":false},{"txid":"ad1f5ec0a0c7e4915f6bad1816e5d27f25f03758dc469a813a582bc7e41682a8","vout":207,"amount":3.14923159,"coinbase":false}],"vout":[{"n":0,"addresses":["prl1p2cg3a4zudcw47zzvr0tmsay4hfl8ydlc9f6kv6vkxqjgamgzlgcs4up5zg"],"amount":3.14920992},{"n":1,"addresses":["prl1zjn99lt7ua3c0srf6la874fuaj2dz0t9exx8kk52tpmdx60500m3qhlmuyz"],"amount":150}]}