{"txid":"7867fd1d68df635ab77f4cbb02e924efa868983741076db186858068a21ab3cc","block_height":null,"time":null,"vin":[{"txid":"7867fd1d68df635ab77f4cbb02e924efa868983741076db186858068a21ab3cc","vout":1088,"amount":255.66999442,"coinbase":false}],"vout":[{"n":0,"addresses":["prl1zv55p2d5zcws8pm577fsjxak3v9wu0kfe3sw203tmfmx32ycrcjnsqsqqyx"],"amount":255},{"n":1,"addresses":["prl1pe0mrl0jceqxfeyyrg3mg5fhrf2fnq9qqjfnaamccd8udvwfkt8pqp83qfz"],"amount":0.66999288}]}