{"txid":"609d03ca189d355a0de56ecb922c8b89308e29ca04908b585049e01dfc05744a","block_height":null,"time":null,"vin":[{"txid":"609d03ca189d355a0de56ecb922c8b89308e29ca04908b585049e01dfc05744a","vout":745,"amount":360.3147463,"coinbase":false},{"txid":"fb670abb96a3cb9685f54d6bef0a1b63f600da6d8d547ceb12bc04752ac975c6","vout":1,"amount":44.54013867,"coinbase":false}],"vout":[{"n":0,"addresses":["prl1zfu6e2ymr58h4lv2vfq4qlwja5znahc65amvcs4mdmdruz848cwjqxe3vap"],"amount":400},{"n":1,"addresses":["prl1pev7dsku65asytl0e8jlyhm9g0c5r54v2g52te4cnudgzeueydj9shfe29j"],"amount":4.85487326}]}