{"txid":"6785c501cdf36a364a01a773e4123f0e01101e7848466beab02a405e2829d450","block_height":null,"time":null,"vin":[{"txid":"6785c501cdf36a364a01a773e4123f0e01101e7848466beab02a405e2829d450","vout":1,"amount":2699.9899717,"coinbase":false}],"vout":[{"n":0,"addresses":["prl1z8mf4fq3cwssn73pj7r40fmhla088j342dusd6yk8p8jyaah2m6cqauyu36"],"amount":1000},{"n":1,"addresses":["prl1p209gdfdx4vl4y229jsqgx7rrncxpjpt2dgczqm7s8etpy0v60adqq05623"],"amount":1699.98997016}]}