{"txid":"657e0c8625a51164eecb11d30b7965f8b83f0253bfb76859ac0b631083c7a70f","block_height":null,"time":null,"vin":[{"txid":"657e0c8625a51164eecb11d30b7965f8b83f0253bfb76859ac0b631083c7a70f","vout":1,"amount":497.99999692,"coinbase":false}],"vout":[{"n":0,"addresses":["prl1zy6l4earjgr09r39e9yj4hy9525z44g2jk7c4cs7g53hla0qyrcestce0yq"],"amount":150},{"n":1,"addresses":["prl1pcmh09gq68xeywxcjhzcjv9jvzl4s6g808cll4f4mh955ajpq485qgh8u6v"],"amount":347.99999538}]}