{"txid":"7ba5c3bee3eafe05b813f41fdc16f5631e98ac475e4812d5fa0fcd02cd19cc22","block_height":null,"time":null,"vin":[{"txid":"7ba5c3bee3eafe05b813f41fdc16f5631e98ac475e4812d5fa0fcd02cd19cc22","vout":0,"amount":2299.99999,"coinbase":false},{"txid":"4da22482b7033ee4332182729800874efac65022f358619a5b9f187567660131","vout":618,"amount":366.13983222,"coinbase":false}],"vout":[{"n":0,"addresses":["prl1z5d537z2rg3r4a2p3cn8tt4u243qa7zeugx5ax0ya8rgyq8an3zpsx2dr3l"],"amount":2300},{"n":1,"addresses":["prl1pe3ys7gkqxw7pwjax60qm8umd7ha3cvjdslp8aspnrlt2s52uuvasc6py39"],"amount":366.1398201}]}