{"txid":"2806b87aad85d8480bbf567d139b893ec66b7cffd9b2ec06ee3606954ced62d8","block_height":null,"time":null,"vin":[{"txid":"2806b87aad85d8480bbf567d139b893ec66b7cffd9b2ec06ee3606954ced62d8","vout":1,"amount":2615.53870073,"coinbase":false}],"vout":[{"n":0,"addresses":["prl1pg44csakdx2n3479m2fh6xlfft24cxl30z30jwdp99jgpamtthryqru7zex"],"amount":2483.53868503},{"n":1,"addresses":["prl1zptldu2562jt5tw2kxgs0pfpcydj7n3yrp4pc7qch5een5tlg3lysx8kv65"],"amount":132}]}