{"txid":"43c53c6caf26e512795b6551cc65fe0998f49302a005e1affd39b3c809c26623","block_height":null,"time":null,"vin":[{"txid":"43c53c6caf26e512795b6551cc65fe0998f49302a005e1affd39b3c809c26623","vout":86,"amount":541.39025698,"coinbase":false},{"txid":"de0a44f6fb68c26b4cc1a6ae88fff6e9b17a6e4eec645441b657c80566faa86c","vout":0,"amount":515,"coinbase":false},{"txid":"522dcaa153d5cc5c65522f190e33ed58333f4009291740ff848a7455da555700","vout":0,"amount":55.32526587,"coinbase":false}],"vout":[{"n":0,"addresses":["prl1p9g6xgsr2v5zqmrvsstr3jdpqqkm7h58d2608qcjvfdvqgmcmgpys40cjp3"],"amount":11.71550827},{"n":1,"addresses":["prl1zs766xpsjhpargwky7t6n7jqvhlau97gelfxz3ap0p0xe33asae7sagnh2u"],"amount":1100}]}