{"txid":"f77aadbdc7f0f07a1542fcf1a6f6a3fa80a4e36721289e7ab2510bb4cd114cf9","block_height":null,"time":null,"vin":[{"txid":"f77aadbdc7f0f07a1542fcf1a6f6a3fa80a4e36721289e7ab2510bb4cd114cf9","vout":0,"amount":107.99999,"coinbase":false},{"txid":"d7c9d4edec9ed81d303467b41f92e6781bf743ddf0b272399ee411b0b56daf5e","vout":0,"amount":0.40673344,"coinbase":false}],"vout":[{"n":0,"addresses":["prl1pktt5pxadra5gr4r8rj4aeu5mxx3tju4egse2jtv60csvz3wwuluqh5eh0k"],"amount":0.40671213},{"n":1,"addresses":["prl1zv24fqckald7fzelxtvap24cn0fpl8aegyzdyj8u3usj6eshtxnnszt02uv"],"amount":108}]}