{"txid":"1ea70448d31abf122197ce78b5e2262ce166fdb503780d1a3ecad1e5d5bdb89b","block_height":null,"time":null,"vin":[{"txid":"1ea70448d31abf122197ce78b5e2262ce166fdb503780d1a3ecad1e5d5bdb89b","vout":0,"amount":2130.99999,"coinbase":false}],"vout":[{"n":0,"addresses":["prl1zh3f9wz5leta6708jfpl20ttnvldjet9e9aenahaj5fm8ag9ps8ks49ahf4"],"amount":900},{"n":1,"addresses":["prl1p83mq3u7jeu9nhhzk6s6q9altj250s87us6fegnju72wu7zh2mrrq8hfhsa"],"amount":1230.99998846}]}