{"txid":"fa84885dbc4db94bf018b4321e28a2a46cab547471a438fd1f15f860ac81a1d8","block_height":null,"time":null,"vin":[{"txid":"fa84885dbc4db94bf018b4321e28a2a46cab547471a438fd1f15f860ac81a1d8","vout":0,"amount":400,"coinbase":false},{"txid":"e3761514b67647cce3a170ac6e2c9456e3678d69bae8299af96376cf01192d6c","vout":0,"amount":20,"coinbase":false},{"txid":"0e866a56fa616d7697883877625abbcd81e50903afc0960a154dc59da55b5239","vout":3,"amount":6.05866406,"coinbase":false}],"vout":[{"n":0,"addresses":["prl1zhk6cz0sdakf3wqjugcej8hg05ejv59y6pyn2qq3ulelm2fzqdxdsmc7u67"],"amount":420},{"n":1,"addresses":["prl1pc5v7m7p60444h8gjl69a67q209mx8pyp3z4z9n0wdk44j5dtfx7qm78kpr"],"amount":6.05866136}]}