{"txid":"12eea0dc1158f89367056ec328b00b5fbcc4f8c6d41d0088eea87c3defd66ae8","block_height":null,"time":null,"vin":[{"txid":"12eea0dc1158f89367056ec328b00b5fbcc4f8c6d41d0088eea87c3defd66ae8","vout":958,"amount":196.95993539,"coinbase":false}],"vout":[{"n":0,"addresses":["prl1z40pncqfspee7t6n5qeyst27g6v8jcsxe0mp3m4eamej3s7nmu43s95unyh"],"amount":190},{"n":1,"addresses":["prl1pefy97fscslmg7ls4nnydj4x2qk87e9g20ztf6d9h0sf0s007flhsghwpnu"],"amount":6.95993385}]}