{"txid":"5206387a93bc4274e253748acb54de1492ac1bb9b4bcf7ba1b04c4fa287b3860","block_height":null,"time":null,"vin":[{"txid":"5206387a93bc4274e253748acb54de1492ac1bb9b4bcf7ba1b04c4fa287b3860","vout":41,"amount":87.25104744,"coinbase":false},{"txid":"9643a1270da32454a16d4fad48eee5575605dd697400550f01c63cd274989503","vout":45,"amount":74.03586615,"coinbase":false}],"vout":[{"n":0,"addresses":["prl1zetuutn3fn78e9y5rw3934tmjn43haw7rdr7fgmdmvjangqxxz56qcse42k"],"amount":150},{"n":1,"addresses":["prl1pkrjkw3eg9c5fvrntnyapuplajlerx9apd9kf5wm5uxlnrjm6fctqp8dsx2"],"amount":11.28691147}]}