{"txid":"82f64ae83d8f17c744f01e7d8c9b0dcee236fc373f0bba73a393f042c3f97039","block_height":null,"time":null,"vin":[{"txid":"82f64ae83d8f17c744f01e7d8c9b0dcee236fc373f0bba73a393f042c3f97039","vout":0,"amount":199.99999,"coinbase":false},{"txid":"666ea7f1af1a94d0014b9f58df30755cf6904dbd0975768384dd1de494428c59","vout":0,"amount":9.50180822,"coinbase":false}],"vout":[{"n":0,"addresses":["prl1zugnra4tp5us643gzl7ep3eqevezdcncvgd0cwr6vwaut0lew6qcqug99cy"],"amount":200},{"n":1,"addresses":["prl1pyyh5um0f03087lsavfa68l20u969qlyysgfed2vh8k0xvfmukwlsulvxde"],"amount":9.50177692}]}