{"txid":"f390400fd1b981e269a253b39825aa008c11233a7da71e0e1dc7557186b48655","block_height":null,"time":null,"vin":[{"txid":"f390400fd1b981e269a253b39825aa008c11233a7da71e0e1dc7557186b48655","vout":50,"amount":379.5363233,"coinbase":false}],"vout":[{"n":0,"addresses":["prl1zj4gegmlztyehjltn0tq5n5qhug404hj7ary20txktfa9e805csxs7pqjrw"],"amount":254},{"n":1,"addresses":["prl1py62pdg6eyz8ycluywqknf66j7er2rus63wp4avh8djtumhwtlxwsyye3cy"],"amount":125.53632176}]}