{"txid":"2d4242ab21319dac42b4c08c41da0355170df3a16fe33582965388db243075d2","block_height":null,"time":null,"vin":[{"txid":"2d4242ab21319dac42b4c08c41da0355170df3a16fe33582965388db243075d2","vout":536,"amount":111.08468378,"coinbase":false}],"vout":[{"n":0,"addresses":["prl1zpzush0yg5v2kaalyudgsdqw707wwqyvghnf2ftecxqz05dcplucq8ywecm"],"amount":110},{"n":1,"addresses":["prl1pp9jyp9m28rktnasz93xwnf9xh8c4pkvzc3luaxwjl5qkxf9duvhsg70sr2"],"amount":1.08468224}]}