{"txid":"21f7186a2e07745f613d265eed226de22c78027abcf9500d68e215466b70ee8d","block_height":null,"time":null,"vin":[{"txid":"21f7186a2e07745f613d265eed226de22c78027abcf9500d68e215466b70ee8d","vout":435,"amount":535.72491971,"coinbase":false},{"txid":"ae04e59705b58d860ee91d2e1fcc19fc05acaa7c53deddaffa200a71e61f832c","vout":42,"amount":477.51343187,"coinbase":false}],"vout":[{"n":0,"addresses":["prl1zhs94mqxtctcehppvjkcen5zej9dx2qx0y454az4lewpvhafwzerqp6k7yh"],"amount":1000},{"n":1,"addresses":["prl1pdpeqjx4ytgj53adjj8krd89qqxh9m2mkacs5cqtgz780zuweye9smq53qd"],"amount":13.23834013}]}