{"txid":"46461ed4d3f608b44b0dbe501f1ef83471246c6258a409cf458a6a20801fb43b","block_height":null,"time":null,"vin":[{"txid":"46461ed4d3f608b44b0dbe501f1ef83471246c6258a409cf458a6a20801fb43b","vout":1,"amount":1100,"coinbase":false},{"txid":"bb7e77e912b751afba7ce277d871b8a2819ffbf4a870cff1876a88ce5183fe92","vout":6,"amount":53.8717566,"coinbase":false}],"vout":[{"n":0,"addresses":["prl1pc6jh5vcjg0e05asre793yhn3kajzc5fx6xppmf754yjm720ssd0scgrnnk"],"amount":53.87174516},{"n":1,"addresses":["prl1zgnf4jcqn7qepetn3xt0cjfd8vndzm0cu9e5txjwvm2mejy9k39hsy56ut0"],"amount":1100}]}