{"txid":"77121cb3b61727e6ec3af3f67a7a580a517f7a3c04c82ef6453509d81d2ca435","block_height":null,"time":null,"vin":[{"txid":"77121cb3b61727e6ec3af3f67a7a580a517f7a3c04c82ef6453509d81d2ca435","vout":0,"amount":99.99999,"coinbase":false},{"txid":"3d46ba3a3a9423f376e21056439be37d7750ff89ad2e4758422c2ef0954664f6","vout":1,"amount":7.99998036,"coinbase":false}],"vout":[{"n":0,"addresses":["prl1zqr68d3r5qfzfmxryhgy485kcjjkslfm2q2v5n5fhxsn8rtg0zfrsmn37ky"],"amount":100},{"n":1,"addresses":["prl1p73c4aczn8kuwgk4x9k3kqegs2uzz05m75hc70zwefeftx7hk7pnq2y93ef"],"amount":7.99996824}]}