{"txid":"041bf3ece8fe861f82e107679b5de70a60ac02b8bc4b06fa4e6f400d41e7e56d","block_height":null,"time":null,"vin":[{"txid":"041bf3ece8fe861f82e107679b5de70a60ac02b8bc4b06fa4e6f400d41e7e56d","vout":41,"amount":249.63425084,"coinbase":false},{"txid":"afedb485891841cbad5da0f6deda6333c788e38c1ed0bf35c296b576cdd6ca53","vout":199,"amount":238.18634659,"coinbase":false},{"txid":"1609b94f56b3b737246646c18b1d7d54d214b8bc16f32344d1f068d1e1458055","vout":74,"amount":222.46215149,"coinbase":false}],"vout":[{"n":0,"addresses":["prl1pqgz0j77snyzq4duuaaw3kh9kl8kn5uya3lr69lpc86tml8qv88xqneue3m"],"amount":210.28258638},{"n":1,"addresses":["prl1zaqluyfc384fgd696kknz24w2uuy084r2aqnspeyemyyfum2nufaslc6qtl"],"amount":500}]}