{"txid":"7867fd1d68df635ab77f4cbb02e924efa868983741076db186858068a21ab3cc","block_height":null,"time":null,"vin":[{"txid":"7867fd1d68df635ab77f4cbb02e924efa868983741076db186858068a21ab3cc","vout":1082,"amount":256.97692844,"coinbase":false}],"vout":[{"n":0,"addresses":["prl1zpeagl009auvqd2e06v3jyxhlvr4mfvmapjf8exf2hprunw8dmhuqsvalje"],"amount":256},{"n":1,"addresses":["prl1p6w3hkxcg5wr65u8ecty4va8wgz3qcq7j09fzhwn42ahlr3gjj3fqvgcz5m"],"amount":0.9769269}]}