{"txid":"44d08b429e829e26ab4653bc991dba6e247f88a8ed8e901e00b99903cc0b55e5","block_height":null,"time":null,"vin":[{"txid":"44d08b429e829e26ab4653bc991dba6e247f88a8ed8e901e00b99903cc0b55e5","vout":0,"amount":871.99999,"coinbase":false},{"txid":"3da97ede346bf2349adf6bed11ffe287c7af1f70ef3a98589619d90851de0dea","vout":1,"amount":0.7779346,"coinbase":false}],"vout":[{"n":0,"addresses":["prl1zyyu5ckjwxl7scsdg8jzq5kqspvfx6fs6vjesxxkym6ppz8pfxr4sa82r65"],"amount":872},{"n":1,"addresses":["prl1ph8pm3wq738kt7q3sjusztaml6v8ur444506r44qderqly0whwsmqmxlw2e"],"amount":0.77792248}]}