{"txid":"80b282e9750bc6d0ef554c89f0cceed3bf43bbc63a5fbba8b053ec8cfcdd8cac","block_height":null,"time":null,"vin":[{"txid":"80b282e9750bc6d0ef554c89f0cceed3bf43bbc63a5fbba8b053ec8cfcdd8cac","vout":0,"amount":7609.07,"coinbase":false},{"txid":"d58454b0a14a155d3383403eb6b6c40fd66490c4a63c430e1378dbd88b3f879b","vout":0,"amount":1347.3500381,"coinbase":false},{"txid":"91352fe2d975c3127a54b25cc635ad14c5129600c00ff190224477c6c64987c4","vout":0,"amount":1050,"coinbase":false}],"vout":[{"n":0,"addresses":["prl1zj4eaey99x7tcjplndjhh6autug0zu3dgmn6j6lp3e0vyjrwcnwkqa0rzse"],"amount":10000},{"n":1,"addresses":["prl1pymg0m3sgp9pj0325x592uekzfpyavwxg0prujqn6sfahljyymr6qradxmn"],"amount":6.4200354}]}