{"txid":"4edf237f34d022019823b77d9057cf66bf2f7ebc515176e4af730410645c8936","block_height":null,"time":null,"vin":[{"txid":"4edf237f34d022019823b77d9057cf66bf2f7ebc515176e4af730410645c8936","vout":87,"amount":10191.94658657,"coinbase":false},{"txid":"d0613252d16c633b86e0e22cae7b7b8f646f2701520c2cf66f11b5ffe2eef777","vout":1,"amount":92,"coinbase":false}],"vout":[{"n":0,"addresses":["prl1puqq04r0vvsdj773sl053gggtwt5m3js7cphwxhpef4fqczwtc00qrrkpgw"],"amount":3.94656514},{"n":1,"addresses":["prl1zet5akcn8u43wry3px47d92svcdduvj5m8yezkfmvn2q3pnl75wpqjj4fvs"],"amount":10280}]}