{"txid":"0527546950f412a8e81c6311df2cfd8d68dff4a76eb59c6483e1fccc88c426e9","block_height":null,"time":null,"vin":[{"txid":"0527546950f412a8e81c6311df2cfd8d68dff4a76eb59c6483e1fccc88c426e9","vout":325,"amount":130.64768122,"coinbase":false},{"txid":"43c53c6caf26e512795b6551cc65fe0998f49302a005e1affd39b3c809c26623","vout":59,"amount":89.38970976,"coinbase":false}],"vout":[{"n":0,"addresses":["prl1z579h7knedc578uj3q32rnag7246m0cj3g0yf2k8pvr3dnrsxtq7q6enmcn"],"amount":220},{"n":1,"addresses":["prl1p8c9dnzn5duqxswed0mnxfxm6xj3nxvf6nr0y34gjscgw5te358pqqv6fkw"],"amount":0.03738886}]}