{"txid":"0527546950f412a8e81c6311df2cfd8d68dff4a76eb59c6483e1fccc88c426e9","block_height":null,"time":null,"vin":[{"txid":"0527546950f412a8e81c6311df2cfd8d68dff4a76eb59c6483e1fccc88c426e9","vout":176,"amount":4670.98235859,"coinbase":false},{"txid":"2b3e7e50464f503efd41d8e590996836ad1f777f791795dc736f68eb5a9b2774","vout":1,"amount":0.51031111,"coinbase":false}],"vout":[{"n":0,"addresses":["prl1zfrt3ekruvlqlfzecdxkru2ef6mnxvm23d5etx63gshs6dn4kr79sw2x0aa"],"amount":4671},{"n":1,"addresses":["prl1prlgglhezl4ajhladjuklgtegrjgyhghzwgnxrzesn5d0slupz2qqfmjl56"],"amount":0.49266758}]}