{"txid":"6dabc86d03334716976d8a40c1a051d2faacc9eac7ffbf470a925eb692289eb8","block_height":null,"time":null,"vin":[{"txid":"6dabc86d03334716976d8a40c1a051d2faacc9eac7ffbf470a925eb692289eb8","vout":135,"amount":103.39215709,"coinbase":false},{"txid":"42654af0a66348367f39de5700e1b6c68ab97c2190c165ddffe3f0e311eaf0d2","vout":1,"amount":7.27064445,"coinbase":false},{"txid":"33637f88925e83c700bb30a43bbaef068754652ded470a68ec3b03a6c3d12732","vout":1,"amount":0.47489275,"coinbase":false}],"vout":[{"n":0,"addresses":["prl1zlkx4hwpshp4k9m9dexzalt338zrf2vxamhlpprs4pmzc9uhngscq6pyld7"],"amount":111},{"n":1,"addresses":["prl1pcra3fr7ng9l5eft8ezyq0jdlzs6lzcr94w5psdcczqq4gdcz8cjqxv946s"],"amount":0.13769159}]}