{"txid":"e277612513f76ad8eff0c22f8b2d498ada08c73abb7172da29ac18d78db08d85","block_height":null,"time":null,"vin":[{"txid":"e277612513f76ad8eff0c22f8b2d498ada08c73abb7172da29ac18d78db08d85","vout":1,"amount":28518.81220436,"coinbase":false},{"txid":"e1f22709311bde686629acb79cea8e68d3bdd51eb6f984f442adcd2e1c7bde56","vout":0,"amount":11000,"coinbase":false}],"vout":[{"n":0,"addresses":["prl1zvjutqnqkprqvl5nsqdc9898xl2zfee8uj0554ph8aqd2au3mdfrsjta8gf"],"amount":39500},{"n":1,"addresses":["prl1p0t3d8vv44vqyer2luyj23ma345rv0paave8srx5n8dpl4rtu8ayqpfg9rh"],"amount":18.8121929}]}