{"txid":"78b69d4cc422f18152742174dd7cd5228ff6d7e472eea9ff7d20e14b141f61fa","block_height":null,"time":null,"vin":[{"txid":"78b69d4cc422f18152742174dd7cd5228ff6d7e472eea9ff7d20e14b141f61fa","vout":1,"amount":999.9999744,"coinbase":false}],"vout":[{"n":0,"addresses":["prl1p5tv8963mfru2awtdtln5tdwtrj57xq7mraej56jrj8d0zqzaheds338a3e"],"amount":899.99996609},{"n":1,"addresses":["prl1zluhqa29p33uscksmsfkf0q8zvzkv8ajxjur66t7cf4rd2k0huc0schyrgl"],"amount":100}]}