{"txid":"33cc12f487b77d7a377289a5088e6b27aa635c7506647d7198c186b9c226d860","block_height":null,"time":null,"vin":[{"txid":"33cc12f487b77d7a377289a5088e6b27aa635c7506647d7198c186b9c226d860","vout":527,"amount":551.03097142,"coinbase":false}],"vout":[{"n":0,"addresses":["prl1zcsffc95glflxy0ykfxu252hm93qqejmqu0ey2t05rqx9yf0ydhwqhj639e"],"amount":500},{"n":1,"addresses":["prl1pv3lqwafpf0pekgctjxcg33g49x5zv7ggr0379hkl3tlvhn8h7pvs90sf6q"],"amount":51.03056987}]}