{"txid":"2db2831c9c7a9c858f14850beef27cacf0c6b6563137d4526fec66260bf5539d","block_height":null,"time":null,"vin":[{"txid":"2db2831c9c7a9c858f14850beef27cacf0c6b6563137d4526fec66260bf5539d","vout":0,"amount":806.92711005,"coinbase":false}],"vout":[{"n":0,"addresses":["prl1zgc2zjldzydtrfgshydnffjucgq3ua0r5z5rgtshu50f0dsat7hxqavlqxn"],"amount":806},{"n":1,"addresses":["prl1pkkuc9skkpykehxjmm83m8lkahv8jh33h5yhv50j7tzvjneu3y8ysyg052j"],"amount":0.92695197}]}