{"txid":"b735cb96977f890fd112e8feb408ffed272db133532c33c0620b79c5f7e4730a","block_height":null,"time":null,"vin":[{"txid":"b735cb96977f890fd112e8feb408ffed272db133532c33c0620b79c5f7e4730a","vout":0,"amount":92999.99999167,"coinbase":false},{"txid":"a8ca9c4879644ba6383d7bbaaf7f1e69a758539a17d721100f341f2ceee765c5","vout":1,"amount":0.99948539,"coinbase":false}],"vout":[{"n":0,"addresses":["prl1pj6em9augzcujwf7elx6tdlk49c56hrezwq50tcf4g4ht63a4ewkqv4s8gm"],"amount":0.99946561},{"n":1,"addresses":["prl1zu7tugkrmyktnylzzkhtw64s0w5q2rmlzvl99ejgm6jw2tarwr0aquhrxf0"],"amount":93000}]}