{"txid":"a96706e835376dd980e373eca9e35775716a4c55dd8f2e88ef834586fcfabe88","block_height":null,"time":null,"vin":[{"txid":"a96706e835376dd980e373eca9e35775716a4c55dd8f2e88ef834586fcfabe88","vout":0,"amount":906,"coinbase":false},{"txid":"c096a9a84a9298e67c850ec2b6c39ed94d1db88627441d5377a818bac3993158","vout":1,"amount":33.63295869,"coinbase":false},{"txid":"a96706e835376dd980e373eca9e35775716a4c55dd8f2e88ef834586fcfabe88","vout":1,"amount":0.99999153,"coinbase":false}],"vout":[{"n":0,"addresses":["prl1p75wmydnlx7r5x9jvkp372gz8fte4gu4z5slmnm82595s7wclz84spuk6cf"],"amount":0.63293542},{"n":1,"addresses":["prl1zycysujhr3egm9dw4gr7cyvdp86puegst4jhu57qjqp8u3y639rwsgd583w"],"amount":940}]}