{"txid":"beed538d62cc35c33e2a79e1c19949c5be6e9f6dda78dd6928d8817d09d14d4f","block_height":null,"time":null,"vin":[{"txid":"beed538d62cc35c33e2a79e1c19949c5be6e9f6dda78dd6928d8817d09d14d4f","vout":0,"amount":99.99999,"coinbase":false},{"txid":"15f6f187f3ef20304b421e51a5aed31cf4b7c2030eaf2e82c63db4aadcf4b6b9","vout":0,"amount":39,"coinbase":false}],"vout":[{"n":0,"addresses":["prl1z3jsnhkqdhkfl4yt8a3hl84a5gdaw0z4l6q2qxp4740ly67l3mp8qkha0p4"],"amount":100},{"n":1,"addresses":["prl1p73c4aczn8kuwgk4x9k3kqegs2uzz05m75hc70zwefeftx7hk7pnq2y93ef"],"amount":38.99998788}]}