{"txid":"f37ad3ed8a5f88061cf4ef471bb80135cf7e417e20f6c8ecdbf0f9c87574c99b","block_height":null,"time":null,"vin":[{"txid":"f37ad3ed8a5f88061cf4ef471bb80135cf7e417e20f6c8ecdbf0f9c87574c99b","vout":0,"amount":5000,"coinbase":false},{"txid":"5f4b1489de470c3bc82920503ad6be0b43b981b643eb96bb7f43c1d0f502e293","vout":1,"amount":948.74998018,"coinbase":false}],"vout":[{"n":0,"addresses":["prl1zxyual6wkglkecnsu5gj9da3kecsnqn363zr2h3f5r066cymg6hss9te5sl"],"amount":5000},{"n":1,"addresses":["prl1pj5jw9ay386l29n0jqz7smmuppf77m30uqs5dyea0wmp4492aq5gq6kspps"],"amount":948.74997806}]}