{"txid":"a98b51f8ca68e2cabc77b26845343a19e8eaf9c8a0a059e5c2267109669e64fd","block_height":null,"time":null,"vin":[{"txid":"a98b51f8ca68e2cabc77b26845343a19e8eaf9c8a0a059e5c2267109669e64fd","vout":0,"amount":1499.99999,"coinbase":false}],"vout":[{"n":0,"addresses":["prl1z94k3c7q8n6cehfm7axh4telpzf5dsx4x44kws4zjwhz3zju2g9wq4km39x"],"amount":1000},{"n":1,"addresses":["prl1phhur8qkwflja3729gdln50vdpt2rg3nwzt4xnxesmvh3n049agfq90hp7g"],"amount":499.99998846}]}