{"txid":"0527546950f412a8e81c6311df2cfd8d68dff4a76eb59c6483e1fccc88c426e9","block_height":null,"time":null,"vin":[{"txid":"0527546950f412a8e81c6311df2cfd8d68dff4a76eb59c6483e1fccc88c426e9","vout":332,"amount":226.45828358,"coinbase":false}],"vout":[{"n":0,"addresses":["prl1zsc5yjt2u9p5rffq5mxr50q3q338c0qzdjmuzqh8pt8k9kd5508zs3pnw33"],"amount":200},{"n":1,"addresses":["prl1phjv7zx2fe9dypvl22fwfrt8q868u6njpktm6ndfmzhfcnrhxq96qk9ptnt"],"amount":26.45827522}]}