{"txid":"286f4dbc85fb823344e3c5ca97ae7e7eb0afc8e7ddb4ce1e58a00abd2c76b23f","block_height":null,"time":null,"vin":[{"txid":"286f4dbc85fb823344e3c5ca97ae7e7eb0afc8e7ddb4ce1e58a00abd2c76b23f","vout":305,"amount":194.79865139,"coinbase":false},{"txid":"ca9e985543b467bad90b61ca27bd7d13bb33581b9c2942312df7683916fc1bf5","vout":231,"amount":160.23302886,"coinbase":false}],"vout":[{"n":0,"addresses":["prl1ze3p5vhqn8yuzv9nqya84z45xm8qxdmhqau58emcnw7yrdlvetq2s26lfe2"],"amount":205},{"n":1,"addresses":["prl1ppgjxycrlk6m6wk8lajvjyfw7lkctr6al3y3hzp5rt0cee7548nwshawfaq"],"amount":150.0316687}]}