{"txid":"250dfb5181c1b21e0e88ae006dad828e5b2f43029ee5ae98e7a939bc71caf233","block_height":null,"time":null,"vin":[{"txid":"250dfb5181c1b21e0e88ae006dad828e5b2f43029ee5ae98e7a939bc71caf233","vout":0,"amount":1000,"coinbase":false},{"txid":"d878c6acb7f1cc0535f9d7584c8afdd2b84eb6135e53b80d2a6980a7a79c1556","vout":0,"amount":713.71543173,"coinbase":false}],"vout":[{"n":0,"addresses":["prl1pzc98a4lfn7xcm27xtmw8dvkmqzlw8xysz3w2umlq639gq8xxvnwssd0xjh"],"amount":13.71542029},{"n":1,"addresses":["prl1zayn5les9zxchejfehw29v0sp7qlylp53grxvejfx0hh8dqauke7qafkv9q"],"amount":1700}]}