{"txid":"2fdba2781087b1cddaca6b36da31f33b26c98fa2963f3f1ff3e95f79aa1acc10","block_height":null,"time":null,"vin":[{"txid":"2fdba2781087b1cddaca6b36da31f33b26c98fa2963f3f1ff3e95f79aa1acc10","vout":0,"amount":129.99999,"coinbase":false},{"txid":"439109fa05db2d745998d7fa7459147abfb58994bf4310b55f4bb51dcc090847","vout":1,"amount":2.44700674,"coinbase":false}],"vout":[{"n":0,"addresses":["prl1zya4knktcxtzd6hw88azmazh4ve94lt30c0flelnh2ma4yf0tnruqg3sm80"],"amount":130},{"n":1,"addresses":["prl1pesp80eq72qnj6g4j7qw77jw2mjce9jnel06mcv40t6jqdyk4ymlqpthrx0"],"amount":2.44699462}]}