{"txid":"56670b8eaee053c81e8fd9b07155dd745ced259ff13a270cc0bc076a79e8c81d","block_height":null,"time":null,"vin":[{"txid":"56670b8eaee053c81e8fd9b07155dd745ced259ff13a270cc0bc076a79e8c81d","vout":0,"amount":136.99999,"coinbase":false},{"txid":"94f279958da108a37bf161f7e44380cb9594d91ef75f4d7210424c69d17ddd06","vout":0,"amount":95.13721147,"coinbase":false}],"vout":[{"n":0,"addresses":["prl1pmkdnjvj24pw39jpvlgxtv52jxdrwwsusz7d48w9rlvkhaqu8kcgqan7m2t"],"amount":95.13719002},{"n":1,"addresses":["prl1z8tncg4pd6dtyg7yuruwmh9drayn4ff26lle7wdgh0gmlq80mc45qv75ur6"],"amount":137}]}