{"txid":"43c53c6caf26e512795b6551cc65fe0998f49302a005e1affd39b3c809c26623","block_height":null,"time":null,"vin":[{"txid":"43c53c6caf26e512795b6551cc65fe0998f49302a005e1affd39b3c809c26623","vout":303,"amount":516.10625768,"coinbase":false}],"vout":[{"n":0,"addresses":["prl1zgsw2v9428lns7pnwkfa6pgujj7kwn0gkrmctc5jjsypm9cfehvxq9pgj5c"],"amount":100},{"n":1,"addresses":["prl1ptl7mq05huqxrgtagaepgjgf5kt3jmjw2zqd2wufw0v5xx2hrcqjsshf2ta"],"amount":416.10625614}]}