{"txid":"32e4b0c5e2383782ba7e42835aed10b5ab464609eeda1d2e6f126a99fb02d6f0","block_height":null,"time":null,"vin":[{"txid":"32e4b0c5e2383782ba7e42835aed10b5ab464609eeda1d2e6f126a99fb02d6f0","vout":111,"amount":443.07674917,"coinbase":false},{"txid":"72d47592c0e1f69528e01f63936b8db17448bb9242ae762c401f6ddb15a505e7","vout":483,"amount":406.69990377,"coinbase":false}],"vout":[{"n":0,"addresses":["prl1pj8g4j340ppx6mfhuu387c9nxgfmq9a5e7nrkgfa43q2f6h3ne4tsg35r4x"],"amount":349.77646878},{"n":1,"addresses":["prl1ze8ha0s0remgkkeg6ewvsql4l3ezzxrv5maxtv2fu0kxpnnu2emhqqsnxsf"],"amount":499.99999998}]}