{"txid":"51847bd76181fcc2d6bed0a8510cb8486e1bc5ab0bd0ba1c5438082b465a7e53","block_height":null,"time":null,"vin":[{"txid":"51847bd76181fcc2d6bed0a8510cb8486e1bc5ab0bd0ba1c5438082b465a7e53","vout":0,"amount":100.00126877,"coinbase":false}],"vout":[{"n":0,"addresses":["prl1p3057qu2lk23346knyctuyfgp7y2d0nqrga6jv9le4fvvslzlkgvqkrz47k"],"amount":0.0011354},{"n":1,"addresses":["prl1z4xf2aga28472ml55dfp7247u9x5d0act75nr3m9ljj6sr7ucrtusq2lqjc"],"amount":100}]}