{"txid":"72d47592c0e1f69528e01f63936b8db17448bb9242ae762c401f6ddb15a505e7","block_height":null,"time":null,"vin":[{"txid":"72d47592c0e1f69528e01f63936b8db17448bb9242ae762c401f6ddb15a505e7","vout":80,"amount":99.58276948,"coinbase":false},{"txid":"0159f09700636bd177a20335ca07aeb282d9da69c62d8e46cf4238e9ff72ad5b","vout":1,"amount":74.80514788,"coinbase":false}],"vout":[{"n":0,"addresses":["prl1zj50rh9v0w2k3njmvcesyz28c4lxlp2hr6rpnxvhaj7jca430pfmsyr22uc"],"amount":150},{"n":1,"addresses":["prl1pj33mmfjmtvhl2n5y3g4yedscdal7m3svhv7478j7nd0y8lfncq0q4zgygr"],"amount":24.38791524}]}