{"txid":"0527546950f412a8e81c6311df2cfd8d68dff4a76eb59c6483e1fccc88c426e9","block_height":null,"time":null,"vin":[{"txid":"0527546950f412a8e81c6311df2cfd8d68dff4a76eb59c6483e1fccc88c426e9","vout":478,"amount":1409.88066902,"coinbase":false},{"txid":"3e91c82aa6cee02ecb76660adf43f3f481b8c425e72c0c32d6c198e956463745","vout":1,"amount":0.18985379,"coinbase":false}],"vout":[{"n":0,"addresses":["prl1zmfr449d7aucj95ws8yj5dlt4w5f9zu7aa2g7nj73xk6qhqydl9kq2g0htg"],"amount":1410},{"n":1,"addresses":["prl1p84qhcsgcegpm8qat3h8jsp8q3xv2d5qvax6wuzptts20vz9lp97qzzagyu"],"amount":0.07051131}]}