{"txid":"04dd0f99c931a7e8a79f41e9ab7b5eeb04ead2ff88543e419f7b4bb986c29986","block_height":null,"time":null,"vin":[{"txid":"04dd0f99c931a7e8a79f41e9ab7b5eeb04ead2ff88543e419f7b4bb986c29986","vout":1,"amount":1199.79895,"coinbase":false},{"txid":"16d558136850c9eb1a8bd0960f31eeecb879b6163b1a4d524368d933e9064ddd","vout":1143,"amount":318.99032594,"coinbase":false}],"vout":[{"n":0,"addresses":["prl1zgpe5kzgrxfzwyw8f5d68s60f9ucrxl9u7nj86t0f8f6cq9eggjksw3dlx3"],"amount":1500},{"n":1,"addresses":["prl1pvhq2n4hv3wuqjkgz8ezehphxr3h4rlut0xjcea6wpf6gauvfdg8s6fp7s2"],"amount":18.78927382}]}