{"txid":"38706811c0f0fb66c39d435760bcbc105cf4cbb62e05465aa47e0ca52a958f58","block_height":null,"time":null,"vin":[{"txid":"38706811c0f0fb66c39d435760bcbc105cf4cbb62e05465aa47e0ca52a958f58","vout":0,"amount":2999.99999,"coinbase":false},{"txid":"bbacf5cedaeed88a4b9b525beb78bfbd0aeb9fa1959f9310f738e34694215914","vout":1,"amount":999.99999163,"coinbase":false}],"vout":[{"n":0,"addresses":["prl1znvwsnty24tfct6wsq5mnd9uzqx9lzazp55erg8ngm2438x5ghhrsaknthd"],"amount":3000},{"n":1,"addresses":["prl1p82z04rn83vv2k932j6w9zr668y72yas7y5rx9a88kmxde5ml2ens92h6nc"],"amount":999.99997013}]}