{"txid":"f30b053cdb8ebdba642327c3f2215006dbeb2f8dc0e0385c5def6e914fb8757f","block_height":null,"time":null,"vin":[{"txid":"f30b053cdb8ebdba642327c3f2215006dbeb2f8dc0e0385c5def6e914fb8757f","vout":1,"amount":2349.99999846,"coinbase":false}],"vout":[{"n":0,"addresses":["prl1zmdrfgx0klu3ktq053u6gfps22cx3wvqxl8putw3kqpmz4rar62ts956w0u"],"amount":100},{"n":1,"addresses":["prl1pgz7xkmw396pcnw43ptt4sg35gkv5ax789whywt6ja7mqz494hrmq2q3fk9"],"amount":2249.99999692}]}