{"txid":"7723045e03aa057018f58824ccae73ed81f32ea96313d7247d1491292aa4be6e","block_height":null,"time":null,"vin":[{"txid":"7723045e03aa057018f58824ccae73ed81f32ea96313d7247d1491292aa4be6e","vout":0,"amount":1042.77845754,"coinbase":false}],"vout":[{"n":0,"addresses":["prl1p65uq5y2pvyqcc0pd0gmpzau3v2gsc8dpt82vvrzt5vzqkan5az8s43hknn"],"amount":42.77830254},{"n":1,"addresses":["prl1zg4u5u52q5g3ks73cje4mtquysaey6k86sn0yax2h6fe32rrlmeeqg9fu64"],"amount":1000}]}