{"txid":"f8f1f1499d3827ac9c3a1fb334de0ccad43e7b5f4fc398d9bc004b48ebcacf6c","block_height":null,"time":null,"vin":[{"txid":"f8f1f1499d3827ac9c3a1fb334de0ccad43e7b5f4fc398d9bc004b48ebcacf6c","vout":0,"amount":1237.87,"coinbase":false},{"txid":"7765ad4d122bc85cddc708a9d2073174bab9e092400fd8b556c10a9575b060f9","vout":0,"amount":54.56,"coinbase":false},{"txid":"8b10dd53e64fa6b3075539b83dcf9419287ee2763fb2864bbb0c42eaf04e036e","vout":1,"amount":6.4200354,"coinbase":false}],"vout":[{"n":0,"addresses":["prl1zh5kwhfnykx8r395tn4cn53eclujz046gzlkyjfeu5032kx8y226qrhvtvs"],"amount":1298},{"n":1,"addresses":["prl1pymg0m3sgp9pj0325x592uekzfpyavwxg0prujqn6sfahljyymr6qradxmn"],"amount":0.8500327}]}