{"txid":"e29d2cd04658bb06aa86f45951201c109effcdecc330d4e3fa91400df85e2354","block_height":null,"time":null,"vin":[{"txid":"e29d2cd04658bb06aa86f45951201c109effcdecc330d4e3fa91400df85e2354","vout":0,"amount":2410.4162898,"coinbase":false}],"vout":[{"n":0,"addresses":["prl1zlq6p8t5cxldjacr8a87h3dx7ydfnej0vd2sker3nhj7u7ly9yn0qugpt9e"],"amount":2400},{"n":1,"addresses":["prl1p0r8wp55aktf50s4hw2a2gftkn75lvpm34sfqj6vetkf0mava2w9smnkk5j"],"amount":10.41628826}]}