{"txid":"d1f9a22d2e2d2bc44347298edc783aaa770d630d9de36ec169b3ba6a27265b57","block_height":null,"time":null,"vin":[{"txid":"d1f9a22d2e2d2bc44347298edc783aaa770d630d9de36ec169b3ba6a27265b57","vout":0,"amount":99.99999,"coinbase":false},{"txid":"aee563414dbc977e4e1e78915a9bb1bc0444779226126a00745c0263dcdfd3e5","vout":0,"amount":9,"coinbase":false},{"txid":"caed978c3b34cc03284f6945815a139e681db5127814812d7f6a708616dadcce","vout":1,"amount":2.99125338,"coinbase":false}],"vout":[{"n":0,"addresses":["prl1zuy5gjwz08gva5yadel99krm5u7sh95javxq2av78yvghlrrm0zqsp4qyd6"],"amount":111},{"n":1,"addresses":["prl1pmqmyzczgaqp6lggf3z528gcf8urhslhrakkzhg54676uxj87csqsqgdlk3"],"amount":0.99121589}]}