{"txid":"f3bc95bfd4c964e71f23013aeb6967309b958471ece105e7321aeaf22e91ff5a","block_height":null,"time":null,"vin":[{"txid":"f3bc95bfd4c964e71f23013aeb6967309b958471ece105e7321aeaf22e91ff5a","vout":0,"amount":434.673871,"coinbase":false},{"txid":"3716c702e5dba75ccc2322e94e29842a787dae4634015d5020f8999d63d685dc","vout":1,"amount":9.99,"coinbase":false}],"vout":[{"n":0,"addresses":["prl1z70q39s7eawj6xcvpmfm7khsrj7w640wa7wzerkcv7w5ymhafme4qyt46ms"],"amount":440},{"n":1,"addresses":["prl1p4mtme2k4adwukydujayce5wxjnps0p8g0ey5xawk8gcusdhdmw8qqwn546"],"amount":4.66386888}]}