{"txid":"4b35be3b739d1b59c046ef6a8364ccea30a2422f20fc8e91ddf57651b7136619","block_height":null,"time":null,"vin":[{"txid":"4b35be3b739d1b59c046ef6a8364ccea30a2422f20fc8e91ddf57651b7136619","vout":0,"amount":419.99999,"coinbase":false},{"txid":"09bad7e896754d44b3da27da879855253f6be2a88fa0135914e272cbce79acc2","vout":0,"amount":7.56371114,"coinbase":false}],"vout":[{"n":0,"addresses":["prl1zs9v0cgw09tze2srdfkq6v73qfp08527vtpvfmmr37ggesmzjkvaqqpp2fr"],"amount":420},{"n":1,"addresses":["prl1pw2d30slrgfcy4vrlpcnt4l0422eu9r8rfxn8slepnc6wfsk4t4qsqgg6fr"],"amount":7.56358089}]}