{"txid":"eb1123790430ed21132d37bbd6a5231f45b36e69faf48e6f44b6be9974e43d60","block_height":null,"time":null,"vin":[{"txid":"eb1123790430ed21132d37bbd6a5231f45b36e69faf48e6f44b6be9974e43d60","vout":0,"amount":3999.99999,"coinbase":false}],"vout":[{"n":0,"addresses":["prl1z0kj3qfxuc7y59ru4nwqd5mu3uc062wwxcluk4gkxa09qqjgman2sj8nd8e"],"amount":2000},{"n":1,"addresses":["prl1pdf8l9ery0957wnwhkd0efw0pvunyjcmcu5zswjkawp3xs7dsceuqm7dpk9"],"amount":1999.99998846}]}