{"txid":"283bd9c3668ed2ba0eb9d953540c20f7cda0a955e2813b95a284325b351a5aa7","block_height":null,"time":null,"vin":[{"txid":"283bd9c3668ed2ba0eb9d953540c20f7cda0a955e2813b95a284325b351a5aa7","vout":0,"amount":588.99677999,"coinbase":false}],"vout":[{"n":0,"addresses":["prl1pnphffgtqv9y4utt996l9hmmzk50cjt6hgrdn2d4t4740sc98c7uqw4n34y"],"amount":88.99676449},{"n":1,"addresses":["prl1zmd4ex7rakqawq5t4qxd8yye7trf5l0vu3vxasht4902relvaangq2q8sx4"],"amount":500}]}