{"txid":"5206387a93bc4274e253748acb54de1492ac1bb9b4bcf7ba1b04c4fa287b3860","block_height":null,"time":null,"vin":[{"txid":"5206387a93bc4274e253748acb54de1492ac1bb9b4bcf7ba1b04c4fa287b3860","vout":155,"amount":68.84990923,"coinbase":false},{"txid":"9643a1270da32454a16d4fad48eee5575605dd697400550f01c63cd274989503","vout":15,"amount":45.54190535,"coinbase":false},{"txid":"9d93f4dac82627fb1969e3b082f93ee0df9ee65ff4eac3abba57073501e5bb2d","vout":71,"amount":29.18286426,"coinbase":false}],"vout":[{"n":0,"addresses":["prl1z23kp3w0gra87whh6pa0grw98te7srsqq2g7urlkue0py8rs6fykq5qq3r4"],"amount":143},{"n":1,"addresses":["prl1p97cn4crl2msegnkfnalllq93enzz7c7lrc0fc2gp7pel8dslc6wq264erw"],"amount":0.57467614}]}