{"txid":"74c622ec80c6931b50738865b6a230295bb57338401cb51f068cb7b446650b34","block_height":null,"time":null,"vin":[{"txid":"74c622ec80c6931b50738865b6a230295bb57338401cb51f068cb7b446650b34","vout":0,"amount":200.17054459,"coinbase":false}],"vout":[{"n":0,"addresses":["prl1z285saklnqp9cxx5utk4cku6ag85vvg0rtqwj20hmn72el0qhahrsgcpw8d"],"amount":200},{"n":1,"addresses":["prl1pafasr3qd5xjqvmda8ds4m7de3phgz7veyaphfpsq5hc4rtkwhk2qxa34ky"],"amount":0.17054305}]}