{"txid":"e8907649b65b27e74d9c4f367aa45df9fbc23a531ca90a5316a294a71b481ab0","block_height":null,"time":null,"vin":[{"txid":"e8907649b65b27e74d9c4f367aa45df9fbc23a531ca90a5316a294a71b481ab0","vout":0,"amount":0.70223953,"coinbase":false},{"txid":"0159f09700636bd177a20335ca07aeb282d9da69c62d8e46cf4238e9ff72ad5b","vout":0,"amount":21.7,"coinbase":false},{"txid":"d1321634f24ab09c55dc749f08e85a142f8098a364b243e5e83f9b4e6cc15ad6","vout":285,"amount":1661.13140603,"coinbase":false}],"vout":[{"n":0,"addresses":["prl1p8v73jxag7wu6kprg6dkcvcchqxfst2g9yggkr3mf7jcptnjncaxqu2s344"],"amount":0.53264556},{"n":1,"addresses":["prl1zgf8dfhtw4mmpdlpawwlxzwcgrjwv2p54z4auju0eckd3wvk924jqxfqkmx"],"amount":1683}]}