{"txid":"b6558995a09341610f5eb966c8da21b0020e4334622dc253230719ae6bf36b97","block_height":null,"time":null,"vin":[{"txid":"b6558995a09341610f5eb966c8da21b0020e4334622dc253230719ae6bf36b97","vout":0,"amount":811.986191,"coinbase":false}],"vout":[{"n":0,"addresses":["prl1z84gmau3laplsrxrajjuan7a3glt8nfj9wdtupxsnhx4f7lrclwvsdfgl0n"],"amount":449},{"n":1,"addresses":["prl1puna9a3e854p30s8hcxk4u2sm754xj2x3yx5vpe4exq49d2vk72sq9fkmnc"],"amount":362.98618946}]}