{"txid":"094ef68540bde0b3f7840281ef09868395005a7e93dc14baf6d090ed47ab6346","block_height":null,"time":null,"vin":[{"txid":"094ef68540bde0b3f7840281ef09868395005a7e93dc14baf6d090ed47ab6346","vout":0,"amount":999.99999,"coinbase":false},{"txid":"0d92ea768a9676d1f9e5887f6aab7519d160fc68e1054397698301ec330c16ba","vout":1,"amount":720.4087672,"coinbase":false}],"vout":[{"n":0,"addresses":["prl1z7h0av40f79md56nc3mm8ngxf8dlfmxgz2zk9ylueyyxkkcphh4dq92d65t"],"amount":1300},{"n":1,"addresses":["prl1pydjrlgf4ampxsqgrmtr4w7ndwxat9uh5fmv8dqx9ywsumamx3m5qu5adz6"],"amount":420.40874575}]}