{"txid":"7857b73643e0cd96ceecd9f2d9008a34cdefcb96b35a57861322d211244f633c","block_height":null,"time":null,"vin":[{"txid":"7857b73643e0cd96ceecd9f2d9008a34cdefcb96b35a57861322d211244f633c","vout":1421,"amount":151.14246655,"coinbase":false}],"vout":[{"n":0,"addresses":["prl1ppe2km3jf754tdeu9u8d7fhh3c5lxhhc8lylqgjme656qt6uwlu8sh0azmd"],"amount":1.14246343},{"n":1,"addresses":["prl1znqvta97ccwydhsrx0dnamzst6gnvwz0zzulpm8rtk4rmlqpts52s7n5y90"],"amount":150}]}