{"txid":"21130d1670f182efdb7a1e47a71184e84bf06d7ee6e5ce8f2380271904e30015","block_height":null,"time":null,"vin":[{"txid":"21130d1670f182efdb7a1e47a71184e84bf06d7ee6e5ce8f2380271904e30015","vout":1,"amount":129.27641949,"coinbase":false},{"txid":"e79c37402f3b69d8652e732d41b064272368bc2c39422249ecd0b6bd100d923d","vout":1,"amount":83.47887228,"coinbase":false}],"vout":[{"n":0,"addresses":["prl1zpgk74pq3vm6etta3wmj8dlp0ypa458g9mfe2dyf5k0snz9kns2tsymnvz8"],"amount":170},{"n":1,"addresses":["prl1pxkwkk4lzgk4qa4v2fjuy0ux2cwsg303sr4h4awx2lk6s99zm2aws7vy9eq"],"amount":42.75506445}]}