{"txid":"54ea140eae99b803b68d6ff895b3ff1217f01fa752c4881ed85281b66509d867","block_height":null,"time":null,"vin":[{"txid":"54ea140eae99b803b68d6ff895b3ff1217f01fa752c4881ed85281b66509d867","vout":0,"amount":2758.77658803,"coinbase":false},{"txid":"582dd0071f2ca8501861acdfb55662c6b963d6ac95f209f51c52b42548e97580","vout":0,"amount":2758.7138548,"coinbase":false},{"txid":"b5cc33ff022098fe50a5ecdb2a1cffb38316083d046790398130e4bcc3f6ee79","vout":0,"amount":5.88397185,"coinbase":false}],"vout":[{"n":0,"addresses":["prl1zmwyyavlusryplx846xldz848n9gsgx2nutk6kvnds0qylr6ej73qdnrkqu"],"amount":5520},{"n":1,"addresses":["prl1px4rvzh05gtm7dvvjw2q6kk8ptgpu6c82u09tztjl7j96yqjgx2zspffcus"],"amount":3.37439593}]}