{"txid":"21f7186a2e07745f613d265eed226de22c78027abcf9500d68e215466b70ee8d","block_height":null,"time":null,"vin":[{"txid":"21f7186a2e07745f613d265eed226de22c78027abcf9500d68e215466b70ee8d","vout":376,"amount":825.52054963,"coinbase":false},{"txid":"fd7bfe6cc66fb0e669cb090010a739eedefda0fd5312c94d6075fd0e08c5f44c","vout":0,"amount":183.40946882,"coinbase":false}],"vout":[{"n":0,"addresses":["prl1pa6xcdqqx92g6ektfuzh9l4eelhh9ys34dafdtlers7uxftxukrkq77dfhd"],"amount":8.93000704},{"n":1,"addresses":["prl1zhxvjzdcphva3au7n5pmr04smy2qc7nawlwyzrkxf3nnp7ljld60qvhs2kf"],"amount":1000}]}