{"txid":"19993a716fbc91ff5a28c7706665a3aee61d8246cde21c09765c7234d15ee796","block_height":null,"time":null,"vin":[{"txid":"19993a716fbc91ff5a28c7706665a3aee61d8246cde21c09765c7234d15ee796","vout":0,"amount":218.3189593,"coinbase":false}],"vout":[{"n":0,"addresses":["prl1pmk0rxga84e80myuj7ddr98unvk8l29l5wfcgjj55e2hshya5wensqau0xy"],"amount":0.31874906},{"n":1,"addresses":["prl1zza2puq38n9w4uxpvenn8wk8hta75h4sefwuv2ehuwr2j984ltpqsrg2arq"],"amount":218}]}