{"txid":"649664df34ce184d501624cfe3a0f59b23189b67f8505bbb02b8b90dde711227","block_height":null,"time":null,"vin":[{"txid":"649664df34ce184d501624cfe3a0f59b23189b67f8505bbb02b8b90dde711227","vout":248,"amount":1095.18979232,"coinbase":false},{"txid":"43c53c6caf26e512795b6551cc65fe0998f49302a005e1affd39b3c809c26623","vout":463,"amount":1072.76082193,"coinbase":false},{"txid":"21f7186a2e07745f613d265eed226de22c78027abcf9500d68e215466b70ee8d","vout":99,"amount":527.30461502,"coinbase":false}],"vout":[{"n":0,"addresses":["prl1zhn3rk6s2ac88zu00p0fh8s093k488d2cywj9rdkhhrx2ep89t3hq40j972"],"amount":2600},{"n":1,"addresses":["prl1pmuusfu7f9x4a3r8g5euzp0ag4mf2tmcy4a7etpv6x4fj6vem6xps7rvd7m"],"amount":95.25521478}]}