{"txid":"2c9c5bba9b20b285f82b335fc36bfe4225474183eee401fc6fa207f2d5f245c2","block_height":null,"time":null,"vin":[{"txid":"2c9c5bba9b20b285f82b335fc36bfe4225474183eee401fc6fa207f2d5f245c2","vout":0,"amount":29998.99,"coinbase":false},{"txid":"2d0d8eb03863fbd3de9a4f676df4dd7c535ee599c924883abaf2680dc7d023ec","vout":0,"amount":22406.2486127,"coinbase":false}],"vout":[{"n":0,"addresses":["prl1zfur246urpexa7aph76unffnmetq5t3pdq33au07gzu6hlz06ntxqfspkkg"],"amount":49800},{"n":1,"addresses":["prl1p72ux52ej2z3rq0ktxkezn9kzlj8ynnl7kvl8v92hsx9f4tgm65qseawlm7"],"amount":2605.23861058}]}