{"txid":"5dd5ffe0618bc925fcad4619db93361699b0450593471a79927ef26a4e854ac9","block_height":null,"time":null,"vin":[{"txid":"5dd5ffe0618bc925fcad4619db93361699b0450593471a79927ef26a4e854ac9","vout":23,"amount":180.92622987,"coinbase":false}],"vout":[{"n":0,"addresses":["prl1zt5t234vccc9s5au769nyahfl3wwuu9st79yxf05ma8fvxyev0gls773rxj"],"amount":100},{"n":1,"addresses":["prl1p7cawrvh9xk3gmr7v39s8xu0p8s7tpqy475egadvmefa87defyrpq4yzpfx"],"amount":80.92622833}]}