{"txid":"9cc91fcf106c5595b1d586e3861930058c9bca8613bdbd6d86939b28252f6dec","block_height":null,"time":null,"vin":[{"txid":"9cc91fcf106c5595b1d586e3861930058c9bca8613bdbd6d86939b28252f6dec","vout":1289,"amount":264.79646314,"coinbase":false},{"txid":"089d000cc15c462191a499ab8eee5054992831ea73c1b67fb5f1332143e4cc3b","vout":355,"amount":29.55948252,"coinbase":false},{"txid":"93cf287ddacb2d8b08a20dfc1c9cbe9ecb06893f66c58ac482dd67bcbbd9696f","vout":486,"amount":18.10772024,"coinbase":false}],"vout":[{"n":0,"addresses":["prl1zdfx0pz2v47xug0ru3s0jjkw7hnp5hye6w9dd9z66rashgcw3eqds7y73dt"],"amount":310},{"n":1,"addresses":["prl1pksm3cgkh73xwlaetv3g2xp6hwsf6sen49ygs5yxfu0hsnsl487qsgzaklv"],"amount":2.46352143}]}