{"txid":"d4582e82e2fc69831e90283893517706a69280ce545baa42797d183992fd5c04","block_height":null,"time":null,"vin":[{"txid":"d4582e82e2fc69831e90283893517706a69280ce545baa42797d183992fd5c04","vout":1,"amount":760.89152983,"coinbase":false},{"txid":"21f7186a2e07745f613d265eed226de22c78027abcf9500d68e215466b70ee8d","vout":90,"amount":107.61494727,"coinbase":false}],"vout":[{"n":0,"addresses":["prl1zjman2apyr9rg02ehpa8qgddtvnd8nwdfen49m68rfp2xxkj0hrwq83js77"],"amount":860},{"n":1,"addresses":["prl1px7kjjj5yfhmxsm7dm6r530xac5snw5ztj733rywq2l2s8wklx9nq5chryk"],"amount":8.50647498}]}