{"txid":"f9a91587d04eff482c5a7218953fa956864260d40ebe20620127ec049eca6fe2","block_height":null,"time":null,"vin":[{"txid":"f9a91587d04eff482c5a7218953fa956864260d40ebe20620127ec049eca6fe2","vout":165,"amount":516.32021455,"coinbase":false},{"txid":"99c5118303e5964ba37d905e2a55007a1d4f935d9b20bf813e21124c681c1e54","vout":183,"amount":231.00646634,"coinbase":false},{"txid":"5c425e09bc78b424dda0a799e13e38abb58e644aa60b74230bda6b46bcac05ff","vout":805,"amount":191.02372968,"coinbase":false}],"vout":[{"n":0,"addresses":["prl1zd49eefh9f8mn9rm8stry750fgp5ye4z3550zd8qjj5z4dxwt7evqvcl9gf"],"amount":900},{"n":1,"addresses":["prl1p9kgw3e6gmgzcnsekfg22keu6hmv8vwwncnuq7lrh8l8w99t6exrsz6yadn"],"amount":38.35040787}]}