{"txid":"1610bb3ec418bec0ce1d63d920bb513bfe8a413944df8dd3c6b15eb559827fc2","block_height":null,"time":null,"vin":[{"txid":"1610bb3ec418bec0ce1d63d920bb513bfe8a413944df8dd3c6b15eb559827fc2","vout":0,"amount":4999.99999,"coinbase":false}],"vout":[{"n":0,"addresses":["prl1zlegq6vxeutf7m0nff9pq06nd0vld3mmgffpjed0uk0vwt7ev2jmsyv9hrk"],"amount":100},{"n":1,"addresses":["prl1p3lthrt3n7yrrh7qdttq68aq5q76qn0alnmftqqw3hvxh450atm2q3w0pa6"],"amount":4899.99998846}]}