{"txid":"7867fd1d68df635ab77f4cbb02e924efa868983741076db186858068a21ab3cc","block_height":null,"time":null,"vin":[{"txid":"7867fd1d68df635ab77f4cbb02e924efa868983741076db186858068a21ab3cc","vout":1089,"amount":254.87679233,"coinbase":false}],"vout":[{"n":0,"addresses":["prl1z89kcl76nfvwqgug3gaptrvxva0ja0m76hjy5cy88wqvkx89rmawqvgv4qg"],"amount":254},{"n":1,"addresses":["prl1pucxd6lvsfawhxxgehpknxf65992uam3w2fxf5szk22anjlfjukws4xa2er"],"amount":0.87679079}]}