{"txid":"d0533e159b8935ebec206ab22493fbcfdb1fe38edbd27dccd01f2a059f2b75a8","block_height":null,"time":null,"vin":[{"txid":"d0533e159b8935ebec206ab22493fbcfdb1fe38edbd27dccd01f2a059f2b75a8","vout":1,"amount":2288.99684199,"coinbase":false}],"vout":[{"n":0,"addresses":["prl1z5g7qndu8a3g58dmazgqktdplez6gcm4a5y645ygxuulmlmch30jsc02804"],"amount":200},{"n":1,"addresses":["prl1p7ef48w4d66memn4d0ygt370wt28rl6tlcvdmpfhf23efnpmsf2uqthz9vw"],"amount":2088.99682649}]}