{"txid":"ae04e59705b58d860ee91d2e1fcc19fc05acaa7c53deddaffa200a71e61f832c","block_height":null,"time":null,"vin":[{"txid":"ae04e59705b58d860ee91d2e1fcc19fc05acaa7c53deddaffa200a71e61f832c","vout":100,"amount":2752.87414763,"coinbase":false}],"vout":[{"n":0,"addresses":["prl1z00nlgdx3gc7twac9jxfk26snrr92xe2aahjvjzdj7pdl9hrecdkqnu55fa"],"amount":1000},{"n":1,"addresses":["prl1prlgglhezl4ajhladjuklgtegrjgyhghzwgnxrzesn5d0slupz2qqfmjl56"],"amount":1752.87414609}]}