{"txid":"72d47592c0e1f69528e01f63936b8db17448bb9242ae762c401f6ddb15a505e7","block_height":null,"time":null,"vin":[{"txid":"72d47592c0e1f69528e01f63936b8db17448bb9242ae762c401f6ddb15a505e7","vout":685,"amount":1345.29411688,"coinbase":false},{"txid":"d1321634f24ab09c55dc749f08e85a142f8098a364b243e5e83f9b4e6cc15ad6","vout":612,"amount":826.35122045,"coinbase":false}],"vout":[{"n":0,"addresses":["prl1zlpwk2nkeh3s5pvjdtesymz7tqxte3gl7e62apzeuz8mcve7ah6eqcteykk"],"amount":2000},{"n":1,"addresses":["prl1p7dah0wn9uwnx4ususf3fch3w28d2k58pe29su0h2cup4gv4zqk8s4g865m"],"amount":171.64533521}]}