{"txid":"8e87999a6a89f26595ffef478fdf07d49300ee4c3d5c7aff38b8a833eb162926","block_height":null,"time":null,"vin":[{"txid":"8e87999a6a89f26595ffef478fdf07d49300ee4c3d5c7aff38b8a833eb162926","vout":1,"amount":98,"coinbase":false},{"txid":"4fb93d682dc19ed9b9d788f78a4ee46bd32bbc51232cbc7e945cb60119d522ed","vout":1,"amount":1.99999846,"coinbase":false},{"txid":"32d23da204f45bbd0ee8318a04aa7e4fa5a69a0f94b382b039242f968b1dc6cc","vout":1,"amount":0.95085439,"coinbase":false}],"vout":[{"n":0,"addresses":["prl1zu9qyxeuk4m59zwsnjc8pvjlynhuzuw0s305xnmluundc50rnskrsgvsygq"],"amount":100},{"n":1,"addresses":["prl1pq97mgvn7gxgn5gxtuwancd5x00z6mqzp0q56x7d9uz32qvw4sn3qxk5r72"],"amount":0.95085015}]}