{"txid":"ee506c169c6da23b7bcef1800ea6ee515e70795b754f7036b1205a087bdfa6ee","block_height":null,"time":null,"vin":[{"txid":"ee506c169c6da23b7bcef1800ea6ee515e70795b754f7036b1205a087bdfa6ee","vout":0,"amount":99.99999,"coinbase":false},{"txid":"c6657857f331fd2af9cbc61db5b07a423f8e447f6df2b3ddf16eb110108e1830","vout":1,"amount":5.90529262,"coinbase":false}],"vout":[{"n":0,"addresses":["prl1pu95xt3nuj6yrp86l2eetjjjx3fuqpqykllxwm8upcjt7eamfxm5q3j9ahe"],"amount":5.90516966},{"n":1,"addresses":["prl1zcd69837n36fegzcxarkjsd5j8380vwlukz7l08grzk25rnuum5cq66jusp"],"amount":100}]}