{"txid":"369248b3b795c3a58c391494a01aab22263ad0777159366d5b7c47b9a864db65","block_height":null,"time":null,"vin":[{"txid":"369248b3b795c3a58c391494a01aab22263ad0777159366d5b7c47b9a864db65","vout":1,"amount":21191.9999923,"coinbase":false}],"vout":[{"n":0,"addresses":["prl1zrve728pxzlmpz0d4jrdz5t05uw47lklwqyw8er8dt9yhh9hv64cspqeneu"],"amount":10000},{"n":1,"addresses":["prl1p47rm07xafyztc7dz0pcs0pur3psdfqgfsawrpk646d4gasy0w2mst6rxak"],"amount":11191.99999076}]}