{"txid":"4d807bca352809b04b44a1e37d7fee47b488982532a023b1c2bd445ccef1ec61","block_height":null,"time":null,"vin":[{"txid":"4d807bca352809b04b44a1e37d7fee47b488982532a023b1c2bd445ccef1ec61","vout":1,"amount":56877.7799745,"coinbase":false}],"vout":[{"n":0,"addresses":["prl1zgcv5g258ya5kpu7jhspzxtlsz05kspkdaylujgygpgnd9st3lcxs3k4muu"],"amount":1374},{"n":1,"addresses":["prl1p7jwpq7q67qxcwlaklj0uc5q4r8z85pysm9mutxu5js3z92mhyuusjy5m0g"],"amount":55503.779959}]}