{"txid":"dda7e25752a512cb808f03a535958caa9a7cf5618702811b4f3ec005263aae8f","block_height":null,"time":null,"vin":[{"txid":"dda7e25752a512cb808f03a535958caa9a7cf5618702811b4f3ec005263aae8f","vout":0,"amount":8025.99999,"coinbase":false}],"vout":[{"n":0,"addresses":["prl1pwhkgnp75hvhkjcw5c8egu7lrurv5fyn8t9gweyqfgxh0npf4rzcsnap4mz"],"amount":5.99998845},{"n":1,"addresses":["prl1zmp4qtzz38ydf0gey8rje9uezglyc90hdktltqq8ckymtn9yny75sza2l66"],"amount":8020}]}