{"txid":"33cc12f487b77d7a377289a5088e6b27aa635c7506647d7198c186b9c226d860","block_height":null,"time":null,"vin":[{"txid":"33cc12f487b77d7a377289a5088e6b27aa635c7506647d7198c186b9c226d860","vout":511,"amount":306.537641,"coinbase":false},{"txid":"32e4b0c5e2383782ba7e42835aed10b5ab464609eeda1d2e6f126a99fb02d6f0","vout":385,"amount":229.6931864,"coinbase":false},{"txid":"72d47592c0e1f69528e01f63936b8db17448bb9242ae762c401f6ddb15a505e7","vout":256,"amount":211.43523294,"coinbase":false}],"vout":[{"n":0,"addresses":["prl1pz75ldkvnlcwsgr0ujvcq36w4ppdns4qyxlml83578kk2wvchr5aqtls4cp"],"amount":147.66536086},{"n":1,"addresses":["prl1zeng9tndsndg3ha4kn9g6fuvaa8ruqqr2wgxeqmezf4n3kfnd75usk663km"],"amount":600}]}