{"txid":"1ab15014818372b51149b78352bc370e56ffec4816de0d5184012e310a9f45ea","block_height":null,"time":null,"vin":[{"txid":"1ab15014818372b51149b78352bc370e56ffec4816de0d5184012e310a9f45ea","vout":1,"amount":237.74231838,"coinbase":false}],"vout":[{"n":0,"addresses":["prl1ptm0jurpqqkuprpel878t0rd0ws2jqpwx9jerh57qn7vr8zxg5c8scwp77l"],"amount":137.74191683},{"n":1,"addresses":["prl1z487frdnv4amsquf3j0v6ea3zf9fu94rd38jewmnypr756j55qf2qp4uxek"],"amount":100}]}