{"txid":"f8ba5e9a984be42f29bf3ca683fc0587fe91e11977d02b16aec4fda89b3f8f04","block_height":null,"time":null,"vin":[{"txid":"f8ba5e9a984be42f29bf3ca683fc0587fe91e11977d02b16aec4fda89b3f8f04","vout":0,"amount":450,"coinbase":false},{"txid":"1d4ee1456a01bea8556ea396898c28bf541eef87206699c1efc670fc33a14407","vout":1,"amount":0.00494242,"coinbase":false}],"vout":[{"n":0,"addresses":["prl1zw7jw3n4z29cy238p07m65wxdedq5kzlg9d8s95kq3xluy3p330qs7pxkgw"],"amount":450},{"n":1,"addresses":["prl1pgg4zud640qzws936nu32rq2hz08cyarea6jtanksktzfay80zzps9tu9x5"],"amount":0.0049403}]}