{"txid":"a1b0ec1bc302bb8030b706b3ce5582110e4c6bd42b3b6c492e162692eca50425","block_height":null,"time":null,"vin":[{"txid":"a1b0ec1bc302bb8030b706b3ce5582110e4c6bd42b3b6c492e162692eca50425","vout":0,"amount":3011.99999889,"coinbase":false}],"vout":[{"n":0,"addresses":["prl1z0uemhq50l5jxgqufks3yhe8h3vvy862x3n78xm7x7yecskfjcq4s3vk9ma"],"amount":1500},{"n":1,"addresses":["prl1pssevuxrt4xg6mqhemymwdrasdmzxd9su74wv0lr5jqt3zycpk9fq2ghh7a"],"amount":1511.99999735}]}