{"txid":"40d7a7cc16745cf6b2b11dece10eddd3f711a32d267de89c36700602ca16c7f0","block_height":null,"time":null,"vin":[{"txid":"40d7a7cc16745cf6b2b11dece10eddd3f711a32d267de89c36700602ca16c7f0","vout":1,"amount":1129.53986821,"coinbase":false}],"vout":[{"n":0,"addresses":["prl1zjn96lufh8yegrrx5x7qa5svxsjnnvulgpp49knerw4rwru26j5nsvkp0st"],"amount":1.80413},{"n":1,"addresses":["prl1pza4xkj2r85hkpwwak8l05v84q3mrqnmldquu30yhhl04tptqt58szjdsx6"],"amount":1127.73573667}]}