{"txid":"19f12de21fa713eef52b901ee63bc9a5af0b4c2ea0fcec78dcffe2ca779fde29","block_height":null,"time":null,"vin":[{"txid":"19f12de21fa713eef52b901ee63bc9a5af0b4c2ea0fcec78dcffe2ca779fde29","vout":1,"amount":13899.99999692,"coinbase":false}],"vout":[{"n":0,"addresses":["prl1z4jcylf0ny5sxjh57kjg30w5nlc90g03lhjmzpht8ur80pv0sgzcqg0j434"],"amount":10000},{"n":1,"addresses":["prl1p3uruyrnyvx9psygx8nhgkaqc2y5wwxwewhp8dqrthld4pdlrr6jsxjw0ur"],"amount":3899.99999537}]}