{"txid":"286f4dbc85fb823344e3c5ca97ae7e7eb0afc8e7ddb4ce1e58a00abd2c76b23f","block_height":null,"time":null,"vin":[{"txid":"286f4dbc85fb823344e3c5ca97ae7e7eb0afc8e7ddb4ce1e58a00abd2c76b23f","vout":102,"amount":1406.36735941,"coinbase":false},{"txid":"62edb50c249aaa0574db6fa91c3b7483ef88ac1b6e40e913c7ab3f1d094749c3","vout":1,"amount":0.47508283,"coinbase":false},{"txid":"3d17677fd00e91bd9e58854b6fe8631e0d886358b5da04694c254d3836f577d8","vout":1,"amount":0.19706104,"coinbase":false}],"vout":[{"n":0,"addresses":["prl1zc7g63t84jdza3km06xqv7hdckmjztk7kduvvr42fjqejn0m5wpesl4gj40"],"amount":1407},{"n":1,"addresses":["prl1p7dah0wn9uwnx4ususf3fch3w28d2k58pe29su0h2cup4gv4zqk8s4g865m"],"amount":0.03950058}]}