{"txid":"286f4dbc85fb823344e3c5ca97ae7e7eb0afc8e7ddb4ce1e58a00abd2c76b23f","block_height":null,"time":null,"vin":[{"txid":"286f4dbc85fb823344e3c5ca97ae7e7eb0afc8e7ddb4ce1e58a00abd2c76b23f","vout":386,"amount":3159.84169607,"coinbase":false},{"txid":"d31783a37c9feb89b7ee19746e0b44ea3b4587cdc52f3081179f2e72287edf23","vout":0,"amount":170.52,"coinbase":false}],"vout":[{"n":0,"addresses":["prl1p8v73jxag7wu6kprg6dkcvcchqxfst2g9yggkr3mf7jcptnjncaxqu2s344"],"amount":0.36069607},{"n":1,"addresses":["prl1zujj7y57wz4eu29edvnu2z4jdg4glfzxp36wgwca6wwyxsx9mpc5sjusayt"],"amount":3330}]}