{"txid":"e920ab7f25c614faddb9f155b164c47e9f9c87ce0250df6da050f419b9e18c93","block_height":null,"time":null,"vin":[{"txid":"e920ab7f25c614faddb9f155b164c47e9f9c87ce0250df6da050f419b9e18c93","vout":0,"amount":208.50530868,"coinbase":false}],"vout":[{"n":0,"addresses":["prl1z6xf596vhe60extm7p6fs5q4zry4d3qlapqywxz4cqksmn3v9g3xqjccam5"],"amount":200},{"n":1,"addresses":["prl1pf5kyf5tyh0ursfa52pw4r3ua0qmd556duauvanmeukccuqalm4rqk0ntw9"],"amount":8.50530027}]}