{"txid":"dd9540836d7e340d69cc21d438d7db3cfc6a91227c2516e017f05b45db74df51","block_height":null,"time":null,"vin":[{"txid":"dd9540836d7e340d69cc21d438d7db3cfc6a91227c2516e017f05b45db74df51","vout":258,"amount":115.07827689,"coinbase":false}],"vout":[{"n":0,"addresses":["prl1zn9q2jsxd926yuwevpk9s5hrpwg5jvrdn4akjzqct4njgn5vsafpqx2xfqg"],"amount":115},{"n":1,"addresses":["prl1plutvq8ndrjzd9h545mmxfch974k7flj59k09kfz4lm0ngx6t50rsmhdt0n"],"amount":0.07827535}]}