{"txid":"f0d939678b85df83de027bf618a918657208bb58022893b266830961e197af73","block_height":null,"time":null,"vin":[{"txid":"f0d939678b85df83de027bf618a918657208bb58022893b266830961e197af73","vout":1,"amount":1109.90600517,"coinbase":false}],"vout":[{"n":0,"addresses":["prl1zldhc85zrhvu7tgrsah87y2h86dm47exdvz98rjg08rzl730mz8esj8u3ax"],"amount":0.136134},{"n":1,"addresses":["prl1pza4xkj2r85hkpwwak8l05v84q3mrqnmldquu30yhhl04tptqt58szjdsx6"],"amount":1109.76986963}]}