{"txid":"5c72ede0593b65ea72057d834d1452db0bf8cca23e2cfc3e0ff750a9896aadcb","block_height":null,"time":null,"vin":[{"txid":"5c72ede0593b65ea72057d834d1452db0bf8cca23e2cfc3e0ff750a9896aadcb","vout":0,"amount":99.99999,"coinbase":false},{"txid":"28c7d6c9e06677e0fba132901d4291f9a594707bff2e3d7606e82fac71b328fe","vout":1,"amount":13.75763744,"coinbase":false}],"vout":[{"n":0,"addresses":["prl1pnq8gs5gczvy4w2pm4jhksqldwspumhengpvh8k5jwrh7gkspyr7ste7a8m"],"amount":13.75741444},{"n":1,"addresses":["prl1zyamamyufaw9vq784v4f3r7pq0j3q5dmfp5a2f0xs9s7fs708uzsq2w0ta9"],"amount":100}]}