{"txid":"3be23a79dbf78f88677af115ee4283bf1a2d02876e40d48e1325055d0cba6a8e","block_height":null,"time":null,"vin":[{"txid":"3be23a79dbf78f88677af115ee4283bf1a2d02876e40d48e1325055d0cba6a8e","vout":1,"amount":5003.5234023,"coinbase":false}],"vout":[{"n":0,"addresses":["prl1zghqne7580fq5qlhznpgtg0x2xy3ssqsj0cp48u6m0wszs8uz92asrave9d"],"amount":5000},{"n":1,"addresses":["prl1p3lthrt3n7yrrh7qdttq68aq5q76qn0alnmftqqw3hvxh450atm2q3w0pa6"],"amount":3.52340076}]}