{"txid":"f11acc52eaf9a974b6235eba358d23f4fea510d194f946bf91d9dc4463218537","block_height":null,"time":null,"vin":[{"txid":"f11acc52eaf9a974b6235eba358d23f4fea510d194f946bf91d9dc4463218537","vout":1,"amount":4752.99999846,"coinbase":false},{"txid":"bca84ee1172b0e0f642a1de45fdbceb6dab166f022637246871d0d48cc892a57","vout":0,"amount":240.1,"coinbase":false},{"txid":"d52bb3e610d00074ff0e148143aa8959bec6a4774ee5597687577be70ae05585","vout":0,"amount":231.28,"coinbase":false}],"vout":[{"n":0,"addresses":["prl1zfn44hy4yyq5aul8s0lpc8pftvt6sfymhc8k9jm8le0hgpclveztqncr000"],"amount":5220},{"n":1,"addresses":["prl1ppffggsmfqsmr3mm95ypmxxx3axjfpz4pt0wqwlpum0a5jdqfqu3qh2ddex"],"amount":4.37999576}]}