{"txid":"57ad7588ba2b4a826b393d4af5bd09ea91011cf09513e3e3924d87c4ee655563","block_height":null,"time":null,"vin":[{"txid":"57ad7588ba2b4a826b393d4af5bd09ea91011cf09513e3e3924d87c4ee655563","vout":349,"amount":221.88933861,"coinbase":false},{"txid":"0527546950f412a8e81c6311df2cfd8d68dff4a76eb59c6483e1fccc88c426e9","vout":365,"amount":145.9545519,"coinbase":false},{"txid":"609d03ca189d355a0de56ecb922c8b89308e29ca04908b585049e01dfc05744a","vout":300,"amount":132.86617533,"coinbase":false}],"vout":[{"n":0,"addresses":["prl1zclx2pfj3tuvv8t44aq4x2fpexjshxp5vxf8y0s2f9mlscy8hndyq605kgf"],"amount":500},{"n":1,"addresses":["prl1p4r3pc9jrvcemh0wk6nal6kkegh6dcy6ks2jhk2mn4cyznelr33xqc3apm9"],"amount":0.71005085}]}