{"txid":"717adf65843a20ff42856499f3ec88ce0551530d0b0133e372a2c2c86c39ae64","block_height":null,"time":null,"vin":[{"txid":"717adf65843a20ff42856499f3ec88ce0551530d0b0133e372a2c2c86c39ae64","vout":1,"amount":238.99959845,"coinbase":false},{"txid":"0b1d5aac4fd4f5988df6d372c75e1eca873bf6b97e9bf7b4ae0b4c29cc8f91fa","vout":600,"amount":56.70382094,"coinbase":false}],"vout":[{"n":0,"addresses":["prl1pcm3rs036qhllyazjq7cnmte33f48ja7fqy2pt72n75m0z4tjvwcs4zcuge"],"amount":45.70286758},{"n":1,"addresses":["prl1zsyxkwuvrnrfcksu843dlk4s6encrq3twueunv0khw9sr92f6t8ts68aevj"],"amount":250}]}