{"txid":"508f0100a0a203efa609b8b3a12c7560f6a30c9bb59109dc7923c9d19db2677f","block_height":null,"time":null,"vin":[{"txid":"508f0100a0a203efa609b8b3a12c7560f6a30c9bb59109dc7923c9d19db2677f","vout":0,"amount":99.99999,"coinbase":false},{"txid":"57ad7588ba2b4a826b393d4af5bd09ea91011cf09513e3e3924d87c4ee655563","vout":345,"amount":73.46238511,"coinbase":false},{"txid":"bf275c3272bee63882a1c316791b57896bacf0c7d844b869257f807fccc92254","vout":0,"amount":26.93504785,"coinbase":false}],"vout":[{"n":0,"addresses":["prl1z0dem6z5y9tudd5c5zq2nvjwed4cj35sqfhzjn34eu7x6zwvauz3qw6e4vz"],"amount":200},{"n":1,"addresses":["prl1p6t76f0mcl4n6qn9m9n6j888x7hxlgu7tzfafpame3xd667kq3dfq6qaxv9"],"amount":0.39740831}]}