{"txid":"8125e05ca297dd86824afc06459c0e586120503778f0356d5d22dc6d88abb37b","block_height":null,"time":null,"vin":[{"txid":"8125e05ca297dd86824afc06459c0e586120503778f0356d5d22dc6d88abb37b","vout":0,"amount":999.99999,"coinbase":false},{"txid":"510cc004476d5d315ca35e7759c9176bae1efc0d72bbc9a6d59f0ebd7d0cfb43","vout":0,"amount":999.99999,"coinbase":false}],"vout":[{"n":0,"addresses":["prl1zqea0jenhpwe6atznhk9ejfa4wvpj53qaphauuvczkhkeas5dxp2szqxtdv"],"amount":1000},{"n":1,"addresses":["prl1p209gdfdx4vl4y229jsqgx7rrncxpjpt2dgczqm7s8etpy0v60adqq05623"],"amount":999.99997788}]}