{"txid":"1e001847405ee0e1dbb18316d040abad99137ec7d8a1633950e41e9c85f1553a","block_height":null,"time":null,"vin":[{"txid":"1e001847405ee0e1dbb18316d040abad99137ec7d8a1633950e41e9c85f1553a","vout":0,"amount":125,"coinbase":false},{"txid":"3e59a6637ae44a7eeb115a10eece59bf5a9eb833bf35a4ce4962f60c94c4e048","vout":1,"amount":2.6835554,"coinbase":false}],"vout":[{"n":0,"addresses":["prl1zek49xmle34p0ssxzgtrx4h73smg3wts0av5u6txjlgzskc54cgyqty0nfx"],"amount":125},{"n":1,"addresses":["prl1p7u92th0axw9cu8jv8ep40p2zt78up065678rtmrn6qeldhvawsmqmzvdvn"],"amount":2.68355328}]}