{"txid":"0974eb90ee35c26f766271c463991992dd52acb872da56b0b02f832e019dfe01","block_height":null,"time":null,"vin":[{"txid":"0974eb90ee35c26f766271c463991992dd52acb872da56b0b02f832e019dfe01","vout":0,"amount":872.99999,"coinbase":false}],"vout":[{"n":0,"addresses":["prl1zzvs2kh0wu2wdpt4kalkv9xv3sygezc9vrkplfjy29453xwe9gjmq2hxs6l"],"amount":872},{"n":1,"addresses":["prl1pexjkfu7am9xmche5matk75r6v284je3qqklmlqyhuvlk9rdv90ysmuk4ga"],"amount":0.99998159}]}