{"txid":"649664df34ce184d501624cfe3a0f59b23189b67f8505bbb02b8b90dde711227","block_height":null,"time":null,"vin":[{"txid":"649664df34ce184d501624cfe3a0f59b23189b67f8505bbb02b8b90dde711227","vout":173,"amount":91.07322204,"coinbase":false},{"txid":"21f7186a2e07745f613d265eed226de22c78027abcf9500d68e215466b70ee8d","vout":464,"amount":43.18175561,"coinbase":false}],"vout":[{"n":0,"addresses":["prl1zcwlxwlp7z44npjtmc6slhce74denf8g7t3xza52gged263uxyeyqsd9jav"],"amount":134},{"n":1,"addresses":["prl1p8c9dnzn5duqxswed0mnxfxm6xj3nxvf6nr0y34gjscgw5te358pqqv6fkw"],"amount":0.25497553}]}