{"txid":"649664df34ce184d501624cfe3a0f59b23189b67f8505bbb02b8b90dde711227","block_height":null,"time":null,"vin":[{"txid":"649664df34ce184d501624cfe3a0f59b23189b67f8505bbb02b8b90dde711227","vout":50,"amount":142.1147387,"coinbase":false},{"txid":"43c53c6caf26e512795b6551cc65fe0998f49302a005e1affd39b3c809c26623","vout":232,"amount":137.88697277,"coinbase":false}],"vout":[{"n":0,"addresses":["prl1pzdtgtlp6dj99xjcsvx20jky3pnckuwlya2ss5fgrdj5djp5l0trs6meqna"],"amount":0.00170934},{"n":1,"addresses":["prl1zjz7znjc5a6276e5v4zdpej8ct93kajk26c42fhman5vn0z4ntjpq60yep2"],"amount":280}]}