{"txid":"7a2813980a9dd3ca306a1140c7eb4ad6a44a7b043466d732a5506629972b79f6","block_height":null,"time":null,"vin":[{"txid":"7a2813980a9dd3ca306a1140c7eb4ad6a44a7b043466d732a5506629972b79f6","vout":0,"amount":2000,"coinbase":false},{"txid":"b3b788889ef3a622584f6a4633caa9c764022c1580f38706037403cf55129134","vout":1,"amount":630.99999846,"coinbase":false}],"vout":[{"n":0,"addresses":["prl1za8uwmultrr0x53ztqshrgpx2hq2f5054pvqge5urm7079awwsw7sm7ju7p"],"amount":2000},{"n":1,"addresses":["prl1phhur8qkwflja3729gdln50vdpt2rg3nwzt4xnxesmvh3n049agfq90hp7g"],"amount":630.99999634}]}