{"txid":"0da933b6a7bfda739a90b756673b12d2332958ac7a799b0f2af0a4f863fe0306","block_height":null,"time":null,"vin":[{"txid":"0da933b6a7bfda739a90b756673b12d2332958ac7a799b0f2af0a4f863fe0306","vout":0,"amount":999.99999,"coinbase":false},{"txid":"d21b57f7dccbf3f6595aa22f91779454c288199b0dbae331c2ccbd69bda4c0cf","vout":0,"amount":18.82499116,"coinbase":false}],"vout":[{"n":0,"addresses":["prl1pgr3yg838rdvlq7spxut3gv0mhwqlfkuucemgv8eyedp8slywp6lq0pzp87"],"amount":18.82485242},{"n":1,"addresses":["prl1z8xcyzkvt22cvkzx46zw5aps30wamr482506hgfsmj3yfgjl5rwysfykvqp"],"amount":1000}]}