{"txid":"6b754f154bacb51341685d670b1757d524e48d29da81398def510129a38238be","block_height":null,"time":null,"vin":[{"txid":"6b754f154bacb51341685d670b1757d524e48d29da81398def510129a38238be","vout":0,"amount":207,"coinbase":false},{"txid":"457554945ef0b15e30fec149624eb24a8d402e9bc8fb96a47008f2d27eee361d","vout":743,"amount":134.88180755,"coinbase":false},{"txid":"d1799874af6fa93ffbddcb016cd552946a97e91f798a85c3e7821235e20de54f","vout":1,"amount":0.12707267,"coinbase":false}],"vout":[{"n":0,"addresses":["prl1zkqaq7vp4rvqlj8w8vdu4sqswm8l2q4ch5gjqvnxrjrpse8rwxy0qpg69qg"],"amount":342},{"n":1,"addresses":["prl1pqge66ze06t7d8ze40zmpu59eev4hmnuw3empel2vnjfuf8xk0k2qd0twwr"],"amount":0.00887752}]}