{"txid":"daeaacfcb2403ab7298c251ce21fc0bb5bea318dd1476d07ed4d1439c2b2cc6a","block_height":null,"time":null,"vin":[{"txid":"daeaacfcb2403ab7298c251ce21fc0bb5bea318dd1476d07ed4d1439c2b2cc6a","vout":1,"amount":160.12765432,"coinbase":false},{"txid":"92aa5c2407bc48113e8a0de446eaba261496445aa0d6efc7631dcaba8c2a495a","vout":1,"amount":139.85,"coinbase":false},{"txid":"060174022b245cbcfd13ed8edfb171146c2f50a42486176cd1341683061b3c4e","vout":1,"amount":0.34767404,"coinbase":false}],"vout":[{"n":0,"addresses":["prl1zdmkm7xnye6ndgc5xwded5ujje875w5qewumdaaf64jsemn4gryesf2xufg"],"amount":300},{"n":1,"addresses":["prl1peeq0s7zufusjn3mutcpw9lct5vwpncavqg0khy98tc2jq3qm52hslvhmyr"],"amount":0.32532566}]}