{"txid":"72acd915054f2f2fb73efadcad440d873d5636aa0501316d84dc3200f7e4a02b","block_height":null,"time":null,"vin":[{"txid":"72acd915054f2f2fb73efadcad440d873d5636aa0501316d84dc3200f7e4a02b","vout":1,"amount":3365.23435241,"coinbase":false}],"vout":[{"n":0,"addresses":["prl1za8yrcqftjjanjmwep2cafnzenslj5hatfh3nxwt6dnx0s9heg37sxykpvd"],"amount":1000},{"n":1,"addresses":["prl1pfzn2dsrzyvr34ue4xfu9pj0nz5zg82raw383shtqwgyczc4jpags7ep8at"],"amount":2365.23435087}]}