{"txid":"1069bc0885102a48f74d24fbd8521f9f304b24fd928725be53d33f07ee0482fa","block_height":null,"time":null,"vin":[{"txid":"1069bc0885102a48f74d24fbd8521f9f304b24fd928725be53d33f07ee0482fa","vout":1,"amount":472.56899758,"coinbase":false},{"txid":"3c910a79e2bd3ec3daf465455f726720829d6b32e54d9028298f15d473ea9fb5","vout":151,"amount":361.21691534,"coinbase":false}],"vout":[{"n":0,"addresses":["prl1zfy5jrsputgkp6gp362gkszu7pzl29rkccxp8zl8zc4086e3ahzmqp365jp"],"amount":833},{"n":1,"addresses":["prl1pfrp7qs9qcvcqj0hgz5y4fp9lpm8lcpqx53pkjpd56kc4rmussd5s470zu2"],"amount":0.7859108}]}