{"txid":"3c910a79e2bd3ec3daf465455f726720829d6b32e54d9028298f15d473ea9fb5","block_height":null,"time":null,"vin":[{"txid":"3c910a79e2bd3ec3daf465455f726720829d6b32e54d9028298f15d473ea9fb5","vout":645,"amount":128.24427276,"coinbase":false},{"txid":"a7666431bb8628263407f9d12890ba6fbf0a2a9a9edc00d232e9873d75df3b77","vout":491,"amount":72.59581793,"coinbase":false}],"vout":[{"n":0,"addresses":["prl1z4q7w5wmzex0mtdtfgmkfr9usyxc37zr4k520tzklsxzcultn3p4s5lrgqp"],"amount":200},{"n":1,"addresses":["prl1pj3we2za3kndqn9l0pgk8xjh3z69zarne208znl5rtkcykh2cp3aqvm745p"],"amount":0.84008857}]}