{"txid":"3503c41b27461786d08a1e11a7dca1bf67b6087da49d20b91f2cedd74ad4d068","block_height":null,"time":null,"vin":[{"txid":"3503c41b27461786d08a1e11a7dca1bf67b6087da49d20b91f2cedd74ad4d068","vout":0,"amount":4957,"coinbase":false},{"txid":"c4c5a5f9388525554f00343d717f8cbb6c7424396d5e380ce978f599a2a8733f","vout":0,"amount":200,"coinbase":false},{"txid":"4783a68297bf4878f20fd07ddee95f258caeb7c5c958307ac93cff362c618782","vout":10,"amount":82.79221255,"coinbase":false}],"vout":[{"n":0,"addresses":["prl1zkynt6cc8kpev69jweck3q82j43qrd3u3c6l4wevcn6ft3mq5jsaq5v6wgd"],"amount":5200},{"n":1,"addresses":["prl1pzuqhzk3pzjulkucg0d8dhzp85m5y59cacpr5ghm7k50vxz4hgktse8m0t7"],"amount":39.792198}]}