{"txid":"d51ee034df4b7f8bf194e4d8b6fbb776f37bbb7dc29e65767d9a9ad328d915fd","block_height":null,"time":null,"vin":[{"txid":"d51ee034df4b7f8bf194e4d8b6fbb776f37bbb7dc29e65767d9a9ad328d915fd","vout":0,"amount":409.99999,"coinbase":false},{"txid":"e58d7100b896880dc8c4d144f6acc88c8b14883c9801e4b22da9478c4c709185","vout":1,"amount":4.08612403,"coinbase":false}],"vout":[{"n":0,"addresses":["prl1z44tl89376yt9epusl377ttjkhq66t2etnhvr6cr9f8m9cs9sdxrqc6u3rd"],"amount":410},{"n":1,"addresses":["prl1pxgxfykzfdz50af3vtcd7s46xf87k0kyf57v7hasg6z66g0cm7nxsh67sfl"],"amount":4.08611191}]}