{"txid":"21f7186a2e07745f613d265eed226de22c78027abcf9500d68e215466b70ee8d","block_height":null,"time":null,"vin":[{"txid":"21f7186a2e07745f613d265eed226de22c78027abcf9500d68e215466b70ee8d","vout":473,"amount":492.53438882,"coinbase":false}],"vout":[{"n":0,"addresses":["prl1p7j2d0nhjsqzng9fy7x5aejxqn3fq3a7a9ae6uzazu9f29nwp8uksxwhr2a"],"amount":84.33438051},{"n":1,"addresses":["prl1zfmq3pjczq8zz20qxyrj0lsm2ac6rq9u2ye44fuy5wm2heew3h8eq2are2q"],"amount":408.2}]}