{"txid":"0b650513051adb154417dbdf47a53e06871b7fc4a51ce90f052f977ae2bba654","block_height":null,"time":null,"vin":[{"txid":"0b650513051adb154417dbdf47a53e06871b7fc4a51ce90f052f977ae2bba654","vout":1,"amount":42499.99999846,"coinbase":false}],"vout":[{"n":0,"addresses":["prl1z7mywrjkza3t8cft205zprh0f8e5zg2905c52wyll30ry2vjs6p5qg65tkp"],"amount":4000},{"n":1,"addresses":["prl1p94mante8tgtvajgghxh93l0z0vykzz7xfly6zdfpd9lsarm3dlystq3ar4"],"amount":38499.99999692}]}