{"txid":"738b6b079a2bceb7e7e6aa9f112bebef32020c1a43fabc31c3d8e12ecfdc3525","block_height":null,"time":null,"vin":[{"txid":"738b6b079a2bceb7e7e6aa9f112bebef32020c1a43fabc31c3d8e12ecfdc3525","vout":0,"amount":434.99996671,"coinbase":false}],"vout":[{"n":0,"addresses":["prl1z649286q0x99zq2wcuxtp7vkh2lwv8c54c3xya02tus3znztue0dqy86t0q"],"amount":100},{"n":1,"addresses":["prl1p6fq22lwhez0uncvlkc28wwmm3pa2tv32h045dq96gduk2qegcgxstcewhl"],"amount":334.99995851}]}