{"txid":"286f4dbc85fb823344e3c5ca97ae7e7eb0afc8e7ddb4ce1e58a00abd2c76b23f","block_height":null,"time":null,"vin":[{"txid":"286f4dbc85fb823344e3c5ca97ae7e7eb0afc8e7ddb4ce1e58a00abd2c76b23f","vout":184,"amount":232.13721981,"coinbase":false}],"vout":[{"n":0,"addresses":["prl1p5clf5utk6r5wh6kkvu497lf0tdcsfd4whllrzeqtuqu2g3978yzqgd6vhp"],"amount":95.13721147},{"n":1,"addresses":["prl1zmfuqyyza0ux6hca0xp28gmppuxejrcjtyvzxprvx35eu5z4udfrsp80fmf"],"amount":137}]}