{"txid":"b06c513edbe8553ae2e395676c395d473e1cfd1f191a4280c28f3644f8572dfe","block_height":null,"time":null,"vin":[{"txid":"b06c513edbe8553ae2e395676c395d473e1cfd1f191a4280c28f3644f8572dfe","vout":1,"amount":2738.67569733,"coinbase":false}],"vout":[{"n":0,"addresses":["prl1pdn2ra7mspg8yq7dp654lcunmcv7spfwqekrlkds5rt4n2ffkz4fsfp29sc"],"amount":38.67568888},{"n":1,"addresses":["prl1zalztjnjkfy0pf50hvwf93qk3f80dg5zsj0mf6x56qle7z82jy5gs3qtwmy"],"amount":2700}]}