{"txid":"67f842c4c409d7479dcceaed273f86ff32e0583b2e6908cd99cf9a20d96500ef","block_height":null,"time":null,"vin":[{"txid":"67f842c4c409d7479dcceaed273f86ff32e0583b2e6908cd99cf9a20d96500ef","vout":0,"amount":999.99999,"coinbase":false}],"vout":[{"n":0,"addresses":["prl1z8thts7nxkx95mg9wxf7lx0fckd0rluqt5wyyltjg2wj0h6ppe04ssnu9wr"],"amount":216},{"n":1,"addresses":["prl1phtelnzd37d7ac8errht86c3jaw8pmdvrkj8yp6lpp38aureyw3uqveudvy"],"amount":783.99998846}]}