{"txid":"f706e3afd5192d2690d54927f68c9aef661fe9d68a3a7345e2f4b86905ab88da","block_height":null,"time":null,"vin":[{"txid":"f706e3afd5192d2690d54927f68c9aef661fe9d68a3a7345e2f4b86905ab88da","vout":649,"amount":141.47197968,"coinbase":false}],"vout":[{"n":0,"addresses":["prl1z2p02wwj976teln3nlkn9q8m3hhzef3y884a380xdc4k4hm3w6nwqzehg5l"],"amount":100},{"n":1,"addresses":["prl1pj33mmfjmtvhl2n5y3g4yedscdal7m3svhv7478j7nd0y8lfncq0q4zgygr"],"amount":41.47197814}]}