{"txid":"2a367cce81275ae7611fc58765a8f801364faf7d2a477644f4a1d7818c13c7f5","block_height":null,"time":null,"vin":[{"txid":"2a367cce81275ae7611fc58765a8f801364faf7d2a477644f4a1d7818c13c7f5","vout":1,"amount":0.35999692,"coinbase":false}],"vout":[{"n":0,"addresses":["prl1znac6dfk5etpqftwj0482ayuk4ukynxn9rplkvs3amxnamkzpv5nsa24raj"],"amount":0.17},{"n":1,"addresses":["prl1ptcg9cunp7tss0wpkzazq9cgezn4ctm0jw83kwcfnhafy7h84hn7s6k2jt4"],"amount":0.18999538}]}