{"txid":"c01616fb26919a1afd656e84e94a2e64c14395c09c8ee7b9037ab0ea2390f20e","block_height":null,"time":null,"vin":[{"txid":"c01616fb26919a1afd656e84e94a2e64c14395c09c8ee7b9037ab0ea2390f20e","vout":675,"amount":119.3831195,"coinbase":false}],"vout":[{"n":0,"addresses":["prl1zmm4uarkhjefrxqyzr8pd8jft58heh9rs6meur3l27j7rgq7rs6ysjkgnxw"],"amount":1.1},{"n":1,"addresses":["prl1pkj3z0p76pnrn4xzltdmgy4ylw2uy7gux5v3wjg4m70sss78yhxwsl4rf9e"],"amount":118.28311796}]}