{"txid":"0d65fe5af737c7904b9a44411acfa29ba0deecaa0c19aaf70edacbd2e9db4b93","block_height":null,"time":null,"vin":[{"txid":"0d65fe5af737c7904b9a44411acfa29ba0deecaa0c19aaf70edacbd2e9db4b93","vout":0,"amount":99.99999,"coinbase":false},{"txid":"740d2a99b98aa8293d45fda85ce8561b6e36a923827368a3be44c975f9f5a124","vout":0,"amount":99.99999,"coinbase":false}],"vout":[{"n":0,"addresses":["prl1zqfhh5c6yz4mhzlr92x7q62dqsgracsm5rl6axa5sc79wpu6pczls22ynlx"],"amount":100},{"n":1,"addresses":["prl1pzl0435lt6lzy74ycxksfu9f5823fugtw8fhhycgm6wlng7a5cgqqrsatcg"],"amount":99.99997788}]}