{"txid":"8e4183681d6d738ad5401b1fb476fad8cedccb6d912192e1481ca755bcf127cc","block_height":null,"time":null,"vin":[{"txid":"8e4183681d6d738ad5401b1fb476fad8cedccb6d912192e1481ca755bcf127cc","vout":1,"amount":9899.99999846,"coinbase":false}],"vout":[{"n":0,"addresses":["prl1zgqaudvdlsrdrhnp2yq42tu3z7taqgvrhqpcye7k2hskdffngvjhqglph45"],"amount":100},{"n":1,"addresses":["prl1p209gdfdx4vl4y229jsqgx7rrncxpjpt2dgczqm7s8etpy0v60adqq05623"],"amount":9799.99999692}]}