{"txid":"8b0a0023080d2e8d6c1339fbf89aa27376121917dfff2113e8928a6efde6f8e1","block_height":null,"time":null,"vin":[{"txid":"8b0a0023080d2e8d6c1339fbf89aa27376121917dfff2113e8928a6efde6f8e1","vout":0,"amount":399.99999,"coinbase":false},{"txid":"0cb5cf24fc35e6d004300d7dfceb52c1ccfdbdea90d6b4521b2a7e4a9db92033","vout":5,"amount":34.70097834,"coinbase":false}],"vout":[{"n":0,"addresses":["prl1pqu6xxvtc66hu6lacwtfkxy0svsml4dlzealeahywt0wyd2ws9wcqa286yp"],"amount":34.70094691},{"n":1,"addresses":["prl1zxmw9u7mmjvu5wh2egdm5vpaaw06ya64dvyx6e4c2amw4p5y9puls7waqh5"],"amount":400}]}