{"txid":"1c21dec7d654dea748182b3dcb16bda1a9ccb2a8405119672e98f33b3894ce11","block_height":null,"time":null,"vin":[{"txid":"1c21dec7d654dea748182b3dcb16bda1a9ccb2a8405119672e98f33b3894ce11","vout":0,"amount":1019.99999,"coinbase":false}],"vout":[{"n":0,"addresses":["prl1z5mvuxu3ntffu23eklfx0ma6phd67evu408sh026jj2kah072mycqx6yc6y"],"amount":1000},{"n":1,"addresses":["prl1pf4eqkvd3kep0zudlaq7unyghl3ysc8mtsr7lhgjrp6fwyezapmrqpvx00s"],"amount":19.99998846}]}