{"txid":"cd83a7f4e90979d70f4d5d0872addc38de578e758b17cd8d127546a00ad24585","block_height":null,"time":null,"vin":[{"txid":"cd83a7f4e90979d70f4d5d0872addc38de578e758b17cd8d127546a00ad24585","vout":0,"amount":27731.99157391,"coinbase":false}],"vout":[{"n":0,"addresses":["prl1prlhtgfterukx0ccr5ycqz8stfhf0zq96shrk7veyampkg99hj4jqukuex0"],"amount":1.99155841},{"n":1,"addresses":["prl1zhca27gjsw7vwy47d0hk3xkn075w24t8vgdt4f38uacfatttfmfaq9myeed"],"amount":27730}]}