{"txid":"da958b7f1bd9df3d8c4a06d01fef2e75f270d77f89ed32ff38a93d7b13c24cb6","block_height":null,"time":null,"vin":[{"txid":"da958b7f1bd9df3d8c4a06d01fef2e75f270d77f89ed32ff38a93d7b13c24cb6","vout":0,"amount":1072.82764317,"coinbase":false},{"txid":"794a86bb6a4a982bfe9c247e1a466cf357c39cc3227868843baab8f772fdf850","vout":0,"amount":307.45358011,"coinbase":false}],"vout":[{"n":0,"addresses":["prl1pnurrqwdj7cgddnaf86ajnsxuehvg4ttsj2ur38q4fssn0qhvv9tseagkd7"],"amount":30.28066948},{"n":1,"addresses":["prl1zrhzhd0zca6224sy930va2zy8d8zzzm6zz4syvyfqvfekwlqmfe3qq2ktlp"],"amount":1350}]}