{"txid":"2bb9fe2d845a73830f1b4f9bab4ece7a97b9125b3c43e86bee76f0ff56e39eb3","block_height":null,"time":null,"vin":[{"txid":"2bb9fe2d845a73830f1b4f9bab4ece7a97b9125b3c43e86bee76f0ff56e39eb3","vout":1,"amount":41364.99999849,"coinbase":false}],"vout":[{"n":0,"addresses":["prl1zfhmaet8f809ku57e7lmd3vz5j2g79dnact5vcxvzeqdek0ptnuyqfkc9le"],"amount":20000},{"n":1,"addresses":["prl1prxnx60qxxh6klfha7j4xs9m3fszz7kc046lfct5fdu2m3htvnc2qd3f728"],"amount":21364.99999695}]}