{"txid":"57ad7588ba2b4a826b393d4af5bd09ea91011cf09513e3e3924d87c4ee655563","block_height":null,"time":null,"vin":[{"txid":"57ad7588ba2b4a826b393d4af5bd09ea91011cf09513e3e3924d87c4ee655563","vout":226,"amount":620.16606332,"coinbase":false},{"txid":"0527546950f412a8e81c6311df2cfd8d68dff4a76eb59c6483e1fccc88c426e9","vout":466,"amount":375.94978941,"coinbase":false},{"txid":"43c53c6caf26e512795b6551cc65fe0998f49302a005e1affd39b3c809c26623","vout":491,"amount":310.15998768,"coinbase":false}],"vout":[{"n":0,"addresses":["prl1pnujhyas23xc5c95qgnul0grkvcgzsezjrzhr7678zu8jl9eepgvs5fmxe9"],"amount":6.27582577},{"n":1,"addresses":["prl1zhkxrw46cvfuqhf4axtxy4swzejj749nehsfptanhv7wxvwdsk26q60xhsh"],"amount":1300}]}