{"txid":"4401c39c07399e11398a5e8bb9bfb29f2bc37fc954a0bf0e14e1dfb8eeac8470","block_height":null,"time":null,"vin":[{"txid":"4401c39c07399e11398a5e8bb9bfb29f2bc37fc954a0bf0e14e1dfb8eeac8470","vout":0,"amount":9099.99999,"coinbase":false},{"txid":"d3b8ea3fc6e5fec05431e187ec3aeb1e83fdde1d90fb16688b40fc5c98e64519","vout":383,"amount":258.52844247,"coinbase":false}],"vout":[{"n":0,"addresses":["prl1pjnqt3tsrqqlp6fqmsvlgv4l2scuyx2aualen7jpjae4cpc6wunxq2gnwec"],"amount":258.52787898},{"n":1,"addresses":["prl1z73nt9j0pmfpurs5lu9zadvu20jllnk2m0tsryxxhcuu8msu3ljtswwxwya"],"amount":9100}]}