{"txid":"6872f8e0a8758417a20d2296a2302e0d38fec89f70be5413062e90faa0c610a9","block_height":null,"time":null,"vin":[{"txid":"6872f8e0a8758417a20d2296a2302e0d38fec89f70be5413062e90faa0c610a9","vout":1,"amount":299.99998846,"coinbase":false},{"txid":"f7c6840b339d1695cdbaf7b586ceaa97ec5583bd95120f41b7281a124f00f965","vout":0,"amount":265.99999,"coinbase":false}],"vout":[{"n":0,"addresses":["prl1z2nyqkwprrcqf3hc5p4a07krhvra4rptgcx79c232pmexzeawdjkq3mx9ad"],"amount":500},{"n":1,"addresses":["prl1py62pdg6eyz8ycluywqknf66j7er2rus63wp4avh8djtumhwtlxwsyye3cy"],"amount":65.99997634}]}