{"txid":"6dabc86d03334716976d8a40c1a051d2faacc9eac7ffbf470a925eb692289eb8","block_height":null,"time":null,"vin":[{"txid":"6dabc86d03334716976d8a40c1a051d2faacc9eac7ffbf470a925eb692289eb8","vout":181,"amount":115.71341573,"coinbase":false},{"txid":"0527546950f412a8e81c6311df2cfd8d68dff4a76eb59c6483e1fccc88c426e9","vout":139,"amount":84.96757621,"coinbase":false},{"txid":"624a55b2a4778d0ee1de52262958b96c557dadaec2f9b8fbd851a3e927b59be4","vout":0,"amount":49.99999165,"coinbase":false}],"vout":[{"n":0,"addresses":["prl1z8z4qpjqrvaszlqd0rh30pep5uvnfp9mh74lg9am68zcx0vng9t3q2ptvhz"],"amount":201},{"n":1,"addresses":["prl1ppxyaujn0668lewrjsjmu6prr8jwncwpuk79t6wvccaz47dhkqpeq85ss79"],"amount":49.68096894}]}