{"txid":"731c060da21b3c2ec7646f7215ebba92df8206112551641195208a47246d513f","block_height":null,"time":null,"vin":[{"txid":"731c060da21b3c2ec7646f7215ebba92df8206112551641195208a47246d513f","vout":1,"amount":20000,"coinbase":false},{"txid":"689b8bde9ee4b7ace43d5f3222bbe32e0a32fc0c62f8dd61425a8909a9240120","vout":0,"amount":2057.81811793,"coinbase":false}],"vout":[{"n":0,"addresses":["prl1pklkl22jxgvakhn96hvwe898lxwspkhjvcpn02gr2utxjr9whklfqdj76lh"],"amount":2057.81789332},{"n":1,"addresses":["prl1zca27pnpl6ym7p368lmlllss70vnvzwqrhymmkmxsgz8lsm56xxgq46fp90"],"amount":20000}]}