{"txid":"609d03ca189d355a0de56ecb922c8b89308e29ca04908b585049e01dfc05744a","block_height":null,"time":null,"vin":[{"txid":"609d03ca189d355a0de56ecb922c8b89308e29ca04908b585049e01dfc05744a","vout":422,"amount":235.26545196,"coinbase":false},{"txid":"ad1f5ec0a0c7e4915f6bad1816e5d27f25f03758dc469a813a582bc7e41682a8","vout":16,"amount":11.63466117,"coinbase":false},{"txid":"56e3427681984288c19ba5cedc28944b3f95ca70da664b379f5905ca93e2d3a1","vout":0,"amount":0.13912973,"coinbase":false}],"vout":[{"n":0,"addresses":["prl1z60k94xfdqtw7d8z8gfd23rpk8y2lz6f2x3ucee49vrjacul5tp7sugxje4"],"amount":247},{"n":1,"addresses":["prl1pgx7dafmxxpnum7ecwuxp2sv7y2kj6aax5ydnl4eh4esa5kx997ksrvgw5e"],"amount":0.03922817}]}