{"txid":"d36b675e105363a8b4ae3e531d88f366cfd5a424b2e98060e164b84ecbe93336","block_height":null,"time":null,"vin":[{"txid":"d36b675e105363a8b4ae3e531d88f366cfd5a424b2e98060e164b84ecbe93336","vout":677,"amount":116.0344839,"coinbase":false}],"vout":[{"n":0,"addresses":["prl1z9wlvsvqh35z3spejctmuxlx5upn36y7rqhtmfdgxj2wel22pl6qqrflgnj"],"amount":116},{"n":1,"addresses":["prl1plutvq8ndrjzd9h545mmxfch974k7flj59k09kfz4lm0ngx6t50rsmhdt0n"],"amount":0.03448236}]}