{"txid":"21f7186a2e07745f613d265eed226de22c78027abcf9500d68e215466b70ee8d","block_height":null,"time":null,"vin":[{"txid":"21f7186a2e07745f613d265eed226de22c78027abcf9500d68e215466b70ee8d","vout":232,"amount":157.04403058,"coinbase":false}],"vout":[{"n":0,"addresses":["prl1z394hvvg557nqez07e8cw5fcz5zasurzvn4ejx4wt22jwkdt5vn7saf3rj0"],"amount":150},{"n":1,"addresses":["prl1p45lvtv047eazwwnq5vwpvrsz0w44hv3x7ahkse88chavg77u9htszvz7ed"],"amount":7.0440223}]}