{"txid":"649664df34ce184d501624cfe3a0f59b23189b67f8505bbb02b8b90dde711227","block_height":null,"time":null,"vin":[{"txid":"649664df34ce184d501624cfe3a0f59b23189b67f8505bbb02b8b90dde711227","vout":542,"amount":848.49047649,"coinbase":false},{"txid":"21f7186a2e07745f613d265eed226de22c78027abcf9500d68e215466b70ee8d","vout":285,"amount":416.37715475,"coinbase":false}],"vout":[{"n":0,"addresses":["prl1z6wsslp0ky80unwyssmyeveaslg28rhrqufv9frq27knvejkt9n7q5t27nv"],"amount":1000},{"n":1,"addresses":["prl1p85uv66tu9jhd8gcefewe2dtdjexe073yru8zxmrz2nt72scenemsv8nac3"],"amount":264.86762912}]}