{"txid":"f386d2d2db6a33664f92fdc9ca31f78400c63e2562271e46cbf1caafb08ae5b0","block_height":null,"time":null,"vin":[{"txid":"f386d2d2db6a33664f92fdc9ca31f78400c63e2562271e46cbf1caafb08ae5b0","vout":0,"amount":2711.53810063,"coinbase":false}],"vout":[{"n":0,"addresses":["prl1pkyuxf9wmsq3fuupyfeallslekht2jxvukw3ty86nxkxrmdghpuusysf3gx"],"amount":0.53808513},{"n":1,"addresses":["prl1z4608tzvpfy208crmxg5a88gae609vc3x8vrl2hahqp987ftdhdvqnl2s5x"],"amount":2711}]}