{"txid":"3331242f342a22e4e3ea8614c1e9ade4f82501f7c95e157285f7001bd2bff774","block_height":null,"time":null,"vin":[{"txid":"3331242f342a22e4e3ea8614c1e9ade4f82501f7c95e157285f7001bd2bff774","vout":0,"amount":149.99999,"coinbase":false},{"txid":"7ab89e1f3821f795afe2054d041b143a1e3b06b8e6f3c25f9f694fca6f10a52d","vout":1,"amount":19.49999788,"coinbase":false},{"txid":"defbced71b99149969c38921b2a1fab3f7c272e062ece19e9a465648cdb51dc0","vout":1,"amount":4.03249856,"coinbase":false}],"vout":[{"n":0,"addresses":["prl1zzkkvyrtel0vn3uqe67nhtl7h7rwnmzjpqdmzmuncpngva4fp3xfs5zj6gc"],"amount":170},{"n":1,"addresses":["prl1pycv4pjmjczn9pkkzfrgdrpehxpsazxhr932rm22kfna3sytjjqjqcg5alg"],"amount":3.53248374}]}