{"txid":"0ba5962dc53f9e29010163083a3f45558f7b6ee6ed6148beebf94265afcd568f","block_height":null,"time":null,"vin":[{"txid":"0ba5962dc53f9e29010163083a3f45558f7b6ee6ed6148beebf94265afcd568f","vout":0,"amount":469.99999175,"coinbase":false}],"vout":[{"n":0,"addresses":["prl1zjptukjnujhyvpcjkzx88sverjvvkxtvekm22cx60aqvtvjyq5tnqu6xsh2"],"amount":100},{"n":1,"addresses":["prl1p8rlkjf9432eylvdazu5aje2sratxlw3jltjxz696rpx46fdjpr2q6lxq52"],"amount":369.99998345}]}