{"txid":"e766c81fab0777816af87da652c20a2f6fc48a12c8a993abe792a174f7997604","block_height":null,"time":null,"vin":[{"txid":"e766c81fab0777816af87da652c20a2f6fc48a12c8a993abe792a174f7997604","vout":603,"amount":184.37194618,"coinbase":false},{"txid":"92d9eb9b854ab329b4a8428c611574f183a538f6d7c1d68a7149b657866c7bd5","vout":539,"amount":77.26904291,"coinbase":false}],"vout":[{"n":0,"addresses":["prl1zcvt2skq0zxzll78uw2c4zm7nv2w0amw76e6zfpxh6g92ly0wqfesrx88hk"],"amount":261},{"n":1,"addresses":["prl1pl4p6cmg34g037qs7c6e7m77xdqdlyny84zh8zju4kyvl4f4xfjwqq67e7y"],"amount":0.64098697}]}