{"txid":"5c009540bf49a76d3503e53d1505ad0225ccebe72c3486361939913d93c63b2d","block_height":null,"time":null,"vin":[{"txid":"5c009540bf49a76d3503e53d1505ad0225ccebe72c3486361939913d93c63b2d","vout":0,"amount":3999.99999,"coinbase":false},{"txid":"f5266a86ab109812436b317afd8317d2f360a7b2884d38d5fc31861692054b50","vout":0,"amount":1650,"coinbase":false}],"vout":[{"n":0,"addresses":["prl1znckjcv29chk6j8y8cde6u354rxxmewp7q8naskcn48rjz764x0hqlvvwlh"],"amount":4000},{"n":1,"addresses":["prl1ppvp2twm9pcdu0255sn6twmra5xaaz2e7709kzzfrc9y0q8gne7csc9g44u"],"amount":1649.99998788}]}