{"txid":"8f3a69424d16d9879fc46773699c436540a119cb5397b5bf5fed345404653463","block_height":null,"time":null,"vin":[{"txid":"8f3a69424d16d9879fc46773699c436540a119cb5397b5bf5fed345404653463","vout":1,"amount":108.46046913,"coinbase":false}],"vout":[{"n":0,"addresses":["prl1zadz6q8d6ej3mzalkzaya46t96pxr659vz5aj04sdz33pyevp275qmu9fn9"],"amount":108},{"n":1,"addresses":["prl1puqz5dv7fhnkm6zhhw0qd0g482vphrsp3u8gqjj7dvskq9vrnff8qyydj4l"],"amount":0.46046075}]}