{"txid":"2960a5a3426df4329379f1025645351cf1f6031c76962f820bf64479d8f58eb8","block_height":null,"time":null,"vin":[{"txid":"2960a5a3426df4329379f1025645351cf1f6031c76962f820bf64479d8f58eb8","vout":0,"amount":1092.68190479,"coinbase":false}],"vout":[{"n":0,"addresses":["prl1znk6m8k0ms6r6u5ej0uakw8qgaygdt8tykcld3k573epaecwl5whqa5jht2"],"amount":1000},{"n":1,"addresses":["prl1pds8zg4psp28vww5pawxn6y8ewmse32rp7fl0yy5j6g9w6g8ukkvsetu04j"],"amount":92.68189648}]}