{"txid":"ba69ff4625c9742ef2fedc7a2ebcc92c5ff8e0905fd637fc2517f2b3f5daa6b7","block_height":null,"time":null,"vin":[{"txid":"ba69ff4625c9742ef2fedc7a2ebcc92c5ff8e0905fd637fc2517f2b3f5daa6b7","vout":326,"amount":639.35395611,"coinbase":false},{"txid":"24c71167ebfbd7a41b3832ffd6200e1fa4fcd1a2a14f2705bccb3c3c9f5d91ad","vout":772,"amount":394.76025019,"coinbase":false},{"txid":"a84cbe12e0a9208c99d3addba4203149c5e10fe544867ffb3fd7052c9fdda64a","vout":10,"amount":230.27620767,"coinbase":false}],"vout":[{"n":0,"addresses":["prl1z867p2mvw20gtrl0qjfx3zmqxf50e5zh9v654699gg20ww3ygt2rs069p27"],"amount":1264},{"n":1,"addresses":["prl1pz8umewxm748qy3rr3cregaf90eekg33rvrq5ts2kke4xy4nesmksgvvhv4"],"amount":0.39032561}]}