{"txid":"649664df34ce184d501624cfe3a0f59b23189b67f8505bbb02b8b90dde711227","block_height":null,"time":null,"vin":[{"txid":"649664df34ce184d501624cfe3a0f59b23189b67f8505bbb02b8b90dde711227","vout":203,"amount":515.3599472,"coinbase":false}],"vout":[{"n":0,"addresses":["prl1zrz8655z8a8h2verjfeg3muk0qctjy8xj2j2pnx09rr7e3xc6qfcspuun4u"],"amount":333.33},{"n":1,"addresses":["prl1p04xx9eq3kcaal3dmkraclnypksvzkxh9gnx9cexr7uqgzkk7pqcqq6gz02"],"amount":182.02993894}]}