{"txid":"e1d0b29d535bc9e3535b003ebe915dc19bb27f9b63dbdb4e6b4e66be628673b8","block_height":null,"time":null,"vin":[{"txid":"e1d0b29d535bc9e3535b003ebe915dc19bb27f9b63dbdb4e6b4e66be628673b8","vout":0,"amount":2653,"coinbase":false},{"txid":"6df13b171eae56ec3108d5b9bccf7bae3742d36f4b67cc022a4ac1a189a4010c","vout":0,"amount":0.83208025,"coinbase":false}],"vout":[{"n":0,"addresses":["prl1zt0yzfc6j2nw5277483vcxfnvat8r2a6fkuqk9kepce9fv98fhycsu8hjmn"],"amount":2653},{"n":1,"addresses":["prl1p2n5qhvw7zcgzjmpemzq9t3ggtsux6scmfpmsz6yfn3lzweq5h4cqvu9a4g"],"amount":0.83206883}]}