{"txid":"9726c025789d1f4f3506ba79c63557828bffc0a54edb6a61b7d1aef028866771","block_height":null,"time":null,"vin":[{"txid":"9726c025789d1f4f3506ba79c63557828bffc0a54edb6a61b7d1aef028866771","vout":509,"amount":167.78724316,"coinbase":false},{"txid":"64a4d7e862bbf38ba2145db2784c44bdad6b268f87429049185ec03e0ecec925","vout":1,"amount":0.41040118,"coinbase":false}],"vout":[{"n":0,"addresses":["prl1zwpr26d080k0m0njhhhkmhyyrhc4yd8a7h53jzrzvdlcxtvn7ja5q8w9kdp"],"amount":168},{"n":1,"addresses":["prl1phzhqqld00xk6eyr0r6z64rm4r38uyx8ck7ja4eqeummtyu48qzgqm8fftj"],"amount":0.19764222}]}