{"txid":"a7a202791d4f8b342a4161e1c8a04f909ca5d571ee0224c9cd225ce489dbd156","block_height":null,"time":null,"vin":[{"txid":"a7a202791d4f8b342a4161e1c8a04f909ca5d571ee0224c9cd225ce489dbd156","vout":1,"amount":24399.99999846,"coinbase":false},{"txid":"75de328b3e90c4be7d499351c3343616fafa88b075fb19699962eeb4408e2f69","vout":0,"amount":22785,"coinbase":false}],"vout":[{"n":0,"addresses":["prl1zz6yhgyewjm8g9wtcuh0hfdukw75x08gn7zgtz6rea03qpghsvrxs28g7u5"],"amount":40000},{"n":1,"addresses":["prl1pnfhzqvw34l2rjyxgpnkr80e5kyw3zajwtx5hxt2kp6kk2qw07ksqeelzkm"],"amount":7184.99999634}]}