{"txid":"3b4227aaa62e998e94fa9df52bb4c3812856ce097353abaff6228aff83e61e81","block_height":null,"time":null,"vin":[{"txid":"3b4227aaa62e998e94fa9df52bb4c3812856ce097353abaff6228aff83e61e81","vout":1,"amount":82.96892735,"coinbase":false},{"txid":"4bb01d36a73b7f9e81c60f2ab34f6ea9647c20f9414e4d22e4c49d8f405d75f0","vout":0,"amount":80.00004425,"coinbase":false}],"vout":[{"n":0,"addresses":["prl1pf4vqgjttuh2c8z64xqg4t5yfjwtsj8aafv3guu7zhl2406c3h4ps02jpwy"],"amount":62.96896005},{"n":1,"addresses":["prl1zq0ee3cptl2ed2e9yqsswj8uwg7wf5wkq2jlw6jp007e4hygjdfmq8nrm4j"],"amount":100}]}