{"txid":"a8c0f75d94cf8338d7896480008a37407d504d66edafd14b231f67a08f3a006d","block_height":null,"time":null,"vin":[{"txid":"a8c0f75d94cf8338d7896480008a37407d504d66edafd14b231f67a08f3a006d","vout":0,"amount":322.99999,"coinbase":false},{"txid":"d0167feac8bbc2a67bcf53c88aa25d91e45d4aa78831be0b67675e466a4b006d","vout":1,"amount":0.01905691,"coinbase":false}],"vout":[{"n":0,"addresses":["prl1pv0deda5e8g00xfd6tqdsne9kmml9jz447rg7x5zz0d2tzk86fx2sfkx6ed"],"amount":0.01903531},{"n":1,"addresses":["prl1zt3f4xr5f7q6cqkq5qkszwguctpweut8zwhd04hcyn4w8fm0lplwqzyw9vl"],"amount":323}]}