{"txid":"75ad79bdbcab13c11436bcf521374514462c6473852d8b980b336d18eac27b08","block_height":null,"time":null,"vin":[{"txid":"75ad79bdbcab13c11436bcf521374514462c6473852d8b980b336d18eac27b08","vout":195,"amount":1328.67726522,"coinbase":false},{"txid":"916860c3dc2b98a6838f3869e97bade48725f3e237fd0c569b6db660b668a809","vout":0,"amount":980,"coinbase":false}],"vout":[{"n":0,"addresses":["prl1z0xulr5k6j7llhggpwezykxujnyv32q4cc26v0885k6785k0al48qgccra6"],"amount":2000},{"n":1,"addresses":["prl1p9aeulez20kmacd864r6sygtecdv40c8zjmax9sns33vc4ffctaxscljrxe"],"amount":308.6772631}]}