{"txid":"609d03ca189d355a0de56ecb922c8b89308e29ca04908b585049e01dfc05744a","block_height":null,"time":null,"vin":[{"txid":"609d03ca189d355a0de56ecb922c8b89308e29ca04908b585049e01dfc05744a","vout":143,"amount":2863.09771914,"coinbase":false}],"vout":[{"n":0,"addresses":["prl1zlw99lu4j8nxrdvysl28phynkrazhukh7k2nt07wvllzcrk4g99jql4tzn9"],"amount":518},{"n":1,"addresses":["prl1phz9cmkp9ya9acvhkxzsehhqfu05jaa7xf5kmc3wjv3k7fjj4l9fqxgzhtk"],"amount":2345.09771071}]}