{"txid":"0527546950f412a8e81c6311df2cfd8d68dff4a76eb59c6483e1fccc88c426e9","block_height":null,"time":null,"vin":[{"txid":"0527546950f412a8e81c6311df2cfd8d68dff4a76eb59c6483e1fccc88c426e9","vout":479,"amount":198.17115471,"coinbase":false},{"txid":"2a8aa20073c06ce37ea145743d98c7807b06f20c29518a47b69d7695942e8dac","vout":1,"amount":6.81635662,"coinbase":false},{"txid":"bca016b33120747e40b5909f3c589d30a14a24a58f7d8c7301dce4cf0947e332","vout":1,"amount":1.33570273,"coinbase":false}],"vout":[{"n":0,"addresses":["prl1zhvs9uqm8f6f5e9zlxwdwsp0q8pyhxc3aeslrlkadn3ajfmnm9fqswfxjfg"],"amount":205},{"n":1,"addresses":["prl1pf24jdx9ca90zgzaf7jygwx0ckl5am5jh5zwet3y2dkq5cynk4ggqs3qhzj"],"amount":1.32321136}]}