{"txid":"f6c3770d2e2ad5658b647813ec30d0e90ea129667af611c4fc7fafc9768837c2","block_height":null,"time":null,"vin":[{"txid":"f6c3770d2e2ad5658b647813ec30d0e90ea129667af611c4fc7fafc9768837c2","vout":0,"amount":12833.80130385,"coinbase":false}],"vout":[{"n":0,"addresses":["prl1zfcz6qzrjw93zekvd3rrlgt6uq7vfxmhgw2k2dys03vdznd6zgsxsml2a8r"],"amount":12800},{"n":1,"addresses":["prl1p2v8hn4z9nqw5vpv50025dntuxsheq0wgwvkuewm65qjm7zagayrsgd3cdd"],"amount":33.80129553}]}