{"txid":"737d1bea47591b6656d353ec761b33f7c500b5be85dc1aaeaf89591f7928d2b5","block_height":null,"time":null,"vin":[{"txid":"737d1bea47591b6656d353ec761b33f7c500b5be85dc1aaeaf89591f7928d2b5","vout":1,"amount":1161.02660623,"coinbase":false}],"vout":[{"n":0,"addresses":["prl1z43cd5w3n9e3swmfn40few3v7dsnkyzp9dnrr40d5x9qtt9dgq3ysevygfk"],"amount":100},{"n":1,"addresses":["prl1pnrgnmlgrs9gmyhh2s6a9m5ght0jzgh3ch9mx0thetu40knwuurusvmvjx4"],"amount":1061.02660469}]}