{"txid":"21f7186a2e07745f613d265eed226de22c78027abcf9500d68e215466b70ee8d","block_height":null,"time":null,"vin":[{"txid":"21f7186a2e07745f613d265eed226de22c78027abcf9500d68e215466b70ee8d","vout":177,"amount":144.75506135,"coinbase":false}],"vout":[{"n":0,"addresses":["prl1p3qp2eeenqhqzxurj0zavu3rfw4arjv8swn5sakw09eklnrn5ypdq4dqt8r"],"amount":44.75505302},{"n":1,"addresses":["prl1zgrws7ss57axgufrmqlfpdaq6k7mr4ja20n7c74suvpgvest6rqvqc6jyg2"],"amount":100}]}