{"txid":"a86be38a26a062fb14a5a91855a90ad4b0032a32b8aca9705d730173f564e3e7","block_height":null,"time":null,"vin":[{"txid":"a86be38a26a062fb14a5a91855a90ad4b0032a32b8aca9705d730173f564e3e7","vout":0,"amount":24133.51940729,"coinbase":false}],"vout":[{"n":0,"addresses":["prl1pq2vheysrth3h35q5ps9vqu8pl9ymvwmjjn3j43ltfnp7upsmse3sqtjvqq"],"amount":19133.51900574},{"n":1,"addresses":["prl1zy8qqsxw5f8qx4ak6m8vdvptap92mphcj7cgltndpegs7zs3mhaxq03j6pa"],"amount":5000}]}