{"txid":"4dd6f5d5b7a3b9e5bfb49623885e5082bfd4df9952ad34be76fa6d8ce2277fb1","block_height":null,"time":null,"vin":[{"txid":"4dd6f5d5b7a3b9e5bfb49623885e5082bfd4df9952ad34be76fa6d8ce2277fb1","vout":1,"amount":1659.99999538,"coinbase":false}],"vout":[{"n":0,"addresses":["prl1zpqphvq3p2hap7tnlg5v2clkyu2mvs3l534snguc4dkzckxlw7kmsqjt4r2"],"amount":1000},{"n":1,"addresses":["prl1pzmr904ef067506akv00h53aavc9m6mjerllkxarztqm49gdxetsq8dldx5"],"amount":659.99999384}]}