{"txid":"b43fa23f2c79ecf2e9e1e5fae96885f6c41e5ed071118c2675b428b849f1937b","block_height":null,"time":null,"vin":[{"txid":"b43fa23f2c79ecf2e9e1e5fae96885f6c41e5ed071118c2675b428b849f1937b","vout":0,"amount":99.99997442,"coinbase":false},{"txid":"2bde387178bc22f38f94cd009ed4a6ca7e963d830ed6947e783e53d7189274e5","vout":0,"amount":10,"coinbase":false}],"vout":[{"n":0,"addresses":["prl1pt59vj3peee0mpxflt32l9nmaesd54plscdpnevc8cswxdtzwjskqgn9csw"],"amount":9.99995884},{"n":1,"addresses":["prl1zask2qqdfm9fxlu5pm9kryhl5mjtn0eh0g7cdzstcw8ylshxtaghsylee3t"],"amount":100}]}