{"txid":"2450e5021e8af01ac6ee33c091c0bc6fa7d9b11e95f397503007f2a7cb4525fd","block_height":null,"time":null,"vin":[{"txid":"2450e5021e8af01ac6ee33c091c0bc6fa7d9b11e95f397503007f2a7cb4525fd","vout":1,"amount":188.40607107,"coinbase":false}],"vout":[{"n":0,"addresses":["prl1zvy0htxaxvayrghnw0642xhh7mdm8kcr67aljvq07kddavr4xdsfspwdkpr"],"amount":100},{"n":1,"addresses":["prl1p9vfkkt2xd6mmqls3cdl0hf4y02t7v9765wh62ujlyq8fv2gxe8tqwg0ffu"],"amount":88.40606268}]}