{"txid":"dfa646a547b171ac1358013efe1a4605b9f7237e016238b50d3b9e941beef82a","block_height":null,"time":null,"vin":[{"txid":"dfa646a547b171ac1358013efe1a4605b9f7237e016238b50d3b9e941beef82a","vout":1,"amount":3203.8303996,"coinbase":false},{"txid":"bae5e5397ea63c2f783ea5b547a438ef3452819af9c832f2abdcba425cafe198","vout":1,"amount":109.46790596,"coinbase":false},{"txid":"08fec78f639273e32527d886a637c40411e2df6a0958933761db11d42f16fedd","vout":1,"amount":25.70045254,"coinbase":false}],"vout":[{"n":0,"addresses":["prl1z4g7lyvj6wuy7qhwg67y3hnuwuva5fhyt46xk4eterjgjhesf972q4g69cr"],"amount":3333},{"n":1,"addresses":["prl1p3lthrt3n7yrrh7qdttq68aq5q76qn0alnmftqqw3hvxh450atm2q3w0pa6"],"amount":5.9987554}]}