{"txid":"c7e7a34a860810d00dd8ab5a14378c9c25484659915b56cb6e1f5f50b07f49cd","block_height":null,"time":null,"vin":[{"txid":"c7e7a34a860810d00dd8ab5a14378c9c25484659915b56cb6e1f5f50b07f49cd","vout":1,"amount":2689.99999846,"coinbase":false},{"txid":"fbce4a2391877572fd70c5cae8a39b0541fe3131a26a2e4feb1cb4b8aaeee396","vout":0,"amount":2508.8,"coinbase":false}],"vout":[{"n":0,"addresses":["prl1zvl9dyypz585vcdr5cp5kkp09hhrlgwgqmlflmuf2ds4nh6322lgq7qrgcv"],"amount":5000},{"n":1,"addresses":["prl1pml4rlyp6w0m0ylvxaxpm4j434qu0rmjgxpguvkz6gl7729uma5tshv3rs4"],"amount":198.79999634}]}