{"txid":"498dc0aba1af0efc0fc7380065d2218c42c0c9038868689086f9f2b6b72eb37f","block_height":null,"time":null,"vin":[{"txid":"498dc0aba1af0efc0fc7380065d2218c42c0c9038868689086f9f2b6b72eb37f","vout":0,"amount":1269.99999,"coinbase":false},{"txid":"c054a389e70aee4f9c2f52fa14186a47e1419497c19e03db8b12ac32d3840c96","vout":1,"amount":4.95519759,"coinbase":false},{"txid":"6cd9ff4ac7edd3fdf1a76071f0ebb7eefa0c8635ce3f7249a68649e86648216b","vout":1,"amount":0.50003142,"coinbase":false}],"vout":[{"n":0,"addresses":["prl1zvjzt9sqvrtasey0527fvsw9cxrkayhqug4fm2wftn0x45lpzapmsm6p9pl"],"amount":1275},{"n":1,"addresses":["prl1pj09qgjrhfhgssvlz8z3k0tt20ql6ammdldqdsz8kvn8m0tsjlmxsv6cc2w"],"amount":0.45521631}]}