{"txid":"6b1b468c48c92a58c2e3f50c42e0d27efd7e6af5abd7ed4eec4a7c5258e8bc0a","block_height":null,"time":null,"vin":[{"txid":"6b1b468c48c92a58c2e3f50c42e0d27efd7e6af5abd7ed4eec4a7c5258e8bc0a","vout":0,"amount":7050.36151544,"coinbase":false}],"vout":[{"n":0,"addresses":["prl1parwmqad4h5wch72tqjq43cxvcn6gmumylz5ned3ecg6m608ka7ssj4q7f7"],"amount":50.36111389},{"n":1,"addresses":["prl1z6qgkqahc4tqxuheeqhn3jrqyvem582kfvwe0tgmf6ltmrwnfjqpqy00ufz"],"amount":7000}]}