{"txid":"f94fe96d2c09ad599cc29e23b8f0d6892d0bc46662f24d237078c14d9952a4a0","block_height":null,"time":null,"vin":[{"txid":"f94fe96d2c09ad599cc29e23b8f0d6892d0bc46662f24d237078c14d9952a4a0","vout":0,"amount":5599.99999,"coinbase":false}],"vout":[{"n":0,"addresses":["prl1pnxa4xvpyeg4cpc8wal7fnk7xfg0zhhheegxnyqvz4269hamrn9dq255a2g"],"amount":599.99998175},{"n":1,"addresses":["prl1zl3vcud5ah9ccr9dnep4pewzpwrxjsecnq2epjwtufzru2v28qc0q5ak709"],"amount":5000}]}