{"txid":"c0bb319c5af4d497709805d521411e933c80aa063d4d840621b4ceb92cfbc114","block_height":null,"time":null,"vin":[{"txid":"c0bb319c5af4d497709805d521411e933c80aa063d4d840621b4ceb92cfbc114","vout":0,"amount":470.99999,"coinbase":false},{"txid":"954938952e2682532d1962261977c2cd4d745c2319a31f9dc78968c2a5c0ff02","vout":0,"amount":85.99998166,"coinbase":false}],"vout":[{"n":0,"addresses":["prl1zg9expdrgvfw4tspk88uafzeshmrtsl58jfdrqj6ys9epp2ddcm8qeanr6r"],"amount":500},{"n":1,"addresses":["prl1p8qezxk7gv8lxz6e42h62qm6h96s6ycdz4v76uvy489zku6kvanfs04098g"],"amount":56.99996024}]}