{"txid":"43c53c6caf26e512795b6551cc65fe0998f49302a005e1affd39b3c809c26623","block_height":null,"time":null,"vin":[{"txid":"43c53c6caf26e512795b6551cc65fe0998f49302a005e1affd39b3c809c26623","vout":499,"amount":186.61008784,"coinbase":false}],"vout":[{"n":0,"addresses":["prl1z7vlmrswkhr7wqccna7targd4v30f4u78q0rc84n92gmc0mkk00zqx2v46d"],"amount":186},{"n":1,"addresses":["prl1p9cpmzlqel7d8c23jcnwgfkyjevufqgwn2fn9lj37j0dk7tadhagqrpyqla"],"amount":0.61007952}]}