{"txid":"b87161a6074ede0bee1f26e955ecd86fafdb7729db58b3d1ca73bec19aef8f8b","block_height":null,"time":null,"vin":[{"txid":"b87161a6074ede0bee1f26e955ecd86fafdb7729db58b3d1ca73bec19aef8f8b","vout":0,"amount":99.99999,"coinbase":false},{"txid":"1bff0b34c7ed41eb0093371d4197061026a479f34de59bde0dadd4e7c75893b5","vout":1,"amount":4.377464,"coinbase":false}],"vout":[{"n":0,"addresses":["prl1zzg3qadwvgfu9633yrcjj3xwz7c56yudke84nndach5fe04admtvshmmlxn"],"amount":100},{"n":1,"addresses":["prl1peeaxx82cqp3amj33kkl3kjkzzmxqthmgp9c8jy4fw3erfccfj86qpuqyc0"],"amount":4.37745188}]}