{"txid":"7b361facd25f926a636f85b76b8ea8eb09606eff744977c2d3289289792f71a8","block_height":null,"time":null,"vin":[{"txid":"7b361facd25f926a636f85b76b8ea8eb09606eff744977c2d3289289792f71a8","vout":0,"amount":800,"coinbase":false},{"txid":"7865ede26e9322292852da0e6e9eb812ef23fe3bc65b5b5765620d4b5a3f8d2b","vout":1,"amount":73.50946949,"coinbase":false},{"txid":"cb2f1f4b7829c4f0bbc266da0f29e2a1aa530030b0f7d3d471ad103d987d7f96","vout":200,"amount":65.68575698,"coinbase":false}],"vout":[{"n":0,"addresses":["prl1z9tv90jr79ssg2wzvzghd8trygharzg7qpj8vdn77lm62kcxtj0tsy62pdn"],"amount":920},{"n":1,"addresses":["prl1pskk83v2k6xmrq7ev9v0y47ralq49ne2lhudkzzwvwe9ke3sjh2fqjc3x8j"],"amount":19.19522377}]}