{"txid":"f7e2788ea2f14599bab26059abf2335d022759548e222df8ea29e467e7d34842","block_height":null,"time":null,"vin":[{"txid":"f7e2788ea2f14599bab26059abf2335d022759548e222df8ea29e467e7d34842","vout":581,"amount":375.02738093,"coinbase":false},{"txid":"da218a9a79855fd3fabb2769cad90a31fac3dbb0375af6fee2acc1798797966b","vout":662,"amount":92.9055748,"coinbase":false},{"txid":"e51da8b2ac0c1ae5a2240fab47ae1b940cca5755fd01c38178b1afe21d1d8024","vout":1,"amount":0.10717378,"coinbase":false}],"vout":[{"n":0,"addresses":["prl1z5asm4jyqv7hnnsdfzn0rgmx0ua548gr3469e7trql5d0nxm8fvrqdhmuw6"],"amount":468},{"n":1,"addresses":["prl1ph8pm3wq738kt7q3sjusztaml6v8ur444506r44qderqly0whwsmqmxlw2e"],"amount":0.04012681}]}