{"txid":"21f7186a2e07745f613d265eed226de22c78027abcf9500d68e215466b70ee8d","block_height":null,"time":null,"vin":[{"txid":"21f7186a2e07745f613d265eed226de22c78027abcf9500d68e215466b70ee8d","vout":53,"amount":66.8039754,"coinbase":false},{"txid":"ae04e59705b58d860ee91d2e1fcc19fc05acaa7c53deddaffa200a71e61f832c","vout":162,"amount":34.43341601,"coinbase":false}],"vout":[{"n":0,"addresses":["prl1zkhnpsvexglslwxgr5s5tzuq4w4n2hme0asufa8evvc5kj0jj3lkq39r2u6"],"amount":100},{"n":1,"addresses":["prl1pq2zwtemtuqpzk0yvw3q56ysqcfzs8squtk8kdks5cc06ymcsy2jq8us8el"],"amount":1.23738929}]}