{"txid":"5ac4d77751814d49ceb3c1f8ed3113571144f23685e709a2453f8575eb16a673","block_height":null,"time":null,"vin":[{"txid":"5ac4d77751814d49ceb3c1f8ed3113571144f23685e709a2453f8575eb16a673","vout":0,"amount":1145,"coinbase":false},{"txid":"d7c950c7ed1ee497f912f18153ba253128a89e328e2335373b23b1d310bc3ab7","vout":1,"amount":0.19998072,"coinbase":false}],"vout":[{"n":0,"addresses":["prl1zc2dxm426yjjaq3e29khm3ggsmr9hprccvemu6r0cs0vk4hty0v8sk2w9zq"],"amount":1145},{"n":1,"addresses":["prl1p9849nsvv3twpqdjxe3v7xk6g0k2upz0vpy4pcyna4fn6v6c8guss2ctcaw"],"amount":0.1999786}]}