{"txid":"b41734325cfaa7020666a0ab8dccbdad0406f555d54abd1032c0e3e98bee1fc3","block_height":null,"time":null,"vin":[{"txid":"b41734325cfaa7020666a0ab8dccbdad0406f555d54abd1032c0e3e98bee1fc3","vout":0,"amount":131.99999,"coinbase":false},{"txid":"028e0b97669d867df57cdce3af2bc62c65a14824f678cbdbd04a32d38726fe94","vout":929,"amount":17.54341943,"coinbase":false}],"vout":[{"n":0,"addresses":["prl1z8nckpes7qfe20dqn9py34jsdweqd34gaq9zsspeyhs8espn9wc4qp8ctrk"],"amount":132},{"n":1,"addresses":["prl1p589fdr8hsfx9gwyplxwhh6rkvnk3j0rxsm75lut36fvcdnua3m6smz3u9t"],"amount":17.54340731}]}