{"txid":"8f21e6189fbd2aceafd3d454cfa430255d4a13cd4d101410251df0cdd066cd82","block_height":null,"time":null,"vin":[{"txid":"8f21e6189fbd2aceafd3d454cfa430255d4a13cd4d101410251df0cdd066cd82","vout":0,"amount":0.53264556,"coinbase":false},{"txid":"74661f9176f5f6b9785164ccc9f1a9a678323d555f546075a1bf5d9fe5d2a1dc","vout":517,"amount":310.8720985,"coinbase":false}],"vout":[{"n":0,"addresses":["prl1p8v73jxag7wu6kprg6dkcvcchqxfst2g9yggkr3mf7jcptnjncaxqu2s344"],"amount":0.40374406},{"n":1,"addresses":["prl1zx4xx86zpda5u4aqx2k8kq7e68vvclrmmqqxlc53h5ljpjs6z2ywsdrq649"],"amount":311}]}