{"txid":"9d93f4dac82627fb1969e3b082f93ee0df9ee65ff4eac3abba57073501e5bb2d","block_height":null,"time":null,"vin":[{"txid":"9d93f4dac82627fb1969e3b082f93ee0df9ee65ff4eac3abba57073501e5bb2d","vout":110,"amount":137.37515639,"coinbase":false},{"txid":"59b4bdf88df38164d52827ec9c80275ee73fb217e129335de582d5b2700c9b3b","vout":0,"amount":127.4,"coinbase":false},{"txid":"54b9500de99ba3799f1c52488b60f39a991a72e33cd1aee885c7119b4a684836","vout":4,"amount":42.65636414,"coinbase":false}],"vout":[{"n":0,"addresses":["prl1z9rgfthanz480ljjcahzxnaw6eru43v7m0sy3879l3c6nc6nvlymq633l7u"],"amount":300},{"n":1,"addresses":["prl1pewu224ntqz23qaprru7g2srt32pmdaaxlfv4w87ys2yhg80x4ymsga95yp"],"amount":7.43151783}]}