{"txid":"15f8a6b9cc7a31551265a5fdbb0781fdf3dfce186576e4e2a48f8fd230ee4fa0","block_height":null,"time":null,"vin":[{"txid":"15f8a6b9cc7a31551265a5fdbb0781fdf3dfce186576e4e2a48f8fd230ee4fa0","vout":0,"amount":2791.6617574,"coinbase":false}],"vout":[{"n":0,"addresses":["prl1zyyj3f3r2led6pxlup873a9fnnexxkqwssrsnqur84tq2au3kpmmqcysal8"],"amount":1400},{"n":1,"addresses":["prl1pkpnut9pl38ap40xphqlwvghezqju55wgn8zmnuvvtvr5x74e78msyn9qzf"],"amount":1391.66175585}]}