{"txid":"43c53c6caf26e512795b6551cc65fe0998f49302a005e1affd39b3c809c26623","block_height":null,"time":null,"vin":[{"txid":"43c53c6caf26e512795b6551cc65fe0998f49302a005e1affd39b3c809c26623","vout":442,"amount":435.15136593,"coinbase":false},{"txid":"9d93f4dac82627fb1969e3b082f93ee0df9ee65ff4eac3abba57073501e5bb2d","vout":182,"amount":39.61298068,"coinbase":false},{"txid":"233c683226c2213fabcf0e4deeb034dcfb5392247e08687bb0bf59d4560ba5eb","vout":1,"amount":0.46918562,"coinbase":false}],"vout":[{"n":0,"addresses":["prl1zksjd549emys7w5yy7qrrp4dq9symd68vgpxqz4e4rkjzvzsh2ncsdm84nr"],"amount":475},{"n":1,"addresses":["prl1pychqu9g7qc2pn80qngjd0qp3dz74yq34rky6tnazduvrv0fnk65srhlx0f"],"amount":0.23351781}]}