{"txid":"f706e3afd5192d2690d54927f68c9aef661fe9d68a3a7345e2f4b86905ab88da","block_height":null,"time":null,"vin":[{"txid":"f706e3afd5192d2690d54927f68c9aef661fe9d68a3a7345e2f4b86905ab88da","vout":526,"amount":749.65809885,"coinbase":false}],"vout":[{"n":0,"addresses":["prl1pqzh82mmdm83nk9llnzfd9wn0h6h2dcr6kv0a0pwd5g2wxkvc52lsqn24k9"],"amount":649.65789247},{"n":1,"addresses":["prl1zdq5ru7q6q22sfhecv972zsd63az06yk0hglyhx4rej2ng300tttqxklygz"],"amount":100}]}