{"txid":"ae3cc3671c69f0a7729aeb62935d5dee427d1542e07cc607d745690fa2c89434","block_height":null,"time":null,"vin":[{"txid":"ae3cc3671c69f0a7729aeb62935d5dee427d1542e07cc607d745690fa2c89434","vout":0,"amount":200,"coinbase":false},{"txid":"0c29607cb52bcfdd1f5f9c7332431e29abff59527a9f308bb9650b242a15e8d0","vout":1,"amount":4.99999788,"coinbase":false}],"vout":[{"n":0,"addresses":["prl1z70zy45f0tmnjhhtzjv84t5ua30dc9fcp5weh48x84970t27hdatsrghjaa"],"amount":200},{"n":1,"addresses":["prl1pdazd8asmjlxe3typn3f7ysg2s2c2wqvxdnnavsh0vvy7muzelsys040yzn"],"amount":4.99999576}]}