{"txid":"5d3d9ce8516d47fa508af6ef7ccb67456e22eabff52c4f7dd0e8a81ebfbc844b","block_height":null,"time":null,"vin":[{"txid":"5d3d9ce8516d47fa508af6ef7ccb67456e22eabff52c4f7dd0e8a81ebfbc844b","vout":0,"amount":15999.99999,"coinbase":false},{"txid":"f6985f0e8b8d9b0872f42c41522d072da87cc643efff937b93de4c9941a87255","vout":18,"amount":3491.33041017,"coinbase":false}],"vout":[{"n":0,"addresses":["prl1ptsw6vv8hy0a9jmtdh6rfttypmgtc9rr2ut52ekvafrpyvhlwwt7q22t29s"],"amount":3491.33037887},{"n":1,"addresses":["prl1z5cakxx52zj7evgguf2drg668fg8x0eycxjywhgexa24sen45c8gsg6afsm"],"amount":16000}]}