{"txid":"e1e7840c58f73f244e4ac5d817cb8f3650a4bc1a587c7389ee99b6579369fe96","block_height":null,"time":null,"vin":[{"txid":"e1e7840c58f73f244e4ac5d817cb8f3650a4bc1a587c7389ee99b6579369fe96","vout":1,"amount":1645.44435389,"coinbase":false}],"vout":[{"n":0,"addresses":["prl1z0ulpujl2j7earj5qyvxmf9smsmcxfg6z6pqwf5a73jm8s47tx53qjapj4w"],"amount":500},{"n":1,"addresses":["prl1p73l6cy4gqnqg5grjpmnz95pg436q24yt4evlzx7ajzslgs2sy9gsgwxuzv"],"amount":1145.44435234}]}