{"txid":"d1321634f24ab09c55dc749f08e85a142f8098a364b243e5e83f9b4e6cc15ad6","block_height":null,"time":null,"vin":[{"txid":"d1321634f24ab09c55dc749f08e85a142f8098a364b243e5e83f9b4e6cc15ad6","vout":173,"amount":425.78228933,"coinbase":false},{"txid":"08e3fa3acb7884460d0c34feb29f21bb3afb6600e72f6b589e2deff6321a7148","vout":1,"amount":0.06413375,"coinbase":false}],"vout":[{"n":0,"addresses":["prl1zra3te06tq2ewjf43pn4gs0a039jale5tnq2wva4a7aa00vlnatrqz03gv7"],"amount":425.8},{"n":1,"addresses":["prl1p77h3jcx5z3zzc9pjyl9vfajcmtjweyq0z925v2ur53j32x9h4f5sxdescq"],"amount":0.04642096}]}