{"txid":"21f7186a2e07745f613d265eed226de22c78027abcf9500d68e215466b70ee8d","block_height":null,"time":null,"vin":[{"txid":"21f7186a2e07745f613d265eed226de22c78027abcf9500d68e215466b70ee8d","vout":60,"amount":118.93099334,"coinbase":false},{"txid":"ae04e59705b58d860ee91d2e1fcc19fc05acaa7c53deddaffa200a71e61f832c","vout":149,"amount":1.48341366,"coinbase":false}],"vout":[{"n":0,"addresses":["prl1p0epxtksmdeheyc4qc8sgtp85emhg47lhgthdmm42lsm80cau8qws9t5r20"],"amount":0.41439548},{"n":1,"addresses":["prl1zpy8y4plknm7cklzjj2cvat926xl6p4ryfq3n46ppd7grxseveqaqjk4l5x"],"amount":120}]}