{"txid":"4f38bfdede0d115cb549e2027950f1bfc8c6cb942b086417c62d00308a8b643b","block_height":null,"time":null,"vin":[{"txid":"4f38bfdede0d115cb549e2027950f1bfc8c6cb942b086417c62d00308a8b643b","vout":0,"amount":225.799766,"coinbase":false}],"vout":[{"n":0,"addresses":["prl1zg0ttyehu7wwetng0xgltrl02wsx8644mu7hnyqjqesk0lg2n4ahqs0456r"],"amount":100},{"n":1,"addresses":["prl1ph0m78qu9stwu0td2nf4mm2cfpl0jq66wttx3wcfjh530jj789upsdp5mrj"],"amount":125.79962637}]}