{"txid":"3659428ac394d368961318ee090803c148fcf1783af716cdff1e853aafde29f9","block_height":null,"time":null,"vin":[{"txid":"3659428ac394d368961318ee090803c148fcf1783af716cdff1e853aafde29f9","vout":1338,"amount":199.09216058,"coinbase":false},{"txid":"3659428ac394d368961318ee090803c148fcf1783af716cdff1e853aafde29f9","vout":1168,"amount":21.69860927,"coinbase":false}],"vout":[{"n":0,"addresses":["prl1p6jleg977lzt8vzxnknmrzj2a6eqfhrnc3svukrx7eqvwtws48zgqdsufkd"],"amount":20.79064829},{"n":1,"addresses":["prl1zk06lpxdcyfa737ck3g5zp76lpgfhda6c7zyl8e4djrl6f4hmek4qxpxu8f"],"amount":200}]}