{"txid":"2d4242ab21319dac42b4c08c41da0355170df3a16fe33582965388db243075d2","block_height":null,"time":null,"vin":[{"txid":"2d4242ab21319dac42b4c08c41da0355170df3a16fe33582965388db243075d2","vout":26,"amount":261.88456745,"coinbase":false}],"vout":[{"n":0,"addresses":["prl1zp0getxcw2kmc4tffzzrqfprp00j3qs4n38v7arwwvf6wekuh3acsn6jrj8"],"amount":260},{"n":1,"addresses":["prl1p8h3266ekydyrcy3y2ve8wn4yujcwpcwed8n6jdkrue099m85mayq4n9z72"],"amount":1.88455899}]}