{"txid":"652f82dd8375648aeb0a2a3625ee0630a1a8cc0199bca5fb99803bfadf0ab86d","block_height":null,"time":null,"vin":[{"txid":"652f82dd8375648aeb0a2a3625ee0630a1a8cc0199bca5fb99803bfadf0ab86d","vout":0,"amount":4557.99999,"coinbase":false}],"vout":[{"n":0,"addresses":["prl1zrnw795ss5wm6a9684n6jln4ns3egjqh6re3pf6ke3h55vny8fvnsz6e3aw"],"amount":2000},{"n":1,"addresses":["prl1phhur8qkwflja3729gdln50vdpt2rg3nwzt4xnxesmvh3n049agfq90hp7g"],"amount":2557.99998846}]}