{"txid":"0527546950f412a8e81c6311df2cfd8d68dff4a76eb59c6483e1fccc88c426e9","block_height":null,"time":null,"vin":[{"txid":"0527546950f412a8e81c6311df2cfd8d68dff4a76eb59c6483e1fccc88c426e9","vout":321,"amount":119.54245825,"coinbase":false}],"vout":[{"n":0,"addresses":["prl1zsewpq0asas2lv8rw8rc20y0effsuqcmckzdne0esr64netlf4krs6adrcw"],"amount":100},{"n":1,"addresses":["prl1pd4jnrg7xycrvwewd899xep8nvct90dvxeggg7j3clkmpxeuzqevqqv9ge5"],"amount":19.54244989}]}