{"txid":"429d908918b913857ef65cf5c5f523915cf1784ae87a12a4426386125ff36f01","block_height":null,"time":null,"vin":[{"txid":"429d908918b913857ef65cf5c5f523915cf1784ae87a12a4426386125ff36f01","vout":1,"amount":9899.99999538,"coinbase":false},{"txid":"372f72cd40b816ef47b91864d95b48a719f730dbb47b1890e7672d6d4c94572c","vout":1,"amount":2798.99988823,"coinbase":false}],"vout":[{"n":0,"addresses":["prl1z6r0kreaj94wfznrhvhd032z3s4sl5rrv768mjecu3yaardlkk3xsjhhgww"],"amount":10000},{"n":1,"addresses":["prl1p209gdfdx4vl4y229jsqgx7rrncxpjpt2dgczqm7s8etpy0v60adqq05623"],"amount":2698.99988149}]}