{"txid":"3e6a12c4219b9e881b1212b049c16d7992d358e0f18434840e0012e0df1a6ebd","block_height":null,"time":null,"vin":[{"txid":"3e6a12c4219b9e881b1212b049c16d7992d358e0f18434840e0012e0df1a6ebd","vout":141,"amount":846.73497051,"coinbase":false},{"txid":"4c163218f723d3e5de8920d61923bcd93c37a9bb779287fafc6bd9dd8be23de8","vout":126,"amount":806.92711116,"coinbase":false}],"vout":[{"n":0,"addresses":["prl1zts9vmhuytdz4lqc5nmygqd6szr2gtd9lxkmmwfdu2h7tdceavkps90vrej"],"amount":1000},{"n":1,"addresses":["prl1pddj9a4yph8vt74wyexqfyxv3rumavln9e2e0gf0w0m3ze3cw9jks7wqu2u"],"amount":653.66207955}]}