{"txid":"57ad7588ba2b4a826b393d4af5bd09ea91011cf09513e3e3924d87c4ee655563","block_height":null,"time":null,"vin":[{"txid":"57ad7588ba2b4a826b393d4af5bd09ea91011cf09513e3e3924d87c4ee655563","vout":283,"amount":649.56714019,"coinbase":false},{"txid":"a1a9004daeffd9cf889edba106bab9c52563ddf81a9fc78f6320b57ba2af2bdd","vout":0,"amount":0.46933709,"coinbase":false}],"vout":[{"n":0,"addresses":["prl1pxq4j9jpgtcet95xsc75m53tdgks7z09jvlpkqtg0rutkj6593tqs3mee5f"],"amount":0.03646572},{"n":1,"addresses":["prl1zm6rmp7altyyveqmpdj4vqe92jdf56wn6sqajd7jcxrnnpr8ay3jsmgf5ma"],"amount":650}]}