{"txid":"ae4715fbb1181a8332c80eb85b60f44028bf47c2758c4a01569d39031788c724","block_height":null,"time":null,"vin":[{"txid":"ae4715fbb1181a8332c80eb85b60f44028bf47c2758c4a01569d39031788c724","vout":0,"amount":700,"coinbase":false},{"txid":"76a08cdcbb4a62d2ba6c654967344786f51bfc353bc3dbf8f77cac71c9ab7baa","vout":0,"amount":355.05686635,"coinbase":false}],"vout":[{"n":0,"addresses":["prl1z9mpcm6g4p6zl4rlehcp3zumdc4skweghtv09pvr23sqx9zarskcs4v8ntj"],"amount":1000},{"n":1,"addresses":["prl1pvxv7nhgzjgs53qplk7pexf6eafu6vj0c5jjyzqa5tf8lgvprsj9q8h9ma6"],"amount":55.05686423}]}