{"txid":"c2d17b18745ea597e59969f94cf8e87dcaaf20aa92b3754acc7c0f5eed722759","block_height":null,"time":null,"vin":[{"txid":"c2d17b18745ea597e59969f94cf8e87dcaaf20aa92b3754acc7c0f5eed722759","vout":0,"amount":999.99999889,"coinbase":false},{"txid":"edbeb982a75b692ebb3ebd6bea7f49ad383450e6ddffb07a26dd30a008f67c22","vout":122,"amount":25.16597122,"coinbase":false}],"vout":[{"n":0,"addresses":["prl1zfm8qatfdd2d8r69ma4j6pp338jr33e7zjvfkt2fz809am7geu4jqgpldh3"],"amount":1000},{"n":1,"addresses":["prl1p2q7dzxez8a4shzs2lykat9usf6tjcr7nq66u4kyn7n9m42zk0whsqfup62"],"amount":25.16596799}]}