{"txid":"8f566d3b9373553cd7634e208dfcd9ad8b8293805baf176949002e0a4aa07ed6","block_height":null,"time":null,"vin":[{"txid":"8f566d3b9373553cd7634e208dfcd9ad8b8293805baf176949002e0a4aa07ed6","vout":1,"amount":420.40874575,"coinbase":false},{"txid":"841bbc19b1b98faadb88a85143f341cbfbf9f8298d2c7f461b8cd8a557568618","vout":0,"amount":299.99998169,"coinbase":false}],"vout":[{"n":0,"addresses":["prl1zl4jq70h29srhguzk9d8ln3aneky6d72xvus3yap6r7xndufm2z4shkjxaq"],"amount":720},{"n":1,"addresses":["prl1p9n6v7e358h953c3jfnpm6sqnyp4zd30ae2uprn57kd8jjzuh623sqffqqu"],"amount":0.40871597}]}