{"txid":"f19f2082fa7f5f3e8a60ab9a990d8fb0945ffbbe1e3ba07d909e9111a5ce801e","block_height":null,"time":null,"vin":[{"txid":"f19f2082fa7f5f3e8a60ab9a990d8fb0945ffbbe1e3ba07d909e9111a5ce801e","vout":0,"amount":699.99999,"coinbase":false},{"txid":"609d03ca189d355a0de56ecb922c8b89308e29ca04908b585049e01dfc05744a","vout":92,"amount":414.67052802,"coinbase":false}],"vout":[{"n":0,"addresses":["prl1pdnc76npcy3aj4aj42ved6rd70q9l3322fd9e9xy0dvh0ydlyntvqzxer8f"],"amount":131.67049672},{"n":1,"addresses":["prl1zz5u7xp3w9jy2ly5274vnhd9672e556rfz2uygp0jcyrcdwey7vksmjkp48"],"amount":983}]}