{"txid":"3c1561e1496f38856b324097599a7bab4e8152a5e5f200d4a99cb63a73091d5a","block_height":null,"time":null,"vin":[{"txid":"3c1561e1496f38856b324097599a7bab4e8152a5e5f200d4a99cb63a73091d5a","vout":1,"amount":299.99998846,"coinbase":false},{"txid":"8132ea37be391bfeb3bf479f9de01afecaa687af0d8edf74a73c45b37531873a","vout":1,"amount":273.99999846,"coinbase":false}],"vout":[{"n":0,"addresses":["prl1zsq6l8skkpczmletjcf4tzrvd02mkd58es49jsz4ma5hn5jmy6n8q7veznn"],"amount":350},{"n":1,"addresses":["prl1pdtw9y3zn504xg5ytye22gznwzcmk0wfsrdupfdvyqdrulrfv8ngskuts3r"],"amount":223.9999848}]}