{"txid":"04995e0e62b66416f8e0c4c6512e69196a846c8fcd12dc8300b1d383fd7cb3dc","block_height":null,"time":null,"vin":[{"txid":"04995e0e62b66416f8e0c4c6512e69196a846c8fcd12dc8300b1d383fd7cb3dc","vout":0,"amount":174.68439091,"coinbase":false},{"txid":"e3ee9f1fc80ab343d0da743c89e28da95994712e279a73031012d85fa8e112e6","vout":0,"amount":76.77210768,"coinbase":false}],"vout":[{"n":0,"addresses":["prl1zkfggcfqyrp8wvmgpuss7dzzmxyzz6n778csw6kcyjq9t8vrdcc0q4zzsrh"],"amount":250},{"n":1,"addresses":["prl1pyrv9ptddzv3m8rlv9aqjgzep4zzd9ddn793qlhqc6y7nrw5tgytsnh8m0g"],"amount":1.4564871}]}