{"txid":"ddb5b5fe8057f5acf1ae203e2875b49d498c567839a034eba61265019560365c","block_height":null,"time":null,"vin":[{"txid":"ddb5b5fe8057f5acf1ae203e2875b49d498c567839a034eba61265019560365c","vout":1,"amount":492.51478228,"coinbase":false},{"txid":"9a1019201c7cb320224cbc793b43d1bd45c67fbc654d98fb92eee0b5671c3691","vout":0,"amount":24,"coinbase":false}],"vout":[{"n":0,"addresses":["prl1zhk6cm5qalffm5usqfzfmcr836gvla9jh7xj79cslgzmew4hj0jkqzk8ate"],"amount":516},{"n":1,"addresses":["prl1p9849nsvv3twpqdjxe3v7xk6g0k2upz0vpy4pcyna4fn6v6c8guss2ctcaw"],"amount":0.51478016}]}