{"txid":"176f8f6e0dcc2aafdfb0bcdac77305cb1b3e4cae5e55d2015127f81a035c6df6","block_height":null,"time":null,"vin":[{"txid":"176f8f6e0dcc2aafdfb0bcdac77305cb1b3e4cae5e55d2015127f81a035c6df6","vout":1,"amount":99.7103446,"coinbase":false},{"txid":"c0624eb4a83b32e6ab093de4189c31adef900519132c524de0e52e905247f5f6","vout":0,"amount":99.68617202,"coinbase":false},{"txid":"b472cb532431d766e1e62bae4866b3538d3440b09ac3ac7f355acd1e68f491f2","vout":0,"amount":86.04982788,"coinbase":false}],"vout":[{"n":0,"addresses":["prl1zd0cezww05ffajs04g2wyyxrkt24v4we6c4uac0fptgfk2zr2j6lsgfh7xn"],"amount":280},{"n":1,"addresses":["prl1pj5jw9ay386l29n0jqz7smmuppf77m30uqs5dyea0wmp4492aq5gq6kspps"],"amount":5.4463418}]}