{"txid":"244cdf03633aca3f3bd81ad8dc085fdb7096b6e465f518b2b4d0858c1a5effc6","block_height":null,"time":null,"vin":[{"txid":"244cdf03633aca3f3bd81ad8dc085fdb7096b6e465f518b2b4d0858c1a5effc6","vout":0,"amount":260.99999,"coinbase":false}],"vout":[{"n":0,"addresses":["prl1zwa0h6us8gal74uzv3rcry9358zpv6memnuntd3npawj6yshkgktqhv6aq4"],"amount":115},{"n":1,"addresses":["prl1py3nf72ftqwrara98hxr6aj8fzxkazlg5gdq79yddngjte69t75zqynakfj"],"amount":145.99998846}]}