{"txid":"13aa8806df1956556525df733b5d4afa822f5468ccbc56aff521b4e838c279cf","block_height":null,"time":null,"vin":[{"txid":"13aa8806df1956556525df733b5d4afa822f5468ccbc56aff521b4e838c279cf","vout":0,"amount":9999.99999,"coinbase":false},{"txid":"ad4adb5b899b1aed49167e8675554a4322fe2011fe5768bbe5669d6e87b8bd7a","vout":1597,"amount":9083.21085153,"coinbase":false}],"vout":[{"n":0,"addresses":["prl1pcwpa8grhqcxgzkmagvgvpfvs38x7vu8kc90ny7km73zsl9vwq5hsdg2h6z"],"amount":9083.21072756},{"n":1,"addresses":["prl1zhey4txund62ks07n50zvv6a8snrlg9geh78cafekf0h78m5vnp0sr04ntf"],"amount":10000}]}