{"txid":"98ac67001d9b8032c5cfbfb5ba1869de2e9e172861032d57a6f85eba030ea07f","block_height":null,"time":null,"vin":[{"txid":"98ac67001d9b8032c5cfbfb5ba1869de2e9e172861032d57a6f85eba030ea07f","vout":1,"amount":1048.9848551,"coinbase":false}],"vout":[{"n":0,"addresses":["prl1z6p2404w33sy7qw40dj38fvw7wddhqtmdf88ahff04menh0q2sczshwvhw6"],"amount":1048},{"n":1,"addresses":["prl1pqgcesycgzff79d3zun2tkyh5ghrhcug4jwx0rh3h7fdvg39ypxkqjh5v05"],"amount":0.98485356}]}