{"txid":"2095783992982420e3fbc5c725ba76f3d747dab3bd353ea36cd9510ec892c695","block_height":null,"time":null,"vin":[{"txid":"2095783992982420e3fbc5c725ba76f3d747dab3bd353ea36cd9510ec892c695","vout":0,"amount":536.90821408,"coinbase":false}],"vout":[{"n":0,"addresses":["prl1pa852n77998e2uv0tkt6zk6jrxv8qd8ue5czk2pmlkpzmkyfc926sanwj3j"],"amount":436.90820574},{"n":1,"addresses":["prl1zm4phz03hvm7zxcuaf64f9xxt82s0ajw25llm60mxs5ktqr25smcsgcszhh"],"amount":100}]}