{"txid":"f93a7aa3ebff563e9394e22209dadc366aaf3f4b5e4998a96111bff7ed11a8ca","block_height":null,"time":null,"vin":[{"txid":"f93a7aa3ebff563e9394e22209dadc366aaf3f4b5e4998a96111bff7ed11a8ca","vout":0,"amount":876.22805624,"coinbase":false},{"txid":"05664c3e07edb0b98b2f545c82b188601db725df55493a967c2823202d3ada88","vout":811,"amount":87.7393678,"coinbase":false},{"txid":"7f951293879b6ce6ac9d2b6b86bc10ff23f02d74ea40ba0279724bc70e6eae65","vout":733,"amount":53.88201591,"coinbase":false}],"vout":[{"n":0,"addresses":["prl1plvtd57r78ae2n3yy9e0f0cxtuv6scpcr80s2zec960k4xrt0jc3qyp4trq"],"amount":7.84874047},{"n":1,"addresses":["prl1z8q0wqejgdyphxqwp59f4f8ucvt4u88g93hx54pu6juz2ss7ya9psswx0tq"],"amount":1010}]}