{"txid":"8cacf345845f63d0b34f42e7ba26b443dc9544e2486ae3fdd19296148f802e1f","block_height":null,"time":null,"vin":[{"txid":"8cacf345845f63d0b34f42e7ba26b443dc9544e2486ae3fdd19296148f802e1f","vout":0,"amount":13219.31586853,"coinbase":false}],"vout":[{"n":0,"addresses":["prl1p5vrds4wcvkwf4t5uhp2aq4u5nv60ay3v5tgz3649qave90mmtnkqfnt63u"],"amount":8519.31586006},{"n":1,"addresses":["prl1zzgqrhrpp4mzq5asmmq5d65gukjzyhrrecn5zwn6m0uc860m7cr6spn8q3z"],"amount":4700}]}