{"txid":"235ce2e5a582ff3c0047a10bb01282c0d9a256b6049c27f16f8479eab8abddc2","block_height":null,"time":null,"vin":[{"txid":"235ce2e5a582ff3c0047a10bb01282c0d9a256b6049c27f16f8479eab8abddc2","vout":1,"amount":131.80939114,"coinbase":false},{"txid":"bec0fdfcf939269f22230d6d79c50c108e16a15c710bbcd6bb5492b671fac6f9","vout":1,"amount":105.79554756,"coinbase":false}],"vout":[{"n":0,"addresses":["prl1pzjqjezjwahqy3qguauaxcxhfruew59hm4mk9tt2hpg6qfrlaxp6qwpn775"],"amount":84.60492736},{"n":1,"addresses":["prl1zhdvtgkq92hsgzrar2l7nqzm8dhd3d0w3j6vkfq6506yks585hj6sj053dz"],"amount":153}]}