{"txid":"a8c6cbda8e77117f5b29cf5067b6c148519934cf63ca4048df33144b2349e7f6","block_height":null,"time":null,"vin":[{"txid":"a8c6cbda8e77117f5b29cf5067b6c148519934cf63ca4048df33144b2349e7f6","vout":0,"amount":104.99999,"coinbase":false},{"txid":"fc07a1c3f6a5826c601971b2b42ab3501d27e9da33a80262ba1d89b388a7b3c1","vout":1,"amount":64.86,"coinbase":false},{"txid":"653a79469d89e63d6f01bccbb66f9f1ee176918ae243d95ddb8e746d11ea39d7","vout":1,"amount":7.949,"coinbase":false}],"vout":[{"n":0,"addresses":["prl1pgsxcmwem289hm3fsy98xd5y6rcwllur4d0xm94skuxfkw4kdjreq280g0h"],"amount":7.80897567},{"n":1,"addresses":["prl1zvmzhz5vkpq6cm7e6qzyewpd4njym2hzts4phaaspn0fr5ws0zlaseq54fz"],"amount":170}]}