{"txid":"d9b760e358bf57910e6b8da2ef975cf38bc533c8f18a4ed580c568be2d901aa1","block_height":null,"time":null,"vin":[{"txid":"d9b760e358bf57910e6b8da2ef975cf38bc533c8f18a4ed580c568be2d901aa1","vout":1,"amount":536.72478672,"coinbase":false},{"txid":"f7c500460c367598a665f344b3db9ba2d881284d95629dddfb9d194e24c13280","vout":0,"amount":499.99999,"coinbase":false}],"vout":[{"n":0,"addresses":["prl1zhadrhrz2e7ze60lm3ucp9tyg6ep78hna285t4s5pqfmm4mg2hgsqpkk33m"],"amount":650},{"n":1,"addresses":["prl1p9pg7e4vfg9e9dy6m03zn5gwt2r23629rymrtmv0g9mp72ks6e5jsy7c7xx"],"amount":386.7247746}]}