{"txid":"32e4b0c5e2383782ba7e42835aed10b5ab464609eeda1d2e6f126a99fb02d6f0","block_height":null,"time":null,"vin":[{"txid":"32e4b0c5e2383782ba7e42835aed10b5ab464609eeda1d2e6f126a99fb02d6f0","vout":457,"amount":244.48906662,"coinbase":false}],"vout":[{"n":0,"addresses":["prl1pr0jy7vhkh7t07c2ueug26a7xj3pu6ewhynd2jd27w28jfg89pnrsp0h9n3"],"amount":4.48905816},{"n":1,"addresses":["prl1zvh20jqgupupmgenzya6e9q30mhj87ccf5vh04g6rrvult9m4epvq4g3sad"],"amount":240}]}