{"txid":"217b38e2ef49d044316802c8a8ca4fe4e8ea0fc50ad2566df8ed754c7da5fee2","block_height":null,"time":null,"vin":[{"txid":"217b38e2ef49d044316802c8a8ca4fe4e8ea0fc50ad2566df8ed754c7da5fee2","vout":0,"amount":2299.99999,"coinbase":false},{"txid":"7e2be827b936fd44b94fed64df6bd72dc7c88db80ba154152aa429a5b453c674","vout":0,"amount":68.99997667,"coinbase":false}],"vout":[{"n":0,"addresses":["prl1pl73ulzx4u8dccue495wv7muu0wq7w80exwagh50qs2pnnd8zwrls5clup9"],"amount":68.99995499},{"n":1,"addresses":["prl1zcpel42r85xfppzmu9f45wwt2w6vcatrqd5gkqf08agazr6qmt78q3ga4q0"],"amount":2300}]}