{"txid":"290fcad2b166f82d8c99650a6987bffd52ce39d03e7a831a8412ad20b7c94d19","block_height":null,"time":null,"vin":[{"txid":"290fcad2b166f82d8c99650a6987bffd52ce39d03e7a831a8412ad20b7c94d19","vout":0,"amount":3999.99999,"coinbase":false},{"txid":"de611691fc1b28d8910055056857bbcba324ebe1298660bb1474f6aeba86a6ca","vout":1,"amount":67.97583442,"coinbase":false}],"vout":[{"n":0,"addresses":["prl1z8ekfxurw68262wp6eymx4u93rehcm9995hfv0eurzwpsf2hurnts3f0cj6"],"amount":4000},{"n":1,"addresses":["prl1p30q4r5gnzuvnzu6w535j6rxm8yds2v6lpwy4leysycsplx3r4mrstte6nx"],"amount":67.9758223}]}