{"txid":"c49eb9a1154d37ebf3fc051a3149424d4bea53c1149756233531b20d37ce107c","block_height":null,"time":null,"vin":[{"txid":"c49eb9a1154d37ebf3fc051a3149424d4bea53c1149756233531b20d37ce107c","vout":0,"amount":250.69999,"coinbase":false}],"vout":[{"n":0,"addresses":["prl1p8e23q7h7udpmhj2z2f6jhq0ddrl6gtyqxa8rckskdkewhs79jcfqncwz87"],"amount":150.69997419},{"n":1,"addresses":["prl1zu4qyrxxkyrjnjlgu4c4ekzgyyanghm74f8e4hpef0f2kf8gpavdss0yl2q"],"amount":100}]}