{"txid":"9726c025789d1f4f3506ba79c63557828bffc0a54edb6a61b7d1aef028866771","block_height":null,"time":null,"vin":[{"txid":"9726c025789d1f4f3506ba79c63557828bffc0a54edb6a61b7d1aef028866771","vout":350,"amount":307.56396925,"coinbase":false},{"txid":"ccd4188e9f04ec15e0e86b2a84a2584d5381a7d19cfb1e3f1079f071886a0a4a","vout":0,"amount":119.99999,"coinbase":false}],"vout":[{"n":0,"addresses":["prl1zxsf5me6w0v6k5qk3jcupl8jn3h3yx0peqnj25wj70fy06clzcztsmt5a2l"],"amount":420},{"n":1,"addresses":["prl1pr0m89srg4sa28y6szvlh6hwdzv4jay8r6en072mueac4uc9j9t4sf4ytd4"],"amount":7.56384074}]}