{"txid":"941a0d285de197ea4431519331f5bc6bc0900fe7997e31029c0b8819487bca9e","block_height":null,"time":null,"vin":[{"txid":"941a0d285de197ea4431519331f5bc6bc0900fe7997e31029c0b8819487bca9e","vout":0,"amount":699,"coinbase":false},{"txid":"dbf918cbaba538117de0f4d5fd0d2f5a44d473768fa4af233289fb2c7a035453","vout":1,"amount":10.85040222,"coinbase":false}],"vout":[{"n":0,"addresses":["prl1zmcskejgd6tdz8mycy63dtxkn9h2dyte2yg4z84q3nx4655zq0esqzq2pjd"],"amount":700},{"n":1,"addresses":["prl1psxzlz9arnuvx2dfr9naplsncwh3q7dep9vp82tl9ykrdxr2hy5fqxcx6x5"],"amount":9.8504001}]}