{"txid":"18aa40c036e1d9b8b0c5298bbd4c3ab141b7913e1457165c88682ce108c402ff","block_height":null,"time":null,"vin":[{"txid":"18aa40c036e1d9b8b0c5298bbd4c3ab141b7913e1457165c88682ce108c402ff","vout":1460,"amount":155.9045865,"coinbase":false},{"txid":"0c99250a80e685848ec33e1fbed95c5106e91e99e034ace35e758311365abbfa","vout":1597,"amount":88.50532313,"coinbase":false}],"vout":[{"n":0,"addresses":["prl1z2rrapwa8nwadfv2kvxawun7k8990rgtzcppn6rwgxj72tghwflqqxgdqle"],"amount":244},{"n":1,"addresses":["prl1phzhqqld00xk6eyr0r6z64rm4r38uyx8ck7ja4eqeummtyu48qzgqm8fftj"],"amount":0.40990751}]}