{"txid":"cdf719e489768bee8454a867f26e0d84b4d95dcb4d5f2960a674df01466dc2bf","block_height":null,"time":null,"vin":[{"txid":"cdf719e489768bee8454a867f26e0d84b4d95dcb4d5f2960a674df01466dc2bf","vout":0,"amount":1019.7621071,"coinbase":false},{"txid":"8a2147613dd151b7db19017dcdb61c1be4809a80ba1a947c2460bbe6a69848ca","vout":0,"amount":2,"coinbase":false},{"txid":"9e8594981f44e05d6af0841309fdefef6431752edba917120a6395547834d5cc","vout":1,"amount":0.51478016,"coinbase":false}],"vout":[{"n":0,"addresses":["prl1zc9k54hgumlttqkvhjdu5n4zyld7h0sjd2jxljv0xcn3j7n8nq9fs8gnura"],"amount":1022},{"n":1,"addresses":["prl1p9849nsvv3twpqdjxe3v7xk6g0k2upz0vpy4pcyna4fn6v6c8guss2ctcaw"],"amount":0.27688456}]}