{"txid":"b2e0497fb6a4b80ecf75f600a6821bc44532fa1d22c72ecf0caf4b658d99ae8a","block_height":null,"time":null,"vin":[{"txid":"b2e0497fb6a4b80ecf75f600a6821bc44532fa1d22c72ecf0caf4b658d99ae8a","vout":0,"amount":70842.1116505,"coinbase":false},{"txid":"4a88114e75ecc96885a952ae6c068453b46c098e7e17ddff9e2a0278f396d7f7","vout":1,"amount":31215,"coinbase":false}],"vout":[{"n":0,"addresses":["prl1zwm8u0rgxwt62jt28qek7av9sg99fhpfl9gtutd2wf24xfnu7c7vs5avvmx"],"amount":100000},{"n":1,"addresses":["prl1p94mante8tgtvajgghxh93l0z0vykzz7xfly6zdfpd9lsarm3dlystq3ar4"],"amount":2057.11164838}]}