{"txid":"d105ab6c7cf2709ffded73b1b5ba700c0e1e8618794f6dc19291624488335a31","block_height":null,"time":null,"vin":[{"txid":"d105ab6c7cf2709ffded73b1b5ba700c0e1e8618794f6dc19291624488335a31","vout":0,"amount":106.99999,"coinbase":false},{"txid":"febcc114e0430727e69d5295053acf0f31e75d24a6bda67969b32bc090f5e1a4","vout":11,"amount":6.77274333,"coinbase":false}],"vout":[{"n":0,"addresses":["prl1zdgfwz58hnavkmaxv00mdr99cnzewusret0lpk73ct8ukk7cg9pfq4cqk3a"],"amount":113},{"n":1,"addresses":["prl1pthq92ke003r5ka4wdwy8kttvuz4qxsreyvps30pvhq6pxh3xwlzq9nt24l"],"amount":0.77273121}]}