{"txid":"5b8e66dc3ac9f96e0811c825c478fa3032537acdee96cd36ef6425b63bc33c1b","block_height":null,"time":null,"vin":[{"txid":"5b8e66dc3ac9f96e0811c825c478fa3032537acdee96cd36ef6425b63bc33c1b","vout":0,"amount":102.0408,"coinbase":false}],"vout":[{"n":0,"addresses":["prl1peukj8f28qmajpxu9ls6kpuz40fpp08ep6qmdqa6er2tp6sflhvdsqapw0t"],"amount":99.999984},{"n":1,"addresses":["prl1ppf959pzmduxmxf2t7hnlhm4gyzfve4pzs3s840lzh0stvanfs8qskqlngq"],"amount":2.040806}]}