{"txid":"00f1e7dc5435b6c6451d302b76f54641fd5c5b64cad08ab924a4cd91bbd42c0e","block_height":null,"time":null,"vin":[{"txid":"00f1e7dc5435b6c6451d302b76f54641fd5c5b64cad08ab924a4cd91bbd42c0e","vout":0,"amount":500,"coinbase":false},{"txid":"7ebe5cd81c39728e84aa9ef8fe00c4ed92bfcac2bcecca9aa02026cc33fa3eca","vout":0,"amount":499.99999,"coinbase":false}],"vout":[{"n":0,"addresses":["prl1zvjujwkaze6qr60y8xnmx8wytgg8zu7g8x6khxug4s4yeavg0xwvs6ms93z"],"amount":500},{"n":1,"addresses":["prl1pyx822355muc7mn73j4pjpx4wdgjxdfn37szg6gf5355jpp8523uqk7ajqt"],"amount":499.99998788}]}