{"txid":"4751db012c3e0c67515e48489baefe804458c0a603de32af869d724b71848711","block_height":null,"time":null,"vin":[{"txid":"4751db012c3e0c67515e48489baefe804458c0a603de32af869d724b71848711","vout":0,"amount":133.99999,"coinbase":false},{"txid":"02d1d75dd56553491a6353f101512db991b958b3259617340ab6b80c94219dec","vout":1,"amount":0.52967604,"coinbase":false}],"vout":[{"n":0,"addresses":["prl1zkc8y8ve8kh823plvndqhqca4w8w8z7fmjy5ajmnljp9zp6caqpsqcf8c7f"],"amount":134},{"n":1,"addresses":["prl1plutvq8ndrjzd9h545mmxfch974k7flj59k09kfz4lm0ngx6t50rsmhdt0n"],"amount":0.52966392}]}