{"txid":"ca9e985543b467bad90b61ca27bd7d13bb33581b9c2942312df7683916fc1bf5","block_height":null,"time":null,"vin":[{"txid":"ca9e985543b467bad90b61ca27bd7d13bb33581b9c2942312df7683916fc1bf5","vout":409,"amount":347.58541856,"coinbase":false},{"txid":"308c1b93ae889c2063615fbdc91ab6eb72532f4de3a9d04792ae80012076b705","vout":0,"amount":0.88393008,"coinbase":false}],"vout":[{"n":0,"addresses":["prl1p7ydma3mvlh9tt299dw0d99du92l409eq0zgpvdp0q5clhs2dvexquyzn0k"],"amount":0.46933709},{"n":1,"addresses":["prl1z9vatd09w0sx3jst87wds7khgxpyrpydggu2nxxsdte33fzm09z2qz2ckyg"],"amount":348}]}