{"txid":"32be6951cc8442f9f785284011ca1fb536562448f4be9b32590eeae50a815153","block_height":null,"time":null,"vin":[{"txid":"32be6951cc8442f9f785284011ca1fb536562448f4be9b32590eeae50a815153","vout":1398,"amount":102.13171058,"coinbase":false},{"txid":"80c666258a8ef7cd61a15aecf0e5f90ad4ce43749f54beee73bae69a4d3e9be8","vout":1125,"amount":48.51994165,"coinbase":false},{"txid":"7857b73643e0cd96ceecd9f2d9008a34cdefcb96b35a57861322d211244f633c","vout":766,"amount":45.11049772,"coinbase":false}],"vout":[{"n":0,"addresses":["prl1p0samxdhjh7amf3v9fs700r34htwc6pyf8wvq2k35pfrf5wsy6u3s56z2u2"],"amount":5.76199075},{"n":1,"addresses":["prl1z290r7epsd6g9thymrn4pl3hzuzqf5mn4ksvjty7v26t9a7f8039saupmaj"],"amount":190}]}