{"txid":"e0bc9c1d1965dd87ba811ac934125e93a2da775b760bd75d0bb6126a1c94b486","block_height":null,"time":null,"vin":[{"txid":"e0bc9c1d1965dd87ba811ac934125e93a2da775b760bd75d0bb6126a1c94b486","vout":0,"amount":449,"coinbase":false},{"txid":"565f1af7be97e3ab4fe4c2e3a4ff845de4b1d6e09ed53f8431cd324d0dddabf1","vout":1,"amount":0.0949921,"coinbase":false}],"vout":[{"n":0,"addresses":["prl1zhxqrdx7zh9lvfuehdjcghktgr3zcf7s6qdlf5993lr7ysk6wuu8s4mp8ku"],"amount":449},{"n":1,"addresses":["prl1pnd2ng4u8ay84yu92vmazrvs0up36xerzj9gzscagqevtzg3mmgrs9xa69t"],"amount":0.09498998}]}