{"txid":"b070191af498353560f656e2925f4aa4e60ac7b9b7cfc91ba403de272d41e7e2","block_height":null,"time":null,"vin":[{"txid":"b070191af498353560f656e2925f4aa4e60ac7b9b7cfc91ba403de272d41e7e2","vout":0,"amount":4999.99999,"coinbase":false},{"txid":"c491c70043a0df8e986a3f569a4e6cdf124e7cdd261d58efdf2f53f9e29a185e","vout":70,"amount":154.24625046,"coinbase":false}],"vout":[{"n":0,"addresses":["prl1zphempevzqletp2kvgrwh99fdukxgvskzx9pqf27tp6clh5a6ssmstlaq3t"],"amount":5000},{"n":1,"addresses":["prl1puy76vy3uxxwekuejszw4d83kzyw6pucmsekqu4ajznnxkfrjmpyq270grf"],"amount":154.24602746}]}