{"txid":"c4a06b35ff2bca475488a2cb3d717c89c196f1da73980eb3daa8d9d1d9a52bb3","block_height":null,"time":null,"vin":[{"txid":"c4a06b35ff2bca475488a2cb3d717c89c196f1da73980eb3daa8d9d1d9a52bb3","vout":0,"amount":1365.38691185,"coinbase":false},{"txid":"f4214af015c25b8595b76c901734d9ed8718d8e1db17c2e6e8aacaabfe6fd6f8","vout":0,"amount":1317.80273274,"coinbase":false}],"vout":[{"n":0,"addresses":["prl1zhmfznvy03eyy58h6p4qnlh8xw8kup8xx9gzn62ql4k6kukc30zuqxnhxtx"],"amount":2296},{"n":1,"addresses":["prl1pxgx47sgn9wrzhl5gsugur9j4yxzpf7wpfv4m4ynqr35w9ng4avvqduz955"],"amount":387.18964247}]}