{"txid":"619edc3ce69813e6a7b3f28c68c763279d6b8c4d718ecc35a6ac19416d196214","block_height":null,"time":null,"vin":[{"txid":"619edc3ce69813e6a7b3f28c68c763279d6b8c4d718ecc35a6ac19416d196214","vout":0,"amount":112,"coinbase":false},{"txid":"6463ddc08ae5f86118e2914e85694c02d8c69bdb2f61d4775ab1630cf622b3f6","vout":680,"amount":61.10908912,"coinbase":false}],"vout":[{"n":0,"addresses":["prl1zq3gcgppdgqjn24k0drjvqvqv0597syrhr7vqctd3ercl5l0f6hxqx525hv"],"amount":173},{"n":1,"addresses":["prl1ppwud63x4euwf8frau3arzuweqmznjmwlujr90a4vljqw0qxfezyqx2ag7j"],"amount":0.109087}]}