{"txid":"daf3b1382b0bafe4979d2bf1b43b99a295200189bbf872f9b8c3b6d6a1b961c1","block_height":null,"time":null,"vin":[{"txid":"daf3b1382b0bafe4979d2bf1b43b99a295200189bbf872f9b8c3b6d6a1b961c1","vout":1,"amount":1488.99998167,"coinbase":false}],"vout":[{"n":0,"addresses":["prl1ze8gjkyejnvf6wg5834axj6z2dd7d7rvch8mz32k2yatdfuwaql8q2vz0xs"],"amount":1000},{"n":1,"addresses":["prl1pm2fa674y672qzkyrmvsva4qsm2ygamn794ytkash49yfmfcxy92sj4cgjv"],"amount":488.99997336}]}