{"txid":"e6cb4ee7ef4743b183fbad4cc9876b51c9a8c9a0c3f81bf9222eaf60754b856b","block_height":null,"time":null,"vin":[{"txid":"e6cb4ee7ef4743b183fbad4cc9876b51c9a8c9a0c3f81bf9222eaf60754b856b","vout":0,"amount":1017.99999,"coinbase":false},{"txid":"132e845609656088f833c33c3f1bc24ed423a925a5b7ecf0c3e5958e0af535c2","vout":1,"amount":1.01292614,"coinbase":false}],"vout":[{"n":0,"addresses":["prl1zj0pskzy7gc9yey4c2sdmyluctl6yhwfknskfz4uppcwkxamng5lsfjqy30"],"amount":1018},{"n":1,"addresses":["prl1pa8ruu2s9hltrepx3vl5zrt6kcaxdkgjdktae9e3d2py7c263uc2s809rlx"],"amount":1.01291402}]}