{"txid":"deab394abdd7beeda42e133b5373bcbf197384ee6a2c650f2b9f2dd5ef0bebf3","block_height":null,"time":null,"vin":[{"txid":"deab394abdd7beeda42e133b5373bcbf197384ee6a2c650f2b9f2dd5ef0bebf3","vout":0,"amount":2759.94551152,"coinbase":false}],"vout":[{"n":0,"addresses":["prl1pjdcynpe0825xxw8cmej9dm4ytzdfy2c2w78v2lhkemktnkmy6ytsj9x3hc"],"amount":1759.94550076},{"n":1,"addresses":["prl1z3pu30rsjnew6g2ygrsrg2f3rlnrw5ccyfpwnlgg8phqn0j7n2wlsxmm587"],"amount":1000}]}