{"txid":"57ad7588ba2b4a826b393d4af5bd09ea91011cf09513e3e3924d87c4ee655563","block_height":null,"time":null,"vin":[{"txid":"57ad7588ba2b4a826b393d4af5bd09ea91011cf09513e3e3924d87c4ee655563","vout":28,"amount":2177.00466951,"coinbase":false}],"vout":[{"n":0,"addresses":["prl1zte8aagkfpzaxm9g7vjdxcaetkue7czdrwrmxda8ylluw2zwv2f3s97nvft"],"amount":1679},{"n":1,"addresses":["prl1pssevuxrt4xg6mqhemymwdrasdmzxd9su74wv0lr5jqt3zycpk9fq2ghh7a"],"amount":498.00466797}]}