{"txid":"706b7d51a3b938dc761bb151273a92ac559b30e2b7e57afa29da810a8d34e353","block_height":null,"time":null,"vin":[{"txid":"706b7d51a3b938dc761bb151273a92ac559b30e2b7e57afa29da810a8d34e353","vout":0,"amount":893.99999999,"coinbase":false}],"vout":[{"n":0,"addresses":["prl1p5g3x45txnwydgkkgq0jkqd47c093qgal8usmkjt4zy0vda042kusk9lqgk"],"amount":876.11999999},{"n":1,"addresses":["prl1ppf959pzmduxmxf2t7hnlhm4gyzfve4pzs3s840lzh0stvanfs8qskqlngq"],"amount":17.87999}]}