{"txid":"84bb4f929f811fa0db3bd3026c8b594335ef42c69170732667ce732f1e125eaf","block_height":null,"time":null,"vin":[{"txid":"84bb4f929f811fa0db3bd3026c8b594335ef42c69170732667ce732f1e125eaf","vout":0,"amount":764.99999995,"coinbase":false}],"vout":[{"n":0,"addresses":["prl1pc3x62esmx8ynsaf7rmd8s6f0t39y7wmfhc365fn5hmujr87vpwlqp6z00l"],"amount":764.99998995}]}