{"txid":"62fa8cb5adc75f3a6ad1e51df153d61008d333a89546b4a3f8fa99b5e090d573","block_height":null,"time":null,"vin":[{"txid":"62fa8cb5adc75f3a6ad1e51df153d61008d333a89546b4a3f8fa99b5e090d573","vout":1,"amount":351.93914552,"coinbase":false},{"txid":"96362952ac3675f9b64a65fd124122d1985fd0c59bdbb47b46c2aae049876c8e","vout":1,"amount":25.89713804,"coinbase":false},{"txid":"d137335552747917e723d02153a16066f20b65f2d6e72c3767847a63cb0eb817","vout":0,"amount":0.28978873,"coinbase":false}],"vout":[{"n":0,"addresses":["prl1p8v73jxag7wu6kprg6dkcvcchqxfst2g9yggkr3mf7jcptnjncaxqu2s344"],"amount":0.12507229},{"n":1,"addresses":["prl1z2wekaack0xa5kfnmj2h3040r8u8xyd5cmhwtum032pjx469etn4sh7n3x3"],"amount":378}]}