{"txid":"2f55f846a6a3d817d8921fb0097ec273ecc898547597d595121b849ee79eb1c7","block_height":null,"time":null,"vin":[{"txid":"2f55f846a6a3d817d8921fb0097ec273ecc898547597d595121b849ee79eb1c7","vout":817,"amount":552.05145535,"coinbase":false},{"txid":"e766c81fab0777816af87da652c20a2f6fc48a12c8a993abe792a174f7997604","vout":200,"amount":267.77640999,"coinbase":false},{"txid":"03c19e9b8b131560c3e45485128df48ca18841ebbb900bb2ff98372c2cb64cee","vout":1,"amount":0.19491615,"coinbase":false}],"vout":[{"n":0,"addresses":["prl1zxe29jxq0l5xxvnk8hxqs9m5wmfu8jjgwkk96husv7rzu2e5828xqv8uf3p"],"amount":820},{"n":1,"addresses":["prl1ph8pm3wq738kt7q3sjusztaml6v8ur444506r44qderqly0whwsmqmxlw2e"],"amount":0.02277879}]}