{"txid":"dd63f49603914224a41598db77d8a9613b16de98cc46101ecd4fd8e546ddbb3a","block_height":null,"time":null,"vin":[{"txid":"dd63f49603914224a41598db77d8a9613b16de98cc46101ecd4fd8e546ddbb3a","vout":0,"amount":2789.99999,"coinbase":false},{"txid":"344c1b8929f8f0e1a3e19b3b65bbe4dc92e40d4fcce76d6fa8738e130aa29233","vout":1,"amount":2.98601673,"coinbase":false}],"vout":[{"n":0,"addresses":["prl1pvj7drxzv64medrs46ayc4xsdk2hassjzu05f5l0pvnp79fka2n4suvfaye"],"amount":2.98577535},{"n":1,"addresses":["prl1zwu6cw7wzu5y0kgv4vtve789ru6nykdns567hwh00y4tg3gqfvj3qhzr3v8"],"amount":2790}]}