{"txid":"286f4dbc85fb823344e3c5ca97ae7e7eb0afc8e7ddb4ce1e58a00abd2c76b23f","block_height":null,"time":null,"vin":[{"txid":"286f4dbc85fb823344e3c5ca97ae7e7eb0afc8e7ddb4ce1e58a00abd2c76b23f","vout":348,"amount":434.13258843,"coinbase":false}],"vout":[{"n":0,"addresses":["prl1pv658ggc5v5mgzt4288dpe48rz6e584erlm38ankwxych326xhpqqknnav5"],"amount":334.13258011},{"n":1,"addresses":["prl1zxn4y3agcr3yemw52a39z2khpt82wemqn550mhlqwv2s3d99753ns8ldp6a"],"amount":100}]}