{"txid":"6dabc86d03334716976d8a40c1a051d2faacc9eac7ffbf470a925eb692289eb8","block_height":null,"time":null,"vin":[{"txid":"6dabc86d03334716976d8a40c1a051d2faacc9eac7ffbf470a925eb692289eb8","vout":441,"amount":773.1833654,"coinbase":false},{"txid":"c2d21fbbf2ca6c4c208f33ddbbf10d66a40a7e1ab597df5fab6fb45acd1ee5a0","vout":0,"amount":144,"coinbase":false},{"txid":"0527546950f412a8e81c6311df2cfd8d68dff4a76eb59c6483e1fccc88c426e9","vout":378,"amount":101.32179031,"coinbase":false}],"vout":[{"n":0,"addresses":["prl1z4qs0fwrc50jt8l39kqhat7p4wsqlz8geppg92l64achhkydr92vsg9tlen"],"amount":950},{"n":1,"addresses":["prl1pxgnxlareshwpdac979p7tes2ycrj2k6xdn8cy6dkuqta92r6unhs52sjex"],"amount":68.50514113}]}