{"txid":"4a4086483ecd38d69ad9fbeba2269b14ae597475bd40b73281004b80aab8db8e","block_height":null,"time":null,"vin":[{"txid":"4a4086483ecd38d69ad9fbeba2269b14ae597475bd40b73281004b80aab8db8e","vout":0,"amount":399.99999,"coinbase":false},{"txid":"c94fb99aa31b585a6d8320235d1b22b7f07314155fc091c0133a68702c59d760","vout":543,"amount":188.66555777,"coinbase":false}],"vout":[{"n":0,"addresses":["prl1zeknemnw0tndyuz7zcegx2aeps5grmgrxtkajpuhyesph320hxyeqemr65r"],"amount":400},{"n":1,"addresses":["prl1pkld3f3mezwqvcg6ghtmrfsgqlk90v7zh78r9k83agn40gdaqrwwqlazura"],"amount":188.66554565}]}