{"txid":"f406fbcb9fd7c2e167b46e2d61e013f82c3a82957b66bbc16977e73b3c1fd0ca","block_height":null,"time":null,"vin":[{"txid":"f406fbcb9fd7c2e167b46e2d61e013f82c3a82957b66bbc16977e73b3c1fd0ca","vout":0,"amount":2774.74887505,"coinbase":false}],"vout":[{"n":0,"addresses":["prl1zjhu62zuccsvde9x5r7kxs6zqszlkqfnqyrd65x3erfjazu6exn4sp6edtv"],"amount":1800},{"n":1,"addresses":["prl1paczjp8f6dje4gcrny7kce7taseh05w899z9x8yw74xrkt4zh5q2qlrtsjn"],"amount":974.74887351}]}