{"txid":"a2a9bbd271388a675bee6096f12a82af6c8fb300f1c457c32dc6ce0f6dad5b30","block_height":null,"time":null,"vin":[{"txid":"a2a9bbd271388a675bee6096f12a82af6c8fb300f1c457c32dc6ce0f6dad5b30","vout":0,"amount":706.28874048,"coinbase":false}],"vout":[{"n":0,"addresses":["prl1zcaqwj0zvt2zv45qfjkw9snecrm7yxx3z224g7jfn8uz3deu6cy5qak5jdg"],"amount":100},{"n":1,"addresses":["prl1p3mzfwrw9y2tpj9cyfxw3nzusyevvwmulwkarwpqpgrnl9k542xqsqc6220"],"amount":606.28873894}]}