{"txid":"ae04e59705b58d860ee91d2e1fcc19fc05acaa7c53deddaffa200a71e61f832c","block_height":null,"time":null,"vin":[{"txid":"ae04e59705b58d860ee91d2e1fcc19fc05acaa7c53deddaffa200a71e61f832c","vout":240,"amount":33176.50441696,"coinbase":false}],"vout":[{"n":0,"addresses":["prl1ztu2dgpn7erhhct5fzr0mnyxdf3vx8fu7x4u7434apjudqjrl27asggu0jg"],"amount":7000},{"n":1,"addresses":["prl1p3nldxnthq0wg06gm9q2xmss06thw0rdq273m0hpl0lz3xg9w2c6slsexp9"],"amount":26176.50440864}]}