{"txid":"ef50292628c4f0f32b4ba88946df9aabcb2710ce653b22bc4c2742e64674f8c2","block_height":null,"time":null,"vin":[{"txid":"ef50292628c4f0f32b4ba88946df9aabcb2710ce653b22bc4c2742e64674f8c2","vout":0,"amount":200,"coinbase":false},{"txid":"ec7cdb87dac407608b6698bb99bde945029e07ed429ecca3d5912b642aae6e00","vout":1,"amount":0.33232088,"coinbase":false}],"vout":[{"n":0,"addresses":["prl1zlr58amcn5s67xs2g2ruqezhcgu8lmqllywu4z3yrx8wl7f63ar3q5h62eg"],"amount":200},{"n":1,"addresses":["prl1p9849nsvv3twpqdjxe3v7xk6g0k2upz0vpy4pcyna4fn6v6c8guss2ctcaw"],"amount":0.33231876}]}