{"txid":"57ad7588ba2b4a826b393d4af5bd09ea91011cf09513e3e3924d87c4ee655563","block_height":null,"time":null,"vin":[{"txid":"57ad7588ba2b4a826b393d4af5bd09ea91011cf09513e3e3924d87c4ee655563","vout":206,"amount":1874.6382003,"coinbase":false},{"txid":"2a8943f88606132eed97c968588d7a4dace727f31c65ff9d3ac2d5f2a1c10af8","vout":1,"amount":41.78826839,"coinbase":false}],"vout":[{"n":0,"addresses":["prl1pult30pvs7e96cja3z696kjxl0m8lkn92n878dh6je9yuvnp2rgmqvkpxq6"],"amount":16.42645707},{"n":1,"addresses":["prl1zkymtq3y2z2d9mgjm04n2c9gzxqtu90neq9hre3tevhjctdrq97eqrqt22n"],"amount":1900}]}