{"txid":"8f69aafb095eb1cb0a7cb7b443aad28fa7ab01f00d4ce2c117be231410dea744","block_height":null,"time":null,"vin":[{"txid":"8f69aafb095eb1cb0a7cb7b443aad28fa7ab01f00d4ce2c117be231410dea744","vout":553,"amount":129.10243367,"coinbase":false},{"txid":"92b1c5e05ee5a528c949690f47211bba221ccae3f1d215b87c3dd562a302ab5f","vout":0,"amount":13.75741444,"coinbase":false},{"txid":"e95c1f20bc728bb88b71423d4821c728a0adc9d45aa722b31a3f74ce6456c6c9","vout":0,"amount":13.29403041,"coinbase":false}],"vout":[{"n":0,"addresses":["prl1pet4fccvd6vz4v36ft2maujwg98jqp4vaql3xmf5uv8kd73xk8z4s6rg3fe"],"amount":0.15360852},{"n":1,"addresses":["prl1zvy7x02lj2spdunjkmvtxpu8c37xehjrqs4tnvw3l6vxmsnd0fpds2lwgs3"],"amount":156}]}