{"txid":"77ed05226438bb8769673f88c9bf64314cd6bb041918dabfe87efdf88845b972","block_height":null,"time":null,"vin":[{"txid":"77ed05226438bb8769673f88c9bf64314cd6bb041918dabfe87efdf88845b972","vout":0,"amount":250,"coinbase":false},{"txid":"4aed4156d74e99484a03c3aadb017375a7d0f7d4f6ae77d3d3d607774c5d6142","vout":1,"amount":0.55358902,"coinbase":false}],"vout":[{"n":0,"addresses":["prl1zqegeem6vpg92ex6f50202a84aav7p5jrwq4atcrt8ayh63cpxq3sfjlw3g"],"amount":250},{"n":1,"addresses":["prl1pcmh09gq68xeywxcjhzcjv9jvzl4s6g808cll4f4mh955ajpq485qgh8u6v"],"amount":0.5535869}]}