{"txid":"8eeb0c4e21d475dfe72ff5915fa0c403a8557c34f1e00e546ee7f6e537c27a29","block_height":null,"time":null,"vin":[{"txid":"8eeb0c4e21d475dfe72ff5915fa0c403a8557c34f1e00e546ee7f6e537c27a29","vout":1,"amount":708.60652989,"coinbase":false}],"vout":[{"n":0,"addresses":["prl1zx066yhp9uuyt7cs3pduy0v46sc68gzkhjtfu890tpvdyzheyv5us6t5h82"],"amount":700},{"n":1,"addresses":["prl1p7rj2rtxyrjszfngpjjdkhafzsrg7s9p2ps5zft2ddpw9snwgavds6dsws5"],"amount":8.60652835}]}