{"txid":"3c79227845dbb92bb006714cd9b986aa399aba273a6f9d2912160b0dd601174b","block_height":null,"time":null,"vin":[{"txid":"3c79227845dbb92bb006714cd9b986aa399aba273a6f9d2912160b0dd601174b","vout":0,"amount":2937.28010129,"coinbase":false},{"txid":"9ed893aebd63406024777ea612725e9a5453eddd4e627bc371e0ff1f3f27765b","vout":0,"amount":2808.91230987,"coinbase":false}],"vout":[{"n":0,"addresses":["prl1zj4dxlu7nzkgp0wxv8kqzvafhpymkz442lux25ktrs0akzfdyvsnqgnq5yz"],"amount":5000},{"n":1,"addresses":["prl1ph8e3gxnytz9zmemwygpmlahft0d5gz4wwqs6uu0nqmlwhm80laeqhpm3ex"],"amount":746.19240904}]}