{"txid":"09397e33e18a33468a62d3e16779daa25c6ceaafdb3af664b9630d77f0ef610d","block_height":null,"time":null,"vin":[{"txid":"09397e33e18a33468a62d3e16779daa25c6ceaafdb3af664b9630d77f0ef610d","vout":0,"amount":979.99999,"coinbase":false},{"txid":"4f6581e6f4d61fd24ab889f878110d27372c3589b68523221c72821ad11c91bb","vout":1,"amount":0.99999788,"coinbase":false}],"vout":[{"n":0,"addresses":["prl1zj423tptcpz0dmd2q4uz594axfnxngfzk5zcqk296np37j76d29xq44jlsl"],"amount":980},{"n":1,"addresses":["prl1pdytdzfcnaaxj082csutg609kr9ck6vz5t2me8rkr737en3q7e43q3gzkey"],"amount":0.99998576}]}