{"txid":"2d4242ab21319dac42b4c08c41da0355170df3a16fe33582965388db243075d2","block_height":null,"time":null,"vin":[{"txid":"2d4242ab21319dac42b4c08c41da0355170df3a16fe33582965388db243075d2","vout":543,"amount":296.95541288,"coinbase":false},{"txid":"33cc12f487b77d7a377289a5088e6b27aa635c7506647d7198c186b9c226d860","vout":131,"amount":164.21668574,"coinbase":false}],"vout":[{"n":0,"addresses":["prl1zstzp85c4n53k653eud0xjxsr58uux8d04y2glr0x2p5r4zhm6u6q4x4dfy"],"amount":461},{"n":1,"addresses":["prl1pxxhwehjk99esumhralaukkv7e8qvx9yhqlacr4qcheq2kcut3rfqk3gsww"],"amount":0.1720965}]}