{"txid":"ca9e985543b467bad90b61ca27bd7d13bb33581b9c2942312df7683916fc1bf5","block_height":null,"time":null,"vin":[{"txid":"ca9e985543b467bad90b61ca27bd7d13bb33581b9c2942312df7683916fc1bf5","vout":454,"amount":80.54881968,"coinbase":false},{"txid":"2d4242ab21319dac42b4c08c41da0355170df3a16fe33582965388db243075d2","vout":6,"amount":71.55784213,"coinbase":false},{"txid":"934670b9a872d44f08f5fd7d5850a57cbd7cbafa1d3b0ac8fd125ead274d60da","vout":1,"amount":5.08543547,"coinbase":false}],"vout":[{"n":0,"addresses":["prl1zec9re2ju4v2ut20zcd4z9e4gpd6z7tar63dew6vyxeu7z7e7835q0wvfdv"],"amount":157},{"n":1,"addresses":["prl1puyzcr8tkj6hyvetdhmggf3jdw68hc0hq5knuym70v3vv7l60fvnq8sudsc"],"amount":0.19209458}]}