{"txid":"89a7cdf7bbac111edad2f0490909fc8fe8ae781d904094362d3ba2cb18f40c85","block_height":null,"time":null,"vin":[{"txid":"89a7cdf7bbac111edad2f0490909fc8fe8ae781d904094362d3ba2cb18f40c85","vout":0,"amount":266.3900333,"coinbase":false},{"txid":"31255f30d2e4b590d02748145c900093416324ba0d0ad645541895f8ff6a3667","vout":1,"amount":66.5899334,"coinbase":false}],"vout":[{"n":0,"addresses":["prl1zaud2mgvxqszpexvmnev7zm2fs80k6pqw5d3zdj73grw5mveamqyqmjhxqe"],"amount":300},{"n":1,"addresses":["prl1pq97mgvn7gxgn5gxtuwancd5x00z6mqzp0q56x7d9uz32qvw4sn3qxk5r72"],"amount":32.97996458}]}