{"txid":"a9e925be4612216ca6a01a5ec32523d79325f615af8c541b45c54d1c9ec12ce3","block_height":null,"time":null,"vin":[{"txid":"a9e925be4612216ca6a01a5ec32523d79325f615af8c541b45c54d1c9ec12ce3","vout":0,"amount":108.9399617,"coinbase":false},{"txid":"101a01dfc65b38caa3024966ce8b860392c37fef3f2b20480be160ac517b50b8","vout":0,"amount":99.99999,"coinbase":false}],"vout":[{"n":0,"addresses":["prl1pk0pzyu2ae0aj670l7efhtcdzejzs0chq3h30u4753x09aphptmws7ey6dv"],"amount":14.93994013},{"n":1,"addresses":["prl1z9lag33hjf8c2x0h0cfhdpnjghcpryckuymlvpnkf79n2zl72sqespux9kp"],"amount":194}]}