{"txid":"95778a0490f25bfad0dd59ba70507fd8d38ed5576a83b0f213a27ac16b6c5b95","block_height":null,"time":null,"vin":[{"txid":"95778a0490f25bfad0dd59ba70507fd8d38ed5576a83b0f213a27ac16b6c5b95","vout":11,"amount":659.47245865,"coinbase":false},{"txid":"5639151e5bf777522ea0bd174af5af6ff4f46de7faa148acf4656157cdd3116c","vout":9,"amount":530.7601816,"coinbase":false}],"vout":[{"n":0,"addresses":["prl1ppgr6m0hmjvvxxl9uxmsn2a95c6cvwsdqqag5esf5c0s73g3h6auqvwxqdf"],"amount":0.23262873},{"n":1,"addresses":["prl1z5c7zysr8musgnkhusdxvfqza0h206cd40xe3dvaumeaeunl3mc3s7dfrae"],"amount":1190}]}