{"txid":"0a59a3f4923d662bfcaf3bf2fbec1c2d16a66f9d6d2f685f2ef73c9735567b7a","block_height":null,"time":null,"vin":[{"txid":"0a59a3f4923d662bfcaf3bf2fbec1c2d16a66f9d6d2f685f2ef73c9735567b7a","vout":0,"amount":9999.99999,"coinbase":false},{"txid":"0b1d5aac4fd4f5988df6d372c75e1eca873bf6b97e9bf7b4ae0b4c29cc8f91fa","vout":165,"amount":210.9659798,"coinbase":false}],"vout":[{"n":0,"addresses":["prl1zh3slw0w7a3dzk8w007zadnh8jrety68836kzqj4fj9wmr2s20frqw9a3ln"],"amount":10000},{"n":1,"addresses":["prl1p3slg7gshj55vq3na3cgttjwafsfnp56l2q66z98r85gkdvtmsysq28vx32"],"amount":210.96596768}]}