{"txid":"becf438a50f8edca1d8bf1dd563d13d95a3f6986aec805e6ed6ea4ec4565f707","block_height":null,"time":null,"vin":[{"txid":"becf438a50f8edca1d8bf1dd563d13d95a3f6986aec805e6ed6ea4ec4565f707","vout":1,"amount":9499.99999846,"coinbase":false}],"vout":[{"n":0,"addresses":["prl1zm0ws704pyh0hsp43mk8qufnmcz5hxc9amkqpp47t0ln4yt90tgrquw24kr"],"amount":2750},{"n":1,"addresses":["prl1p209gdfdx4vl4y229jsqgx7rrncxpjpt2dgczqm7s8etpy0v60adqq05623"],"amount":6749.99999692}]}