{"txid":"a1eb498bdd69de0497785eeaaee7f9190713c5ce9d6b833046dbb53c53a27827","block_height":null,"time":null,"vin":[{"txid":"a1eb498bdd69de0497785eeaaee7f9190713c5ce9d6b833046dbb53c53a27827","vout":362,"amount":237.91686727,"coinbase":false},{"txid":"75ad79bdbcab13c11436bcf521374514462c6473852d8b980b336d18eac27b08","vout":216,"amount":165.22776938,"coinbase":false},{"txid":"5e7b6271289c0d7bef92070cfab5b3754f756db3042a849ae48187e9afab814f","vout":107,"amount":160.48514579,"coinbase":false}],"vout":[{"n":0,"addresses":["prl1zvrqhzy85j4rjcdq506dqyd4tvhtvc79r5ma5wn3knjxtqjg8qcvsgh6q50"],"amount":500},{"n":1,"addresses":["prl1pu08fzrmgz2f4ma6t454sqg4vlnzdqjvng4g24pes85crljxuu65srrttup"],"amount":63.62977974}]}