{"txid":"857fe38aaf302cd107e6fd5f7f10ba44f76bff00d2fa79153a3c7a28a2a45137","block_height":null,"time":null,"vin":[{"txid":"857fe38aaf302cd107e6fd5f7f10ba44f76bff00d2fa79153a3c7a28a2a45137","vout":1,"amount":242.57858927,"coinbase":false},{"txid":"af01a3f2892b8a287d2d80783af3c02a6aa55430c9d7ad1bf12cd4578bc20dee","vout":365,"amount":15.73037949,"coinbase":false}],"vout":[{"n":0,"addresses":["prl1p4exdht4mhsfezy955jpkhj9c5ll5e7dfdftcsrvpmwlha3zg80ts8xnh36"],"amount":8.30895704},{"n":1,"addresses":["prl1zu8jccuc5dmnct3gw5e8hv8aqdxck6zawuvrgg5xl8nj9c0zs4qjqtjtnns"],"amount":250}]}