{"txid":"8ef52df2fd01eddd7c776218ff94968f4fa9d2dd2f8245bd26782ce08bf5027c","block_height":null,"time":null,"vin":[{"txid":"8ef52df2fd01eddd7c776218ff94968f4fa9d2dd2f8245bd26782ce08bf5027c","vout":1,"amount":1999.99998846,"coinbase":false}],"vout":[{"n":0,"addresses":["prl1zd8uszr4vhgcm4efjkjvam3frt5ch6qg04rwr0y2gefgktta4qpjs6jjjml"],"amount":1000},{"n":1,"addresses":["prl1pdf8l9ery0957wnwhkd0efw0pvunyjcmcu5zswjkawp3xs7dsceuqm7dpk9"],"amount":999.99998692}]}