{"txid":"ca9e985543b467bad90b61ca27bd7d13bb33581b9c2942312df7683916fc1bf5","block_height":null,"time":null,"vin":[{"txid":"ca9e985543b467bad90b61ca27bd7d13bb33581b9c2942312df7683916fc1bf5","vout":532,"amount":319.45904677,"coinbase":false}],"vout":[{"n":0,"addresses":["prl1pevl7c0wckk09yhdpd2z5432kax33hswp786whex50dfkk89fazsqmdpgpf"],"amount":187.45903833},{"n":1,"addresses":["prl1zwane6q0c06mf4gzs8m5kylfdayase6cv2lkjg8xezek2k6gdnkuqy9rvks"],"amount":132}]}