{"txid":"bd8f0a0de18f7e128b4d8a800554d209ff446d452ba0ab6d03afcfeafc4c6604","block_height":null,"time":null,"vin":[{"txid":"bd8f0a0de18f7e128b4d8a800554d209ff446d452ba0ab6d03afcfeafc4c6604","vout":0,"amount":204.99999,"coinbase":false},{"txid":"63f23a596647ef2b7ffadd70be301707f6bceb1cbfe9219c8e424ce5e74721de","vout":1,"amount":0.73926435,"coinbase":false}],"vout":[{"n":0,"addresses":["prl1zet8eysng4w4e38y8e5gxuznsc092cj5puz0wscfl5u3shactj80qwquakx"],"amount":205},{"n":1,"addresses":["prl1pxgx47sgn9wrzhl5gsugur9j4yxzpf7wpfv4m4ynqr35w9ng4avvqduz955"],"amount":0.73925223}]}