{"txid":"6e933953e4b55b8d75d3343df7d54f6a6986a92ef455a3c3d846a4d2b275545d","block_height":null,"time":null,"vin":[{"txid":"6e933953e4b55b8d75d3343df7d54f6a6986a92ef455a3c3d846a4d2b275545d","vout":0,"amount":11999.99999,"coinbase":false}],"vout":[{"n":0,"addresses":["prl1z2cttvgc3llv9nstafkqmfekzsxmdld606ygyelneeq3r3qcwvunq94jd7h"],"amount":5000},{"n":1,"addresses":["prl1p803zg3vaw5yp4s0pfv8c7f0w9u9r2xgvw0j65zetklgqpzrjya8q4wuk7d"],"amount":6999.99977882}]}