{"txid":"54b33f4c526b127c4c408fbf00e60f1fd2903013316414917fa2a2615bc96549","block_height":null,"time":null,"vin":[{"txid":"54b33f4c526b127c4c408fbf00e60f1fd2903013316414917fa2a2615bc96549","vout":862,"amount":559.62143769,"coinbase":false}],"vout":[{"n":0,"addresses":["prl1z76e5aexpxjn73a0nrvrdrca2j5fmtcuvu8wd3hhle6gllln9j8as0yml9h"],"amount":400},{"n":1,"addresses":["prl1p2p0lp0xhvg5y8cuqyuck9udzykv3cxkffn0n0ahzuuf0dapr9vzsmyueqx"],"amount":159.62143615}]}