{"txid":"d1321634f24ab09c55dc749f08e85a142f8098a364b243e5e83f9b4e6cc15ad6","block_height":null,"time":null,"vin":[{"txid":"d1321634f24ab09c55dc749f08e85a142f8098a364b243e5e83f9b4e6cc15ad6","vout":665,"amount":418.44055808,"coinbase":false},{"txid":"13357ebdb0cea6bffefe60a4a81be49c265a104e382acb80694ccc678ec3cf35","vout":558,"amount":276.34414632,"coinbase":false},{"txid":"4fa02a2b6d04cc89ea7973f05559bd098ed977e34daefe35964bbfa9212bd92f","vout":1,"amount":58.20577769,"coinbase":false}],"vout":[{"n":0,"addresses":["prl1zxhexhz94v9c92q2yq20w837s0l5h6h3x5tr3q28v9hmhnwmvnkzqh82ddc"],"amount":750},{"n":1,"addresses":["prl1p7rj2rtxyrjszfngpjjdkhafzsrg7s9p2ps5zft2ddpw9snwgavds6dsws5"],"amount":2.99047939}]}