{"txid":"c7c0a389e3d3804382166aeb07dca02f561d0a23d6ff6be9d0672f00dce03234","block_height":null,"time":null,"vin":[{"txid":"c7c0a389e3d3804382166aeb07dca02f561d0a23d6ff6be9d0672f00dce03234","vout":0,"amount":9300,"coinbase":false},{"txid":"f958d64ce953c40bbf236813f09d8c0e8e6b7da80953fddd8eee00de17d88c3f","vout":0,"amount":5684,"coinbase":false},{"txid":"ccf1d0a299ecc62f699c4f3225ec9cb72e9aac58f207b45cd515b7f107446cf0","vout":1,"amount":68.82656642,"coinbase":false}],"vout":[{"n":0,"addresses":["prl1z269hehnkhgcz2wu0wgepjldlhzmpe0h55l2v4tn3wyxm6asqwnws6qnyuq"],"amount":15000},{"n":1,"addresses":["prl1p9227tkvlhul8aqd4xpcgk8y3303hllehs8akft9zuyjqklfp3z6qj0m75f"],"amount":52.82656372}]}