{"txid":"b3aa5c5a70818705034356f032aa3a879c2e6e43ec165a56930283d6784b9c4c","block_height":null,"time":null,"vin":[{"txid":"b3aa5c5a70818705034356f032aa3a879c2e6e43ec165a56930283d6784b9c4c","vout":1,"amount":145.79998902,"coinbase":false}],"vout":[{"n":0,"addresses":["prl1zv6p26f9uz3l7j68kk6umwrqdr73ydhmgpjjy76uzs0lj3wyrp5hq4tk2f7"],"amount":100},{"n":1,"addresses":["prl1pzmr904ef067506akv00h53aavc9m6mjerllkxarztqm49gdxetsq8dldx5"],"amount":45.79998748}]}