{"txid":"4170a0560073faaf7f89a4343ed3d33d6b4073badbec7c00eb66cf76796008b1","block_height":null,"time":null,"vin":[{"txid":"4170a0560073faaf7f89a4343ed3d33d6b4073badbec7c00eb66cf76796008b1","vout":1,"amount":2335,"coinbase":false},{"txid":"4170a0560073faaf7f89a4343ed3d33d6b4073badbec7c00eb66cf76796008b1","vout":0,"amount":1.87878282,"coinbase":false}],"vout":[{"n":0,"addresses":["prl1p89af3v2wgs6gvya7fnn6sh2uc28eclk04sne4gxtnp8gdacztj7qh8f4q4"],"amount":1.87877141},{"n":1,"addresses":["prl1ztgqs0tsl00gv6xpdfdnn5x06y849zud0t8gdjz7wqk3svkdvngfq5dj6mj"],"amount":2335}]}