{"txid":"a81d72aa27d6f2a5a3832698dfa30633007360a734f8184405fbd506e055b416","block_height":null,"time":null,"vin":[{"txid":"a81d72aa27d6f2a5a3832698dfa30633007360a734f8184405fbd506e055b416","vout":0,"amount":76,"coinbase":false},{"txid":"409b2d7c1aa7f1cc6f404901669eb3bda81db2ee967229f08b7e71ce28a84def","vout":32,"amount":73.3768397,"coinbase":false},{"txid":"33cc12f487b77d7a377289a5088e6b27aa635c7506647d7198c186b9c226d860","vout":404,"amount":1.02076633,"coinbase":false}],"vout":[{"n":0,"addresses":["prl1z040csa28xwdy9nf2wt759kzhxas9kmgzx8yqjpks2s3jrhe2950smqd0yn"],"amount":150},{"n":1,"addresses":["prl1p8jy6r42xtpp9ree6v0p2smxrz390t8d62l40ra9lkd6cmeu6yqzqwvfl69"],"amount":0.39760333}]}