{"txid":"e4c1637848f5866b3921880b4b63d46905575411eb275004fbd77f659447a2e4","block_height":null,"time":null,"vin":[{"txid":"e4c1637848f5866b3921880b4b63d46905575411eb275004fbd77f659447a2e4","vout":1,"amount":1013.3041715,"coinbase":false}],"vout":[{"n":0,"addresses":["prl1zkhpdcyfn3rk8ku5w6a5fu76ddjejn9r4zax6k577ncpjt7rulfnsk6akyu"],"amount":1000},{"n":1,"addresses":["prl1p9849nsvv3twpqdjxe3v7xk6g0k2upz0vpy4pcyna4fn6v6c8guss2ctcaw"],"amount":13.30416996}]}