{"txid":"aa8268658e34c3ef7d2b36400dc653261f2c73092154e2596d8a2133a61d6ec5","block_height":null,"time":null,"vin":[{"txid":"aa8268658e34c3ef7d2b36400dc653261f2c73092154e2596d8a2133a61d6ec5","vout":1,"amount":605.59999846,"coinbase":false}],"vout":[{"n":0,"addresses":["prl1z7t6jgl8pfd0gyfjy0k362cjz330mdwx57mqe3at5tacl3rsqdq6s099w3k"],"amount":250},{"n":1,"addresses":["prl1pd6y6xe4gkxdfqrqfx7nasxf93k8qhs6v7leln4tvtma9ldm28k8snkq8zy"],"amount":355.59999692}]}