{"txid":"18f87ea503a14cb0bf4183626d8775398c3bd2a08946ef4671dde955258b284b","block_height":null,"time":null,"vin":[{"txid":"18f87ea503a14cb0bf4183626d8775398c3bd2a08946ef4671dde955258b284b","vout":0,"amount":616.53233686,"coinbase":false}],"vout":[{"n":0,"addresses":["prl1pcf3r3zfq9kmzdh5qvzmf2r6hpa5p3nv8rvc5gyj4ujcqq9cfdd8styty3h"],"amount":609.5323284},{"n":1,"addresses":["prl1zmq8vhtrcqfkhueyxjnqpn5cn7s8f4w5s9p698amw5h056vj6fs2sygyyle"],"amount":7}]}