{"txid":"a2b67020b2ac850c72c829a5eef6782abb5b5751d8b3596796f739ec7bbde723","block_height":null,"time":null,"vin":[{"txid":"a2b67020b2ac850c72c829a5eef6782abb5b5751d8b3596796f739ec7bbde723","vout":1,"amount":149.99999846,"coinbase":false},{"txid":"8fec3a9cc920fc39a57ccabc8b562cacbe4474e92186589b8909ac36984a1dcc","vout":1,"amount":8.50647498,"coinbase":false}],"vout":[{"n":0,"addresses":["prl1ze9scwwv58xf9a8tenvlc5p4ytg4y5shxczaejvfgnt8kgsr9dmescdt54m"],"amount":150},{"n":1,"addresses":["prl1px7kjjj5yfhmxsm7dm6r530xac5snw5ztj733rywq2l2s8wklx9nq5chryk"],"amount":8.50647132}]}