{"txid":"21f7186a2e07745f613d265eed226de22c78027abcf9500d68e215466b70ee8d","block_height":null,"time":null,"vin":[{"txid":"21f7186a2e07745f613d265eed226de22c78027abcf9500d68e215466b70ee8d","vout":242,"amount":167.88750693,"coinbase":false},{"txid":"db21b4c80bc9c556fc4cc53b5ea0f613d38e9255b653912fab8c1eebad9075e3","vout":1155,"amount":157.54313692,"coinbase":false},{"txid":"200fbee55cfadec2a0030f02dc5c3351f67ccfb1784f2d82507894f47b348d63","vout":1224,"amount":8.36263472,"coinbase":false}],"vout":[{"n":0,"addresses":["prl1zdfsp0fc4nagcwqzpy4f5fjs632a4zxczprxjrvzlutyh9g565xyq5yl0py"],"amount":330},{"n":1,"addresses":["prl1pe3ys7gkqxw7pwjax60qm8umd7ha3cvjdslp8aspnrlt2s52uuvasc6py39"],"amount":3.79327587}]}