{"txid":"417e630779d03b048ad689bb6589356b5bf9169500fd72b183a3e7ef4607f1c7","block_height":null,"time":null,"vin":[{"txid":"417e630779d03b048ad689bb6589356b5bf9169500fd72b183a3e7ef4607f1c7","vout":0,"amount":2179.99998854,"coinbase":false},{"txid":"dd1d7a037ab26d03a79606fc64dd541be1625c801003cbf0752fd8d4d8d92dd6","vout":12,"amount":1089.08792151,"coinbase":false},{"txid":"0f33134c03ebce977cd481fc1472c50d025718c72611c770722bf02dc457b02e","vout":1,"amount":69.99989029,"coinbase":false}],"vout":[{"n":0,"addresses":["prl1p9ezd9ses3vggd8uqk8je5z2fffpq07yu7d3sfl753t6vavkkq8cs567vh5"],"amount":39.087786},{"n":1,"addresses":["prl1zkjeqtpnmh7qquq3xus30xcpwzmlx92j8r0hf9w6yvlqa9u6vlm3stpvjxk"],"amount":3300}]}