{"txid":"331c8aed484079b7388887e22035e4a49ad257626cc16c024436abf27808e8ef","block_height":null,"time":null,"vin":[{"txid":"331c8aed484079b7388887e22035e4a49ad257626cc16c024436abf27808e8ef","vout":0,"amount":4199.99999,"coinbase":false},{"txid":"f27bfa068248d4f472eadb5e2c2f47983d9225f8b23436ea9ea373d4d8087ffc","vout":1,"amount":5.63488583,"coinbase":false}],"vout":[{"n":0,"addresses":["prl1z0878uca0g8y09jpvwzqwakv5juxprk2chcrymyxauzqpk69f3xtsumug5s"],"amount":4200},{"n":1,"addresses":["prl1ppwud63x4euwf8frau3arzuweqmznjmwlujr90a4vljqw0qxfezyqx2ag7j"],"amount":5.63487371}]}