{"txid":"57ad7588ba2b4a826b393d4af5bd09ea91011cf09513e3e3924d87c4ee655563","block_height":null,"time":null,"vin":[{"txid":"57ad7588ba2b4a826b393d4af5bd09ea91011cf09513e3e3924d87c4ee655563","vout":235,"amount":204.86617824,"coinbase":false},{"txid":"ca9e985543b467bad90b61ca27bd7d13bb33581b9c2942312df7683916fc1bf5","vout":128,"amount":45.7222695,"coinbase":false},{"txid":"6dabc86d03334716976d8a40c1a051d2faacc9eac7ffbf470a925eb692289eb8","vout":231,"amount":28.84064511,"coinbase":false}],"vout":[{"n":0,"addresses":["prl1plvsul685mkz6ctu5wy90jnnjv2x8njvar6uxp8056theejpwx5gswvzn5x"],"amount":0.42907815},{"n":1,"addresses":["prl1z7da9avmv0uzkmjs3quyn92syd259m0xhhqyjlk8y406mhmhqnxvq9q9psf"],"amount":279}]}