{"txid":"dff4100efeab7da77737905369293c5462059a7be88fcae9a2e19b9b6eae5d63","block_height":null,"time":null,"vin":[{"txid":"dff4100efeab7da77737905369293c5462059a7be88fcae9a2e19b9b6eae5d63","vout":1,"amount":100000,"coinbase":false},{"txid":"128d6af22ffb552737f86bf818788d571f989b0b125e0f73ff2d95555bd297de","vout":0,"amount":100000,"coinbase":false},{"txid":"285d44b655d8ab8eb5e4b1907d078ae32a8f5f0012df3f5e0e23d62d3d322fc4","vout":1,"amount":0.99949992,"coinbase":false}],"vout":[{"n":0,"addresses":["prl1zvgy9pv3dylx5q6gwmt0jr4d5ma4qaws8pnqec48qftqtmp2alpgqgnvmuv"],"amount":200000},{"n":1,"addresses":["prl1pczfs4vztl57ddwj9gvsp2uvrt7wlrupermnp24p454gwvp4h8vksnyqrz8"],"amount":0.99948539}]}