{"txid":"cb48a451cd1ad305b1edf9632c06f18a58adbcaf75f3ceb8ae03c4037d8968ea","block_height":null,"time":null,"vin":[{"txid":"cb48a451cd1ad305b1edf9632c06f18a58adbcaf75f3ceb8ae03c4037d8968ea","vout":362,"amount":43.77374617,"coinbase":false},{"txid":"5a2bba88847ca27464094e12e090f9bfbee7fc37e40027edcbc8154fd58ed5c3","vout":1014,"amount":30.21589301,"coinbase":false},{"txid":"be92e32497a19758b193de1a30fed840060ef358e1f7b56bf1360c78c1dc2c3d","vout":1374,"amount":29.0377291,"coinbase":false}],"vout":[{"n":0,"addresses":["prl1z2lth5wpd9eapjfz5uq9curmh9n5tdjfgtjak7lxkpgzatqlleqcq6pj0fu"],"amount":100},{"n":1,"addresses":["prl1p4ulu56a4nec9qqdfhna8j7fdk3l97c8v0hemer43469fp5njew6qufxzx9"],"amount":3.02736558}]}