{"txid":"fa70ecdb4f86684172af92bd7bda21b18046dd26e49c09cd2a3aca1d91884aac","block_height":null,"time":null,"vin":[{"txid":"fa70ecdb4f86684172af92bd7bda21b18046dd26e49c09cd2a3aca1d91884aac","vout":0,"amount":98,"coinbase":false},{"txid":"4f46224bef16a87111f6347490ec38ef89e94e5b33b2228b73a4e76a5b3d3b46","vout":20,"amount":55.37435126,"coinbase":false}],"vout":[{"n":0,"addresses":["prl1zukxscmmlfdqn3u2hx37merg53rxuwzu5a489tujs2dz48en46jus0fnpte"],"amount":100},{"n":1,"addresses":["prl1p5afcdxywm5v2kmgkuuzqp4qt7hl7s0f3xzqktckxekka53rlu6ks49cyrh"],"amount":53.37434914}]}