{"txid":"32e4b0c5e2383782ba7e42835aed10b5ab464609eeda1d2e6f126a99fb02d6f0","block_height":null,"time":null,"vin":[{"txid":"32e4b0c5e2383782ba7e42835aed10b5ab464609eeda1d2e6f126a99fb02d6f0","vout":288,"amount":230.73862921,"coinbase":false}],"vout":[{"n":0,"addresses":["prl1z25m8uztpc4vf3ut5grr3p2yvmlgw7sk7yceradjhl2ed2re9t4ps2xpvm5"],"amount":100},{"n":1,"addresses":["prl1pefy97fscslmg7ls4nnydj4x2qk87e9g20ztf6d9h0sf0s007flhsghwpnu"],"amount":130.73862767}]}