{"txid":"1850754264a1997740ddb0ee97224afb4e8b7e3eda54eae1a966831d357c3eec","block_height":null,"time":null,"vin":[{"txid":"1850754264a1997740ddb0ee97224afb4e8b7e3eda54eae1a966831d357c3eec","vout":1,"amount":9699.99999538,"coinbase":false}],"vout":[{"n":0,"addresses":["prl1z7dg2gqc5s7qrlsuqnc0watufqllwu3gq6z7cp9h3lp3wwze63asqufdrgx"],"amount":500},{"n":1,"addresses":["prl1p209gdfdx4vl4y229jsqgx7rrncxpjpt2dgczqm7s8etpy0v60adqq05623"],"amount":9199.99999384}]}