{"txid":"82afc9dda09d11ee5081259774826071667cae6b6752707c5ffb82dacdb769f6","block_height":null,"time":null,"vin":[{"txid":"82afc9dda09d11ee5081259774826071667cae6b6752707c5ffb82dacdb769f6","vout":0,"amount":402.99999,"coinbase":false}],"vout":[{"n":0,"addresses":["prl1p3dx782xzq3m6gunmqqe58ep835nxqk5vrhwza7ysgg83l9a4s3msv09yqt"],"amount":2.99998155},{"n":1,"addresses":["prl1z3df8srh6tee6kptq63qax6ka7dqltr05nv0uec8resamxgj02eaqnqhzr8"],"amount":400}]}