{"txid":"f8d011e2c454f4ffcad6c3e3671d0bc996203c479ecdade3a14a47ca50137f0b","block_height":null,"time":null,"vin":[{"txid":"f8d011e2c454f4ffcad6c3e3671d0bc996203c479ecdade3a14a47ca50137f0b","vout":1,"amount":499.99996652,"coinbase":false},{"txid":"6f5f05f027ff032ba9573025eedf994010fddfb1b099f7dc1bea921537368185","vout":1,"amount":497.9999696,"coinbase":false}],"vout":[{"n":0,"addresses":["prl1zxlfhn632dwcsec8z0pvxtptvzd4zlzehcr4gahpge9szwn06elcqlnh2zk"],"amount":800},{"n":1,"addresses":["prl1p209gdfdx4vl4y229jsqgx7rrncxpjpt2dgczqm7s8etpy0v60adqq05623"],"amount":197.999934}]}