{"txid":"3c910a79e2bd3ec3daf465455f726720829d6b32e54d9028298f15d473ea9fb5","block_height":null,"time":null,"vin":[{"txid":"3c910a79e2bd3ec3daf465455f726720829d6b32e54d9028298f15d473ea9fb5","vout":571,"amount":128.24427276,"coinbase":false},{"txid":"a7666431bb8628263407f9d12890ba6fbf0a2a9a9edc00d232e9873d75df3b77","vout":467,"amount":69.85953429,"coinbase":false}],"vout":[{"n":0,"addresses":["prl1zdc7g2vyv0523s543j70qhpewz0gl5zc6k9d5mh32w5al7n32lwpsx3r8v7"],"amount":190},{"n":1,"addresses":["prl1pspna38xuetu2aqvxdxremn77wdktws2xz5qvc0fnv7362a0yznnqm3f4xp"],"amount":8.10380493}]}