{"txid":"4d588a4d8cd3aca39a3138b7a6cbd5883d1cfd39aff18ab175d6f64ab98ed001","block_height":null,"time":null,"vin":[{"txid":"4d588a4d8cd3aca39a3138b7a6cbd5883d1cfd39aff18ab175d6f64ab98ed001","vout":415,"amount":99.16285521,"coinbase":false},{"txid":"f2279dd1c47bfa78e914e275bd4e98666eb0d0613545765df4ea8ba1c79084df","vout":870,"amount":89.33932213,"coinbase":false}],"vout":[{"n":0,"addresses":["prl1znqwcsqpxd69ql7cgdu6ezh6xtxpxz0gghngj58retvzs6jyetwhqy44fa0"],"amount":101},{"n":1,"addresses":["prl1pwr5886ypg84da89qdnuar3847aw56m80mzrsnzycwk0xknq5w6vsdwhre6"],"amount":87.50217522}]}