{"txid":"b1d988317b09c639847874ba5a328c0555485b467a9ba7253431132c0d372baf","block_height":null,"time":null,"vin":[{"txid":"b1d988317b09c639847874ba5a328c0555485b467a9ba7253431132c0d372baf","vout":0,"amount":1664,"coinbase":false},{"txid":"479dbabee4c1130ab471a9fc6b7860f18caaaf6cc10e1fbd2b7ac4851a9a40be","vout":1,"amount":0.49999634,"coinbase":false}],"vout":[{"n":0,"addresses":["prl1z09e4a3rezc85dyuw6yrztxx2p0v4h6s9a54fgdzx436kq04cftwqxs8g3c"],"amount":1664},{"n":1,"addresses":["prl1p9849nsvv3twpqdjxe3v7xk6g0k2upz0vpy4pcyna4fn6v6c8guss2ctcaw"],"amount":0.49999422}]}