{"txid":"57ad7588ba2b4a826b393d4af5bd09ea91011cf09513e3e3924d87c4ee655563","block_height":null,"time":null,"vin":[{"txid":"57ad7588ba2b4a826b393d4af5bd09ea91011cf09513e3e3924d87c4ee655563","vout":589,"amount":2979.69445267,"coinbase":false},{"txid":"ca9e985543b467bad90b61ca27bd7d13bb33581b9c2942312df7683916fc1bf5","vout":263,"amount":1.19879701,"coinbase":false},{"txid":"6dabc86d03334716976d8a40c1a051d2faacc9eac7ffbf470a925eb692289eb8","vout":313,"amount":1.11033626,"coinbase":false}],"vout":[{"n":0,"addresses":["prl1zxk4w6pz3j5wf4jwcp93ja2xrwxp0mjhhz66eu5c33rzwv9vpv5kq8yhmm8"],"amount":2982},{"n":1,"addresses":["prl1pj2x2px8rttwncdjl0arvgqgfu30z8qyue3s8sa2e2h8x3w9tp7dsuazvt6"],"amount":0.00357126}]}