{"txid":"74661f9176f5f6b9785164ccc9f1a9a678323d555f546075a1bf5d9fe5d2a1dc","block_height":null,"time":null,"vin":[{"txid":"74661f9176f5f6b9785164ccc9f1a9a678323d555f546075a1bf5d9fe5d2a1dc","vout":750,"amount":176.63233632,"coinbase":false},{"txid":"febcc114e0430727e69d5295053acf0f31e75d24a6bda67969b32bc090f5e1a4","vout":120,"amount":163.62645945,"coinbase":false},{"txid":"0b1d5aac4fd4f5988df6d372c75e1eca873bf6b97e9bf7b4ae0b4c29cc8f91fa","vout":132,"amount":153.54781903,"coinbase":false}],"vout":[{"n":0,"addresses":["prl1z0yvnjqv2zqs8v4k238cra540f2pvyxv80amuqnhr5f2qvlp0eldqxjvwuf"],"amount":400},{"n":1,"addresses":["prl1pf5g0d45ef5kc6yl8ehpjrlgzje4ws64yl9ncuclnc8uah9g8ckhqdzeefa"],"amount":93.8066121}]}