{"txid":"ad65639c9fc477c3627b0e44d7d1103c821ec632e40c0e7f1d035d88d2dd2f6c","block_height":null,"time":null,"vin":[{"txid":"ad65639c9fc477c3627b0e44d7d1103c821ec632e40c0e7f1d035d88d2dd2f6c","vout":0,"amount":2339.99999,"coinbase":false},{"txid":"14fca18f2dc508b76b2329bf9c45fd22f01ac3b2c4787556eee84980d1611076","vout":1,"amount":1.59246996,"coinbase":false}],"vout":[{"n":0,"addresses":["prl1zghh7wu5kzwu6pw83jtrzzyx2c94fgs6wnsmst3ckatyr9gfgef4qtjzywa"],"amount":2340},{"n":1,"addresses":["prl1pv8pz7a73j4979yrnnkxmp3jdmpjg9mvqvqwauupvw98zhtufpaxset9wk2"],"amount":1.59245784}]}