{"txid":"6cd12e46eda07c784d82c010cb54574a96c295bb8dce139b845ba06a7ebcd6cf","block_height":null,"time":null,"vin":[{"txid":"6cd12e46eda07c784d82c010cb54574a96c295bb8dce139b845ba06a7ebcd6cf","vout":0,"amount":2718.7954896,"coinbase":false},{"txid":"14a8eabff65ee3fca3698db91ce4442e859cf0f1c2031ffb0387c688d79ec0bf","vout":0,"amount":2718.06674467,"coinbase":false},{"txid":"0aecdb9c91965789c863bc9f5be54f93d041dffbebde891e20f1671dd619fc9f","vout":0,"amount":2715.69368497,"coinbase":false}],"vout":[{"n":0,"addresses":["prl1pc48auyzkpfff74xr2m4u37se6ekwptxvlv6799f8ct8fechgs2dq443332"],"amount":292.55521976},{"n":1,"addresses":["prl1z9j66h3r69vtcc5levqcfg4wt2dayhz2de9qars77mcs93fzfn4ys9qzxgx"],"amount":7860}]}