{"txid":"799f544b439490670cabd87d8d7ef9fc0e79c104f87f0f36e71fe57acfd4bd86","block_height":null,"time":null,"vin":[{"txid":"799f544b439490670cabd87d8d7ef9fc0e79c104f87f0f36e71fe57acfd4bd86","vout":0,"amount":147.38293952,"coinbase":false}],"vout":[{"n":0,"addresses":["prl1pqd0656s2d5l4l0e70r66tyl2045xm92dmere50ps9ga9xhnhqffsdqxr64"],"amount":0.38293114},{"n":1,"addresses":["prl1zennkduwdzg88fsl42qx7rucwe6wacltlr3g5c5ha5qtdhldtkjqqfdy2e2"],"amount":147}]}