{"txid":"15a5c724a9555e9995aa11c3384adb247a9bde172ac0b4c3d2d91d65215544a8","block_height":null,"time":null,"vin":[{"txid":"15a5c724a9555e9995aa11c3384adb247a9bde172ac0b4c3d2d91d65215544a8","vout":1,"amount":3916.99999538,"coinbase":false}],"vout":[{"n":0,"addresses":["prl1z425vkgsqx5krt9rtyfze0428kja3n7ftkajya459tw84sxzrvg9sewt5jf"],"amount":1000},{"n":1,"addresses":["prl1pfgu27k8plywltl9edan27g9r295x288qyfth8hlashve3afpu7nqr6e43l"],"amount":2916.99999384}]}