{"txid":"1a9ad4a940e50f60f7550a6674b21abcf92cb36fda87140fa089b64fc380bf23","block_height":null,"time":null,"vin":[{"txid":"1a9ad4a940e50f60f7550a6674b21abcf92cb36fda87140fa089b64fc380bf23","vout":1,"amount":2686.99191049,"coinbase":false}],"vout":[{"n":0,"addresses":["prl1zgmzd7qwgj908gvhr9ppwt8qgrhlzu9tvdpvaqgpqde4md2evmcssl9ma0a"],"amount":2600},{"n":1,"addresses":["prl1pzk97l7jwuc9vmx8k5aytqjak0dygkzfjpwdqnqghhwlzl9eh39ns5pxrj9"],"amount":86.99174764}]}