{"txid":"c3470ade9f1693a88aa3f429823193b0d833cfa62f2f79862fed922b109c88c2","block_height":null,"time":null,"vin":[{"txid":"c3470ade9f1693a88aa3f429823193b0d833cfa62f2f79862fed922b109c88c2","vout":544,"amount":635.47152147,"coinbase":false},{"txid":"6161a78a57f72f163e4b4efff7ab6dbeca6a4d24a6734ffc9807195e42c687ca","vout":0,"amount":499.99999,"coinbase":false}],"vout":[{"n":0,"addresses":["prl1zc8spwhaklrj8qzawczvqqajd8c6qy53kaefr5hs7ptxh5kxknt7qux6y9h"],"amount":1000},{"n":1,"addresses":["prl1p2p0lp0xhvg5y8cuqyuck9udzykv3cxkffn0n0ahzuuf0dapr9vzsmyueqx"],"amount":135.47150935}]}