{"txid":"ffab9d99fd7a29b496c5c2f93293077ffdcc0a43f3e1addbbced170b690bfe48","block_height":null,"time":null,"vin":[{"txid":"ffab9d99fd7a29b496c5c2f93293077ffdcc0a43f3e1addbbced170b690bfe48","vout":0,"amount":532.5779885,"coinbase":false}],"vout":[{"n":0,"addresses":["prl1ztejpy0w8fgasgt68s4mgzzq3xef7agay35hmehdfmjpnxnxtdndsw2j6cv"],"amount":532},{"n":1,"addresses":["prl1plpmfqckukpj9pg6at0uuaq9rg4e0qt6cltqpu65tjw3tyk8p8k8qnympuz"],"amount":0.57798016}]}