{"txid":"c09329b511a436f732734aefa8959b333d481e2a194c09d7d939112e1b0592c1","block_height":null,"time":null,"vin":[{"txid":"c09329b511a436f732734aefa8959b333d481e2a194c09d7d939112e1b0592c1","vout":0,"amount":125.634,"coinbase":false}],"vout":[{"n":0,"addresses":["prl1prux99r20n6uc3xten0dkhv5a5qu9qeclqkxevlen8gff55ms3p6suznelz"],"amount":123.12132},{"n":1,"addresses":["prl1ppf959pzmduxmxf2t7hnlhm4gyzfve4pzs3s840lzh0stvanfs8qskqlngq"],"amount":2.51267}]}