{"txid":"c0cfe3850097183531b78f11345f0a368a956a9b2c4468f3120b401dd39a280c","block_height":null,"time":null,"vin":[{"txid":"c0cfe3850097183531b78f11345f0a368a956a9b2c4468f3120b401dd39a280c","vout":898,"amount":248.8271833,"coinbase":false},{"txid":"ab34d307f5800faad63822318131ac936fa1abd26b2891ba53331ebd83d51a0f","vout":1,"amount":228.6222412,"coinbase":false}],"vout":[{"n":0,"addresses":["prl1zphca5w7spa9nsjm8c30846j3wq7av2gdy9jph9gjr85qcas6e88ssj9pc0"],"amount":400},{"n":1,"addresses":["prl1pkld3f3mezwqvcg6ghtmrfsgqlk90v7zh78r9k83agn40gdaqrwwqlazura"],"amount":77.44942238}]}