{"txid":"9a4714b956dfa0cb1020dc48cfc5fc561fd58be17f76ca09b2e31335be8a60e6","block_height":null,"time":null,"vin":[{"txid":"9a4714b956dfa0cb1020dc48cfc5fc561fd58be17f76ca09b2e31335be8a60e6","vout":0,"amount":0.40374406,"coinbase":false},{"txid":"bbdfc25fa595305fd6b0aba179b55e45db2715cf46823986949b7c5ac21fd4fd","vout":187,"amount":39.51177212,"coinbase":false},{"txid":"547399c9db5004e15b3b3c155124fa0586d428684a1a79b22e7531017de86052","vout":0,"amount":310.99999,"coinbase":false}],"vout":[{"n":0,"addresses":["prl1p8v73jxag7wu6kprg6dkcvcchqxfst2g9yggkr3mf7jcptnjncaxqu2s344"],"amount":152.91450618},{"n":1,"addresses":["prl1zsgeqtptjjtlpcg6h7fgarr8ajx2xh7g59280k7qdjhg7v38dam9qktw0n3"],"amount":198}]}