{"txid":"7a0119fbd7776740422ef7063a68cff47ff25b6c6cd81078a0253b628aa01c41","block_height":null,"time":null,"vin":[{"txid":"7a0119fbd7776740422ef7063a68cff47ff25b6c6cd81078a0253b628aa01c41","vout":136,"amount":77.18429169,"coinbase":false},{"txid":"cd3255d88280904eb8c8a9bfcd317ad1a9318e830c3a29a80a76a97a65e1d1ce","vout":721,"amount":55.08388064,"coinbase":false}],"vout":[{"n":0,"addresses":["prl1pwrj48knuuldgr78xc5qmv2j7gxg20ehtkxk2pnwe5285j5592pxshvdmw6"],"amount":0.26795604},{"n":1,"addresses":["prl1zunkch79cvts3uwketm4e5u9ujadd6uhtfq2uth45r4zhw7l8gpfsvlhksv"],"amount":132}]}