{"txid":"ac71bcc9f65366b78cf1ff3dbf799e48c92b06e9bd33b6fb5f89613e0f93790d","block_height":null,"time":null,"vin":[{"txid":"ac71bcc9f65366b78cf1ff3dbf799e48c92b06e9bd33b6fb5f89613e0f93790d","vout":1,"amount":802.96511611,"coinbase":false}],"vout":[{"n":0,"addresses":["prl1pgf3qux8ug3ld3s6a0ulek6dkh0dcrpj7hek45zpvmnsha4m6nmksyqnc0r"],"amount":702.96510776},{"n":1,"addresses":["prl1zf7ueqhtx9lxpuwc00ty5fwqn553vljccu07sqzpgm096nmn5lnqs5mx484"],"amount":100}]}