{"txid":"89f18239df0d821c6d96493f92d9d40a0993aee810f3526ce4ae4d71e1559f85","block_height":null,"time":null,"vin":[{"txid":"89f18239df0d821c6d96493f92d9d40a0993aee810f3526ce4ae4d71e1559f85","vout":0,"amount":2483.53868503,"coinbase":false}],"vout":[{"n":0,"addresses":["prl1pykkc99nrnqf02a9kdm6u3q2yucgdg7wffsfsfzhml0wduhamzq4qq56tyk"],"amount":1683.53866933},{"n":1,"addresses":["prl1zc35cf4e3zl7yx93x5nsy2l565uq05jktqzdnk0g9eadz22vf90kq2ujtrw"],"amount":800}]}