{"txid":"d3c64f64e72fc3e4a4f15ecf86a2f1e8ca588322009b83c2baa1e766aceefc43","block_height":null,"time":null,"vin":[{"txid":"d3c64f64e72fc3e4a4f15ecf86a2f1e8ca588322009b83c2baa1e766aceefc43","vout":0,"amount":274.4,"coinbase":false},{"txid":"d496296c03066cd11c52614c517ad8cf3325361a589798a0c0e61dd25d9a5dc1","vout":1,"amount":21.2698988,"coinbase":false}],"vout":[{"n":0,"addresses":["prl1z6wyk3jc3m5lk8cv876chwagkycjwgm00pkuh5scw0pqfq4gxcfzq8f2235"],"amount":295},{"n":1,"addresses":["prl1phzd4scdkh0h8mpa2meaath6jlecrs4ddg00sg6ygzcsngyg4xdsquhr6ez"],"amount":0.66989668}]}