{"txid":"1aa48bc42aaac03caeb7b25c62e9ad0e149de5cc1d96d45ebde41b9b3f1eedbc","block_height":null,"time":null,"vin":[{"txid":"1aa48bc42aaac03caeb7b25c62e9ad0e149de5cc1d96d45ebde41b9b3f1eedbc","vout":1,"amount":1110.69661487,"coinbase":false}],"vout":[{"n":0,"addresses":["prl1z9vnsehw9amy6edv8wqjvtp7af4zqt8zzma802lkc9v3n2d79hass7nkypk"],"amount":0.125},{"n":1,"addresses":["prl1pza4xkj2r85hkpwwak8l05v84q3mrqnmldquu30yhhl04tptqt58szjdsx6"],"amount":1110.57161333}]}