{"txid":"649664df34ce184d501624cfe3a0f59b23189b67f8505bbb02b8b90dde711227","block_height":null,"time":null,"vin":[{"txid":"649664df34ce184d501624cfe3a0f59b23189b67f8505bbb02b8b90dde711227","vout":2,"amount":709.799988,"coinbase":false}],"vout":[{"n":0,"addresses":["prl1pu4lp6fr2u988sqnksnzcfw5udlznzlrq679n3sp5shmcdkq994jq3zr754"],"amount":1.79997965},{"n":1,"addresses":["prl1z0sullnajfnpk6plf5sxtkl2vp0y9rvdlsu9ac2tpk7cdg2xfduxsv505ym"],"amount":708}]}