{"txid":"febcc114e0430727e69d5295053acf0f31e75d24a6bda67969b32bc090f5e1a4","block_height":null,"time":null,"vin":[{"txid":"febcc114e0430727e69d5295053acf0f31e75d24a6bda67969b32bc090f5e1a4","vout":469,"amount":188.16046419,"coinbase":false},{"txid":"24c71167ebfbd7a41b3832ffd6200e1fa4fcd1a2a14f2705bccb3c3c9f5d91ad","vout":760,"amount":110.7296898,"coinbase":false},{"txid":"ba69ff4625c9742ef2fedc7a2ebcc92c5ff8e0905fd637fc2517f2b3f5daa6b7","vout":741,"amount":15.92728186,"coinbase":false}],"vout":[{"n":0,"addresses":["prl1z2gp5ef8e38fnargd9l7l0zkmy3p6fv0u2esual6stydccea9yhlqx45xrk"],"amount":312},{"n":1,"addresses":["prl1pxgxfykzfdz50af3vtcd7s46xf87k0kyf57v7hasg6z66g0cm7nxsh67sfl"],"amount":2.81743315}]}