{"txid":"9780f6ee798682ee1067dfe7705effc16954f42855d0d509a9b822c04518c00d","block_height":null,"time":null,"vin":[{"txid":"9780f6ee798682ee1067dfe7705effc16954f42855d0d509a9b822c04518c00d","vout":0,"amount":5000,"coinbase":false},{"txid":"991f4551322d31c8994f67dd5733d4c83e4769ae64fd6d154ca7e9da59bb803c","vout":1,"amount":2.21444002,"coinbase":false}],"vout":[{"n":0,"addresses":["prl1zxe0f0vk7sfzeyx02dp3fhrrgzl90anjz8l6q487vw5pvx05ffuqsf0w9jz"],"amount":5000},{"n":1,"addresses":["prl1p7gjrt99lmjr659ru3cnk6fczztnx22x4ryzrm648zkwfs4hfwcfsyc8m2p"],"amount":2.2144379}]}