{"txid":"b177b45aac3508fdeab8c76670567d9f4db27b0ab5c63c4e4056f648b61aa368","block_height":null,"time":null,"vin":[{"txid":"b177b45aac3508fdeab8c76670567d9f4db27b0ab5c63c4e4056f648b61aa368","vout":0,"amount":1447.50143778,"coinbase":false}],"vout":[{"n":0,"addresses":["prl1perj9e495phdl9pfg7swrnkvkkps3nf3juud98r44lx5z0zp3q0rsypn5jl"],"amount":447.50128278},{"n":1,"addresses":["prl1zq7ravqgn464s88ny0c4z829fmyy27hu6pl8fzpj0w6zc3u77xjmq4v3fmp"],"amount":1000}]}