{"txid":"0527546950f412a8e81c6311df2cfd8d68dff4a76eb59c6483e1fccc88c426e9","block_height":null,"time":null,"vin":[{"txid":"0527546950f412a8e81c6311df2cfd8d68dff4a76eb59c6483e1fccc88c426e9","vout":448,"amount":146.25549447,"coinbase":false}],"vout":[{"n":0,"addresses":["prl1p57s56xa5fplu6wynaeknfsavpm9c9w0kqdw8mp3ped42l7dalsfq5qfa9a"],"amount":46.25548607},{"n":1,"addresses":["prl1zz2cgdhaf5wpmn83ag9wcfu2tyuvehhgdy5lqzqudkg6ny2w0dl4sa6sddj"],"amount":100}]}