{"txid":"0ce9c028ef444ce9cf7694ae2079eee5491592698d0d2bbe2a4b51113ce5a72e","block_height":null,"time":null,"vin":[{"txid":"0ce9c028ef444ce9cf7694ae2079eee5491592698d0d2bbe2a4b51113ce5a72e","vout":0,"amount":995.99999,"coinbase":false},{"txid":"b8a1f66d2812bffac7c1e65cc0a3306732570bfbbedaec7d3af3112aee8a223a","vout":1,"amount":0.02366698,"coinbase":false}],"vout":[{"n":0,"addresses":["prl1zexe363u9rtqzlszn66j98mggcaxw6dt2ng54akrmhz92ffq4lqrqvrkde5"],"amount":996},{"n":1,"addresses":["prl1pe06rqvfgu6vc38efgy6s7hs5neupypvma9js93fsa66k6yf6r2gqgy4gty"],"amount":0.02365486}]}