{"txid":"be35fd3d4083860ebd97f1d70a41ed7dda17c9884d428342974c39c260eb2441","block_height":null,"time":null,"vin":[{"txid":"be35fd3d4083860ebd97f1d70a41ed7dda17c9884d428342974c39c260eb2441","vout":1,"amount":1292,"coinbase":false},{"txid":"be35fd3d4083860ebd97f1d70a41ed7dda17c9884d428342974c39c260eb2441","vout":0,"amount":0.7239582,"coinbase":false}],"vout":[{"n":0,"addresses":["prl1p4ea8y75lwcmeq09h4822eyj6hpv7xft2gntfgs8hqtzavl8yxj0scyfzsd"],"amount":0.7239369},{"n":1,"addresses":["prl1z42ca67m5xg7denj84lct5c29rwclztm8krk36hmpg9yw23x6776qnljp8c"],"amount":1292}]}