{"txid":"5a2bba88847ca27464094e12e090f9bfbee7fc37e40027edcbc8154fd58ed5c3","block_height":null,"time":null,"vin":[{"txid":"5a2bba88847ca27464094e12e090f9bfbee7fc37e40027edcbc8154fd58ed5c3","vout":261,"amount":447.01823454,"coinbase":false}],"vout":[{"n":0,"addresses":["prl1zjvukuhr7cn09s3f5mj5n3xhrmya3pu8r8q43598f5mctqexdgv7q4lp9a9"],"amount":400},{"n":1,"addresses":["prl1pkld3f3mezwqvcg6ghtmrfsgqlk90v7zh78r9k83agn40gdaqrwwqlazura"],"amount":47.018233}]}