{"txid":"759f8b0f6290b738909d817dbd2a2f380b3c9672d9be57c00577e390fab3195b","block_height":null,"time":null,"vin":[{"txid":"759f8b0f6290b738909d817dbd2a2f380b3c9672d9be57c00577e390fab3195b","vout":0,"amount":912.72310031,"coinbase":false},{"txid":"af2e938bec64f8292d0a263965b190f09e1b3940713f91876923b2315f56e9a7","vout":1,"amount":838.31465159,"coinbase":false},{"txid":"6f9f9fe7cac57dbd30b3b1b5433c7db553bbacb1a04daff041dad52bbd99cf09","vout":0,"amount":799,"coinbase":false}],"vout":[{"n":0,"addresses":["prl1pwmeepmxtkpfypylcrxpsjtapyjwfvhpsz5uvt4svqre65jcjqp2sfc64ex"],"amount":508.03773725},{"n":1,"addresses":["prl1zjvc803nxkrsxczgmkwxsl2nclvzdgqmpczy05y4xvfh43ry9wlrqdfu6ze"],"amount":2042}]}