{"txid":"b1928b7c4c5ca2ae8abbdecbfff3fbb3621a3f8c5ad7ab20ba913ba4afb570f7","block_height":null,"time":null,"vin":[{"txid":"b1928b7c4c5ca2ae8abbdecbfff3fbb3621a3f8c5ad7ab20ba913ba4afb570f7","vout":0,"amount":6089.9991969,"coinbase":false}],"vout":[{"n":0,"addresses":["prl1p5qjtyarh80r7wsgyde4wt8jknuzlc4yp8sh7fqe0setxeh72e9ysvtjfm0"],"amount":5989.99879535},{"n":1,"addresses":["prl1zpj99gu5eyc29j9c42yqe4l9p8dwtlzu9zg376qe5fr3497dyuglss3y7ny"],"amount":100}]}