{"txid":"ac72a8e9e40a476b49637fac17d19895284ddea1672f43223e0f94a84a469882","block_height":null,"time":null,"vin":[{"txid":"ac72a8e9e40a476b49637fac17d19895284ddea1672f43223e0f94a84a469882","vout":0,"amount":3000,"coinbase":false},{"txid":"19dbeca38c1b07ad7a1a08e5358e8d91c49cf4b099a234aa4e0a57d179ce2f8a","vout":0,"amount":1200,"coinbase":false},{"txid":"b785e5a52ea3f2ef03d9ab88750a950f67b7789a50a45e0c11f8c46710d0b6cc","vout":1,"amount":0.74343974,"coinbase":false}],"vout":[{"n":0,"addresses":["prl1z5qrdx9qxpg7q5jj7xn9t829h2fu0khssn6r2r8znnk5gwy8ng78s82q30y"],"amount":4200},{"n":1,"addresses":["prl1pvxv7nhgzjgs53qplk7pexf6eafu6vj0c5jjyzqa5tf8lgvprsj9q8h9ma6"],"amount":0.74343704}]}