{"txid":"155b35e9519300355c86e47e132cdfbd1e42f57d502d498314553c4758c3fca5","block_height":null,"time":null,"vin":[{"txid":"155b35e9519300355c86e47e132cdfbd1e42f57d502d498314553c4758c3fca5","vout":1,"amount":696.5495432,"coinbase":false},{"txid":"6cc726f2f690c5e8b34e4b1b7f89cbfbffbb8a34ebb012c89dd6312787c12b3d","vout":1,"amount":46.94215836,"coinbase":false}],"vout":[{"n":0,"addresses":["prl1zvdr36p8y3g3rel3pw3f3zuza5a26pwrqsz76pyvccg5p0k6qjdfqq9s4rz"],"amount":700},{"n":1,"addresses":["prl1p3lthrt3n7yrrh7qdttq68aq5q76qn0alnmftqqw3hvxh450atm2q3w0pa6"],"amount":43.49169944}]}