{"txid":"5b39b93d6c94c775bd17b38280644f199fee4c777a43ea55e12fa9aed4d51e2e","block_height":null,"time":null,"vin":[{"txid":"5b39b93d6c94c775bd17b38280644f199fee4c777a43ea55e12fa9aed4d51e2e","vout":1,"amount":8241.1377268,"coinbase":false},{"txid":"7f6a999b1fbdce84aaa5ce4843aa66929f596c1b258dbc03acddeb7079d58f5c","vout":294,"amount":7156.79539924,"coinbase":false}],"vout":[{"n":0,"addresses":["prl1p06vkpq8tpvc637lqdh075myylhuwcf9wq4qslrf7q0k65ljc5qwswwa609"],"amount":1957.93301885},{"n":1,"addresses":["prl1zvkasmhp4c2ses65qyy0v5p35vl00rskmua5xmkzkutned3mnhyhqm3adyy"],"amount":13440}]}