{"txid":"7867fd1d68df635ab77f4cbb02e924efa868983741076db186858068a21ab3cc","block_height":null,"time":null,"vin":[{"txid":"7867fd1d68df635ab77f4cbb02e924efa868983741076db186858068a21ab3cc","vout":1113,"amount":236.45642044,"coinbase":false}],"vout":[{"n":0,"addresses":["prl1zxkscula2ns72ep2ks7sk0ugguymtc8zqtlpt7fr63252qrwvay5qmqsama"],"amount":236},{"n":1,"addresses":["prl1prtutd80fz2dm9za4znt6hu82kp24fajmhatr73m8klerpsy9xq0snahd9n"],"amount":0.4564189}]}