{"txid":"12eea0dc1158f89367056ec328b00b5fbcc4f8c6d41d0088eea87c3defd66ae8","block_height":null,"time":null,"vin":[{"txid":"12eea0dc1158f89367056ec328b00b5fbcc4f8c6d41d0088eea87c3defd66ae8","vout":685,"amount":74.9631272,"coinbase":false},{"txid":"ac5944a01ab8596b48d8435009c172e913f9dadc6d400ad150a6b4b05bd63ac3","vout":654,"amount":24.36359706,"coinbase":false},{"txid":"8b3dae182dc709012ed19c00e2df34ce491ab7ff331039e8f6311f6ffb6e39d8","vout":0,"amount":6.1423,"coinbase":false}],"vout":[{"n":0,"addresses":["prl1zqlxv3wxjmmdcg5vnvcklk4fp3mvk92y8hn9taca3ky2srkeghctszkgypc"],"amount":105},{"n":1,"addresses":["prl1p8j33hkjxgl23kug0kpfgk4zyhs2vtjkcl96l6gt4wp6v523fgaws7k3cvj"],"amount":0.46872776}]}