{"txid":"7f73da489df96a26a5b9446834e02735577f905a3d5f1a852577700ce7062df8","block_height":null,"time":null,"vin":[{"txid":"7f73da489df96a26a5b9446834e02735577f905a3d5f1a852577700ce7062df8","vout":530,"amount":80.37486085,"coinbase":false},{"txid":"911a9389abf58ac269f28114df56b46052c3a3c5c3a17b20d51fcb5f3eacf9f1","vout":673,"amount":70.61086103,"coinbase":false},{"txid":"224514092339d2725ad3bdaada5428ac8d6c59fe8f29dd70eef1f046c0686829","vout":1,"amount":69.69796141,"coinbase":false}],"vout":[{"n":0,"addresses":["prl1zf7vqlknal9jlj5g9tnqcw4phs6thru6way9jl2vjemnx92ca7x4skwtz9q"],"amount":200},{"n":1,"addresses":["prl1pzl0435lt6lzy74ycxksfu9f5823fugtw8fhhycgm6wlng7a5cgqqrsatcg"],"amount":20.68368059}]}