{"txid":"f65632ed9ea5bc8fdb0cc0a0bb47eb8e8ec621833b9e2fc28913452368abdd77","block_height":null,"time":null,"vin":[{"txid":"f65632ed9ea5bc8fdb0cc0a0bb47eb8e8ec621833b9e2fc28913452368abdd77","vout":631,"amount":42.82991612,"coinbase":false},{"txid":"e7364edbe8963ed3c3221305bb41c0665e20824b08c5ca17e119a7a2eed18933","vout":696,"amount":40.26535626,"coinbase":false},{"txid":"e7364edbe8963ed3c3221305bb41c0665e20824b08c5ca17e119a7a2eed18933","vout":633,"amount":40.26535626,"coinbase":false}],"vout":[{"n":0,"addresses":["prl1zutdgccqwhq55rtwy29tg59tsyc32ehjxcrkz4w5lsm8pz4xrq6xs8xg8pt"],"amount":100},{"n":1,"addresses":["prl1p7fve65ytvrmjj0aj3fzqp063msvxyv2jqas7322yc4gd7hghg09szu2gyv"],"amount":23.36062594}]}