{"txid":"3b73f31daaa0abe67e3846a367e4575ae5c5dcf2e5a641140f9d9a44a708fba2","block_height":null,"time":null,"vin":[{"txid":"3b73f31daaa0abe67e3846a367e4575ae5c5dcf2e5a641140f9d9a44a708fba2","vout":0,"amount":499.99999,"coinbase":false},{"txid":"a7666431bb8628263407f9d12890ba6fbf0a2a9a9edc00d232e9873d75df3b77","vout":456,"amount":455.22767649,"coinbase":false},{"txid":"71bcd5d948769e727e5af97ce784dab599fe539cc437fd9003b01c9a800c6e69","vout":1,"amount":135.05193985,"coinbase":false}],"vout":[{"n":0,"addresses":["prl1zwcvkhxngxnvxnhh40flv0kp4qw0tzdr7dt06dyuyr7u9gxqfd0cq45yc8a"],"amount":1000},{"n":1,"addresses":["prl1pycv4pjmjczn9pkkzfrgdrpehxpsazxhr932rm22kfna3sytjjqjqcg5alg"],"amount":90.27960364}]}