{"txid":"088b17d7955474aa255a4d822b3a48bd5418c90298c7feddd945c7992922bd8a","block_height":null,"time":null,"vin":[{"txid":"088b17d7955474aa255a4d822b3a48bd5418c90298c7feddd945c7992922bd8a","vout":4,"amount":474.98632531,"coinbase":false},{"txid":"32fe6d61a87cada8e08b0eb3f807e76954171a5a05b06eacbefe2bb1ecf56203","vout":54,"amount":474.33379378,"coinbase":false},{"txid":"704b94872feba02c59749cc3defd58bf2ab744999d3ab8261cd1ca33777697ec","vout":56,"amount":468.62848117,"coinbase":false}],"vout":[{"n":0,"addresses":["prl1z64evxz37vv2grsv6wpj8n420kq4j5ermsme38ll20m73cu6q755syjlw0u"],"amount":1000},{"n":1,"addresses":["prl1pshz6avcwypd72pl7ekk64w8cztz7t94n40s75dks7uxsu7vquyfqdfajp8"],"amount":417.94859756}]}