{"txid":"5ff0ee38c4379f0a6b4d8d455ff0e792a1aa61d76bd36a37108c377ac7671455","block_height":null,"time":null,"vin":[{"txid":"5ff0ee38c4379f0a6b4d8d455ff0e792a1aa61d76bd36a37108c377ac7671455","vout":0,"amount":19999.99999,"coinbase":false}],"vout":[{"n":0,"addresses":["prl1p6wjzhe8f4vkckrf258wxy52dylmuxg0a3vx0tfxtsd8qh9sl92pqhjv84f"],"amount":13359.99958845},{"n":1,"addresses":["prl1zw0fuzzpps9q2szrtm8r3nksqsuwl4gmkvxx5s6029s9adg8u8lds2gk2lh"],"amount":6640}]}