{"txid":"ab7e969a8b9ac33e669aa364f4f2e4bff49b092170b5f59ec21ffefd35b5530e","block_height":null,"time":null,"vin":[{"txid":"ab7e969a8b9ac33e669aa364f4f2e4bff49b092170b5f59ec21ffefd35b5530e","vout":1,"amount":4999.99999692,"coinbase":false}],"vout":[{"n":0,"addresses":["prl1zp6gmk6yn3cr5xxq9usppdasu7vrt5ru6hdwwuuvx6nerctky4epq96edsr"],"amount":1970},{"n":1,"addresses":["prl1p209gdfdx4vl4y229jsqgx7rrncxpjpt2dgczqm7s8etpy0v60adqq05623"],"amount":3029.99999538}]}