{"txid":"21f7186a2e07745f613d265eed226de22c78027abcf9500d68e215466b70ee8d","block_height":null,"time":null,"vin":[{"txid":"21f7186a2e07745f613d265eed226de22c78027abcf9500d68e215466b70ee8d","vout":405,"amount":840.24069726,"coinbase":false}],"vout":[{"n":0,"addresses":["prl1zg8lg6m649r6fs2k2ltzw0g7h5qpcscscszcpwmznxyfv39e8w8nsj9jujc"],"amount":760},{"n":1,"addresses":["prl1px87h6qnt5kvxv8smg03ygzdvcksm7vyqlw3ygret7w8539n5snas9stt0j"],"amount":80.24068176}]}