{"txid":"03fe6f84c47fcba332cfe6c90474e006d8db5bde68a324ef4846f99f34cfa552","block_height":null,"time":null,"vin":[{"txid":"03fe6f84c47fcba332cfe6c90474e006d8db5bde68a324ef4846f99f34cfa552","vout":532,"amount":73.99694367,"coinbase":false},{"txid":"f390400fd1b981e269a253b39825aa008c11233a7da71e0e1dc7557186b48655","vout":559,"amount":66.31676365,"coinbase":false}],"vout":[{"n":0,"addresses":["prl1zq9hy7dr90sxx39pzvxazwlq9mvdw9ztw22kylc7m0n6kwj8s579sgwmk6m"],"amount":100},{"n":1,"addresses":["prl1pwr5886ypg84da89qdnuar3847aw56m80mzrsnzycwk0xknq5w6vsdwhre6"],"amount":40.3137052}]}