{"txid":"b835d3fdaaf2bc5a0dd1f11c3d0da1970f9c53933337cd158a0725157577d5f8","block_height":null,"time":null,"vin":[{"txid":"b835d3fdaaf2bc5a0dd1f11c3d0da1970f9c53933337cd158a0725157577d5f8","vout":1,"amount":244.99999846,"coinbase":false}],"vout":[{"n":0,"addresses":["prl1z8j4za2m6ptkm0e2fsglagmmdumcnfvnq8kz2ejgyqevcpwx9dmvsjyxtu9"],"amount":200},{"n":1,"addresses":["prl1pazsjqnmy58svgf7e85n0e2quxtj3f698q5f3p34grtnsf0t2jp7q2ynx3s"],"amount":44.99999692}]}