{"txid":"9eec611e691bc640ac96823b7e19e8a8859c4f88bcbf9cc1bb3464574050bd04","block_height":null,"time":null,"vin":[{"txid":"9eec611e691bc640ac96823b7e19e8a8859c4f88bcbf9cc1bb3464574050bd04","vout":0,"amount":12469.99999,"coinbase":false}],"vout":[{"n":0,"addresses":["prl1zsv2rgy5sratkfqp6mt57mmkg3vckqwvp7zru7rfcckmud4pet64qysknzr"],"amount":202},{"n":1,"addresses":["prl1pxgx47sgn9wrzhl5gsugur9j4yxzpf7wpfv4m4ynqr35w9ng4avvqduz955"],"amount":12267.99998846}]}