{"txid":"fd73d4eb7258da9b513aca1d5f855a750c9d236ddd5a964d1621a4d1a9e6a3ad","block_height":null,"time":null,"vin":[{"txid":"fd73d4eb7258da9b513aca1d5f855a750c9d236ddd5a964d1621a4d1a9e6a3ad","vout":0,"amount":322.99999,"coinbase":false},{"txid":"e1790e1944641421c7bd60da41590c0785c0833fdce4b56b186b0b837cf1fd48","vout":0,"amount":0.01901375,"coinbase":false}],"vout":[{"n":0,"addresses":["prl1zsjun6nh94904d9ayf20jhmcdsewqxfnv85lwh2anh6ue6pha289stf2y40"],"amount":323},{"n":1,"addresses":["prl1prrn3k57499d4c20lvz8q6rm4kxwhq6su7uuq06eedrt4rxvh9lusu6528n"],"amount":0.01899218}]}