{"txid":"803e7b31763009dbc6300e30ee19642ecf132da467f6da537e577fe200a56544","block_height":null,"time":null,"vin":[{"txid":"803e7b31763009dbc6300e30ee19642ecf132da467f6da537e577fe200a56544","vout":0,"amount":2688.39277758,"coinbase":false},{"txid":"a3cb0a85027050edce3e12a7b576aa3164a8961576dc98ca7e5e2be56157756f","vout":0,"amount":2688.37754603,"coinbase":false}],"vout":[{"n":0,"addresses":["prl1ppazrj920k2vxve0r2m9v24450nsqaetsnqf05c0h8qly42nwud2s4z5qz6"],"amount":1821.77030231},{"n":1,"addresses":["prl1zq6ys9pny6efqz7antuzhqmpuk22dcl74kwk2mwfekawvfv5weuwqqx4e73"],"amount":3555}]}