{"txid":"6e50397704d593607b28976caed6428b7213018c5d75d300799f365a3976ef48","block_height":null,"time":null,"vin":[{"txid":"6e50397704d593607b28976caed6428b7213018c5d75d300799f365a3976ef48","vout":0,"amount":9999.99999,"coinbase":false}],"vout":[{"n":0,"addresses":["prl1zcpeg385ta49ljzfjw8q7hvf49jjqc8gx2ugdy2vnp8kwuy46m89szwqydu"],"amount":9000},{"n":1,"addresses":["prl1pda8xe6402mg4szyrjwkg6pxv4sh348vk24wp5jrks20fl7550p3shktwg8"],"amount":999.99958845}]}