{"txid":"bd53a5b24e78edb2bac7dffd92ede2f36f6c3f6bd05ca6c6fc4381a697787758","block_height":null,"time":null,"vin":[{"txid":"bd53a5b24e78edb2bac7dffd92ede2f36f6c3f6bd05ca6c6fc4381a697787758","vout":1402,"amount":37.5675139,"coinbase":false},{"txid":"cc537ed17ad1d281f953b2016b4df6687e02da810247693d3edcf5528629cf38","vout":823,"amount":37.46095462,"coinbase":false},{"txid":"2fa9d0cb74fb6e2ef3632fcd47b0f5e2ca467f0814e29291498089550e5a9c16","vout":330,"amount":31.09622346,"coinbase":false}],"vout":[{"n":0,"addresses":["prl1zdhte9fvk0luf3urvc65rjcrt0ujzczfg2aqcaev0lxzt37tm96wqmnnac8"],"amount":106},{"n":1,"addresses":["prl1p0t92jvyhwynh4weduqqjqmvmweuhkky5seyfm7xjlrte5yl8d0wqusy6vl"],"amount":0.12468928}]}