{"txid":"2d4242ab21319dac42b4c08c41da0355170df3a16fe33582965388db243075d2","block_height":null,"time":null,"vin":[{"txid":"2d4242ab21319dac42b4c08c41da0355170df3a16fe33582965388db243075d2","vout":213,"amount":1425.31467315,"coinbase":false},{"txid":"b859359e53994c75653a4be78d3ecb2e863b32c63c8f2852b591f2896433951b","vout":0,"amount":999.99999,"coinbase":false}],"vout":[{"n":0,"addresses":["prl1zsmkm7h2rhfzz4n6445nyf25r9a46fmvr3cy50d2wjsls94lfju5s0g5xsx"],"amount":1587},{"n":1,"addresses":["prl1p6lggt8mrkcux6jlm758epj25aepq0cc0fngvctd9sgc536dqrlzqmwcykl"],"amount":838.31465159}]}