{"txid":"5263bc4aa63202ec148bb08b82e17bb2485037bb77912f8d2baf23d1896a4aa8","block_height":null,"time":null,"vin":[{"txid":"5263bc4aa63202ec148bb08b82e17bb2485037bb77912f8d2baf23d1896a4aa8","vout":413,"amount":468.80168819,"coinbase":false}],"vout":[{"n":0,"addresses":["prl1zsjxek7s04futgr7hxnt0c6l3k0mdjpcxcm6lucrhxnscp86jllmqwfkr3l"],"amount":400},{"n":1,"addresses":["prl1p7fve65ytvrmjj0aj3fzqp063msvxyv2jqas7322yc4gd7hghg09szu2gyv"],"amount":68.80168665}]}