{"txid":"b457f133e8b16b6985a1e24c5f98a4d37e8a35c951073110aec8e3d1d32efaae","block_height":null,"time":null,"vin":[{"txid":"b457f133e8b16b6985a1e24c5f98a4d37e8a35c951073110aec8e3d1d32efaae","vout":0,"amount":999.99999,"coinbase":false},{"txid":"2be2f3f68899b1c792a71fa2d631ab80f20d36633f886240f9c2f44bb75c5e4e","vout":58,"amount":555.73313977,"coinbase":false}],"vout":[{"n":0,"addresses":["prl1zsveyuj7k93js84c35smluullr7d8pfxzzzpzr329txhmuyandc6sd7m8nj"],"amount":1000},{"n":1,"addresses":["prl1ph7g6zm2w2358w575ghf9mdkdxfj7n6wp4q9vx2ye0ypkfx4fxmyqukq0mq"],"amount":555.73289273}]}