{"txid":"85bc2e86a916f6b5460ecba982264bce17004af8a8f388d201064a7bf689db01","block_height":null,"time":null,"vin":[{"txid":"85bc2e86a916f6b5460ecba982264bce17004af8a8f388d201064a7bf689db01","vout":1,"amount":2047.1506901,"coinbase":false}],"vout":[{"n":0,"addresses":["prl1zqh89qmgz43d9f6wtx8c55upgu9uucvflwga3prwwxmjagzkq6ppsh5vgq8"],"amount":600},{"n":1,"addresses":["prl1pyrnjww2lar2p2746f84xt5mtuv5zvj6lx4d24ps60euudv04hf3s99nvzp"],"amount":1447.15068856}]}