{"txid":"72d47592c0e1f69528e01f63936b8db17448bb9242ae762c401f6ddb15a505e7","block_height":null,"time":null,"vin":[{"txid":"72d47592c0e1f69528e01f63936b8db17448bb9242ae762c401f6ddb15a505e7","vout":265,"amount":115.19857374,"coinbase":false}],"vout":[{"n":0,"addresses":["prl1znzu3rdcdptz75r9z8kxptf82t99sf3csuv8npemj044su8ey6flqvsg3cl"],"amount":100},{"n":1,"addresses":["prl1p589fdr8hsfx9gwyplxwhh6rkvnk3j0rxsm75lut36fvcdnua3m6smz3u9t"],"amount":15.1985722}]}