{"txid":"7b8a018a9a5475f8bab3dd3f3bf9ed71690b38f1f38aca4d40d03aa21a4bce82","block_height":null,"time":null,"vin":[{"txid":"7b8a018a9a5475f8bab3dd3f3bf9ed71690b38f1f38aca4d40d03aa21a4bce82","vout":1,"amount":1111.92993489,"coinbase":false}],"vout":[{"n":0,"addresses":["prl1zap9hh34drg5pxn76g70phadgzpzm4myhncuu52gpcx2vxp5suceq8sug2z"],"amount":0.01905},{"n":1,"addresses":["prl1pza4xkj2r85hkpwwak8l05v84q3mrqnmldquu30yhhl04tptqt58szjdsx6"],"amount":1111.91088335}]}