{"txid":"675be79eae3111e6e7efdccc758c2aa5f09abfa5fdc1c148536df02a75e1caf0","block_height":null,"time":null,"vin":[{"txid":"675be79eae3111e6e7efdccc758c2aa5f09abfa5fdc1c148536df02a75e1caf0","vout":1,"amount":626.29999846,"coinbase":false},{"txid":"af992454f7e6e813a904630d273d2a1fa5e13a3692ca515d94686a31916f6260","vout":1,"amount":465.75195657,"coinbase":false},{"txid":"072d98af5175b9bf5d5e503bfec7bcd1121dea353dc53ece3807a5a99ec0fadb","vout":1,"amount":199.99998846,"coinbase":false}],"vout":[{"n":0,"addresses":["prl1z7n03egwyu65v87aevjdg7d34ssp0nr49z4zpr07m87de8tkdzswsn9wp5n"],"amount":1290},{"n":1,"addresses":["prl1pqaqajcnlx2pqye6t0p76zduhc9qd5mc8nryjl304jtwgxvyqy2ssmcdag8"],"amount":2.05194079}]}