{"txid":"0f561c31621a3f1cfcac6fa3a484837265cfb0fedd0e5aa5095a8f61f5fef770","block_height":null,"time":null,"vin":[{"txid":"0f561c31621a3f1cfcac6fa3a484837265cfb0fedd0e5aa5095a8f61f5fef770","vout":0,"amount":4899.9999918,"coinbase":false}],"vout":[{"n":0,"addresses":["prl1p4ajece986qry6wy8937390yk52qw95qwsrp8x82j7dm7djcd7m0syu00ym"],"amount":4639.99998357},{"n":1,"addresses":["prl1z9dsps5ectx0srcjs5zf8y58rr97w939uvy0xk9n58su9lyvfk27smcxhkl"],"amount":260}]}