{"txid":"18aa40c036e1d9b8b0c5298bbd4c3ab141b7913e1457165c88682ce108c402ff","block_height":null,"time":null,"vin":[{"txid":"18aa40c036e1d9b8b0c5298bbd4c3ab141b7913e1457165c88682ce108c402ff","vout":224,"amount":365.16981506,"coinbase":false}],"vout":[{"n":0,"addresses":["prl1ztvy7yku7aquwkxle62v8k5e7n7rftr2rtuf403aydvf8c7cr5g0s6hp79x"],"amount":198},{"n":1,"addresses":["prl1pefnlq8wxk6g47h8pqtvr9ahlxu080fxpq4xj965uwzmj6uf7nyrsq2qze2"],"amount":167.16973444}]}