{"txid":"6f1a34ce09ecaac78322d9f0bbecb950e7223765a4601b2e4b61051eecd8d021","block_height":null,"time":null,"vin":[{"txid":"6f1a34ce09ecaac78322d9f0bbecb950e7223765a4601b2e4b61051eecd8d021","vout":0,"amount":9999.99999,"coinbase":false}],"vout":[{"n":0,"addresses":["prl1zlh9af7ux472t4tnxst92zp9xpjq5s2tnvetr66wgjw0dysy3kyrslfjxap"],"amount":5000},{"n":1,"addresses":["prl1pfu0e9fxx63s6gq6q0m2mqj4hawqeg9nxun99gcvuqrzktnu8gkrsfz2rkj"],"amount":4999.99998846}]}