{"txid":"7867fd1d68df635ab77f4cbb02e924efa868983741076db186858068a21ab3cc","block_height":null,"time":null,"vin":[{"txid":"7867fd1d68df635ab77f4cbb02e924efa868983741076db186858068a21ab3cc","vout":401,"amount":118.36246549,"coinbase":false},{"txid":"7867fd1d68df635ab77f4cbb02e924efa868983741076db186858068a21ab3cc","vout":964,"amount":97.97484282,"coinbase":false},{"txid":"43a856a3290f83bbff6dd5fd63130f850e8a9c20f5679230c067998505c7e33f","vout":1,"amount":93.86852632,"coinbase":false}],"vout":[{"n":0,"addresses":["prl1zpl2g4gswd8tzcm5cwrln9x8s9lmeswztez7ke5a228tacfpxr8vqg3q3v8"],"amount":310},{"n":1,"addresses":["prl1p3wnufntm78sp3aze9tjffjhjsa7hd2dyyke2nh6u9n4nxt7fhn9s2tfh7p"],"amount":0.20583193}]}