{"txid":"e9a206c6700d45d90d866c3646759d6dffa09aeb916aad42744732bbbebc2f09","block_height":null,"time":null,"vin":[{"txid":"e9a206c6700d45d90d866c3646759d6dffa09aeb916aad42744732bbbebc2f09","vout":0,"amount":3940,"coinbase":false},{"txid":"4a3ac1b4c89b6a225e521e37266469b458e2186c97ee9f313b4cfc8834ba3935","vout":0,"amount":1.9714832,"coinbase":false}],"vout":[{"n":0,"addresses":["prl1p9r862un3ehn4ckapc68dlphtj0apuwctz2mn8j6czk4jd263sfxsnpx46s"],"amount":1.97147182},{"n":1,"addresses":["prl1z3e6dgngagprs0d06anv040ey7lz7z64duqa3rt0f2mefyph3np9shtmhkk"],"amount":3940}]}