{"txid":"50499e94877df0e627c1ebe8ce838149ea91beb5d75d33d712230a7b01380298","block_height":null,"time":null,"vin":[{"txid":"50499e94877df0e627c1ebe8ce838149ea91beb5d75d33d712230a7b01380298","vout":0,"amount":4970.99980964,"coinbase":false}],"vout":[{"n":0,"addresses":["prl1pnnjg36hmmp3p9fnst86umpnf3hrqn0p2st972wwp7j8v9ng8guvsck8jsz"],"amount":0.99979394},{"n":1,"addresses":["prl1z8azvqhuna4rxm4tkwdkaw3d8ad76yzkqsn0h6xvngqa8mt2jaflsy64jdg"],"amount":4970}]}