{"txid":"d4cb1b66e1be0e71efc2afa533b92629e882951b73ad19dc1dffdf1576e67982","block_height":null,"time":null,"vin":[{"txid":"d4cb1b66e1be0e71efc2afa533b92629e882951b73ad19dc1dffdf1576e67982","vout":0,"amount":741.99999,"coinbase":false}],"vout":[{"n":0,"addresses":["prl1zdur4vwssn9a6ap5sjmldumr6vpm0pxcrjktycch29y0r2wc8mcms6dxdpv"],"amount":700},{"n":1,"addresses":["prl1p9aqth9h36eqs8qrd47u8kkt80ln0ma7jl6yccgsd32gskffvja6qkvz56v"],"amount":41.99998174}]}