{"txid":"0527546950f412a8e81c6311df2cfd8d68dff4a76eb59c6483e1fccc88c426e9","block_height":null,"time":null,"vin":[{"txid":"0527546950f412a8e81c6311df2cfd8d68dff4a76eb59c6483e1fccc88c426e9","vout":425,"amount":2026.8879172,"coinbase":false},{"txid":"0cf98efd81b5f2d6c96fc2e8f79f986d55158b7878b3deaa3d593bb06dcf8696","vout":0,"amount":1500,"coinbase":false},{"txid":"43c53c6caf26e512795b6551cc65fe0998f49302a005e1affd39b3c809c26623","vout":468,"amount":642.00243074,"coinbase":false}],"vout":[{"n":0,"addresses":["prl1z3nan7sdllt9hecp6ycz5hhmglarc9vehyftt6nacrztwp3umjdgquku90h"],"amount":4160},{"n":1,"addresses":["prl1pha4glclezuu9yhzmv06sh5ay375yxl8k4sfjcujq5kxaha7u4ngq392ljd"],"amount":8.89034524}]}