{"txid":"eccf49bc1303e8b8c84dc7e90bc1999c04d003d95564e7498881c1e902c21d7b","block_height":null,"time":null,"vin":[{"txid":"eccf49bc1303e8b8c84dc7e90bc1999c04d003d95564e7498881c1e902c21d7b","vout":404,"amount":282.27089709,"coinbase":false},{"txid":"0089d6f949bbb219a12993f53547a1a2cfe23886c022eebd312ad1103563ec45","vout":792,"amount":10.80318183,"coinbase":false}],"vout":[{"n":0,"addresses":["prl1zfrfths92t5g64709mmwvk7sqhs8y0kcks2atftta20cx6mewxfustaf0d9"],"amount":293},{"n":1,"addresses":["prl1ph8pm3wq738kt7q3sjusztaml6v8ur444506r44qderqly0whwsmqmxlw2e"],"amount":0.0740768}]}