{"txid":"934003d8f01c6f5f29c02de7c775a6db97200279ed01a5e31ab381652e0b11f8","block_height":null,"time":null,"vin":[{"txid":"934003d8f01c6f5f29c02de7c775a6db97200279ed01a5e31ab381652e0b11f8","vout":108,"amount":175.05149969,"coinbase":false}],"vout":[{"n":0,"addresses":["prl1zkntw48yla2ftuhgzp3lp2x5hqdm2lt9q6exvsw0jvte00hhv794s7q8edd"],"amount":100},{"n":1,"addresses":["prl1p4zlhucm3kz5hqmg2tqgpthe08avyfelg88nc5ggujd0vtqcklzzs67t77s"],"amount":75.05142169}]}