{"txid":"f747da2cc9b762d230548c56505813b14c0846cabb65e69d630efd19895facd0","block_height":null,"time":null,"vin":[{"txid":"f747da2cc9b762d230548c56505813b14c0846cabb65e69d630efd19895facd0","vout":1,"amount":1110.22101025,"coinbase":false}],"vout":[{"n":0,"addresses":["prl1znj9axr4aqa8s0pyu42dr2zs4p2dck2tewm7vv7z4yhsrhuljnsaqyswln2"],"amount":0.13},{"n":1,"addresses":["prl1pza4xkj2r85hkpwwak8l05v84q3mrqnmldquu30yhhl04tptqt58szjdsx6"],"amount":1110.09100871}]}