{"txid":"54b9500de99ba3799f1c52488b60f39a991a72e33cd1aee885c7119b4a684836","block_height":null,"time":null,"vin":[{"txid":"54b9500de99ba3799f1c52488b60f39a991a72e33cd1aee885c7119b4a684836","vout":130,"amount":108.06887357,"coinbase":false},{"txid":"3a162664540141df670efcf142991fb31867ad7e979157807b03b6aad1fe5422","vout":170,"amount":26.41330131,"coinbase":false}],"vout":[{"n":0,"addresses":["prl1p8v73jxag7wu6kprg6dkcvcchqxfst2g9yggkr3mf7jcptnjncaxqu2s344"],"amount":14.48117488},{"n":1,"addresses":["prl1zvnfqzjzg3ngyn2vq9prfyw36z6ycneg57j5ehtchqf9zuah6xjks5wulrw"],"amount":120}]}