{"txid":"bf5c778856a60b60a4a60366f9d0c3c03a97bc72938d7c44b24d7aff3a9c5216","block_height":null,"time":null,"vin":[{"txid":"bf5c778856a60b60a4a60366f9d0c3c03a97bc72938d7c44b24d7aff3a9c5216","vout":1,"amount":4999.99999692,"coinbase":false}],"vout":[{"n":0,"addresses":["prl1z4pt8hfj8skluzl7ezqjxykxh2lnzpw3cgyuva6fm6m2hez7uepfqnafwdz"],"amount":2350},{"n":1,"addresses":["prl1p209gdfdx4vl4y229jsqgx7rrncxpjpt2dgczqm7s8etpy0v60adqq05623"],"amount":2649.99999538}]}