{"txid":"da56dd57e454fbf2853d97d69fda6bef07e103da820a4b99a2c2d2ec96187886","block_height":null,"time":null,"vin":[{"txid":"da56dd57e454fbf2853d97d69fda6bef07e103da820a4b99a2c2d2ec96187886","vout":0,"amount":3594.177728,"coinbase":false}],"vout":[{"n":0,"addresses":["prl1p9l9jtrktckc2v28kujgayhjrcqlwyp9xwcma0gj8jmps6e075mss9e65d9"],"amount":4.17771968},{"n":1,"addresses":["prl1zwd8a42c34sdyg3jjq360aqm0wk2ma9vajyqlsulfemn6wrvy5wqslztakv"],"amount":3590}]}