{"txid":"a9f5457b71a062e3fd00994bdb71c4fde637aa778ac01aef651f4b7d984412d0","block_height":null,"time":null,"vin":[{"txid":"a9f5457b71a062e3fd00994bdb71c4fde637aa778ac01aef651f4b7d984412d0","vout":1,"amount":6199.99959845,"coinbase":false}],"vout":[{"n":0,"addresses":["prl1pcvdcacwu7mm4077f4hff5a8nz5gqhw62kvw5ghqlpj0t8qn6qreq8x86at"],"amount":6089.9991969},{"n":1,"addresses":["prl1z05r3zp3va2trwgjtrjfdvmcg0zj5p7xrkhgc5rnywtt04c9caagscydy3n"],"amount":110}]}