{"txid":"5071dbbe1c4025338071645725a595061cec083e926e4a4cd0b2cb507f155f1a","block_height":null,"time":null,"vin":[{"txid":"5071dbbe1c4025338071645725a595061cec083e926e4a4cd0b2cb507f155f1a","vout":0,"amount":231.99999,"coinbase":false},{"txid":"4dd885d78a4ef3fbc5f7369bb658b866f6f5c170475503116888f4bf87e70f99","vout":1,"amount":0.2312056,"coinbase":false}],"vout":[{"n":0,"addresses":["prl1z0slrz8pdt8dwszag5xrc9c9zrgxhskvfscxdqv83y30dh4sj9rlsaf2qw3"],"amount":232},{"n":1,"addresses":["prl1plscka7qf46ynmptp8xwwhd0ql9c8a8a557u62jh8mvlvhkrk50sq7ppe4t"],"amount":0.23119348}]}