{"txid":"2b714868769a4ae74316bb76d520b28b0548b8eb201f9afb3ccaa4be2b573955","block_height":null,"time":null,"vin":[{"txid":"2b714868769a4ae74316bb76d520b28b0548b8eb201f9afb3ccaa4be2b573955","vout":40,"amount":83.88865096,"coinbase":false},{"txid":"446a985fed5af579f3a56d00d250b5c9f63dd8640f77823a6206028261d07bc2","vout":1,"amount":83.35708392,"coinbase":false}],"vout":[{"n":0,"addresses":["prl1z4e4dmhn7mrw02xh0egcye7hakjc3c6z2vfuf6s6r5qppqqnd426sffe3aw"],"amount":100},{"n":1,"addresses":["prl1pgrxt4ea99yjdyvcy82jsdp6qse00wr585yzjmhp4n2l06pjjedqqp9slgk"],"amount":67.24573276}]}