{"txid":"f808ec7ab66ce99c5ba77f4e51d0ac9adedf621e8a36f29cc574322ef7980178","block_height":null,"time":null,"vin":[{"txid":"f808ec7ab66ce99c5ba77f4e51d0ac9adedf621e8a36f29cc574322ef7980178","vout":0,"amount":6110.99999,"coinbase":false}],"vout":[{"n":0,"addresses":["prl1pfw663fku3grggmfjdyy9rdtut499jx0xph6h2j7yawg9vww45dmsfpe7ae"],"amount":0.99998156},{"n":1,"addresses":["prl1zmlvafuc2qd0khfydjdzqguslcxl25zqrgnzcgh3z2ms234euh43qxcfer9"],"amount":6110}]}