{"txid":"173c8764a0cad494e0ff82a0a9324f374131c97816d7f835c6d11a0a87ce2e62","block_height":null,"time":null,"vin":[{"txid":"173c8764a0cad494e0ff82a0a9324f374131c97816d7f835c6d11a0a87ce2e62","vout":1,"amount":371.499922,"coinbase":false}],"vout":[{"n":0,"addresses":["prl1zt6syv8hax0a6mu04sz2zrlwqkmyxzrd56cfwqueru5zs4ju9nu5qrykh5d"],"amount":100},{"n":1,"addresses":["prl1pze7hywlp92ca6r3x49jz7096ux5mu234xccpr0u7xndvzqdg8l8sa2m5zu"],"amount":271.499844}]}