{"txid":"26aefc1bca8bd4407772186dfb404a3f39203050abb3afcff6d0ec505a5457e7","block_height":null,"time":null,"vin":[{"txid":"26aefc1bca8bd4407772186dfb404a3f39203050abb3afcff6d0ec505a5457e7","vout":1,"amount":40257.86984488,"coinbase":false}],"vout":[{"n":0,"addresses":["prl1z39svjmhguehz8mre6qyvkhzsds56f9y7ewd22avte3wy5sufwwgqjlckca"],"amount":30000},{"n":1,"addresses":["prl1pzglj662dmhlgse90lsm6utgn8hv52vt6r8cvdxqlfjhfdwsvlkcqdfm9x0"],"amount":10257.86975874}]}