{"txid":"2dd141380655c9f5bc2b953e7f1c887630a4de957515b9118857be5c82890c9b","block_height":null,"time":null,"vin":[{"txid":"2dd141380655c9f5bc2b953e7f1c887630a4de957515b9118857be5c82890c9b","vout":0,"amount":500,"coinbase":false},{"txid":"4a6c68413ed0f20be9fcd29b40657b59ed3b572a1992cd488eba042bf0d38911","vout":1,"amount":0.2599447,"coinbase":false}],"vout":[{"n":0,"addresses":["prl1z6smpxxg2k0tgxdcc5ftgtunu0ntgg7yxfdxpt4p3kvzxp3pfw54se5mf0t"],"amount":500},{"n":1,"addresses":["prl1pc5v7m7p60444h8gjl69a67q209mx8pyp3z4z9n0wdk44j5dtfx7qm78kpr"],"amount":0.25994258}]}