{"txid":"db05b7aaabcc5c3c3b4ff415acf0c0dd4f9516ede54e0ec5a7213a402d3ced6c","block_height":null,"time":null,"vin":[{"txid":"db05b7aaabcc5c3c3b4ff415acf0c0dd4f9516ede54e0ec5a7213a402d3ced6c","vout":0,"amount":500,"coinbase":false},{"txid":"3fe2a7cc8d77babe7d017d4c2443aefba9537f40ab5860799caa9199752d61b1","vout":0,"amount":29.32528296,"coinbase":false}],"vout":[{"n":0,"addresses":["prl1pjwz7x5p7qxl8ch2fqqw7x9rz95250edm2d32xv6g0e7f7kq7d3zsxzuq49"],"amount":29.32527112},{"n":1,"addresses":["prl1zr0nuuatftwtj2g7hkmtjnalc7lsvpwm7p2x48f86nrwwsqla5jrsw2q9v2"],"amount":500}]}