{"txid":"47b58cdb943986540a8c63fb9316e8e34ff02e026602524f9e3e016666bfe1aa","block_height":null,"time":null,"vin":[{"txid":"47b58cdb943986540a8c63fb9316e8e34ff02e026602524f9e3e016666bfe1aa","vout":1,"amount":3138.99999538,"coinbase":false}],"vout":[{"n":0,"addresses":["prl1zw88n9f34t4sgxlqe87kah6n7mshl42m2lnlgy82687pfchhxtrsq2dnrn2"],"amount":580},{"n":1,"addresses":["prl1p47rm07xafyztc7dz0pcs0pur3psdfqgfsawrpk646d4gasy0w2mst6rxak"],"amount":2558.99999384}]}