{"txid":"4a7f5fee2d0947698bfaa278530d4c8fa0548ba03d59403b35b8999fa94e8c24","block_height":null,"time":null,"vin":[{"txid":"4a7f5fee2d0947698bfaa278530d4c8fa0548ba03d59403b35b8999fa94e8c24","vout":1,"amount":11929.99999846,"coinbase":false}],"vout":[{"n":0,"addresses":["prl1zn8f3n8x0y6shf9ezmzjpa05xru5n27xlyamdgqfsa82760p8ndvsr96qjn"],"amount":10000},{"n":1,"addresses":["prl1p94mante8tgtvajgghxh93l0z0vykzz7xfly6zdfpd9lsarm3dlystq3ar4"],"amount":1929.99999692}]}