{"txid":"91cda991136756a22db24934ab90cf83e502fba3687d3badc8f1504e1848135b","block_height":null,"time":null,"vin":[{"txid":"91cda991136756a22db24934ab90cf83e502fba3687d3badc8f1504e1848135b","vout":0,"amount":5363.15896343,"coinbase":false}],"vout":[{"n":0,"addresses":["prl1zf5k27fnr9pz5es0ufhnnrn2eeddj8ay3v5j8s2cwy0yy6jc6sj8ssd78ld"],"amount":5000},{"n":1,"addresses":["prl1pxa3yszg5zcl2x0ys9yeg2882c7qpqpxylgz293dd37uaazawe7fqcacrvg"],"amount":363.15875635}]}