{"txid":"aa3120ed743a40b2f0a18632180f7d7a571ffb6812bf12ffc99dc8b9f216310f","block_height":null,"time":null,"vin":[{"txid":"aa3120ed743a40b2f0a18632180f7d7a571ffb6812bf12ffc99dc8b9f216310f","vout":1,"amount":87.50217522,"coinbase":false},{"txid":"d416626ec329203e7af2d6990344a4c95f6505a3a94de4122ef9ff971c5cecf8","vout":1,"amount":83.50155103,"coinbase":false}],"vout":[{"n":0,"addresses":["prl1zxxkpjzecjxl62q98mpdu32s3pwhf3vkhgvqtercd7xhhgdd0xqtqkz9jxv"],"amount":100},{"n":1,"addresses":["prl1pwr5886ypg84da89qdnuar3847aw56m80mzrsnzycwk0xknq5w6vsdwhre6"],"amount":71.00372413}]}