{"txid":"66f7f1cb80e8a39a97d0c2429c2e1d1b1591f68ce76c7a92109df3ab7169df5e","block_height":null,"time":null,"vin":[{"txid":"66f7f1cb80e8a39a97d0c2429c2e1d1b1591f68ce76c7a92109df3ab7169df5e","vout":0,"amount":101.99999,"coinbase":false},{"txid":"1033a688a07d62e9ec84f3a97df7252f68c830c0515a196c02ad0ac21c6f98c5","vout":1,"amount":0.29999846,"coinbase":false}],"vout":[{"n":0,"addresses":["prl1zz32q4y42wmrgz7lmkvlg6lp0wqs7ty48nee724yctznhwgpuhassssg7zd"],"amount":102},{"n":1,"addresses":["prl1p6z85dd93t9ks64x6fn5c4wcdc38pwsks8vac4qed24g7mwhvmdrs8z969a"],"amount":0.29998634}]}