{"txid":"7867fd1d68df635ab77f4cbb02e924efa868983741076db186858068a21ab3cc","block_height":null,"time":null,"vin":[{"txid":"7867fd1d68df635ab77f4cbb02e924efa868983741076db186858068a21ab3cc","vout":1035,"amount":90.49079614,"coinbase":false},{"txid":"7867fd1d68df635ab77f4cbb02e924efa868983741076db186858068a21ab3cc","vout":1038,"amount":90.41270889,"coinbase":false}],"vout":[{"n":0,"addresses":["prl1z0jm7fdxc4cdezxm0luhx68aejpzpa90fq0ff8ls4danp7p0tpjrquvr4g2"],"amount":180},{"n":1,"addresses":["prl1p6trggty72lpxjd57ymy9795hu5lm5vjxaxfw9px7yy0hcl5alqds86awyn"],"amount":0.90350291}]}