{"txid":"16323b819fa4d1162b9b726b18e3e43d086a44a43373fcb6505b30cbe76455b0","block_height":null,"time":null,"vin":[{"txid":"16323b819fa4d1162b9b726b18e3e43d086a44a43373fcb6505b30cbe76455b0","vout":0,"amount":199.99999,"coinbase":false},{"txid":"9726c025789d1f4f3506ba79c63557828bffc0a54edb6a61b7d1aef028866771","vout":1660,"amount":10.35099083,"coinbase":false}],"vout":[{"n":0,"addresses":["prl1puv999mkh64wj8kvp6hgatutgpsruaa0ukhwkuz673dyq3g5gjacsnzrdt7"],"amount":10.35086149},{"n":1,"addresses":["prl1z6fy8wnr7lmjwjzu8n64gtmk2xm3d6uc23xsu942re9k0y9gkppus2q825r"],"amount":200}]}