{"txid":"edb8621ec12df2c07972a6e9890ecb1a2b5f7f3b3bb695f8a285e39712fc355c","block_height":null,"time":null,"vin":[{"txid":"edb8621ec12df2c07972a6e9890ecb1a2b5f7f3b3bb695f8a285e39712fc355c","vout":0,"amount":659,"coinbase":false},{"txid":"faff88c6159e14c8d180f397d53f76e5002529b7878b4dc825aeae23057b8715","vout":0,"amount":254,"coinbase":false},{"txid":"6a1201d76fefcd2cc8c59d4a1e057e0b0ccb08ae89316311bb118e98ed5d3179","vout":240,"amount":103.58268782,"coinbase":false}],"vout":[{"n":0,"addresses":["prl1zpl3l309q5lljjzp3u5v3fnwuuuh2pesx79z3nk30rh9mv5wj5cqsnj79wr"],"amount":1000},{"n":1,"addresses":["prl1pwh3fakyxkvg6zqgchfm73e3xsc72vhvwy0hyzth358x8a6kqasysxhkdqx"],"amount":16.58268512}]}