{"txid":"212c4059e2d96f61530a6fdd170e2c696186f82ee0d9199dac55b78c86f20c2d","block_height":null,"time":null,"vin":[{"txid":"212c4059e2d96f61530a6fdd170e2c696186f82ee0d9199dac55b78c86f20c2d","vout":238,"amount":100.66355143,"coinbase":false},{"txid":"62fa8cb5adc75f3a6ad1e51df153d61008d333a89546b4a3f8fa99b5e090d573","vout":49,"amount":38.6549699,"coinbase":false}],"vout":[{"n":0,"addresses":["prl1zd5rg2x0mxu8rlyd8u33qy9jrl0sdcm9qtay5g38wqwuzxlmarrns0xxj0u"],"amount":138},{"n":1,"addresses":["prl1p92ewn9m0jwx6995258h8pj7wwjhtn88d8kpnyyd4uvsgd652ju6qtwfujv"],"amount":1.31851921}]}