{"txid":"21353c1350b0753b9486728fd117c95c6b850fa811abb0a8c2d0f829769cf56a","block_height":null,"time":null,"vin":[{"txid":"21353c1350b0753b9486728fd117c95c6b850fa811abb0a8c2d0f829769cf56a","vout":0,"amount":349.99999,"coinbase":false},{"txid":"2e33649f94edbada1cbe6e3d66123e2500eff053bb5bfcf1c3b35eec4cfe764d","vout":1,"amount":1.99999846,"coinbase":false}],"vout":[{"n":0,"addresses":["prl1z8p7wxe9h70vj48442x5cmj00vd9sx0eg723z7l86hug6lqmdq9ws06gqqv"],"amount":350},{"n":1,"addresses":["prl1p7xkszgdmayzwqrwg8vvp5g6xsd3ex058mt5deqgfg34jywu50hfs27esve"],"amount":1.99998634}]}