{"txid":"293e88e69709138fc7e32ba9ceb585105e48227827558c15970ca4b5ab9aecdb","block_height":null,"time":null,"vin":[{"txid":"293e88e69709138fc7e32ba9ceb585105e48227827558c15970ca4b5ab9aecdb","vout":0,"amount":799.99999,"coinbase":false},{"txid":"b8c66c30c019979939acf40e3dcb5f5001bcd6c44afce1743e51848283633b24","vout":0,"amount":88.99958211,"coinbase":false}],"vout":[{"n":0,"addresses":["prl1pjtt0fx48s37pkge90anhdh4nse50zarl0s98dlkhqk069uawv22qyzdm36"],"amount":0.9995607},{"n":1,"addresses":["prl1z9ca4wqfux4vzcyz396n66s4tr2zuth2l48xr4lux6c8x2259dwwqurvvvl"],"amount":888}]}