{"txid":"617a103d02672bc0a8fb25b8ace919601e866383ec66856f9ec7f70a024337b6","block_height":null,"time":null,"vin":[{"txid":"617a103d02672bc0a8fb25b8ace919601e866383ec66856f9ec7f70a024337b6","vout":0,"amount":2721.31392285,"coinbase":false}],"vout":[{"n":0,"addresses":["prl1pmapgn7thn4n574ktcwu3uj8qldngp08scjy7jm083w7q2cfa6u9q59et7a"],"amount":2221.31390735},{"n":1,"addresses":["prl1zsjy9wu2w62hf2ztnc3gsukg5f2k4s2tmln7kaquwt40nry6rz2hqpfrm3d"],"amount":500}]}