{"txid":"1fbab336a34c9005654f9ea68380ba65e91e08cd92a4857d99d421b8905d96ce","block_height":null,"time":null,"vin":[{"txid":"1fbab336a34c9005654f9ea68380ba65e91e08cd92a4857d99d421b8905d96ce","vout":0,"amount":109.99999,"coinbase":false},{"txid":"8ab20886684ede8581504cff2db4748da66d745d413591c489134ae52d396054","vout":1,"amount":1.08468224,"coinbase":false}],"vout":[{"n":0,"addresses":["prl1zxddr4ssqf6zerycxrrvu0k50k2z3v05l9evlp5gxjjjva39fdsys57nc24"],"amount":110},{"n":1,"addresses":["prl1pp9jyp9m28rktnasz93xwnf9xh8c4pkvzc3luaxwjl5qkxf9duvhsg70sr2"],"amount":1.08467012}]}