{"txid":"cb2f1f4b7829c4f0bbc266da0f29e2a1aa530030b0f7d3d471ad103d987d7f96","block_height":null,"time":null,"vin":[{"txid":"cb2f1f4b7829c4f0bbc266da0f29e2a1aa530030b0f7d3d471ad103d987d7f96","vout":542,"amount":62.05967593,"coinbase":false},{"txid":"d1321634f24ab09c55dc749f08e85a142f8098a364b243e5e83f9b4e6cc15ad6","vout":498,"amount":47.3332113,"coinbase":false}],"vout":[{"n":0,"addresses":["prl1zgvhnde6t094dmj9w83plvhx2dt0kjz5gwj7lpznlv4jpdcw2p67qz6rz0k"],"amount":100},{"n":1,"addresses":["prl1par2eef0c04z6s6fhlzx6setjh5xqv8et50ufsty5zhywqjghwuwq6p085p"],"amount":9.39288511}]}