{"txid":"029960690abd695f8f9a327b305454df8856c452073b91dbaf3daade4ce1a4ba","block_height":null,"time":null,"vin":[{"txid":"029960690abd695f8f9a327b305454df8856c452073b91dbaf3daade4ce1a4ba","vout":1,"amount":186.79999576,"coinbase":false},{"txid":"84b08622ac234e6b2567c1e73c75923d60366c746c6a5b3ccc037d876e2f00ab","vout":1,"amount":158.99999538,"coinbase":false}],"vout":[{"n":0,"addresses":["prl1zgwl47g6r97zwlk5yrqpshdtf5xk6e4fzpv5exja0dc64e7jfj8rqc2tkw8"],"amount":200},{"n":1,"addresses":["prl1pzmr904ef067506akv00h53aavc9m6mjerllkxarztqm49gdxetsq8dldx5"],"amount":145.79998902}]}