{"txid":"57ad7588ba2b4a826b393d4af5bd09ea91011cf09513e3e3924d87c4ee655563","block_height":null,"time":null,"vin":[{"txid":"57ad7588ba2b4a826b393d4af5bd09ea91011cf09513e3e3924d87c4ee655563","vout":487,"amount":198.32509171,"coinbase":false}],"vout":[{"n":0,"addresses":["prl1pjac949vuyr7n87fzakhc8hn6yh4h50lcqmcldwjvpcyrku60adqqgafjt7"],"amount":98.32508318},{"n":1,"addresses":["prl1zga4nuclugpxg5csm9p9wf8maeryeucd83se4xemue04xgpvj9n7qks6xvk"],"amount":100}]}