{"txid":"2d4242ab21319dac42b4c08c41da0355170df3a16fe33582965388db243075d2","block_height":null,"time":null,"vin":[{"txid":"2d4242ab21319dac42b4c08c41da0355170df3a16fe33582965388db243075d2","vout":516,"amount":192.4023632,"coinbase":false},{"txid":"e721456b21b507526b233081562cc2b9f4d474a657bcb999037647479fe040d6","vout":1,"amount":0.41277245,"coinbase":false},{"txid":"57c1a82efd8a852aadaae32befc1a533661df536cb1051c39f83ad059fcf5768","vout":1,"amount":0.20150149,"coinbase":false}],"vout":[{"n":0,"addresses":["prl1zn5yc0k0pvgqcc8qrcy5nj8v6rtyvzy2lacj6ajekp4fc0suvl8yslkye3v"],"amount":193},{"n":1,"addresses":["prl1pqw8c5wrl8qampwsr0ekwtpfw2mtjp2dhn0023t4yqshpw96njfuqzmm8z4"],"amount":0.01663444}]}