{"txid":"c7349063b43fa1eccc12c552cbb6b56d1c1597398ef0e4ca070158533098ee49","block_height":null,"time":null,"vin":[{"txid":"c7349063b43fa1eccc12c552cbb6b56d1c1597398ef0e4ca070158533098ee49","vout":0,"amount":499.99998168,"coinbase":false},{"txid":"a2117fa2c47f75cdbbbdaaa0cd1422ae6240b83105dd23d253b96c196496461b","vout":1,"amount":488.99997336,"coinbase":false}],"vout":[{"n":0,"addresses":["prl1p5pyf66ms3mdv06gw7ytmcvq970pmt6l7v4taszdas0xwa6808qls27cm2j"],"amount":488.9999437},{"n":1,"addresses":["prl1zhku7pye4w4fquwtmwnwdx06s7mfcalnpk6046u4tzqnddrwulpyq769nvv"],"amount":500}]}