{"txid":"286f4dbc85fb823344e3c5ca97ae7e7eb0afc8e7ddb4ce1e58a00abd2c76b23f","block_height":null,"time":null,"vin":[{"txid":"286f4dbc85fb823344e3c5ca97ae7e7eb0afc8e7ddb4ce1e58a00abd2c76b23f","vout":381,"amount":3270.98115024,"coinbase":false},{"txid":"1d1c1bdcd986a8a1190c0b0b2ce5d28b10c46ecb484330262d5007d7b0a35cfd","vout":0,"amount":1300,"coinbase":false}],"vout":[{"n":0,"addresses":["prl1zxsmxs83v2tm3dw5353t6seprw5eg803ky668ns9kvnm7kct00xfqqnfvjk"],"amount":4500},{"n":1,"addresses":["prl1ppwud63x4euwf8frau3arzuweqmznjmwlujr90a4vljqw0qxfezyqx2ag7j"],"amount":70.98114812}]}