{"txid":"719f000e112df8d3185611de3b8279f03031cb2cac0df5f497a54d1e98b857ea","block_height":null,"time":null,"vin":[{"txid":"719f000e112df8d3185611de3b8279f03031cb2cac0df5f497a54d1e98b857ea","vout":1,"amount":4558.99999846,"coinbase":false}],"vout":[{"n":0,"addresses":["prl1zghcdsyfa0rrpr69qvcmxf8lsdqcv3y33axzddqpf9saxmfjty08qx54gmu"],"amount":1320},{"n":1,"addresses":["prl1p47rm07xafyztc7dz0pcs0pur3psdfqgfsawrpk646d4gasy0w2mst6rxak"],"amount":3238.99999692}]}