{"txid":"23b26b5eeef21f4f9d887de80bea61ba846de9a99b9bd2160326499133c62d82","block_height":null,"time":null,"vin":[{"txid":"23b26b5eeef21f4f9d887de80bea61ba846de9a99b9bd2160326499133c62d82","vout":0,"amount":420.99999,"coinbase":false},{"txid":"4eb9d6a3ea5c32d2e5fb32fc9017807ceb2496f51e7d523fe01584d538d2cc1a","vout":0,"amount":0.59776065,"coinbase":false}],"vout":[{"n":0,"addresses":["prl1ph4qa8j55s6z2d0x6z5w9n4lxph8gtxzxznvwf3l0cxqtahgr3lps3lnsf0"],"amount":0.59773909},{"n":1,"addresses":["prl1ztas0vrm6zunkmazj2cfj3eyelwczxlt35d750tq9c4v0hww9dlmsxkksn2"],"amount":421}]}