{"txid":"5f39a408444658999cb904be0ac66eef68c068b6a785863013fe310d1fee5a06","block_height":null,"time":null,"vin":[{"txid":"5f39a408444658999cb904be0ac66eef68c068b6a785863013fe310d1fee5a06","vout":1,"amount":16689.99998846,"coinbase":false},{"txid":"f22c91a6149455b83dce87ca3e25a15152cf9908e6ab898377315816e78526b6","vout":1,"amount":9676.1248793,"coinbase":false},{"txid":"ee02ad37b02f71c4efe1632a5b3393bd425fd80568de165bf5409820daa55761","vout":0,"amount":186.2,"coinbase":false}],"vout":[{"n":0,"addresses":["prl1z4a9nkl0v6t0k948puw78gj6y9zhv97t95tsk40574qq8xhd0zgnstpe2jx"],"amount":26500},{"n":1,"addresses":["prl1pgz7xkmw396pcnw43ptt4sg35gkv5ax789whywt6ja7mqz494hrmq2q3fk9"],"amount":52.32486506}]}