{"txid":"53b6cda5363223b096fab562de25a3c25aeba05ac83bca10843cd086a0ed8f9a","block_height":null,"time":null,"vin":[{"txid":"53b6cda5363223b096fab562de25a3c25aeba05ac83bca10843cd086a0ed8f9a","vout":0,"amount":100,"coinbase":false},{"txid":"718a72acedd54be9339763b2a66a4eca5103ba10c6eae90e00ada93f471fe827","vout":0,"amount":99.99999,"coinbase":false}],"vout":[{"n":0,"addresses":["prl1pkqaaf4hdtl8n2hyd60znhermk6s966utq3mkpppkrnl8ec4qt6qs900669"],"amount":99.99997442},{"n":1,"addresses":["prl1zwk7yy43sv73f9qlm7st92wmwv0r0062rzyc2v6c94m3nle9wx0dsdarfyf"],"amount":100}]}