{"txid":"43c53c6caf26e512795b6551cc65fe0998f49302a005e1affd39b3c809c26623","block_height":null,"time":null,"vin":[{"txid":"43c53c6caf26e512795b6551cc65fe0998f49302a005e1affd39b3c809c26623","vout":421,"amount":1381.22274148,"coinbase":false}],"vout":[{"n":0,"addresses":["prl1paf8378qqrqls5vyauay0dcytdksf8wth0sfsuv8p9ug7v5yu9ctslkezm2"],"amount":1.22273316},{"n":1,"addresses":["prl1zlpm9v43xa9qczf77swh4ytfudd9hjpsc02ekjgya42zx90v7guwq3fc0tx"],"amount":1380}]}