{"txid":"ddf03fd6b045932a5c1adee1ff4c1808dd8a028f10f2da74b230072cbbdda77f","block_height":null,"time":null,"vin":[{"txid":"ddf03fd6b045932a5c1adee1ff4c1808dd8a028f10f2da74b230072cbbdda77f","vout":0,"amount":99.99999,"coinbase":false},{"txid":"119118733f3fc6e5087e59075a40af6a689ff311fd99c4e0dc4e26115102cf44","vout":331,"amount":33.27697856,"coinbase":false}],"vout":[{"n":0,"addresses":["prl1zzq7sjlxzdd5x5zcyahsy7ca4s5jzgwy639gf24qcyq9w7v6yal8shapeu2"],"amount":100},{"n":1,"addresses":["prl1pzl0435lt6lzy74ycxksfu9f5823fugtw8fhhycgm6wlng7a5cgqqrsatcg"],"amount":33.27696644}]}