{"txid":"c16fad22b8721e57a8002e3264c5e42c3fb12014fc4e1130f08295b0c5fc1930","block_height":null,"time":null,"vin":[{"txid":"c16fad22b8721e57a8002e3264c5e42c3fb12014fc4e1130f08295b0c5fc1930","vout":0,"amount":2467.48377354,"coinbase":false}],"vout":[{"n":0,"addresses":["prl1z4xamj9v27t5e609fw4dc3anvvpcyrthl0u5tk69jgcdk6tewdqqsdqgz3e"],"amount":2467},{"n":1,"addresses":["prl1p0r8wp55aktf50s4hw2a2gftkn75lvpm34sfqj6vetkf0mava2w9smnkk5j"],"amount":0.483772}]}