{"txid":"d63343343dbfab19e662d471205bbef2a95b63ac30d52ddfb62acf2d22f5663b","block_height":null,"time":null,"vin":[{"txid":"d63343343dbfab19e662d471205bbef2a95b63ac30d52ddfb62acf2d22f5663b","vout":810,"amount":238.05104332,"coinbase":false}],"vout":[{"n":0,"addresses":["prl1zyvp7h67ek926rzr3lt96242y2txdd5gsrh6cqpw9gl6x2vfvt08snvagdh"],"amount":238},{"n":1,"addresses":["prl1p2p0lp0xhvg5y8cuqyuck9udzykv3cxkffn0n0ahzuuf0dapr9vzsmyueqx"],"amount":0.05104178}]}