{"txid":"0527546950f412a8e81c6311df2cfd8d68dff4a76eb59c6483e1fccc88c426e9","block_height":null,"time":null,"vin":[{"txid":"0527546950f412a8e81c6311df2cfd8d68dff4a76eb59c6483e1fccc88c426e9","vout":123,"amount":441.47693036,"coinbase":false},{"txid":"a32598a75fea5ad29525d686eb90507024859e984573263e61d9a352913eb901","vout":0,"amount":59,"coinbase":false}],"vout":[{"n":0,"addresses":["prl1pvmls8pjmg7lw9mt32cjkeuwvh79rms477xfuqzpama4tme2w2udq49a347"],"amount":0.47690906},{"n":1,"addresses":["prl1zdpyg0585smxfvjs5e4eqp8uaq6lrqlcemtgkk3kfh83dfr3yzulq6vqclz"],"amount":500}]}