{"txid":"c64e120bbba73a067d8f9bf58763bfe8794740e6d46b381a8aadd0cc1c8d3968","block_height":null,"time":null,"vin":[{"txid":"c64e120bbba73a067d8f9bf58763bfe8794740e6d46b381a8aadd0cc1c8d3968","vout":1,"amount":13800,"coinbase":false},{"txid":"7ef5f8072eaa355ecf366e613e3c48fbc808ae904393da590963d82c5b132e6c","vout":13,"amount":13.51872623,"coinbase":false}],"vout":[{"n":0,"addresses":["prl1zjsar40350nsvv6c7k52x2aqxwk7sexxlrr6vs7gprdmd4a96dt8sr07r8n"],"amount":13800},{"n":1,"addresses":["prl1pkk6j2h2lwj0jky6f352aeyfm5wyjme8clysm9q3k2j98te39jquqq46zv9"],"amount":13.51849048}]}