{"txid":"8a7e4330a359d9daad35d8259f8d9593c2a6dbc5fe8b765d70751f5e483293cd","block_height":null,"time":null,"vin":[{"txid":"8a7e4330a359d9daad35d8259f8d9593c2a6dbc5fe8b765d70751f5e483293cd","vout":0,"amount":113.59999,"coinbase":false}],"vout":[{"n":0,"addresses":["prl1pzu0fcwwsed5emr3a2c2e42468gv9pg0hjn52sf6pzumedlukqxdqckx8wr"],"amount":0.0999817},{"n":1,"addresses":["prl1z0m9874n044vup7cxdv6v9m7m2jmc50cq50uyfj75qk3c645dc4fs26sv6u"],"amount":113.5}]}