{"txid":"89bc7eb8d3b9a194b6618025523025a57b5912777ad2e10e6572e762b9623e63","block_height":null,"time":null,"vin":[{"txid":"89bc7eb8d3b9a194b6618025523025a57b5912777ad2e10e6572e762b9623e63","vout":0,"amount":1081.07559949,"coinbase":false}],"vout":[{"n":0,"addresses":["prl1z7llmfyhr8rcu4pc9peklfpjxq6jytqqz394rjh2uqelahsuvl9jqxzl3es"],"amount":1081},{"n":1,"addresses":["prl1pm2u7jht5vqqw32k5e2m87dpwhavwwrjnd6d7tjtpsv3l8qzzgdds8d449j"],"amount":0.07559795}]}