{"txid":"69f4b330e321860092d1d2ea5c4023458b107c087ee64272dcc4b071472f20be","block_height":null,"time":null,"vin":[{"txid":"69f4b330e321860092d1d2ea5c4023458b107c087ee64272dcc4b071472f20be","vout":0,"amount":98,"coinbase":false},{"txid":"2cce570b5d9c80d6112edfced93927a0fa837ecd46fe5c687293d0534f0dd8b3","vout":0,"amount":53.99993602,"coinbase":false}],"vout":[{"n":0,"addresses":["prl1z8mqpfphlddftx2usvy74lk2d4fnk80yz0nqc03vx023tlxh0q87s2cr462"],"amount":150},{"n":1,"addresses":["prl1pveql5pumam0a6jp2eueschlct66qe34pcrfgq6kwtmkjxx340l5s6wdyma"],"amount":1.99992461}]}