{"txid":"1d411747df244f1b72970100256418bb09ba3f459f20981d3847eff90230c2cb","block_height":null,"time":null,"vin":[{"txid":"1d411747df244f1b72970100256418bb09ba3f459f20981d3847eff90230c2cb","vout":1,"amount":2849.99999846,"coinbase":false}],"vout":[{"n":0,"addresses":["prl1z6e06g62kqxyaypyr4c4lsccrghl2hed2rfh4crhzmvpgfh279eksgjh37r"],"amount":1000},{"n":1,"addresses":["prl1phhur8qkwflja3729gdln50vdpt2rg3nwzt4xnxesmvh3n049agfq90hp7g"],"amount":1849.99999692}]}