{"txid":"c609ccb74c45f919eafce7419712118be6793345124adf563e18f758b2fc3fa3","block_height":null,"time":null,"vin":[{"txid":"c609ccb74c45f919eafce7419712118be6793345124adf563e18f758b2fc3fa3","vout":0,"amount":999.99999,"coinbase":false},{"txid":"24845a8051c9e92bc458f0b0e012247314eec19c0aa492b4fe8c5109d4ca1337","vout":0,"amount":423.20732196,"coinbase":false}],"vout":[{"n":0,"addresses":["prl1p5lga8f969vh8kehsdeddg9tnfxh0ryyt7ptmcyrl0rkv0ytg6resxwp02r"],"amount":423.2073007},{"n":1,"addresses":["prl1ze7lda4ddadutq0anlmc0zfqxpyhpka0vt6yxk5ch770d45xyy4jqs5tlwk"],"amount":1000}]}