{"txid":"fa7dfa76e6acbf4e9898b01d6ea472a152a6ab47942de22f33df0c1cb39d4351","block_height":null,"time":null,"vin":[{"txid":"fa7dfa76e6acbf4e9898b01d6ea472a152a6ab47942de22f33df0c1cb39d4351","vout":411,"amount":205.06444843,"coinbase":false},{"txid":"b7e30e00eafbbcc575ba2368a6985c3a44b0634c7af9a0ac8d2a011f828bc106","vout":570,"amount":111.98561863,"coinbase":false}],"vout":[{"n":0,"addresses":["prl1z8l90tmxvm5nacvl2ky40ha9r2qsevwfgxzvqrhah2y3xhvx5npjqcv2jlr"],"amount":310},{"n":1,"addresses":["prl1pe3ys7gkqxw7pwjax60qm8umd7ha3cvjdslp8aspnrlt2s52uuvasc6py39"],"amount":7.05006494}]}