{"txid":"21f7186a2e07745f613d265eed226de22c78027abcf9500d68e215466b70ee8d","block_height":null,"time":null,"vin":[{"txid":"21f7186a2e07745f613d265eed226de22c78027abcf9500d68e215466b70ee8d","vout":367,"amount":4054.04196558,"coinbase":false}],"vout":[{"n":0,"addresses":["prl1zuxysq5g4qqfdwq44ry7kc6yxadrvagrxreta95d48ar6jlnwh5vqxjzfu9"],"amount":100},{"n":1,"addresses":["prl1pev6e5dtexye286mdseklgxnqw99uy2a3j7jxwfxfflftpxr8w7kqrvmhtz"],"amount":3954.04195733}]}