{"txid":"0ed858bcc0549b5d0da274efe1b157e0f0285a57444b66d816c620f9a473e830","block_height":null,"time":null,"vin":[{"txid":"0ed858bcc0549b5d0da274efe1b157e0f0285a57444b66d816c620f9a473e830","vout":0,"amount":3189.1338638,"coinbase":false}],"vout":[{"n":0,"addresses":["prl1zvrl2tzwgwqwlcp50zntzethug6zeguux30pmntusypq5e0qcafgqst4jtp"],"amount":1000},{"n":1,"addresses":["prl1pxd4hrwqk37xk0lzwx8dhmjfzchau7h3m83j6235zcv2vs0gfgwpq3j8g55"],"amount":2189.13386226}]}