{"txid":"372295dad6dbbe233ae4fd7969ebc56799168635251e281eddf444a0f9c919f1","block_height":null,"time":null,"vin":[{"txid":"372295dad6dbbe233ae4fd7969ebc56799168635251e281eddf444a0f9c919f1","vout":1,"amount":1149.99998634,"coinbase":false},{"txid":"a19af23b2c70535301afb010c64b6cd6eeac77dcf98869287b51b1e73b645e51","vout":0,"amount":1000,"coinbase":false}],"vout":[{"n":0,"addresses":["prl1zuv4l6z56fwh3hkf5tkzp42ahlnhcfey73wm5pqm03xtmkews0kns58yaq7"],"amount":2000},{"n":1,"addresses":["prl1ppvp2twm9pcdu0255sn6twmra5xaaz2e7709kzzfrc9y0q8gne7csc9g44u"],"amount":149.99998422}]}