{"txid":"2d4242ab21319dac42b4c08c41da0355170df3a16fe33582965388db243075d2","block_height":null,"time":null,"vin":[{"txid":"2d4242ab21319dac42b4c08c41da0355170df3a16fe33582965388db243075d2","vout":189,"amount":398.16955724,"coinbase":false},{"txid":"ca9e985543b467bad90b61ca27bd7d13bb33581b9c2942312df7683916fc1bf5","vout":588,"amount":301.786005,"coinbase":false},{"txid":"372832622b3567b7944daceaa23afaa02476019fd705d18521495e92c77de85a","vout":1,"amount":79.99998846,"coinbase":false}],"vout":[{"n":0,"addresses":["prl1zkljp2vexzfhm3tyh6fzx2272hxqcqzcpmmxteqa83eh37qxxx20q9gekf6"],"amount":750},{"n":1,"addresses":["prl1pesd46vcsy6znd4py8x4lslmtj3t8nq4llwwczpnex2fgqj693r6squ8nnj"],"amount":29.955548}]}