{"txid":"2b484a38071fda34f97437b735117d0c5ecae496d48a9986bc485cecf6aba5b6","block_height":null,"time":null,"vin":[{"txid":"2b484a38071fda34f97437b735117d0c5ecae496d48a9986bc485cecf6aba5b6","vout":0,"amount":1132,"coinbase":false},{"txid":"df6c75952e3f545f195e529f2860b97eb723b97718c70487a0e16a781a784252","vout":7,"amount":38.5164143,"coinbase":false}],"vout":[{"n":0,"addresses":["prl1puga3xqey9rsjet7mp7upk5rsxul8y7d7l65ts784enn2q49cl29s3gqdje"],"amount":9.51640292},{"n":1,"addresses":["prl1zdszhq7smr3kxm5gvzaf28xzwtksvnd6pr5rev3upvvvkgj67sqdqg6qndv"],"amount":1161}]}