{"txid":"603e93b56904d984f199a0daafc5dd027bf5fad4683132854cd1a02ec919a425","block_height":null,"time":null,"vin":[{"txid":"603e93b56904d984f199a0daafc5dd027bf5fad4683132854cd1a02ec919a425","vout":0,"amount":65,"coinbase":false},{"txid":"57ad7588ba2b4a826b393d4af5bd09ea91011cf09513e3e3924d87c4ee655563","vout":391,"amount":37.55180096,"coinbase":false}],"vout":[{"n":0,"addresses":["prl1z2s4akc3mgljzupcfkztp9w2mkwjxrkhxkl4jydp3vu589695vw5shd0gjw"],"amount":100},{"n":1,"addresses":["prl1p7u92th0axw9cu8jv8ep40p2zt78up065678rtmrn6qeldhvawsmqmzvdvn"],"amount":2.55179884}]}