{"txid":"286f4dbc85fb823344e3c5ca97ae7e7eb0afc8e7ddb4ce1e58a00abd2c76b23f","block_height":null,"time":null,"vin":[{"txid":"286f4dbc85fb823344e3c5ca97ae7e7eb0afc8e7ddb4ce1e58a00abd2c76b23f","vout":95,"amount":453.89257097,"coinbase":false},{"txid":"fd17968d4c86f7128172779d99f2758f77f5c7b5370a57b4836e2d3f610ba1b5","vout":0,"amount":99.9,"coinbase":false}],"vout":[{"n":0,"addresses":["prl1zjle5e0723ampjzwf4ws4th4syze00dpqqygd2kr2xptd4katsjwqx7hkag"],"amount":500},{"n":1,"addresses":["prl1pza4xkj2r85hkpwwak8l05v84q3mrqnmldquu30yhhl04tptqt58szjdsx6"],"amount":53.79256885}]}