{"txid":"b227018184a08d40d57b123cabc28348157ddfed58456b7c8e546fb64ab34e0e","block_height":null,"time":null,"vin":[{"txid":"b227018184a08d40d57b123cabc28348157ddfed58456b7c8e546fb64ab34e0e","vout":1,"amount":271.499844,"coinbase":false}],"vout":[{"n":0,"addresses":["prl1ph6srh20rq8dnh29lc0dneyhjyp9lxjjczjvfalqh6mr02p0pdqzsrcrkjw"],"amount":171.499766},{"n":1,"addresses":["prl1zewrg60zakl5ph9ca4tjh6u2nh88z454smxnr76lks2w4wyzgwzxsk4ngv7"],"amount":100}]}