{"txid":"8afd06b4ab66ccc6a68444d2b5d1f0d61165edc3aaf10aca966e027e35a23e12","block_height":null,"time":null,"vin":[{"txid":"8afd06b4ab66ccc6a68444d2b5d1f0d61165edc3aaf10aca966e027e35a23e12","vout":0,"amount":167.8891328,"coinbase":false}],"vout":[{"n":0,"addresses":["prl1zlqmt6a59jpfq6nvlyw6xp9am9562ngljqyhtp6y8e0nkswtgaf4qep09uz"],"amount":167},{"n":1,"addresses":["prl1pq97mgvn7gxgn5gxtuwancd5x00z6mqzp0q56x7d9uz32qvw4sn3qxk5r72"],"amount":0.88913126}]}