{"txid":"2c4a4110c6d5b3f66475d17ba5cce9ed7a2f1950ee4f731f3835d54d2d7c320a","block_height":null,"time":null,"vin":[{"txid":"2c4a4110c6d5b3f66475d17ba5cce9ed7a2f1950ee4f731f3835d54d2d7c320a","vout":1,"amount":119.87161641,"coinbase":false}],"vout":[{"n":0,"addresses":["prl1z3m38cxgw390mdtgnapx9p2k88h4dfq3e0lmufqys9nn7erqc7mgqmejk59"],"amount":119},{"n":1,"addresses":["prl1ph8pm3wq738kt7q3sjusztaml6v8ur444506r44qderqly0whwsmqmxlw2e"],"amount":0.87161487}]}