{"txid":"63e62971a2b58a1d76f8c1ad6f60598897e8b7a97ca1b1e3e4710adf59cd3718","block_height":null,"time":null,"vin":[{"txid":"63e62971a2b58a1d76f8c1ad6f60598897e8b7a97ca1b1e3e4710adf59cd3718","vout":1,"amount":290,"coinbase":false},{"txid":"177d0aac8a75a066a4d6d322843a81a99d1ce6cc7f0a9378a1028f1e1cdf67c9","vout":1,"amount":3.3379675,"coinbase":false}],"vout":[{"n":0,"addresses":["prl1zw32m4nu8svfr36p6q3rrqhwnld99wupt0vcmy0hfc4vd4mppj38qq0w8cw"],"amount":290},{"n":1,"addresses":["prl1pydc558xnmkcrvf4u9w6vz665a8n7jktntkpjg9z02p497na3e4rslrnpye"],"amount":3.33741569}]}