{"txid":"afedb485891841cbad5da0f6deda6333c788e38c1ed0bf35c296b576cdd6ca53","block_height":null,"time":null,"vin":[{"txid":"afedb485891841cbad5da0f6deda6333c788e38c1ed0bf35c296b576cdd6ca53","vout":320,"amount":230.66581128,"coinbase":false},{"txid":"7f73da489df96a26a5b9446834e02735577f905a3d5f1a852577700ce7062df8","vout":1085,"amount":151.84414518,"coinbase":false},{"txid":"911a9389abf58ac269f28114df56b46052c3a3c5c3a17b20d51fcb5f3eacf9f1","vout":597,"amount":138.08282589,"coinbase":false}],"vout":[{"n":0,"addresses":["prl1pr0vr3tmjw84vfu4kqyu22vtcxcw59qlqz3qu6nach0pqwr3jlfcs9tytfm"],"amount":20.59249331},{"n":1,"addresses":["prl1z79s6qtuv7cl842yejrjhnu79ea237xaf7a42du7hz3u5hhgmcltscc254s"],"amount":500}]}