{"txid":"402259654e33795b1a02380666afa64ab40c3c2ef752adaed8f1aaffc2934385","block_height":null,"time":null,"vin":[{"txid":"402259654e33795b1a02380666afa64ab40c3c2ef752adaed8f1aaffc2934385","vout":0,"amount":9999.99999,"coinbase":false},{"txid":"d608e3a5d7009024158438477f51eeac4489f836bfe3c4faf9961c75666e3a4e","vout":85,"amount":103.71381372,"coinbase":false}],"vout":[{"n":0,"addresses":["prl1z4y6r3cereutkztayzv7ryhgch9dyn8lkfhhaedwxef4p9pvcr90qpr05pu"],"amount":10000},{"n":1,"addresses":["prl1pshz6avcwypd72pl7ekk64w8cztz7t94n40s75dks7uxsu7vquyfqdfajp8"],"amount":103.7138016}]}