{"txid":"f706e3afd5192d2690d54927f68c9aef661fe9d68a3a7345e2f4b86905ab88da","block_height":null,"time":null,"vin":[{"txid":"f706e3afd5192d2690d54927f68c9aef661fe9d68a3a7345e2f4b86905ab88da","vout":509,"amount":60.61990375,"coinbase":false},{"txid":"dc7f8695dcf924eca4cb126dbe6fa1afd4bcb1c83fb12e52c2d0524b05f75434","vout":1,"amount":48.07632999,"coinbase":false}],"vout":[{"n":0,"addresses":["prl1zagyfp5s03qgywjw68cjpek2pzuzf5yp6lqyp6wq0np6mep43l4wssatf40"],"amount":100},{"n":1,"addresses":["prl1pecqz4fsw5p73k8fu0xe2edwkfjyt2a8g6rueuw8j5sq5jceqvausxyqqya"],"amount":8.69621244}]}