{"txid":"71bb35310f5d9e9b5487711aadc343c99103a039496080f205bb86c31819b583","block_height":null,"time":null,"vin":[{"txid":"71bb35310f5d9e9b5487711aadc343c99103a039496080f205bb86c31819b583","vout":1,"amount":384.99630446,"coinbase":false},{"txid":"c7e0bcf930fc08c2b7ee4444df0fd8096f3d18ce2dc45b24b63efbc8969f0420","vout":1,"amount":371.65048572,"coinbase":false},{"txid":"89958fecc61a9a36ff38261008949d52cbf42f558abf96bd1031d5d5c7067ed7","vout":1,"amount":347.99999538,"coinbase":false}],"vout":[{"n":0,"addresses":["prl1zrqav8r7u3qmw3mzysckxerz9xt6uh4dqemtmf5t3q6u8uxsfv9hs6e979y"],"amount":850},{"n":1,"addresses":["prl1pcmh09gq68xeywxcjhzcjv9jvzl4s6g808cll4f4mh955ajpq485qgh8u6v"],"amount":254.64678286}]}