{"txid":"934003d8f01c6f5f29c02de7c775a6db97200279ed01a5e31ab381652e0b11f8","block_height":null,"time":null,"vin":[{"txid":"934003d8f01c6f5f29c02de7c775a6db97200279ed01a5e31ab381652e0b11f8","vout":422,"amount":47.88743933,"coinbase":false},{"txid":"93cf287ddacb2d8b08a20dfc1c9cbe9ecb06893f66c58ac482dd67bcbbd9696f","vout":618,"amount":29.31167678,"coinbase":false},{"txid":"636cc0ddb80a705dfc0ecd019a77764d280c34293f47376bed08cc2070c37479","vout":741,"amount":25.81478911,"coinbase":false}],"vout":[{"n":0,"addresses":["prl1pmu85faexcepufju5gjsctkyvsngrf3xrsl3edgyv74axzfpap9wqxd0qen"],"amount":3.01376197},{"n":1,"addresses":["prl1z4s80wsqmjgk8u9hku2tajq603c9cj9ununlm8qpyv0szl9uguxnqauqr22"],"amount":100}]}