{"txid":"ca9e985543b467bad90b61ca27bd7d13bb33581b9c2942312df7683916fc1bf5","block_height":null,"time":null,"vin":[{"txid":"ca9e985543b467bad90b61ca27bd7d13bb33581b9c2942312df7683916fc1bf5","vout":196,"amount":1117.37522462,"coinbase":false},{"txid":"6dabc86d03334716976d8a40c1a051d2faacc9eac7ffbf470a925eb692289eb8","vout":274,"amount":248.45378242,"coinbase":false},{"txid":"e4a148646ff71d3185fbe3e7aa84ab3a52f5d48d0613821bcb023b4f2522b370","vout":1,"amount":0.77796222,"coinbase":false}],"vout":[{"n":0,"addresses":["prl1pr0xur3eqe3p5lgn67wweawq4zjxalcn96c4670ud3se7vyejqnsqsy3n8a"],"amount":0.60695462},{"n":1,"addresses":["prl1zj77nyy5haw8tk89p7v26z7xdkfanuajp78d5lzm4uqt9eq0st8xsmatxdf"],"amount":1366}]}