{"txid":"5a8235a94a924ac796c0b834ea7ca69efe14c65d22cfc456789bec9b751feb7b","block_height":null,"time":null,"vin":[{"txid":"5a8235a94a924ac796c0b834ea7ca69efe14c65d22cfc456789bec9b751feb7b","vout":0,"amount":184,"coinbase":false},{"txid":"cdeee93c38bdf8ea50e073ec395d4d939d5026e398a71ded21c0371987d7d05d","vout":0,"amount":0.05611426,"coinbase":false}],"vout":[{"n":0,"addresses":["prl1plssjjnztar34p42xtde2c4260pzzrfhfq535m234cz66ye0wmswscsza2t"],"amount":0.05600707},{"n":1,"addresses":["prl1zcjvtj2xh8ymsp4elmlq7kccuw8u8v6673lyhfj93n3kgpev68tqqtdu5j9"],"amount":184}]}