{"txid":"04ebe9e23923bdd390a6a146bd4fdd92b2cb9ac15b81553722437f0665272744","block_height":null,"time":null,"vin":[{"txid":"04ebe9e23923bdd390a6a146bd4fdd92b2cb9ac15b81553722437f0665272744","vout":1,"amount":1441.84987005,"coinbase":false}],"vout":[{"n":0,"addresses":["prl1zll57cyce8w4v76qflvz08femag0vgwzqsqwz9mx6q2ve6yzuyfjqg4gmwh"],"amount":100},{"n":1,"addresses":["prl1pxgx47sgn9wrzhl5gsugur9j4yxzpf7wpfv4m4ynqr35w9ng4avvqduz955"],"amount":1341.84986851}]}