{"txid":"70367e3eb0a6bf07fb1195d4b535d17d727c83cc74b04ac801e031e96d208f6c","block_height":null,"time":null,"vin":[{"txid":"70367e3eb0a6bf07fb1195d4b535d17d727c83cc74b04ac801e031e96d208f6c","vout":1,"amount":5767.08898753,"coinbase":false}],"vout":[{"n":0,"addresses":["prl1zsmnwv8u3wlusved5msxewt542a3lfnhnym6g8ewf76wy44r0jccskkwszp"],"amount":4750},{"n":1,"addresses":["prl1p47rm07xafyztc7dz0pcs0pur3psdfqgfsawrpk646d4gasy0w2mst6rxak"],"amount":1017.08898599}]}