{"txid":"5e0cf28401cf5e9e0d53d4d950ab19e0e087f147cf7d90a68bef351d30ffd748","block_height":null,"time":null,"vin":[{"txid":"5e0cf28401cf5e9e0d53d4d950ab19e0e087f147cf7d90a68bef351d30ffd748","vout":1,"amount":2302.43436161,"coinbase":false},{"txid":"6196616be6c9e1ff8f47b1a0615b75641f738e871ac0cc4d245d8cacd73fc465","vout":0,"amount":1147,"coinbase":false},{"txid":"649664df34ce184d501624cfe3a0f59b23189b67f8505bbb02b8b90dde711227","vout":181,"amount":6.69517106,"coinbase":false}],"vout":[{"n":0,"addresses":["prl1z85l2r59pq8z27ej47dd59pn4jpax3fupctyjxjq6a6xcrcjvq6lqtl5m80"],"amount":3455},{"n":1,"addresses":["prl1pqaqajcnlx2pqye6t0p76zduhc9qd5mc8nryjl304jtwgxvyqy2ssmcdag8"],"amount":1.12952997}]}