{"txid":"034efd3385595ebeefc2841cf556b5a4fa373e9e06ef677011cf80af78dd87a4","block_height":null,"time":null,"vin":[{"txid":"034efd3385595ebeefc2841cf556b5a4fa373e9e06ef677011cf80af78dd87a4","vout":0,"amount":79999.99999,"coinbase":false},{"txid":"d3be1c230709410f55baa67b5e002f66d90eda65b52e0bc37b078b16d27f332b","vout":0,"amount":2759.1844481,"coinbase":false}],"vout":[{"n":0,"addresses":["prl1pl9nwth767s66ws8z3dndxn38xwpuv7vujpw833y9jrgl0eqqgadsyzfgce"],"amount":2759.1844168},{"n":1,"addresses":["prl1zm8g34wqtujm2r000wpgs2k3y600fygp8k7h660gtztfxwh2s2f5su80a27"],"amount":80000}]}