{"txid":"ba1b97087acb797ca2eb117647cf13174aa4714f4365cd972098db768de09774","block_height":null,"time":null,"vin":[{"txid":"ba1b97087acb797ca2eb117647cf13174aa4714f4365cd972098db768de09774","vout":1,"amount":20000,"coinbase":false},{"txid":"3c923e290b8fb86e329cf70b4a18875e9795fdf93c495d106359a406e25ad623","vout":1,"amount":548.10998788,"coinbase":false}],"vout":[{"n":0,"addresses":["prl1z73l3dajpqweyczfskw80mzntuq699tfpf0cppmppsytut6umuzdqp6yaus"],"amount":20000},{"n":1,"addresses":["prl1p94mante8tgtvajgghxh93l0z0vykzz7xfly6zdfpd9lsarm3dlystq3ar4"],"amount":548.10998576}]}