{"txid":"32e4b0c5e2383782ba7e42835aed10b5ab464609eeda1d2e6f126a99fb02d6f0","block_height":null,"time":null,"vin":[{"txid":"32e4b0c5e2383782ba7e42835aed10b5ab464609eeda1d2e6f126a99fb02d6f0","vout":66,"amount":65.72202384,"coinbase":false},{"txid":"ca9e985543b467bad90b61ca27bd7d13bb33581b9c2942312df7683916fc1bf5","vout":380,"amount":45.41657454,"coinbase":false}],"vout":[{"n":0,"addresses":["prl1zrwsr6ef57hf0khgjjxk50nvvj7e72q5l755z7w73zzst497n8e5q5zefjf"],"amount":100},{"n":1,"addresses":["prl1pwjakxf9lz7ckeatjds692z98l0uf5u3u7397xecwgvmzmp6hefzqvzclgh"],"amount":11.13852863}]}