{"txid":"b724a80600350aad157a27a6e0623f59d4f2cdaf552495cc7b489045ed070ff7","block_height":null,"time":null,"vin":[{"txid":"b724a80600350aad157a27a6e0623f59d4f2cdaf552495cc7b489045ed070ff7","vout":0,"amount":799.98981669,"coinbase":false},{"txid":"e6ca16959b8aba165669f895e1b66d246cb7b10a6e65d01d38fa4ef1d58db387","vout":0,"amount":455.22767538,"coinbase":false},{"txid":"bcef3e37ba6d3f816cd93fe90f04b64c1f6d5428273c3f78fc7d0a35f808e6b9","vout":0,"amount":455.22767538,"coinbase":false}],"vout":[{"n":0,"addresses":["prl1z4vptwfpv49v7az4mctjtemv0vtauj0u3r9aygam98z88t3exc87s60uulq"],"amount":1500},{"n":1,"addresses":["prl1pyl9lua95mjzcdjz9husgu5q37gpp0vfkzhwx7f84dwlsyy0v5n5sf4kpt3"],"amount":210.44486416}]}