{"txid":"3f7bc3ebbac6f27aea19cdf0b17b909b4b5c8ca88caeedd0f671fa38a10439f4","block_height":null,"time":null,"vin":[{"txid":"3f7bc3ebbac6f27aea19cdf0b17b909b4b5c8ca88caeedd0f671fa38a10439f4","vout":1,"amount":499.99998846,"coinbase":false},{"txid":"a8975956518a36c8123eed07acccab87c2acb9cc0cbbcc02530a5da2c830a87b","vout":1,"amount":81.98549984,"coinbase":false}],"vout":[{"n":0,"addresses":["prl1ze5qpyfu92mpty72hprryafsv753gqazrrt9t02dgcfy503xnsgvqeh9fsw"],"amount":500},{"n":1,"addresses":["prl1p2p0lp0xhvg5y8cuqyuck9udzykv3cxkffn0n0ahzuuf0dapr9vzsmyueqx"],"amount":81.98548618}]}