{"txid":"57ad7588ba2b4a826b393d4af5bd09ea91011cf09513e3e3924d87c4ee655563","block_height":null,"time":null,"vin":[{"txid":"57ad7588ba2b4a826b393d4af5bd09ea91011cf09513e3e3924d87c4ee655563","vout":210,"amount":229.30024171,"coinbase":false}],"vout":[{"n":0,"addresses":["prl1pyuuj5z3sam8jxa95frzyne4e95tf4r2pganh5vuj60z269urquqqqfqvtk"],"amount":129.30023329},{"n":1,"addresses":["prl1zk0rzhn5n730fwcrj9f0q2ytvjtrkmccv4jxcvxt6s8elt8r9xvzqlsmj0q"],"amount":100}]}