{"txid":"0527546950f412a8e81c6311df2cfd8d68dff4a76eb59c6483e1fccc88c426e9","block_height":null,"time":null,"vin":[{"txid":"0527546950f412a8e81c6311df2cfd8d68dff4a76eb59c6483e1fccc88c426e9","vout":223,"amount":9110.79298217,"coinbase":false}],"vout":[{"n":0,"addresses":["prl1zsf848zcxsy2mrx5855q4xg7w5n55g4t79tj8v9cmmlkm95p3myysj24uyx"],"amount":9100},{"n":1,"addresses":["prl1plcvdgacklemkafktcd5vdcun7gz8nqsawq70jaxrhkzpfu74w2xsg8qx0g"],"amount":10.79297377}]}