{"txid":"d88d846125c106f9fe952e17eddfa811711e84b714127597d1d1d88a4b7273c8","block_height":null,"time":null,"vin":[{"txid":"d88d846125c106f9fe952e17eddfa811711e84b714127597d1d1d88a4b7273c8","vout":0,"amount":101.99999,"coinbase":false}],"vout":[{"n":0,"addresses":["prl1zfeqmp9y9vzlrnngyvztsj4xhzxkkjk45t49864ceus0fe2avv90syl5f2g"],"amount":100},{"n":1,"addresses":["prl1p8lskeyngz429wjrtnznrg5yxhe4tn7avv7a23u3k5qrdf0lz72uqm2rhhu"],"amount":1.99998846}]}