{"txid":"7ed90984945f54e584079a77a198d11fe8fee675fe220be579f13a384d43dbf1","block_height":null,"time":null,"vin":[{"txid":"7ed90984945f54e584079a77a198d11fe8fee675fe220be579f13a384d43dbf1","vout":0,"amount":224,"coinbase":false},{"txid":"95fbb8abb3e0c6888e01f6b9150bc403e909fbb1fe627552fe6c8334f41d9f92","vout":34,"amount":7.83422019,"coinbase":false}],"vout":[{"n":0,"addresses":["prl1ppgkqtlqdysf7a0g2x00vhphvegxyadvjj0t4d82rhle78z79vtas0magx0"],"amount":7.83419889},{"n":1,"addresses":["prl1ze930ushdp597mm855ccvs8w46scflvx8e5tcdkv34nfffmmp5nhsdycgav"],"amount":224}]}