{"txid":"649664df34ce184d501624cfe3a0f59b23189b67f8505bbb02b8b90dde711227","block_height":null,"time":null,"vin":[{"txid":"649664df34ce184d501624cfe3a0f59b23189b67f8505bbb02b8b90dde711227","vout":466,"amount":218.26613095,"coinbase":false},{"txid":"e64207badea6a9adcf99e6d5a6fc0d8d7302d8a3efe6e1bf7a29422909dc706d","vout":1,"amount":3.79862313,"coinbase":false}],"vout":[{"n":0,"addresses":["prl1zgp8r675c43tr64mh2g74ttxcxu4vzkeq2lt3wwe8wmjny7fsn0xq9tgu4s"],"amount":220},{"n":1,"addresses":["prl1pjhpfu3wcw5gy3fq5slve37cn6kqp3wznmc9mjt4gwn09tvvfajmsqymtjz"],"amount":2.06475196}]}