{"txid":"4f48d9bf6a7e92c4f857b0a983c2c26e42ac755149faedf02497e8b56854b881","block_height":null,"time":null,"vin":[{"txid":"4f48d9bf6a7e92c4f857b0a983c2c26e42ac755149faedf02497e8b56854b881","vout":0,"amount":149.99999,"coinbase":false},{"txid":"cf890d71c365db416a3de296c7301947edb992c86e788fbf8cb8e2ef4c332d6b","vout":415,"amount":18.17596413,"coinbase":false}],"vout":[{"n":0,"addresses":["prl1z6t4d7gtqucm67jvsgrq06garjssqv287hk9mrqg436tdmvhjsm7stwspz4"],"amount":150},{"n":1,"addresses":["prl1puu5unldukl5g6fcdc3xm4m4kf67r3w02gw828w4j2xj5f9z96unsld2rsu"],"amount":18.17595201}]}