{"txid":"6527c3f19b3128fe0d56681e5dfe06a49527440514961f4f24373ba42b273afe","block_height":null,"time":null,"vin":[{"txid":"6527c3f19b3128fe0d56681e5dfe06a49527440514961f4f24373ba42b273afe","vout":0,"amount":863.94007385,"coinbase":false}],"vout":[{"n":0,"addresses":["prl1zd4pk3vapstxxmqy6v0s6p5msgtzrchlu8rvdxttu9w404py7ckqsy22zav"],"amount":500},{"n":1,"addresses":["prl1pgg4zud640qzws936nu32rq2hz08cyarea6jtanksktzfay80zzps9tu9x5"],"amount":363.94007231}]}