{"txid":"3141db9f8408b14bf249353085d15fef56970de62d748cce27336f594b2dce23","block_height":null,"time":null,"vin":[{"txid":"3141db9f8408b14bf249353085d15fef56970de62d748cce27336f594b2dce23","vout":19,"amount":59.60456183,"coinbase":false},{"txid":"f3d9e9fac1467cb707a5f3f3dbb84724adbfe22bba887b3cd470348b05d8056c","vout":82,"amount":59.47117996,"coinbase":false}],"vout":[{"n":0,"addresses":["prl1pa3muw57uh8vqn7atxwklv5p62mjeufgqa4msqd8dlfum5qk2j5ts89d043"],"amount":19.07572049},{"n":1,"addresses":["prl1z9d4q4ry2f980vrlx9jf2cd3ldvcedtsfxgenaq52pqtlt6hwvqyq7c9vwq"],"amount":100}]}