{"txid":"d36b675e105363a8b4ae3e531d88f366cfd5a424b2e98060e164b84ecbe93336","block_height":null,"time":null,"vin":[{"txid":"d36b675e105363a8b4ae3e531d88f366cfd5a424b2e98060e164b84ecbe93336","vout":897,"amount":116.0344839,"coinbase":false},{"txid":"d36b675e105363a8b4ae3e531d88f366cfd5a424b2e98060e164b84ecbe93336","vout":157,"amount":116.0344839,"coinbase":false}],"vout":[{"n":0,"addresses":["prl1zk95vklccr9vn6mydz0fcsmpdaefay4m49k9pd8v4mqdqs2lszwsqkk450m"],"amount":232},{"n":1,"addresses":["prl1p06xpetjp6f4v2ccqt8j3yqw3tjm6qyxrm4d2m6ejnnjgvuuhs75qvat282"],"amount":0.06896568}]}