{"txid":"6a62cc307cd35b019071d21d522456c02bce4c7c4147d5593efeaeafb006894b","block_height":null,"time":null,"vin":[{"txid":"6a62cc307cd35b019071d21d522456c02bce4c7c4147d5593efeaeafb006894b","vout":1,"amount":68.70415403,"coinbase":false},{"txid":"13357ebdb0cea6bffefe60a4a81be49c265a104e382acb80694ccc678ec3cf35","vout":312,"amount":56.07931475,"coinbase":false}],"vout":[{"n":0,"addresses":["prl1z6wtrfdxk7699uap0p8rukzth7rjydt3u8z27al6p2rn7mz9qmgdqs5wa0j"],"amount":100},{"n":1,"addresses":["prl1pj33mmfjmtvhl2n5y3g4yedscdal7m3svhv7478j7nd0y8lfncq0q4zgygr"],"amount":24.78346666}]}