{"txid":"4c163218f723d3e5de8920d61923bcd93c37a9bb779287fafc6bd9dd8be23de8","block_height":null,"time":null,"vin":[{"txid":"4c163218f723d3e5de8920d61923bcd93c37a9bb779287fafc6bd9dd8be23de8","vout":282,"amount":806.92711116,"coinbase":false}],"vout":[{"n":0,"addresses":["prl1zrqfehk7a5gx0gzg727yt5qvs6pmm6vg8dd5c79mz8mkwqtjvcmjs2klk9l"],"amount":575},{"n":1,"addresses":["prl1p09tv0fjr4gmtcgcxa3eml8sugutmgy2juxclshdn4mv5ss92wl5qujaw2r"],"amount":231.92710962}]}