{"txid":"be658f1f738b9227f727270952dd571f0a934d9ee448a5bc41d1b841f8f50071","block_height":null,"time":null,"vin":[{"txid":"be658f1f738b9227f727270952dd571f0a934d9ee448a5bc41d1b841f8f50071","vout":0,"amount":136.99999,"coinbase":false},{"txid":"8cff852306c99c4bdb70d8de6a607b04e7a4364ef2a8e2f5e1b0628c1d120e36","vout":0,"amount":95.13719002,"coinbase":false}],"vout":[{"n":0,"addresses":["prl1zg76tmkz7xstz63wd5mry2f54uh0588ha6tn2ta64n8zcmsfm6urqklclmz"],"amount":137},{"n":1,"addresses":["prl1papja4u5mvlktqhsgad6x2lx8c9z2tyvf3sz2qamjstxpjd69hztq07yh2p"],"amount":95.13716856}]}