{"txid":"5e7b6271289c0d7bef92070cfab5b3754f756db3042a849ae48187e9afab814f","block_height":null,"time":null,"vin":[{"txid":"5e7b6271289c0d7bef92070cfab5b3754f756db3042a849ae48187e9afab814f","vout":363,"amount":46.05806707,"coinbase":false},{"txid":"54aca9da1a947e5b4a6f0837bfca9d664c9e53a28b560e310c1864ef614f6dd4","vout":1,"amount":38.65290652,"coinbase":false},{"txid":"99ac58f331efaf39a81a38083b0b9fff809f9356cad2bff6e91ad1d03b1a9730","vout":1,"amount":19.19522377,"coinbase":false}],"vout":[{"n":0,"addresses":["prl1zs2h44mzdef4wetrxdmwgpehjupah7f82tfmqejn3xas9heagpv2qw43fe6"],"amount":100},{"n":1,"addresses":["prl1pskk83v2k6xmrq7ev9v0y47ralq49ne2lhudkzzwvwe9ke3sjh2fqjc3x8j"],"amount":3.90619466}]}