{"txid":"7887118c74c546fc558372bb8df6717c1a0eb79010a160a2f26a04c2a04ce131","block_height":null,"time":null,"vin":[{"txid":"7887118c74c546fc558372bb8df6717c1a0eb79010a160a2f26a04c2a04ce131","vout":1,"amount":975.69850541,"coinbase":false},{"txid":"286f4dbc85fb823344e3c5ca97ae7e7eb0afc8e7ddb4ce1e58a00abd2c76b23f","vout":236,"amount":24.06718222,"coinbase":false},{"txid":"aca9b7941fe393ea63db92a73aa4e31df97adf0d9864045cd09d75ae8009464d","vout":1,"amount":0.74701332,"coinbase":false}],"vout":[{"n":0,"addresses":["prl1zp5pftzdct5gnrqc49p34d6rrg5v5hd3ey0w3pjxsx0x4l3y70unspl5hhr"],"amount":1000},{"n":1,"addresses":["prl1phmyae4hke97qtznu5nwu7952q4fgl0sxm6cv4jfkngejp8rmr2wsuk5ah7"],"amount":0.51269825}]}