{"txid":"1590150700ba5eca1dd03904a4aba8fffdf249eb2dd45f639fb75b3fca92922d","block_height":null,"time":null,"vin":[{"txid":"1590150700ba5eca1dd03904a4aba8fffdf249eb2dd45f639fb75b3fca92922d","vout":0,"amount":1.58494171,"coinbase":false},{"txid":"72d47592c0e1f69528e01f63936b8db17448bb9242ae762c401f6ddb15a505e7","vout":505,"amount":3079.72654699,"coinbase":false}],"vout":[{"n":0,"addresses":["prl1p8v73jxag7wu6kprg6dkcvcchqxfst2g9yggkr3mf7jcptnjncaxqu2s344"],"amount":0.3104887},{"n":1,"addresses":["prl1zt3qc84ejtlmvtzu6aayqev4mcy3cejsr7fnwv6r0cvpwst2gj65qgnlrsh"],"amount":3081}]}