{"txid":"67757867fecac70a81923c53d110ddc93e830c4d11e99c4936caa5f03036102f","block_height":null,"time":null,"vin":[{"txid":"67757867fecac70a81923c53d110ddc93e830c4d11e99c4936caa5f03036102f","vout":0,"amount":980,"coinbase":false},{"txid":"d63343343dbfab19e662d471205bbef2a95b63ac30d52ddfb62acf2d22f5663b","vout":535,"amount":822.94264962,"coinbase":false}],"vout":[{"n":0,"addresses":["prl1zthv0ztflakygr8aj7jswm5apsatc6uvk6j8ukfuuz6vvhw2sksasgzt2nj"],"amount":1400},{"n":1,"addresses":["prl1p9aeulez20kmacd864r6sygtecdv40c8zjmax9sns33vc4ffctaxscljrxe"],"amount":402.9426475}]}