{"txid":"6a6720c9c9b2093c704fcc5f150bb0eb5c2c5b9811ed71d787d839febc439f8d","block_height":null,"time":null,"vin":[{"txid":"6a6720c9c9b2093c704fcc5f150bb0eb5c2c5b9811ed71d787d839febc439f8d","vout":0,"amount":7272.92754079,"coinbase":false},{"txid":"c63ca56604aacb89f6109d292981b78b9984a196a5a655e82ca1f4f44da96b68","vout":0,"amount":431.2,"coinbase":false}],"vout":[{"n":0,"addresses":["prl1pm93ck95ykyzkrmngs8uk73ulmy3gnhfk4u26r8rv62svc6emv7pq3ts0e2"],"amount":4.12752948},{"n":1,"addresses":["prl1zf5vwj3h46f7my269jdzvv0g6df3mpsahy44sl9dxehyn5jyn26uqk03p3t"],"amount":7700}]}