{"txid":"649664df34ce184d501624cfe3a0f59b23189b67f8505bbb02b8b90dde711227","block_height":null,"time":null,"vin":[{"txid":"649664df34ce184d501624cfe3a0f59b23189b67f8505bbb02b8b90dde711227","vout":236,"amount":7785.72224471,"coinbase":false}],"vout":[{"n":0,"addresses":["prl1zw7er6zgya9nueqancc3cdcqs6jaa7spjzg38njttn7e2xmmhelcs43ts66"],"amount":2000},{"n":1,"addresses":["prl1px2e70nwwpsahnufq2qlu5enur79lvj5g88skw5vac05fvv76ycwqgcxz77"],"amount":5785.72223643}]}