{"txid":"8d6aaaf9c7fb8c191e70da9582bc1a93e75afbb5417f1b72d6fc9f96d744a703","block_height":null,"time":null,"vin":[{"txid":"8d6aaaf9c7fb8c191e70da9582bc1a93e75afbb5417f1b72d6fc9f96d744a703","vout":0,"amount":585,"coinbase":false},{"txid":"8d6aaaf9c7fb8c191e70da9582bc1a93e75afbb5417f1b72d6fc9f96d744a703","vout":1,"amount":0.6786884,"coinbase":false}],"vout":[{"n":0,"addresses":["prl1p56ypavyehlex8ke9fnxhsep3ra2qr4dxxw7cdyyq68pcz2lp867qt55y93"],"amount":0.67845593},{"n":1,"addresses":["prl1zc5tgdqwegxpy6spxuwwhlz8dtx5qvt95jm7mskyaxd3sahk4hvaqerkteq"],"amount":585}]}