{"txid":"af4e056d1454dfa861d8a0ef4e72a3bbc6dcc5ab0f89130eb11aba1f8a1081aa","block_height":null,"time":null,"vin":[{"txid":"af4e056d1454dfa861d8a0ef4e72a3bbc6dcc5ab0f89130eb11aba1f8a1081aa","vout":0,"amount":1000,"coinbase":false},{"txid":"786068e8ee3bed1ee2a1428dafe5282a790409a4fc2487649ea184ab7d7f1e54","vout":1,"amount":0.59943494,"coinbase":false}],"vout":[{"n":0,"addresses":["prl1zldmhsmnfjl0alx3ng5xrujnqsx48ljs7c3ypl0nkjzjavzsfussq8gjqqm"],"amount":1000},{"n":1,"addresses":["prl1pcmh09gq68xeywxcjhzcjv9jvzl4s6g808cll4f4mh955ajpq485qgh8u6v"],"amount":0.59943282}]}