{"txid":"21f7186a2e07745f613d265eed226de22c78027abcf9500d68e215466b70ee8d","block_height":null,"time":null,"vin":[{"txid":"21f7186a2e07745f613d265eed226de22c78027abcf9500d68e215466b70ee8d","vout":16,"amount":2189.0854204,"coinbase":false},{"txid":"256fa2d3d887f8a14eb27e383b1159c8c717d028c3fa428eacb46b95e8933440","vout":0,"amount":579,"coinbase":false}],"vout":[{"n":0,"addresses":["prl1pz78kc0hzvl86pgyja0f0trgqqgu2er3p56a29437tqf9uq79mmvs8865jg"],"amount":68.08540906},{"n":1,"addresses":["prl1z2z386p668jn57c5ny4mgufk08e84h3aqppa5ym6dp9l4j4xq0utsgxylev"],"amount":2700}]}