{"txid":"e714d2c1fc5f31dca7ef25184eb8553abda50a7372a7ed196ceec844e670b44f","block_height":null,"time":null,"vin":[{"txid":"e714d2c1fc5f31dca7ef25184eb8553abda50a7372a7ed196ceec844e670b44f","vout":0,"amount":117.99999,"coinbase":false},{"txid":"c25be33f9b6e9781fdd10cc93b3cab2da2a55f85417ea05ea33a1b3203f082d1","vout":1,"amount":0.28757042,"coinbase":false}],"vout":[{"n":0,"addresses":["prl1zfqdq4r09h8cd58knhsa77g0jgs7nsljc0ata77jwqpe6nye9twpqjpmgnh"],"amount":118},{"n":1,"addresses":["prl1plfxwwcaldls8rtp5p84g3hw8p9453gtqhkwfj8vzqeaxedg8q8qsrk05fg"],"amount":0.2875583}]}