{"txid":"649664df34ce184d501624cfe3a0f59b23189b67f8505bbb02b8b90dde711227","block_height":null,"time":null,"vin":[{"txid":"649664df34ce184d501624cfe3a0f59b23189b67f8505bbb02b8b90dde711227","vout":82,"amount":246.36066437,"coinbase":false}],"vout":[{"n":0,"addresses":["prl1zuy9ptcsmfunteavyxj6nyvtjwsjd7rz7haaq790aluv82tn9x9ks3xvsv4"],"amount":240},{"n":1,"addresses":["prl1pcnupj6e4nv76ljyhlft8mp7pzrwr7026a3kwlg6zcvf87rv6ugvsk9q65a"],"amount":6.36065608}]}