{"txid":"f8c6d522995f92693b5d23caa3b1b4666649ebd9080e3edd613ada5e20cbdcc5","block_height":null,"time":null,"vin":[{"txid":"f8c6d522995f92693b5d23caa3b1b4666649ebd9080e3edd613ada5e20cbdcc5","vout":1,"amount":6555.54998614,"coinbase":false}],"vout":[{"n":0,"addresses":["prl1zxusjakgfv97wmpu0k0wpnx4fqcza54v57htgdqjk33rkkhwnh35qk95439"],"amount":555.56},{"n":1,"addresses":["prl1p209gdfdx4vl4y229jsqgx7rrncxpjpt2dgczqm7s8etpy0v60adqq05623"],"amount":5999.9899846}]}