{"txid":"3a10bb874fdc85507aa5c850ec2600597e87ab96ffc787ffcb3b898b10e7ff42","block_height":null,"time":null,"vin":[{"txid":"3a10bb874fdc85507aa5c850ec2600597e87ab96ffc787ffcb3b898b10e7ff42","vout":0,"amount":4899.99998889,"coinbase":false}],"vout":[{"n":0,"addresses":["prl1ztkvh6xfuerwytneh2hkkr5mcmyqu9evgfevdzt4pt25duu7znurq6k8ygd"],"amount":4890},{"n":1,"addresses":["prl1pw7xr70zty50z50zpzkmcut5lt8slyeaxj2cczt8eqapf8w5fgzlsvecu3k"],"amount":9.99998735}]}