{"txid":"a24a73a8407c88ae2523d0f1c0f9008e9b7f123334bb5228982c4a7be048638e","block_height":null,"time":null,"vin":[{"txid":"a24a73a8407c88ae2523d0f1c0f9008e9b7f123334bb5228982c4a7be048638e","vout":0,"amount":1263.79036635,"coinbase":false}],"vout":[{"n":0,"addresses":["prl1z8mt8f5pwqu7qxrjp2l7mywg4nnqmc5lqun57rtscwk4rs9ckyhkqgetzkd"],"amount":1200},{"n":1,"addresses":["prl1pkld3f3mezwqvcg6ghtmrfsgqlk90v7zh78r9k83agn40gdaqrwwqlazura"],"amount":63.79036481}]}