{"txid":"08c149e7b3b0fe222b8506f1fe6bc5eb9b5b85768b3b03efa6b6dcb66fc1aa7f","block_height":null,"time":null,"vin":[{"txid":"08c149e7b3b0fe222b8506f1fe6bc5eb9b5b85768b3b03efa6b6dcb66fc1aa7f","vout":0,"amount":614.10438977,"coinbase":false},{"txid":"0527546950f412a8e81c6311df2cfd8d68dff4a76eb59c6483e1fccc88c426e9","vout":384,"amount":379.86508653,"coinbase":false},{"txid":"6dabc86d03334716976d8a40c1a051d2faacc9eac7ffbf470a925eb692289eb8","vout":409,"amount":9.39854497,"coinbase":false}],"vout":[{"n":0,"addresses":["prl1zt6hmk8ufqnlws4trdqn3llhwp48f62r3dh2llyk3kd3h8gj6026qvkdkag"],"amount":1000},{"n":1,"addresses":["prl1p7gjrt99lmjr659ru3cnk6fczztnx22x4ryzrm648zkwfs4hfwcfsyc8m2p"],"amount":3.36801857}]}