{"txid":"aeaa10ad47f0a70a621fc87dbdd5cb3a4bc94ae6dda66a63864cc16881f2c9d4","block_height":null,"time":null,"vin":[{"txid":"aeaa10ad47f0a70a621fc87dbdd5cb3a4bc94ae6dda66a63864cc16881f2c9d4","vout":0,"amount":25.48130218,"coinbase":false}],"vout":[{"n":0,"addresses":["prl1pazsjqnmy58svgf7e85n0e2quxtj3f698q5f3p34grtnsf0t2jp7q2ynx3s"],"amount":5},{"n":1,"addresses":["prl1p30r9juz3l5c6unx7sxxn3kcfp54qzmf7endf77wvvjedvqyql04qeugch9"],"amount":20.4812991}]}