{"txid":"1d4ca102d9154845d29b1819d2f679d301a886dd767e6e959d7df08f1a8c89ab","block_height":null,"time":null,"vin":[{"txid":"1d4ca102d9154845d29b1819d2f679d301a886dd767e6e959d7df08f1a8c89ab","vout":0,"amount":131.82508754,"coinbase":false},{"txid":"9d3d04960e67c1a2ce74a378feb44104aefae9f0d826c3b3bf4e02335f0a7136","vout":0,"amount":99.99999,"coinbase":false}],"vout":[{"n":0,"addresses":["prl1zdwvnrc8yvdwvkamyjcmssqqpay25e23cak0rhn8n5f4rslaqjgjq35rvgp"],"amount":200},{"n":1,"addresses":["prl1p6uk74paq07wvz96wr5ygvw2sx4lndkz7ed9v4mllzsq6c2kp8r0s09uetp"],"amount":31.82506628}]}