{"txid":"e8cc389cda96741d6ed129ff5458fe85bae1dea23181f6983501168e6dd21ae1","block_height":null,"time":null,"vin":[{"txid":"e8cc389cda96741d6ed129ff5458fe85bae1dea23181f6983501168e6dd21ae1","vout":102,"amount":1207.29402394,"coinbase":false}],"vout":[{"n":0,"addresses":["prl1z73mzcer9zn3cn6dhdkqjevwy9r9rle0zjl00hwsue0892en8uphq2fmayr"],"amount":450},{"n":1,"addresses":["prl1pv82z8k4ldjkypqajfvlkk03gpxz088uf36n5rvt7qc2uqukq32pqn6caa0"],"amount":757.2940224}]}