{"txid":"6fadf14c1c537b6ad9bcef840233b4df3394bcf522263ca494ca36f2bfeefc85","block_height":null,"time":null,"vin":[{"txid":"6fadf14c1c537b6ad9bcef840233b4df3394bcf522263ca494ca36f2bfeefc85","vout":0,"amount":6899.99999,"coinbase":false},{"txid":"049de7d0985147554476c3acebcf33f1ee1ca5005830b97e0958ea49af4a743c","vout":0,"amount":1537,"coinbase":false}],"vout":[{"n":0,"addresses":["prl1zetf0nwa06mysl0wa9z39d57t85dfh5w7h9ge3m7z40w7uafnzrms8uaeym"],"amount":8400},{"n":1,"addresses":["prl1pnz8n7j59v879dnxx2d2p2e5742g209zccdk429jv5ll93udf0c4quecv84"],"amount":36.99997857}]}