{"txid":"33cc12f487b77d7a377289a5088e6b27aa635c7506647d7198c186b9c226d860","block_height":null,"time":null,"vin":[{"txid":"33cc12f487b77d7a377289a5088e6b27aa635c7506647d7198c186b9c226d860","vout":60,"amount":739.73160453,"coinbase":false},{"txid":"609d03ca189d355a0de56ecb922c8b89308e29ca04908b585049e01dfc05744a","vout":177,"amount":441.4691771,"coinbase":false},{"txid":"ad1f5ec0a0c7e4915f6bad1816e5d27f25f03758dc469a813a582bc7e41682a8","vout":14,"amount":24.05663023,"coinbase":false}],"vout":[{"n":0,"addresses":["prl1pau38urejvc2tas33uj53rmetvl0nds905n4q63y8pt78axjmd7wqa85ry4"],"amount":0.25739716},{"n":1,"addresses":["prl1zmwlyp2dyc90j5uvvnal22qsdmkw5xj5muvqwd666mddcjyf508ts6wzg3s"],"amount":1205}]}