{"txid":"89c394226b2da3e5de46e7da65f9dc56f81e613b285f0c9bf506770a9a907376","block_height":null,"time":null,"vin":[{"txid":"89c394226b2da3e5de46e7da65f9dc56f81e613b285f0c9bf506770a9a907376","vout":0,"amount":5109.4679075,"coinbase":false}],"vout":[{"n":0,"addresses":["prl1zxakaymjelj0s079mqzjv3cwythwu4hukxsduq5r8a0wm4ccxr32qs453uu"],"amount":5000},{"n":1,"addresses":["prl1p3lthrt3n7yrrh7qdttq68aq5q76qn0alnmftqqw3hvxh450atm2q3w0pa6"],"amount":109.46790596}]}