{"txid":"1164107c5cd421e64af5f4eda121e9f3a9d3a2a00940983178c4aa227a728cf4","block_height":null,"time":null,"vin":[{"txid":"1164107c5cd421e64af5f4eda121e9f3a9d3a2a00940983178c4aa227a728cf4","vout":0,"amount":4660,"coinbase":false},{"txid":"0153aea7e3ff4c6617a3e46209f2f5164f3aa8c8002bbc40d293edba25668260","vout":1,"amount":6.63215741,"coinbase":false}],"vout":[{"n":0,"addresses":["prl1zyc4e8cxfn5298f8gucckdvmn50tl9wk0xgp5axtmhcau8jh0rsdsu8p3l8"],"amount":4660},{"n":1,"addresses":["prl1ptl7mq05huqxrgtagaepgjgf5kt3jmjw2zqd2wufw0v5xx2hrcqjsshf2ta"],"amount":6.63215529}]}