{"txid":"0dc1e6d9c7027e9be6a2ba5e87e14076900a034a3e31033f55ac08fc0c1e94a3","block_height":null,"time":null,"vin":[{"txid":"0dc1e6d9c7027e9be6a2ba5e87e14076900a034a3e31033f55ac08fc0c1e94a3","vout":0,"amount":104.99999,"coinbase":false},{"txid":"3daaa59c896786c8b78be284304f4a0441cf4037632403412f04b328e17dd7a6","vout":1,"amount":0.31060536,"coinbase":false}],"vout":[{"n":0,"addresses":["prl1zpved2pa6a6et65raamq3gt2dcm463adthhuasz57dtv3u7t00fnqw4zkex"],"amount":105},{"n":1,"addresses":["prl1plutvq8ndrjzd9h545mmxfch974k7flj59k09kfz4lm0ngx6t50rsmhdt0n"],"amount":0.31059324}]}