{"txid":"03943dbfb77cee5b83c6872045c8b0958707d8bd20fd5e6a2804c2f0d944e595","block_height":null,"time":null,"vin":[{"txid":"03943dbfb77cee5b83c6872045c8b0958707d8bd20fd5e6a2804c2f0d944e595","vout":0,"amount":1299.99999,"coinbase":false},{"txid":"2994ed5cab651f032d7309983cbd90049a6dd3f23e5e590af96164bdbd1ad985","vout":1,"amount":1.3904496,"coinbase":false}],"vout":[{"n":0,"addresses":["prl1zekppsetpnwer7emkge7qjygnfyln6ltzskflw2k83w2hcrz6qdzs2dr5xx"],"amount":1300},{"n":1,"addresses":["prl1p3lthrt3n7yrrh7qdttq68aq5q76qn0alnmftqqw3hvxh450atm2q3w0pa6"],"amount":1.39043748}]}