{"txid":"4ef8aa0571af3824355058f8f2d7043f987b30e8661a8d5ee1cf96e1ce84f9ef","block_height":null,"time":null,"vin":[{"txid":"4ef8aa0571af3824355058f8f2d7043f987b30e8661a8d5ee1cf96e1ce84f9ef","vout":1,"amount":1952.43834503,"coinbase":false}],"vout":[{"n":0,"addresses":["prl1znfldw4yh997k8emxhn8pk0n0wfqr3n67mxzzxapp3vt0drkfxf9q4czxyu"],"amount":1950},{"n":1,"addresses":["prl1pccym8gswlhx9w2pr2pqmdnfd0rs6wfdsv3fvqenvjfjv0n3n5zxqafz0tc"],"amount":2.43832938}]}