{"txid":"21f7186a2e07745f613d265eed226de22c78027abcf9500d68e215466b70ee8d","block_height":null,"time":null,"vin":[{"txid":"21f7186a2e07745f613d265eed226de22c78027abcf9500d68e215466b70ee8d","vout":490,"amount":312.04049294,"coinbase":false}],"vout":[{"n":0,"addresses":["prl1zx9egl0q8m2f48n3sfpdhl23f8q33f2uraj23qwdm7yg3njjr35yqx6zp4j"],"amount":100},{"n":1,"addresses":["prl1pgay04l0gr40wacd7st6jpag4qlrl4x0chu3fwyradn3pkpn67ftsm3dm0d"],"amount":212.04048453}]}