{"txid":"e115354c99a88c4609626c659552d70304876638957c20c27efdc7d3e4d2b3c1","block_height":null,"time":null,"vin":[{"txid":"e115354c99a88c4609626c659552d70304876638957c20c27efdc7d3e4d2b3c1","vout":0,"amount":1900,"coinbase":false},{"txid":"ebb8063e4db9b1f6bdb5fc8a3da00a380eb313822bb30ed8a4557324e7532fb9","vout":1,"amount":99.99999846,"coinbase":false},{"txid":"72d47592c0e1f69528e01f63936b8db17448bb9242ae762c401f6ddb15a505e7","vout":243,"amount":19.07097609,"coinbase":false}],"vout":[{"n":0,"addresses":["prl1z4cdu3apqvrdlv9wy0cnjtdrrec2wfcjswwxaa08yc82r67y7l9lq0yuy6w"],"amount":2000},{"n":1,"addresses":["prl1p0r8wp55aktf50s4hw2a2gftkn75lvpm34sfqj6vetkf0mava2w9smnkk5j"],"amount":19.07097185}]}