{"txid":"21f7186a2e07745f613d265eed226de22c78027abcf9500d68e215466b70ee8d","block_height":null,"time":null,"vin":[{"txid":"21f7186a2e07745f613d265eed226de22c78027abcf9500d68e215466b70ee8d","vout":22,"amount":256.482851,"coinbase":false},{"txid":"ae04e59705b58d860ee91d2e1fcc19fc05acaa7c53deddaffa200a71e61f832c","vout":84,"amount":26.31509466,"coinbase":false}],"vout":[{"n":0,"addresses":["prl1pppvhmy3gdmvy0rsuvtnj0v4wl8j2sxu9xmhe8uk76edz8e6lxxnserufyp"],"amount":0.79793427},{"n":1,"addresses":["prl1z0z7j9zkhffazxnczrgk66h2cr6d7amdf0lu27h2flqdltvlmv83s3c6nxr"],"amount":282}]}