{"txid":"715f734c1a40891cff6506b846ed93992768575753f0aca7ba8ebef4891b3025","block_height":null,"time":null,"vin":[{"txid":"715f734c1a40891cff6506b846ed93992768575753f0aca7ba8ebef4891b3025","vout":1,"amount":499.93499692,"coinbase":false},{"txid":"22764a8713e5ff9657711a0948c3a85ae5075133cc692ff3a96e3d99bfc6c746","vout":0,"amount":455,"coinbase":false}],"vout":[{"n":0,"addresses":["prl1zcl8xv8wyv0tqlfmpl2wjf4ycqsfkpr8tyj6ty4fcjcpps7zdzahq5pgh8q"],"amount":600},{"n":1,"addresses":["prl1pyx822355muc7mn73j4pjpx4wdgjxdfn37szg6gf5355jpp8523uqk7ajqt"],"amount":354.9349948}]}