{"txid":"97e282fe99db2fb444c769f0183a058823e74029eac28eecb22ed92752a3b375","block_height":null,"time":null,"vin":[{"txid":"97e282fe99db2fb444c769f0183a058823e74029eac28eecb22ed92752a3b375","vout":1,"amount":2345.09771071,"coinbase":false}],"vout":[{"n":0,"addresses":["prl1pe2cg09sx4xcg5uwrgysyatt67mj9y03afvlc49lm8rmxfrku4n9q4h622l"],"amount":2145.09770224},{"n":1,"addresses":["prl1zwuhj50l3q5x6d9wulax7vm83mw82e9xpd7mntu5psefkf79zhwjqk0hj8l"],"amount":200}]}