{"txid":"3035c5d32b5947b12b9c52a8928bf365e7f253c63a5ee6aacd78ad97fe689313","block_height":null,"time":null,"vin":[{"txid":"3035c5d32b5947b12b9c52a8928bf365e7f253c63a5ee6aacd78ad97fe689313","vout":1,"amount":278.86099846,"coinbase":false},{"txid":"4e485b6c6615afd096fc4c02b56ac3eb8872ba75a86bec210c3353b1229173d8","vout":0,"amount":261.298473,"coinbase":false}],"vout":[{"n":0,"addresses":["prl1zm0jt276c4j6nqf84z8gkzecgas5eyy6udctptstsyp48dqhq7qfq4k0ccw"],"amount":280},{"n":1,"addresses":["prl1p8d6dx4rquy8qgescaymah7cg34zur4hfyatqptpxq60qcmvrxqqs2julp2"],"amount":260.15946934}]}