{"txid":"75ad79bdbcab13c11436bcf521374514462c6473852d8b980b336d18eac27b08","block_height":null,"time":null,"vin":[{"txid":"75ad79bdbcab13c11436bcf521374514462c6473852d8b980b336d18eac27b08","vout":730,"amount":136.6626228,"coinbase":false},{"txid":"5e7b6271289c0d7bef92070cfab5b3754f756db3042a849ae48187e9afab814f","vout":80,"amount":99.86786654,"coinbase":false}],"vout":[{"n":0,"addresses":["prl1zm5v3yc8pp93ppqhscwhfmqywmqcxzs2fkxgucj36yjhh3emm06jq36wwuj"],"amount":236},{"n":1,"addresses":["prl1pxl4wx7sxadu3r79msheg0qd8h63435wh8pk3ps872te4smv0nppqw8vcuq"],"amount":0.53048722}]}