{"txid":"d36b675e105363a8b4ae3e531d88f366cfd5a424b2e98060e164b84ecbe93336","block_height":null,"time":null,"vin":[{"txid":"d36b675e105363a8b4ae3e531d88f366cfd5a424b2e98060e164b84ecbe93336","vout":1020,"amount":348.10345169,"coinbase":false}],"vout":[{"n":0,"addresses":["prl1zvcuxg0kpgc5ryj9ckyuxrlnq3q0nf85u9xu73nua7wlqmgtdhraqff8h6g"],"amount":348},{"n":1,"addresses":["prl1pngeqtcfzrv0h6jr8uv2r6j6rnsefkf88df44xp9jgqezernvum2szywynz"],"amount":0.10345015}]}