{"txid":"43c53c6caf26e512795b6551cc65fe0998f49302a005e1affd39b3c809c26623","block_height":null,"time":null,"vin":[{"txid":"43c53c6caf26e512795b6551cc65fe0998f49302a005e1affd39b3c809c26623","vout":263,"amount":113.68132626,"coinbase":false},{"txid":"c6f42d2fd19b902e0727b3d6f138bb4d945961e3e46664032ed7eb4f7534e5ae","vout":1,"amount":4.06536414,"coinbase":false},{"txid":"a82eed7252d0e6967ee13725ab1d4d2beab40b93c86bbfee4e5cf6985468f805","vout":1,"amount":3.79327587,"coinbase":false}],"vout":[{"n":0,"addresses":["prl1zqe7ylwttn9en6e3pu8thsq3r238876vh0tawyzrn6r0663ahyynsxk6x3f"],"amount":120},{"n":1,"addresses":["prl1pe3ys7gkqxw7pwjax60qm8umd7ha3cvjdslp8aspnrlt2s52uuvasc6py39"],"amount":1.53996357}]}