{"txid":"21f7186a2e07745f613d265eed226de22c78027abcf9500d68e215466b70ee8d","block_height":null,"time":null,"vin":[{"txid":"21f7186a2e07745f613d265eed226de22c78027abcf9500d68e215466b70ee8d","vout":262,"amount":315.95553509,"coinbase":false}],"vout":[{"n":0,"addresses":["prl1pfglsdeeqdsmkf0s2sj03qey50gvffm289ehnx0pgadgxhjmza44qa6u2zk"],"amount":215.95551959},{"n":1,"addresses":["prl1zdrhtpmnughm6nx7kk2jzcdmj97y82gfdhatr8g695a96x24lvx9q275d6g"],"amount":100}]}