{"txid":"f2d42a7ec178fcf06f520794b725315c12e8bdfdee045ca1547b44e4225fd21a","block_height":null,"time":null,"vin":[{"txid":"f2d42a7ec178fcf06f520794b725315c12e8bdfdee045ca1547b44e4225fd21a","vout":0,"amount":22409.99999,"coinbase":false}],"vout":[{"n":0,"addresses":["prl1zfjffwfz80zlpsj73rnfwr7aamvdjuucsd73wlw9fvt9f84fuxjtqjlqx6f"],"amount":7000},{"n":1,"addresses":["prl1p209gdfdx4vl4y229jsqgx7rrncxpjpt2dgczqm7s8etpy0v60adqq05623"],"amount":15409.99998846}]}