{"txid":"b4aa6c4bb925ca2dec7aaac1f4b41b67fe7e42db45c7e90ce06dd7337fb2cd2a","block_height":null,"time":null,"vin":[{"txid":"b4aa6c4bb925ca2dec7aaac1f4b41b67fe7e42db45c7e90ce06dd7337fb2cd2a","vout":1,"amount":8500,"coinbase":false},{"txid":"bdd517cf06112271644032e05605ce0f16c5b626b1f472577ff3d05778243325","vout":0,"amount":109.99999,"coinbase":false}],"vout":[{"n":0,"addresses":["prl1z0jw86ccrc8t2kmx8hpuvyphtpx7yjev2m6cmnxxxef24h5gkgdqs6a0ztn"],"amount":8500},{"n":1,"addresses":["prl1p8kdlapgm43ml4zlvepqg6lrteg75ttc8l8wkv06sm55kdgnk5lsq398sp7"],"amount":109.99970264}]}