{"txid":"488d117d4f365a9e710935929eec9bb7864f0297bdfda5022028f27e277e45d1","block_height":null,"time":null,"vin":[{"txid":"488d117d4f365a9e710935929eec9bb7864f0297bdfda5022028f27e277e45d1","vout":1,"amount":231.99998846,"coinbase":false}],"vout":[{"n":0,"addresses":["prl1zgmsq6z8pxq9t35swg0xz3pu5nuqjtd72ujyjxl7kea3suhr8ptwszep55a"],"amount":230},{"n":1,"addresses":["prl1pw66ertj09dcz4xruh3a3eqsuyyu89hraccecmuwt6evrjzu987xqgp04e5"],"amount":1.99998692}]}