{"txid":"456f7453c2b7ab6f2508e5b35865c46eb350a60bf96900a363a1417a8db7256a","block_height":null,"time":null,"vin":[{"txid":"456f7453c2b7ab6f2508e5b35865c46eb350a60bf96900a363a1417a8db7256a","vout":0,"amount":1199.99999,"coinbase":false},{"txid":"8569769c2fbddfe7d92dbab7072a0a94fd703b730fb9ce44b06d08a346e6dc2a","vout":0,"amount":14.94294006,"coinbase":false}],"vout":[{"n":0,"addresses":["prl1zhkann7pc3thuu8g54j3dl242c0dhnuu5rzuru363p0ys5azahwrsmlrhjk"],"amount":1200},{"n":1,"addresses":["prl1ppdyfd7ga22u3zklsyed4nm30exctfzt7eykzf9p5ux6jmzvgwqhq2nw5nx"],"amount":14.94291863}]}