{"txid":"2d4242ab21319dac42b4c08c41da0355170df3a16fe33582965388db243075d2","block_height":null,"time":null,"vin":[{"txid":"2d4242ab21319dac42b4c08c41da0355170df3a16fe33582965388db243075d2","vout":540,"amount":67.79137606,"coinbase":false},{"txid":"ca9e985543b467bad90b61ca27bd7d13bb33581b9c2942312df7683916fc1bf5","vout":469,"amount":46.90328415,"coinbase":false}],"vout":[{"n":0,"addresses":["prl1zy503xahyzmku0c7vl5p9guklartacut6429lt28qegqywhwvv4asxqj37f"],"amount":100},{"n":1,"addresses":["prl1pwvund4y6ed0gp63xsahj7ucttk5lk32wtnnhel5nvqp6vunvqjksnhxgss"],"amount":14.69465809}]}