{"txid":"5f7c25731d9a5b26b2e02e7e6683882a0644c9e8db8bfbc26076650326d1b342","block_height":null,"time":null,"vin":[{"txid":"5f7c25731d9a5b26b2e02e7e6683882a0644c9e8db8bfbc26076650326d1b342","vout":0,"amount":3.58849398,"coinbase":false},{"txid":"2d4242ab21319dac42b4c08c41da0355170df3a16fe33582965388db243075d2","vout":632,"amount":1204.89407451,"coinbase":false}],"vout":[{"n":0,"addresses":["prl1p8v73jxag7wu6kprg6dkcvcchqxfst2g9yggkr3mf7jcptnjncaxqu2s344"],"amount":8.48246849},{"n":1,"addresses":["prl1z93j7sdd0sq8kgry5qu6qxstqe3agxxqsqumrp7e0pjsvnp9tm5ys0cj2dw"],"amount":1200}]}