{"txid":"fa80f0c7260e093bce4e648265c678f2a1420969d389443c550307ee01976290","block_height":null,"time":null,"vin":[{"txid":"fa80f0c7260e093bce4e648265c678f2a1420969d389443c550307ee01976290","vout":0,"amount":351.21656284,"coinbase":false},{"txid":"a715e2dfee7d402d6a9ebb175d0e58d758c9a78cf6983040a754edf6c2c9401c","vout":1,"amount":351,"coinbase":false},{"txid":"b7f37f786f1f2cf0e0cf9a5d42ef23c56924bb4e160834a0277917bd6f65ad73","vout":0,"amount":116.0994854,"coinbase":false}],"vout":[{"n":0,"addresses":["prl1p0kdn265567972vepryq49gwknayq8sldql8hlyx6k90c98gx45vsmh7jdz"],"amount":0.31603396},{"n":1,"addresses":["prl1za0ueyxmxvmls7042aw6dadhfmnk8rkr8v6qa3776dwlr64u936nq2wuv82"],"amount":818}]}