{"txid":"041bf3ece8fe861f82e107679b5de70a60ac02b8bc4b06fa4e6f400d41e7e56d","block_height":null,"time":null,"vin":[{"txid":"041bf3ece8fe861f82e107679b5de70a60ac02b8bc4b06fa4e6f400d41e7e56d","vout":825,"amount":133.28717939,"coinbase":false}],"vout":[{"n":0,"addresses":["prl1zm2ewcn7tpp7rf7aae8hdhy43ejs3matthl7tkqdqtn9cephyctkqgl3uzh"],"amount":100},{"n":1,"addresses":["prl1prrcvta53a3wlam8lmn0m5h02sqhy4pwtk5tvh228sm2lmdkpzessjwgtet"],"amount":33.28717784}]}