{"txid":"8ce7d09011cdea773de7a3f04cecda09d6c26cbb69afc9d35e1d0440687c0b56","block_height":null,"time":null,"vin":[{"txid":"8ce7d09011cdea773de7a3f04cecda09d6c26cbb69afc9d35e1d0440687c0b56","vout":6,"amount":508.98269234,"coinbase":false},{"txid":"a292f135b115abf2b00ccf2354bc85ce9c2fe3ab691f852095249b985fd90b40","vout":0,"amount":259.99999,"coinbase":false}],"vout":[{"n":0,"addresses":["prl1zyceajcg4fe392emjzx4zn8jnyl8q3gpf9spd9vqdgysp0udluulqvcs8j9"],"amount":532},{"n":1,"addresses":["prl1pcjsk24lhr8z75t3qqe2da7zzk5eeueutaw4x35f0z9ydthgjtjgq4mm62a"],"amount":236.98267092}]}