{"txid":"43c53c6caf26e512795b6551cc65fe0998f49302a005e1affd39b3c809c26623","block_height":null,"time":null,"vin":[{"txid":"43c53c6caf26e512795b6551cc65fe0998f49302a005e1affd39b3c809c26623","vout":502,"amount":161.33570427,"coinbase":false}],"vout":[{"n":0,"addresses":["prl1z9wxj03t0gnw60m8fz2lj35584ccmtvk6twngxpqezfx9l84pnm0qq44qkx"],"amount":160},{"n":1,"addresses":["prl1pf24jdx9ca90zgzaf7jygwx0ckl5am5jh5zwet3y2dkq5cynk4ggqs3qhzj"],"amount":1.33570273}]}