{"txid":"1c7c8cbb5139946e89e2320b1062bf99027ba0e181446d66ffe1210a9132fc70","block_height":null,"time":null,"vin":[{"txid":"1c7c8cbb5139946e89e2320b1062bf99027ba0e181446d66ffe1210a9132fc70","vout":0,"amount":169,"coinbase":false},{"txid":"23f8a3f915ecfbcedc2bc3fb7d1208ad13a80af256255eb78e7efa074f5ff112","vout":0,"amount":134.30859155,"coinbase":false}],"vout":[{"n":0,"addresses":["prl1zytjl8vfn6p3ddkq5u5fqvy02cxum34uvr0mm6drhz9khjda4r95q5fhval"],"amount":200},{"n":1,"addresses":["prl1pazsjqnmy58svgf7e85n0e2quxtj3f698q5f3p34grtnsf0t2jp7q2ynx3s"],"amount":103.30858943}]}