{"txid":"57ad7588ba2b4a826b393d4af5bd09ea91011cf09513e3e3924d87c4ee655563","block_height":null,"time":null,"vin":[{"txid":"57ad7588ba2b4a826b393d4af5bd09ea91011cf09513e3e3924d87c4ee655563","vout":622,"amount":2679.79057939,"coinbase":false}],"vout":[{"n":0,"addresses":["prl1zpllah9y998fddxevfkqal70h88ag6glctax6fyufj2hu4qww05lss5ydh2"],"amount":2000},{"n":1,"addresses":["prl1phmyae4hke97qtznu5nwu7952q4fgl0sxm6cv4jfkngejp8rmr2wsuk5ah7"],"amount":679.79057785}]}