{"txid":"342e3952f0bb84d344660d224c9711f0f773567e4ac16328e80ee97d8c8e7913","block_height":null,"time":null,"vin":[{"txid":"342e3952f0bb84d344660d224c9711f0f773567e4ac16328e80ee97d8c8e7913","vout":135,"amount":170.41490964,"coinbase":false}],"vout":[{"n":0,"addresses":["prl1zm59qvhvv04am6wwwq9s0epheu452gc6yfzck0lakx29g8f3r50pqljxks2"],"amount":100},{"n":1,"addresses":["prl1pcmhsyfu744a2npvy3muf4pzx859nf285gev849rq3e07c7kfyshq4rx50d"],"amount":70.4149013}]}