{"txid":"c2ea0ffa8daf76a84aaeaee6728fe895a4f35a1d0717baf9327bb4c5e4594053","block_height":null,"time":null,"vin":[{"txid":"c2ea0ffa8daf76a84aaeaee6728fe895a4f35a1d0717baf9327bb4c5e4594053","vout":0,"amount":315,"coinbase":false},{"txid":"d929076734a353b9a219d6ba14296c33811ab518c65580adb4cd35c9fe590cd1","vout":1,"amount":21.59295873,"coinbase":false}],"vout":[{"n":0,"addresses":["prl1z9graj8twky8yvynpz753j52k4z0dyrfum7p88q4gqnkw5u0mye2smqz3lp"],"amount":330},{"n":1,"addresses":["prl1pxt983hv0wcftcd97sx5xd2gn4kv6snw49eus3flju28dp0fpjnyqy3x0tz"],"amount":6.59294715}]}