{"txid":"f1a7b97d49b2d6d5053c465460d72385e2ed2b55f41cb5948faa4019090e4183","block_height":null,"time":null,"vin":[{"txid":"f1a7b97d49b2d6d5053c465460d72385e2ed2b55f41cb5948faa4019090e4183","vout":1,"amount":5000,"coinbase":false},{"txid":"beb32dce409ebc4eeeeb9cc25b3302c6643585284a1cfbef56faececb1629a0b","vout":1,"amount":1804.20079993,"coinbase":false}],"vout":[{"n":0,"addresses":["prl1z6x27fgqcz9j0ja3q8erc5trlafl24qhe3epg48dtlpk9xcpd8v7satgg5a"],"amount":5000},{"n":1,"addresses":["prl1pz26ra49c6dyfn4gvm4mxu5eu7nsqn6qp8sj8uhe94zs69zlxlf3slq0706"],"amount":1804.20078846}]}