{"txid":"9aa2dad3ecd94e6cc1dc249490476bd631bf88268a8a41a54f105d737bc196b3","block_height":null,"time":null,"vin":[{"txid":"9aa2dad3ecd94e6cc1dc249490476bd631bf88268a8a41a54f105d737bc196b3","vout":0,"amount":199.9999916,"coinbase":false}],"vout":[{"n":0,"addresses":["prl1zfkcn2cpmsse7yayhl6gcwpk4kehgqzwpfaapyx5jvrkv99n5n5yqyc72kl"],"amount":100},{"n":1,"addresses":["prl1pellhwdxpj3sus892xdxxjs6qcywqj0w673u9xc05rsa6kvaegk9qv68nat"],"amount":99.99998319}]}