{"txid":"163ddcbd018394829074a61f190cb7ab7a6008999a97a2b0fc8b37028949f758","block_height":null,"time":null,"vin":[{"txid":"163ddcbd018394829074a61f190cb7ab7a6008999a97a2b0fc8b37028949f758","vout":0,"amount":3604.99999,"coinbase":false},{"txid":"bd25685af8307aa48876f9ebb7f7dfba3da37c4b55041c9de07759c506f05d1f","vout":1,"amount":0.2372984,"coinbase":false}],"vout":[{"n":0,"addresses":["prl1zg3acmqlrrgyu07mr2eq2ne67feu7qrvcwh3rxr3pc4w2hcellxrq3z5z4r"],"amount":3605},{"n":1,"addresses":["prl1ptyqam5w75p96294k7wasypm6dtd8dqx8ll77hwgnzgyvyr597cwqkg2234"],"amount":0.23727693}]}