{"txid":"629b14aaae9c93babaa29578ded3cbe14f5b71a915885c7dad3f2ebc5f930dcd","block_height":null,"time":null,"vin":[{"txid":"629b14aaae9c93babaa29578ded3cbe14f5b71a915885c7dad3f2ebc5f930dcd","vout":1,"amount":407.65048572,"coinbase":false}],"vout":[{"n":0,"addresses":["prl1z3mfha2hvya9cduaz0slk7kq982nejkvahyzuj2zrdfd0w2hegpnqswja5y"],"amount":100},{"n":1,"addresses":["prl1p7fve65ytvrmjj0aj3fzqp063msvxyv2jqas7322yc4gd7hghg09szu2gyv"],"amount":307.65048418}]}