{"txid":"ec81228b3b41eeecce2a50e9068f5149d4a4058ba58b84f94f1cc1cf45606feb","block_height":null,"time":null,"vin":[{"txid":"ec81228b3b41eeecce2a50e9068f5149d4a4058ba58b84f94f1cc1cf45606feb","vout":0,"amount":439.99999999,"coinbase":false}],"vout":[{"n":0,"addresses":["prl1pk4tjcdsrm6hduclzlm5nu7pshsk4e5vkawxfew372pdlkxz4tdtqrsh3ff"],"amount":439.99998999}]}