{"txid":"1f4fff401965872bdd42ebee07476c4ab8d52c17bb60cc9dc146e4660f6e3f10","block_height":null,"time":null,"vin":[{"txid":"1f4fff401965872bdd42ebee07476c4ab8d52c17bb60cc9dc146e4660f6e3f10","vout":0,"amount":99.99999,"coinbase":false},{"txid":"32e4b0c5e2383782ba7e42835aed10b5ab464609eeda1d2e6f126a99fb02d6f0","vout":412,"amount":51.92472751,"coinbase":false},{"txid":"d2ae413e2a9c5402a6625b7e9678fec820e6fe193eebd30fcdb761cc3fed6668","vout":1,"amount":3.20274992,"coinbase":false}],"vout":[{"n":0,"addresses":["prl1zls777hnllp0pzem73hws09ynapv2gc4f29y06eftzw073qf8zjxqmlcf2r"],"amount":155},{"n":1,"addresses":["prl1pdn40gdwvpyanhf0dhannwy4zl0hajz3a4zzjmzh4j9gfad43wrlq76f2us"],"amount":0.12737977}]}