{"txid":"fa1084e4111f8b1e60218d54fe58f2890b0f10b010af08e1a4ab0832088b7749","block_height":null,"time":null,"vin":[{"txid":"fa1084e4111f8b1e60218d54fe58f2890b0f10b010af08e1a4ab0832088b7749","vout":1,"amount":2999.99998692,"coinbase":false}],"vout":[{"n":0,"addresses":["prl1z6z7062rddy5qrpetctwgtancn2stkppwkrvyy7t8dcqu30rwwtyqu4gg4f"],"amount":2002},{"n":1,"addresses":["prl1pfu0e9fxx63s6gq6q0m2mqj4hawqeg9nxun99gcvuqrzktnu8gkrsfz2rkj"],"amount":997.99998538}]}