{"txid":"1afb6597b8f814a5d3a7febd75d7087f1e58f690964901104d3cefb2f71307db","block_height":null,"time":null,"vin":[{"txid":"1afb6597b8f814a5d3a7febd75d7087f1e58f690964901104d3cefb2f71307db","vout":8,"amount":837.52778903,"coinbase":false},{"txid":"dd1d7a037ab26d03a79606fc64dd541be1625c801003cbf0752fd8d4d8d92dd6","vout":8,"amount":683.03513968,"coinbase":false}],"vout":[{"n":0,"addresses":["prl1z28ra0vd5t65m7lqcxcvzwwgx4rx4kv09499dl04kmhgrkd870k2s6j0jxl"],"amount":1000},{"n":1,"addresses":["prl1pajzmd4lyvp2hz2ftsega9w4mt677g0z37rs5na3z433rvjl64zeq8ja537"],"amount":520.56292659}]}