{"txid":"24960d5694c315ed514f862820b5e91bfffa5d16cd5bc9c897fcb1c722199f08","block_height":null,"time":null,"vin":[{"txid":"24960d5694c315ed514f862820b5e91bfffa5d16cd5bc9c897fcb1c722199f08","vout":1,"amount":89.99998846,"coinbase":false},{"txid":"f7e2788ea2f14599bab26059abf2335d022759548e222df8ea29e467e7d34842","vout":938,"amount":32.26416055,"coinbase":false}],"vout":[{"n":0,"addresses":["prl1z5gsu72js0tycu2ffn97cs8sean4llamkexnqksm7depddrcca5aq0pgdcg"],"amount":100},{"n":1,"addresses":["prl1phc9zjg27cj3cjnsnw7nu2aazwsvu3nfzl9mepmcmdrhu0xal3hwshqv5tp"],"amount":22.26414689}]}