{"txid":"cbe71f60351f48700d71fa8cf42b699802802ed32dc79584ed4ae2471aa970dd","block_height":null,"time":null,"vin":[{"txid":"cbe71f60351f48700d71fa8cf42b699802802ed32dc79584ed4ae2471aa970dd","vout":1,"amount":336.77190947,"coinbase":false}],"vout":[{"n":0,"addresses":["prl1znc98las9pmj35fstjqq0m8r3dr2xlhrh6muvrauatssqmhdeypsqz7a425"],"amount":336},{"n":1,"addresses":["prl1p3lthrt3n7yrrh7qdttq68aq5q76qn0alnmftqqw3hvxh450atm2q3w0pa6"],"amount":0.77190793}]}