{"txid":"3e7d437423c532ada20d2c070c496a21f5db31e8944b0a26224071aa8603bc94","block_height":null,"time":null,"vin":[{"txid":"3e7d437423c532ada20d2c070c496a21f5db31e8944b0a26224071aa8603bc94","vout":1,"amount":2354.15333653,"coinbase":false},{"txid":"230df5c2b17556c592e0e6afd13d67f32434b2151a2909958a5554caa008b90d","vout":0,"amount":1670.92081564,"coinbase":false}],"vout":[{"n":0,"addresses":["prl1zr9gm2tzvy0fynz0us0nszszj5h8v57dacah5wpr2erqcz3l2jcds5jzd4x"],"amount":4000},{"n":1,"addresses":["prl1pssevuxrt4xg6mqhemymwdrasdmzxd9su74wv0lr5jqt3zycpk9fq2ghh7a"],"amount":25.07415005}]}