{"txid":"c1ccc71b38dd08fc174e5232d98d5119468ade032a466d0a72dea6af4e1dfbaf","block_height":null,"time":null,"vin":[{"txid":"c1ccc71b38dd08fc174e5232d98d5119468ade032a466d0a72dea6af4e1dfbaf","vout":1,"amount":4699.98997844,"coinbase":false}],"vout":[{"n":0,"addresses":["prl1z7tt7app05jza9wysnwxs2khvr9f09adxyp57y5s7h3ht8uwwr8hqm30vnl"],"amount":1000},{"n":1,"addresses":["prl1p209gdfdx4vl4y229jsqgx7rrncxpjpt2dgczqm7s8etpy0v60adqq05623"],"amount":3699.9899769}]}