{"txid":"7d6718d25d9f598ac6703baf049b9f75bba6026c56d96336d5f66524d30e8f60","block_height":null,"time":null,"vin":[{"txid":"7d6718d25d9f598ac6703baf049b9f75bba6026c56d96336d5f66524d30e8f60","vout":1,"amount":1007.44955614,"coinbase":false},{"txid":"6b024e8e3fba1620e19b9af693a9e701d13686aa1e35772ec6dca09d41e7da05","vout":0,"amount":199.99999,"coinbase":false}],"vout":[{"n":0,"addresses":["prl1zhmp6aa07q2k5pdmcdlquaeulc3zangc3xv03vkyg4g5t4vj4umxs55kgce"],"amount":1200},{"n":1,"addresses":["prl1p3slg7gshj55vq3na3cgttjwafsfnp56l2q66z98r85gkdvtmsysq28vx32"],"amount":7.44954402}]}