{"txid":"47af0a4ae2c6c99b8294ca853f529e3d57d0cfd022dc3f1ff3032d9725e8767a","block_height":null,"time":null,"vin":[{"txid":"47af0a4ae2c6c99b8294ca853f529e3d57d0cfd022dc3f1ff3032d9725e8767a","vout":0,"amount":395.79555581,"coinbase":false}],"vout":[{"n":0,"addresses":["prl1zyr6vrystzpuw20lgsavjqauygfveg4avwdr65arklluzpukgpl0q7uc7cs"],"amount":290},{"n":1,"addresses":["prl1pfg883t5s8cpujh9hec20yqqnxevdtem694gpttrqgk7596432rvsu2a4sv"],"amount":105.79554756}]}