{"txid":"9726c025789d1f4f3506ba79c63557828bffc0a54edb6a61b7d1aef028866771","block_height":null,"time":null,"vin":[{"txid":"9726c025789d1f4f3506ba79c63557828bffc0a54edb6a61b7d1aef028866771","vout":701,"amount":135.99529713,"coinbase":false},{"txid":"16d558136850c9eb1a8bd0960f31eeecb879b6163b1a4d524368d933e9064ddd","vout":1335,"amount":120.04235113,"coinbase":false}],"vout":[{"n":0,"addresses":["prl1zyjrfyp3ylct4psut47yx88r60k9sr38vuf4n4pamqk5xhgulvzdqsgshsc"],"amount":160},{"n":1,"addresses":["prl1py28wc0mc8ppd344k9t3wv4rum8zpeg8ka3d2nxne653a5atm9qasvjxc4k"],"amount":96.03764614}]}