{"txid":"fd3e117fefb3769648958c03c903a858cb65c183517d86af06e7402ef255f953","block_height":null,"time":null,"vin":[{"txid":"fd3e117fefb3769648958c03c903a858cb65c183517d86af06e7402ef255f953","vout":0,"amount":690.70414483,"coinbase":false}],"vout":[{"n":0,"addresses":["prl1zkxcu6hg9cqelh95v5mplkgumnvupcpylsh02vdd42c8qy0wuy7jqyxmgs0"],"amount":100},{"n":1,"addresses":["prl1pkg867756lyaxkugvql2w3jj7wde03dhjymkkkav9wczlrccw778s3zvelj"],"amount":590.70413645}]}