{"txid":"da72e9d737889ac1eb44f0d7f31c1f425ffa981fe997d399ea63547c318537a5","block_height":null,"time":null,"vin":[{"txid":"da72e9d737889ac1eb44f0d7f31c1f425ffa981fe997d399ea63547c318537a5","vout":0,"amount":354.83997746,"coinbase":false}],"vout":[{"n":0,"addresses":["prl1z6f3sk9ynjrfsyfhdxquec3asev5gjwlhmemf2rmda69ypqg4ykaq6dkqfv"],"amount":354.5},{"n":1,"addresses":["prl1p64acwmunmat2f409strlp5yty3fcs8yydmur3upm9fgaw0z059yq7l5kty"],"amount":0.33997592}]}