{"txid":"2d4242ab21319dac42b4c08c41da0355170df3a16fe33582965388db243075d2","block_height":null,"time":null,"vin":[{"txid":"2d4242ab21319dac42b4c08c41da0355170df3a16fe33582965388db243075d2","vout":61,"amount":126.93505628,"coinbase":false}],"vout":[{"n":0,"addresses":["prl1pccf8v59uh7s6g0l5c4mltqz276rs9ykfkl79du39epurryvuw7ps266k0x"],"amount":26.93504785},{"n":1,"addresses":["prl1zd4xsw68n6ad9t8yr03pjy87pl06gmh8zhmywwj8p3cy5gcn28aesw7te7q"],"amount":100}]}