{"txid":"843b2971d013a9dd3de544c8e3294db4bdcdf70cd8e4eadfad29376bcd5793da","block_height":null,"time":null,"vin":[{"txid":"843b2971d013a9dd3de544c8e3294db4bdcdf70cd8e4eadfad29376bcd5793da","vout":0,"amount":299.99999,"coinbase":false},{"txid":"33cc12f487b77d7a377289a5088e6b27aa635c7506647d7198c186b9c226d860","vout":38,"amount":234.95170792,"coinbase":false}],"vout":[{"n":0,"addresses":["prl1z465a2rf83356g9qhw2jq9l76f0ee7gn86ychupusn02e7k9ezluqkn0aky"],"amount":300},{"n":1,"addresses":["prl1p9fxeu6u6xa4v52vmfm5xvr6jskxc3yrmsh8pun3hsh5ud5ngul9qus0r67"],"amount":234.95162817}]}