{"txid":"7c343f7b1714e1b8f53ac834d23141737a1fbc3dbe7bd9bd1dad478002162f59","block_height":null,"time":null,"vin":[{"txid":"7c343f7b1714e1b8f53ac834d23141737a1fbc3dbe7bd9bd1dad478002162f59","vout":0,"amount":524.99999,"coinbase":false},{"txid":"6b35da83a8942c2b87672c876c8a29e9e3f32d581d4f3c8daa0705d300f6b557","vout":0,"amount":274.4,"coinbase":false}],"vout":[{"n":0,"addresses":["prl1z7qy9hz0m0vtfw8qkhec3zw5vl5xl6vqn2a6s0kpnuu4afqftx4ws7rpkhe"],"amount":526},{"n":1,"addresses":["prl1ps0cqqn5hsc8alp82t2f6tyjw6ktyl0pcydja49vgeuatt93fntsqg6qfca"],"amount":273.39998788}]}