{"txid":"08e929801421c8f7f2f3ad90e2654c34ea36033b93bed43dae18a10e4045689c","block_height":null,"time":null,"vin":[{"txid":"08e929801421c8f7f2f3ad90e2654c34ea36033b93bed43dae18a10e4045689c","vout":1,"amount":7999.99999846,"coinbase":false}],"vout":[{"n":0,"addresses":["prl1z0m58xk8j7nzrw4day0ycukvk0y6ckue6fns69vrfparxttqadmysddz438"],"amount":3000},{"n":1,"addresses":["prl1p209gdfdx4vl4y229jsqgx7rrncxpjpt2dgczqm7s8etpy0v60adqq05623"],"amount":4999.99999692}]}