{"txid":"54c8745043dc06b932f7cdd099b11d222e2ab5560739b58c542b5a96b34a6f85","block_height":null,"time":null,"vin":[{"txid":"54c8745043dc06b932f7cdd099b11d222e2ab5560739b58c542b5a96b34a6f85","vout":1,"amount":18347.301323,"coinbase":false},{"txid":"f112c03658d698cec4091d86a9331f3a430c812bd43b9539ec00fa4edafb0610","vout":1,"amount":8082.7426565,"coinbase":false}],"vout":[{"n":0,"addresses":["prl1pfwy0g84sv0anyuqceeu0xgfeds35y5g0xj4dzn4sp6r4z8dkfzcsyflufp"],"amount":1430.04369058},{"n":1,"addresses":["prl1zk25fyv7lxkmdczj5fgprq783pxtwyqdyl97gn9suyywxd4kqs9gs0wcleq"],"amount":25000}]}