{"txid":"57ad7588ba2b4a826b393d4af5bd09ea91011cf09513e3e3924d87c4ee655563","block_height":null,"time":null,"vin":[{"txid":"57ad7588ba2b4a826b393d4af5bd09ea91011cf09513e3e3924d87c4ee655563","vout":493,"amount":3520.21920432,"coinbase":false}],"vout":[{"n":0,"addresses":["prl1zpvzj427qel4wu83mk72a7wl6dz7nn9yg03d2nwq9rl9stkhjlvdqv2xu4w"],"amount":3500},{"n":1,"addresses":["prl1px7kjjj5yfhmxsm7dm6r530xac5snw5ztj733rywq2l2s8wklx9nq5chryk"],"amount":20.21920278}]}