{"txid":"ef2d056950bf44b4868dec89af75c0ff1941b7323d8ad949794efad368e3c66f","block_height":null,"time":null,"vin":[{"txid":"ef2d056950bf44b4868dec89af75c0ff1941b7323d8ad949794efad368e3c66f","vout":0,"amount":9564.46713221,"coinbase":false}],"vout":[{"n":0,"addresses":["prl1zzj8r9ww6yd6gz5m8gzvs2d73jphlkfnkn0wkhnywtnadsxnskcfscc0c78"],"amount":1000},{"n":1,"addresses":["prl1pj44tv64tk6pr5f22zrlkzfsev0t0y9esf76q68w5590zymr27uyqsukueh"],"amount":8564.46711667}]}