{"txid":"e887b970785c2561c69bd2ce2e448fb024512096df1c48b3c1940b5217b9d92c","block_height":null,"time":null,"vin":[{"txid":"e887b970785c2561c69bd2ce2e448fb024512096df1c48b3c1940b5217b9d92c","vout":1,"amount":5017.50940626,"coinbase":false}],"vout":[{"n":0,"addresses":["prl1zujlrlgfvet2cml3jlkupd2j7086lhmr6wcseepuzp6sxj9gefgpsy528aj"],"amount":2500},{"n":1,"addresses":["prl1ps57zawz8lvzq3u86j5fa7vp84vsg2v2uj675gar5ddaa6vuqemlstsqe6m"],"amount":2517.50940472}]}