{"txid":"6a1201d76fefcd2cc8c59d4a1e057e0b0ccb08ae89316311bb118e98ed5d3179","block_height":null,"time":null,"vin":[{"txid":"6a1201d76fefcd2cc8c59d4a1e057e0b0ccb08ae89316311bb118e98ed5d3179","vout":820,"amount":180.1438049,"coinbase":false},{"txid":"6061950a82ceafca17cbea8421ccbfb39ae585a4da6fa4375b4c80606dd61258","vout":805,"amount":92.22180812,"coinbase":false},{"txid":"d36b675e105363a8b4ae3e531d88f366cfd5a424b2e98060e164b84ecbe93336","vout":818,"amount":72.87423374,"coinbase":false}],"vout":[{"n":0,"addresses":["prl1zfpuh5trlac8mm5tr0arxznjg2cu28mcv6vvs9fkls0489e2r02lswrqxc2"],"amount":345},{"n":1,"addresses":["prl1phzanyrre5dljlgsz26vqeaheaf7rp22l443wlrmjvq9l7ya9whwqgpfm42"],"amount":0.23984406}]}