{"txid":"030b02736b21547f6d39fdb3fd749131b8c26b95e78359fd4f22dfdb19f0eb5d","block_height":null,"time":null,"vin":[{"txid":"030b02736b21547f6d39fdb3fd749131b8c26b95e78359fd4f22dfdb19f0eb5d","vout":1,"amount":869.99999999,"coinbase":false}],"vout":[{"n":0,"addresses":["prl1pamrflym7wpp4yd2xaxs5vjznus862uf33xghqml5qctvnhqu2peq367u2r"],"amount":869.99998999}]}