{"txid":"119118733f3fc6e5087e59075a40af6a689ff311fd99c4e0dc4e26115102cf44","block_height":null,"time":null,"vin":[{"txid":"119118733f3fc6e5087e59075a40af6a689ff311fd99c4e0dc4e26115102cf44","vout":272,"amount":57.4502484,"coinbase":false},{"txid":"5c7fe4ebde67524329a20a1dd13000666bd9a9003aa2f422183806ba2e8ec017","vout":47,"amount":48.49541429,"coinbase":false}],"vout":[{"n":0,"addresses":["prl1zeyn94tqze6fyuvm6u07ptu50pwdc37qnmwxlzs5jjrg98n3ea4asxzut7c"],"amount":100},{"n":1,"addresses":["prl1py4vmmsfjyrem69uslajypz4x5zw6cf096ucdgwx3vkcls4p0r9kqhtt723"],"amount":5.94566057}]}