{"txid":"2fb4d5bbbab5eaefb76208e72a15a19110115d2b1466a940e9e1503a132d758d","block_height":null,"time":null,"vin":[{"txid":"2fb4d5bbbab5eaefb76208e72a15a19110115d2b1466a940e9e1503a132d758d","vout":1,"amount":3949.99998846,"coinbase":false}],"vout":[{"n":0,"addresses":["prl1zs0mlsakkwum5d9e46qamc7dptutuh4j4k4sc7gca46cjrrndks9qqnx82u"],"amount":300},{"n":1,"addresses":["prl1pvxv7nhgzjgs53qplk7pexf6eafu6vj0c5jjyzqa5tf8lgvprsj9q8h9ma6"],"amount":3649.99998692}]}