{"txid":"f3adf3053932ff138311c253b72f89336c4094c0dfdd13fc6b23ce5682055cf3","block_height":null,"time":null,"vin":[{"txid":"f3adf3053932ff138311c253b72f89336c4094c0dfdd13fc6b23ce5682055cf3","vout":1,"amount":9899.99998846,"coinbase":false}],"vout":[{"n":0,"addresses":["prl1zuu0jxhl5x0v9x4dtfxm03crza6njgn06a7fdt5f902fr86j7nqvscc9tx0"],"amount":7983},{"n":1,"addresses":["prl1pgz7xkmw396pcnw43ptt4sg35gkv5ax789whywt6ja7mqz494hrmq2q3fk9"],"amount":1916.99998692}]}