{"txid":"32f2ae88057ba19a7a0df470183a3a9b1c6578bc214ea728ca55146c8812d206","block_height":null,"time":null,"vin":[{"txid":"32f2ae88057ba19a7a0df470183a3a9b1c6578bc214ea728ca55146c8812d206","vout":0,"amount":1249.99999,"coinbase":false}],"vout":[{"n":0,"addresses":["prl1zh5eett2slc27u4cs7juz8ksp2cwe3zuqqyctqrulxz7c9pfsmhxqwtc6a3"],"amount":1000},{"n":1,"addresses":["prl1p209gdfdx4vl4y229jsqgx7rrncxpjpt2dgczqm7s8etpy0v60adqq05623"],"amount":249.99998846}]}