{"txid":"661c69b9efa79170c6994b7e4de43094fae05b1a7c81ea0062bba4a716328b90","block_height":null,"time":null,"vin":[{"txid":"661c69b9efa79170c6994b7e4de43094fae05b1a7c81ea0062bba4a716328b90","vout":0,"amount":1100,"coinbase":false},{"txid":"986aa789a96882de66732210eefdcbaa1b45c8eae9abb8cfb77098c26b3d167b","vout":0,"amount":9.99995884,"coinbase":false}],"vout":[{"n":0,"addresses":["prl1zkqd4g3x4eh5p9vcg23nxg6qpq7eng6dqlm53gz8vyc5m0trtyzas046t59"],"amount":1100},{"n":1,"addresses":["prl1pklyrf3dyt695wf772fcj0cuxjdl0acw3apre7l9a8a3k5zf6gz2ql44g3v"],"amount":9.99994426}]}