{"txid":"b364f61cb46e2f0abc38686a8a46eb3ee74c3900da245e7d1803b95152e45f2f","block_height":null,"time":null,"vin":[{"txid":"b364f61cb46e2f0abc38686a8a46eb3ee74c3900da245e7d1803b95152e45f2f","vout":0,"amount":144,"coinbase":false},{"txid":"bb508b924257b26dbe15f5fc477c2b82a0a5b9736f6b56f7ce5f87e960e08f09","vout":1,"amount":139.9999973,"coinbase":false}],"vout":[{"n":0,"addresses":["prl1z2q0hqc4pdauwgt5xgcp6082tv8u9acl40k3xdjgdw8gx0rx5p7pqnzuujq"],"amount":150},{"n":1,"addresses":["prl1pazsjqnmy58svgf7e85n0e2quxtj3f698q5f3p34grtnsf0t2jp7q2ynx3s"],"amount":133.99999518}]}