{"txid":"5c52138aaee02adca09bef1510651b5e7430fd445faae315cd0dad3bc21871df","block_height":null,"time":null,"vin":[{"txid":"5c52138aaee02adca09bef1510651b5e7430fd445faae315cd0dad3bc21871df","vout":1,"amount":1.14999846,"coinbase":false}],"vout":[{"n":0,"addresses":["prl1z7h8fcywc8r09ur0jqs964vq4drgmm6d8j3v2mw5hyvwka028nsgqc088ec"],"amount":0.72},{"n":1,"addresses":["prl1ptcg9cunp7tss0wpkzazq9cgezn4ctm0jw83kwcfnhafy7h84hn7s6k2jt4"],"amount":0.42999692}]}