{"txid":"37996581c8e2e9d181ef3dfa2766f8a4e5580fe82e0a28d8d744a92ba1c119ad","block_height":null,"time":null,"vin":[{"txid":"37996581c8e2e9d181ef3dfa2766f8a4e5580fe82e0a28d8d744a92ba1c119ad","vout":0,"amount":95.7,"coinbase":false},{"txid":"911a9389abf58ac269f28114df56b46052c3a3c5c3a17b20d51fcb5f3eacf9f1","vout":656,"amount":89.32701729,"coinbase":false}],"vout":[{"n":0,"addresses":["prl1zglhwy7hqzcsralxqy4rms94ad77c96ga3qgm6vaxgrdazzkny22qnj44hz"],"amount":100},{"n":1,"addresses":["prl1plh6csdu6f6k2w5serqu9edzy6u0xdnkdukjpp8uyaagnvyc4stzsztq2dd"],"amount":85.02701517}]}