{"txid":"861c8e35af9af20b600fcf7520e2cd6a35e3fd73f68914748b8cbe6d93d0701b","block_height":null,"time":null,"vin":[{"txid":"861c8e35af9af20b600fcf7520e2cd6a35e3fd73f68914748b8cbe6d93d0701b","vout":1078,"amount":208.55225992,"coinbase":false},{"txid":"fa7dfa76e6acbf4e9898b01d6ea472a152a6ab47942de22f33df0c1cb39d4351","vout":439,"amount":205.06444843,"coinbase":false}],"vout":[{"n":0,"addresses":["prl1zyfqry8vj4d6ewdlm95lqpncszdxf2huve8mqsausfls6x3e7l64qefhy7e"],"amount":244},{"n":1,"addresses":["prl1psr07w39lz85n23tffktvfmngtre5rdq9uck26qkx7enun8jpfl4qux2t57"],"amount":169.61670623}]}