{"txid":"2d4534ccacc69710eef57dc184bedd58179c6d2e892a7027c426719e1f63b308","block_height":null,"time":null,"vin":[{"txid":"2d4534ccacc69710eef57dc184bedd58179c6d2e892a7027c426719e1f63b308","vout":0,"amount":3482.6,"coinbase":false},{"txid":"816b29416f1123a140bbeedb3cdd47d0ab6f82d5e4bd151c7558beeb644ba4dd","vout":1,"amount":5.79999788,"coinbase":false}],"vout":[{"n":0,"addresses":["prl1zxsvah3060npc3knxm5u5f6awkrfte9n4h3pq7qdy256lqdyadl7qqkjyhq"],"amount":3485},{"n":1,"addresses":["prl1p2zu56gqek8ws9k9y40x7vvpj43x7anjysjfr4vd000jfjkufdqash09tu2"],"amount":3.39999576}]}