{"txid":"5e09a6907976c861bea27e32fa9b5a4e62f0777026e93beee65cd9b32825813c","block_height":null,"time":null,"vin":[{"txid":"5e09a6907976c861bea27e32fa9b5a4e62f0777026e93beee65cd9b32825813c","vout":0,"amount":172.99999,"coinbase":false},{"txid":"562c7a5b88b5085054d2c265fa92f54d08471065c3a2456abd81bcaa2c11d294","vout":1,"amount":0.19998634,"coinbase":false}],"vout":[{"n":0,"addresses":["prl1zfj9kf56fdxhh6h2g6fa06xndznnz5k86dpxxuak4ywwe7nr8w90qwrd5q5"],"amount":173},{"n":1,"addresses":["prl1puqqfxyj0656dez4khh4kesgsrk2gc2gvujjrc0atkayymt5a8ckq3l0ql2"],"amount":0.19997422}]}