{"txid":"dc9ea0fba23268280219c548831c7841aeda15290d67b104687c3cc21677e0d4","block_height":null,"time":null,"vin":[{"txid":"dc9ea0fba23268280219c548831c7841aeda15290d67b104687c3cc21677e0d4","vout":0,"amount":100,"coinbase":false},{"txid":"66161459eb45d387d8bf7512bc304652f8d267daa36dd9022b5a696626408d54","vout":0,"amount":98,"coinbase":false},{"txid":"628eee9dff54045c333b7df62b5b3226b2a66f680f5eb2ec1b6c6c1c501efde5","vout":0,"amount":59.999965,"coinbase":false}],"vout":[{"n":0,"addresses":["prl1zz89xwgj4m2hwfket527jvhm76xx2t9cckjr8tvzemhlncarunnmsf3v9qk"],"amount":200},{"n":1,"addresses":["prl1pywa6gd20r7fhwa82kp5wztc5g22deadxv4x5w0zwjx9m7vhxd0wsee4wac"],"amount":57.99995047}]}