{"txid":"e8b3cdf2993c16924ffab951dc89156f52e74157e9637120e9e0b3be5dc9e477","block_height":null,"time":null,"vin":[{"txid":"e8b3cdf2993c16924ffab951dc89156f52e74157e9637120e9e0b3be5dc9e477","vout":0,"amount":1000,"coinbase":false},{"txid":"aacc61687342292d78701e083b5ece0e862f6c07b629e862c9f8299d58fb8359","vout":0,"amount":999.99999,"coinbase":false}],"vout":[{"n":0,"addresses":["prl1zj963awtynaacvvw699j5qk5xrlsxmtgnvq8rfhdd2cvjtucry03q3dp3y4"],"amount":1000},{"n":1,"addresses":["prl1p32rutzn780q0uezytd4ymc8mh0hlde8046k3ed74z80rpt0wzh5qwmufpq"],"amount":999.99998788}]}