{"txid":"6b6439c7c03aed920d8672e75e34ee589e8f2bfd4e65be4863adf576bc744c03","block_height":null,"time":null,"vin":[{"txid":"6b6439c7c03aed920d8672e75e34ee589e8f2bfd4e65be4863adf576bc744c03","vout":0,"amount":118.9185524,"coinbase":false}],"vout":[{"n":0,"addresses":["prl1zsraz9un56r0znqv4kmv2kf9y32twnasz7mq5t4wj5u904qn9egks3pxq2j"],"amount":118},{"n":1,"addresses":["prl1pq97mgvn7gxgn5gxtuwancd5x00z6mqzp0q56x7d9uz32qvw4sn3qxk5r72"],"amount":0.91855086}]}