{"txid":"5c3093b9bc5c6f587b661b0a99b9dca450cdf53346d61c2bac40fd9adedfdd5c","block_height":null,"time":null,"vin":[{"txid":"5c3093b9bc5c6f587b661b0a99b9dca450cdf53346d61c2bac40fd9adedfdd5c","vout":0,"amount":1099.99999,"coinbase":false}],"vout":[{"n":0,"addresses":["prl1zpq5kwj6yrgrwq5yznphymhm4jefjzv4584ega0p3xhjftq9shtyqf55v3l"],"amount":1000},{"n":1,"addresses":["prl1p05eygutdqs7gw0unrf2r7f58zcrc68pt2facgg4yskz2vqqu5qgs8lc3km"],"amount":99.99998168}]}