{"txid":"36ae458180ed682f8eda7f82cf1ed0a196e3b92ba263c64ae6bbcb67dd604ab9","block_height":null,"time":null,"vin":[{"txid":"36ae458180ed682f8eda7f82cf1ed0a196e3b92ba263c64ae6bbcb67dd604ab9","vout":0,"amount":4659.99999,"coinbase":false},{"txid":"609d03ca189d355a0de56ecb922c8b89308e29ca04908b585049e01dfc05744a","vout":713,"amount":988.35624679,"coinbase":false}],"vout":[{"n":0,"addresses":["prl1z58dd45ztka4kjuartyxn326ln4vtqanj4wu6snl7ysv2pagd6a0q7djjas"],"amount":5000},{"n":1,"addresses":["prl1ptl7mq05huqxrgtagaepgjgf5kt3jmjw2zqd2wufw0v5xx2hrcqjsshf2ta"],"amount":648.35623467}]}