{"txid":"cf8b3016ac2cf412f1b09b64a3a75c48ba850d8495aef8e3da4f36f671012ef2","block_height":null,"time":null,"vin":[{"txid":"cf8b3016ac2cf412f1b09b64a3a75c48ba850d8495aef8e3da4f36f671012ef2","vout":0,"amount":21833.80137843,"coinbase":false}],"vout":[{"n":0,"addresses":["prl1pyd3e54nwzerqsx6w46k00dyae8eh6qadzr0vtq82gmkj763y4fkqrz3jzl"],"amount":18833.80137014},{"n":1,"addresses":["prl1zh3ecjshdtq08qvjeufenjxqqngh4nenw030y8wsx9vdq37ls9jqqzaqafn"],"amount":3000}]}