{"txid":"0527546950f412a8e81c6311df2cfd8d68dff4a76eb59c6483e1fccc88c426e9","block_height":null,"time":null,"vin":[{"txid":"0527546950f412a8e81c6311df2cfd8d68dff4a76eb59c6483e1fccc88c426e9","vout":122,"amount":1847.46323802,"coinbase":false}],"vout":[{"n":0,"addresses":["prl1zdfjja6v03szup23xvn7wh7m8jdzp8xehcm0v28fv0urxnjlgdk7sg646us"],"amount":1840},{"n":1,"addresses":["prl1pa85l7e94l230m2jwfxwh5xrqhg2f26ml35njtqlgsp9ws39tv4wslyjrnr"],"amount":7.46322965}]}