{"txid":"7867fd1d68df635ab77f4cbb02e924efa868983741076db186858068a21ab3cc","block_height":null,"time":null,"vin":[{"txid":"7867fd1d68df635ab77f4cbb02e924efa868983741076db186858068a21ab3cc","vout":445,"amount":118.36246549,"coinbase":false},{"txid":"3c910a79e2bd3ec3daf465455f726720829d6b32e54d9028298f15d473ea9fb5","vout":588,"amount":86.75784424,"coinbase":false}],"vout":[{"n":0,"addresses":["prl1zeyycch3e7exfrth5azcutdm5afenqv5sw6fkckumalvpkle4uwxqnw82ds"],"amount":205},{"n":1,"addresses":["prl1pag7cw7lmkg9kscmenqqarkj46u0zn95k85ftvk768v4ahqdea5mq7edm73"],"amount":0.12030761}]}