{"txid":"69c7c6a61f307d5680c24ec51606d06475abfd1cfe85a7f8d61c86a8fe00ec13","block_height":null,"time":null,"vin":[{"txid":"69c7c6a61f307d5680c24ec51606d06475abfd1cfe85a7f8d61c86a8fe00ec13","vout":713,"amount":377.80050076,"coinbase":false},{"txid":"b654b887e32220d65dcc38d26e6723fe117cb1d712e4f89de1d9c45e5745f33f","vout":486,"amount":76.37372297,"coinbase":false}],"vout":[{"n":0,"addresses":["prl1z05rm33t3drz72gc9v3aeech6nn9dfw7dmkqh0k4qklxw8rmkt7rqvydasf"],"amount":400},{"n":1,"addresses":["prl1py62pdg6eyz8ycluywqknf66j7er2rus63wp4avh8djtumhwtlxwsyye3cy"],"amount":54.17422161}]}