{"txid":"95356c385afa1ae6c957df887b5f9cf4cdf766ea092225d0bc53f28978328869","block_height":null,"time":null,"vin":[{"txid":"95356c385afa1ae6c957df887b5f9cf4cdf766ea092225d0bc53f28978328869","vout":1,"amount":100,"coinbase":false},{"txid":"0089d6f949bbb219a12993f53547a1a2cfe23886c022eebd312ad1103563ec45","vout":552,"amount":43.33453953,"coinbase":false}],"vout":[{"n":0,"addresses":["prl1za7hsdhs849fc7v7n43gaal39pnrwsd6mtw8e9n8e29hry8p40raqtlxzvz"],"amount":100},{"n":1,"addresses":["prl1p9ynpccgg5qc0gru6tp6rhmaaykncupqd3vazp5yv6e9ksv6qv7tstknz4a"],"amount":43.33425068}]}