{"txid":"24fc5563990e9a4cd7ea9f835fd105d48780712f8547ae9bebf40ed4d41c4b97","block_height":null,"time":null,"vin":[{"txid":"24fc5563990e9a4cd7ea9f835fd105d48780712f8547ae9bebf40ed4d41c4b97","vout":0,"amount":710,"coinbase":false},{"txid":"03d369162042518bdd627d354e606c6141af7110fe678a784ca456fb94bb154d","vout":1,"amount":0.99998364,"coinbase":false}],"vout":[{"n":0,"addresses":["prl1z99ueu47k0k6q6kmmgsu7y6y5au0m48ryuq02rl0vwj0k6ly7k8gqkty0ep"],"amount":710},{"n":1,"addresses":["prl1phvyyj0tndklv63k9sy5uczr6d0hx6qxnu28zqkn8aexg26zcatpqkhr54j"],"amount":0.99998152}]}