{"txid":"5dd5ffe0618bc925fcad4619db93361699b0450593471a79927ef26a4e854ac9","block_height":null,"time":null,"vin":[{"txid":"5dd5ffe0618bc925fcad4619db93361699b0450593471a79927ef26a4e854ac9","vout":9,"amount":6442.07950342,"coinbase":false}],"vout":[{"n":0,"addresses":["prl1p88x2cdqesply6wjzpp6pls645jkjng3wyqlv8efqm40jjpj9j5fsd2pgek"],"amount":42.07950187},{"n":1,"addresses":["prl1zyegjdu5nfv8uym485jvj52rmy7frclmrpa9ycmetfvuttq09a97q3u00qt"],"amount":6400}]}