{"txid":"e2c132df3da2d19b3e4aff063fa7677028bf1971496194c60999b7b1d1c458d5","block_height":null,"time":null,"vin":[{"txid":"e2c132df3da2d19b3e4aff063fa7677028bf1971496194c60999b7b1d1c458d5","vout":0,"amount":685.45373163,"coinbase":false}],"vout":[{"n":0,"addresses":["prl1zuuna4sdkm5zwg2retwh2nx3j9j020389g0sllts2me8aa9qpj6fspu9cv3"],"amount":685},{"n":1,"addresses":["prl1pgg4zud640qzws936nu32rq2hz08cyarea6jtanksktzfay80zzps9tu9x5"],"amount":0.45373009}]}