{"txid":"dba27cbe9b6c22de5b72ee0bd2842ff689f9a7b8384740690d46c6978ba0c499","block_height":null,"time":null,"vin":[{"txid":"dba27cbe9b6c22de5b72ee0bd2842ff689f9a7b8384740690d46c6978ba0c499","vout":1,"amount":4977.98997998,"coinbase":false}],"vout":[{"n":0,"addresses":["prl1zl0nxshc8nzhva678d7zpx7zrn35rkk740pke88du35nvrpkcx89qu5rlev"],"amount":278},{"n":1,"addresses":["prl1p209gdfdx4vl4y229jsqgx7rrncxpjpt2dgczqm7s8etpy0v60adqq05623"],"amount":4699.98997844}]}