{"txid":"f8eda650c2091c804940659bc1d0cb23e7395a3a5740319ec66dff232971b0aa","block_height":null,"time":null,"vin":[{"txid":"f8eda650c2091c804940659bc1d0cb23e7395a3a5740319ec66dff232971b0aa","vout":0,"amount":5935.35709059,"coinbase":false},{"txid":"2ef83a741c07aeeca9c7d72c09a0133c8be5dfa9a6ec532086efaf10d5e1b628","vout":0,"amount":3920,"coinbase":false},{"txid":"2f34142a4d4c9edc0cc8ebb3cc13ce25d236f8c53b85ad1bde22729fd5234f5b","vout":0,"amount":1470,"coinbase":false}],"vout":[{"n":0,"addresses":["prl1zk36xp9u02qmg5k9hhefyjf9apuwpx3l3va2lp5huujccx9deyq7sav9pkz"],"amount":10000},{"n":1,"addresses":["prl1ps57zawz8lvzq3u86j5fa7vp84vsg2v2uj675gar5ddaa6vuqemlstsqe6m"],"amount":1325.35708789}]}