{"txid":"32f0a2afafe909ca9c867f88e4703625561b159a0c8159c6eec9a7f7de473968","block_height":null,"time":null,"vin":[{"txid":"32f0a2afafe909ca9c867f88e4703625561b159a0c8159c6eec9a7f7de473968","vout":0,"amount":493.75999889,"coinbase":false},{"txid":"649664df34ce184d501624cfe3a0f59b23189b67f8505bbb02b8b90dde711227","vout":364,"amount":50.26542509,"coinbase":false},{"txid":"9a1f0d459246b2be4ef1ddb1e6e69af7018803e431ebb5e144ae2117ed2e6141","vout":1,"amount":1.23738929,"coinbase":false}],"vout":[{"n":0,"addresses":["prl1z2udf7uss74rrecfge8wt3xqz0lvz8tlyuymf752zaz40n2pwswzs2fn7mt"],"amount":545},{"n":1,"addresses":["prl1pq2zwtemtuqpzk0yvw3q56ysqcfzs8squtk8kdks5cc06ymcsy2jq8us8el"],"amount":0.26281057}]}