{"txid":"4e7b608d07e5e35f179f7c90e7473b721b1ff80320d8cc13caf28aa38a55d10d","block_height":null,"time":null,"vin":[{"txid":"4e7b608d07e5e35f179f7c90e7473b721b1ff80320d8cc13caf28aa38a55d10d","vout":254,"amount":107.57270699,"coinbase":false}],"vout":[{"n":0,"addresses":["prl1ztyas3vn5pg9a4gsh4f5ngqu8d8l2nr9wtsjutf07m5jway72ye4qmu9kgg"],"amount":100},{"n":1,"addresses":["prl1p7za380rx8d5j5tgk5jsu2ud6k5efz9d593p8pvkvjeetakml765qqcmj7v"],"amount":7.57262356}]}