{"txid":"d0229b8769501374c4d47bf2e20139812ad8831ac9085057832e1c2e9391a2a8","block_height":null,"time":null,"vin":[{"txid":"d0229b8769501374c4d47bf2e20139812ad8831ac9085057832e1c2e9391a2a8","vout":1,"amount":388.9899053,"coinbase":false},{"txid":"ddb0d4e9a2f02dd223e98e623258123f8242f7ee8f9ebd4bf10b74ed81f66258","vout":1,"amount":315.99992749,"coinbase":false}],"vout":[{"n":0,"addresses":["prl1zp03h8cvhhuzgs7gn0sy2anyjg7gjvuyty8dmst5tgugud8hl79zs3h4f4z"],"amount":500},{"n":1,"addresses":["prl1p209gdfdx4vl4y229jsqgx7rrncxpjpt2dgczqm7s8etpy0v60adqq05623"],"amount":204.98983067}]}