{"txid":"7c7eb7a6bcd1a9ac307fe55fd07e67d31d937358fff551b4a643c615d75f23d1","block_height":null,"time":null,"vin":[{"txid":"7c7eb7a6bcd1a9ac307fe55fd07e67d31d937358fff551b4a643c615d75f23d1","vout":0,"amount":610.99999159,"coinbase":false}],"vout":[{"n":0,"addresses":["prl1zt2kwx06z7ecfytfn8emkunhr2x8mljt0lsq5n7ylz28sx2r9jhusr8a7mn"],"amount":100},{"n":1,"addresses":["prl1prm6xzucrr5czxdrhlvnteushdfphxfgd0nn2gnn3ss94q67sp4usc7ncgl"],"amount":510.99998318}]}