{"txid":"fe6ad80474a024ae3285309b025836fac5f0b36873eb1aca60acf7e886f12e16","block_height":null,"time":null,"vin":[{"txid":"fe6ad80474a024ae3285309b025836fac5f0b36873eb1aca60acf7e886f12e16","vout":0,"amount":1565.88298951,"coinbase":false}],"vout":[{"n":0,"addresses":["prl1pv4spw3sa5xsc8mxky35978apgu2jksm60ksn50y928ynf7ky2hnqzznsrw"],"amount":1065.88298107},{"n":1,"addresses":["prl1zxv5rdmyjzzaaqhmhu2xeyeaaajdv7q2hmphankskf69vs8qkuycsxmu39c"],"amount":500}]}