{"txid":"a796b4cb0757ac3e3626bbf1b4c12a1b90557ffb1c975ae67f431452a52a0deb","block_height":null,"time":null,"vin":[{"txid":"a796b4cb0757ac3e3626bbf1b4c12a1b90557ffb1c975ae67f431452a52a0deb","vout":0,"amount":1699.99999,"coinbase":false},{"txid":"75feaa9cf449319bafca2aa9a3e6e8798ef7dad0c85f1eeaa052d51b8780f8a0","vout":1,"amount":61.87723654,"coinbase":false}],"vout":[{"n":0,"addresses":["prl1z2sml990crk3s4rw5mrw208j9aund6qta7m5shn330dn2sgnhnpgq55q2z2"],"amount":1700},{"n":1,"addresses":["prl1ph8e3gxnytz9zmemwygpmlahft0d5gz4wwqs6uu0nqmlwhm80laeqhpm3ex"],"amount":61.87722442}]}