{"txid":"b74b71fb3d912c2cc5dcbe8a7ee07e21ac3ba8042a5af7082e42fe59b973ac77","block_height":null,"time":null,"vin":[{"txid":"b74b71fb3d912c2cc5dcbe8a7ee07e21ac3ba8042a5af7082e42fe59b973ac77","vout":1,"amount":188.88497614,"coinbase":false}],"vout":[{"n":0,"addresses":["prl1z54zcs6ntyzwk2qpsz2qjrpdqd5dxqe2vwqlsdttcvkdf9cre8pjscjh3p6"],"amount":179},{"n":1,"addresses":["prl1phk6y9q6wd8uyzwuwmtfdr36mmn5n3f5l5ran4rzxkdjzn0mzsvzqfve6zj"],"amount":9.88496777}]}