{"txid":"c519ecadd7afe6b81de828d46b17a38d7146a6740973ecf3392d7757d2890a96","block_height":null,"time":null,"vin":[{"txid":"c519ecadd7afe6b81de828d46b17a38d7146a6740973ecf3392d7757d2890a96","vout":0,"amount":2248.02674485,"coinbase":false}],"vout":[{"n":0,"addresses":["prl1p6wy2l639jwpcm8k79hs9pnaka40x0qr8cm8w5wlu36m7qd02z5sspcshfn"],"amount":1248.02673412},{"n":1,"addresses":["prl1zf5wqjr6gtxatcr857v7qcvyqzpkw260fu7zpyc4qzvvdayqddhxs87ddxt"],"amount":1000}]}