{"txid":"9827c07096af77405fb6b70efa335a7d7976dda104716a187b55070081591082","block_height":null,"time":null,"vin":[{"txid":"9827c07096af77405fb6b70efa335a7d7976dda104716a187b55070081591082","vout":1,"amount":6969.7457675,"coinbase":false},{"txid":"50c842fc8c1dd38774252ba82ff03201228c408628b920c505fbc164232dc1de","vout":1,"amount":5151.5590742,"coinbase":false}],"vout":[{"n":0,"addresses":["prl1z2zzx7da9r4v0fkmhwpsesl24cwm29vcqdlhy4pt2ptq0lnur5jtsqqnctc"],"amount":10000},{"n":1,"addresses":["prl1pgz7xkmw396pcnw43ptt4sg35gkv5ax789whywt6ja7mqz494hrmq2q3fk9"],"amount":2121.30483958}]}