{"txid":"9b20472f311b928a2392744501e0462f96bd6fb6c0cb2653d5ffa1e8c2bb0351","block_height":null,"time":null,"vin":[{"txid":"9b20472f311b928a2392744501e0462f96bd6fb6c0cb2653d5ffa1e8c2bb0351","vout":0,"amount":273.99999,"coinbase":false},{"txid":"6fd0482ba8e2c8c29ccf4a2feff288ad29ea2477a72a998e9a14c52f2280526a","vout":1,"amount":0.71499846,"coinbase":false},{"txid":"802a4040f6dae0b654441d2ff593629f1bc7bb26a14ab2b5d45a6f27e51b5c55","vout":1,"amount":0.29443886,"coinbase":false}],"vout":[{"n":0,"addresses":["prl1zfy0vd3uulrsvg9g2lyuxh6wdekeqtzdl2wwvqsj920gcfmvvdwcsjwdkpn"],"amount":275},{"n":1,"addresses":["prl1p9849nsvv3twpqdjxe3v7xk6g0k2upz0vpy4pcyna4fn6v6c8guss2ctcaw"],"amount":0.00942462}]}