{"txid":"c6b3cf6ee0fdf1fb77452c5829a6a77b77e9fc4a2bf6c53f8bad77fc199a4431","block_height":null,"time":null,"vin":[{"txid":"c6b3cf6ee0fdf1fb77452c5829a6a77b77e9fc4a2bf6c53f8bad77fc199a4431","vout":1,"amount":432.23382849,"coinbase":false}],"vout":[{"n":0,"addresses":["prl1zsulgys9s5a23svtcgke6xvtst9kjwdykj03er4lkwz7qrppx5z9q0xr3l5"],"amount":175},{"n":1,"addresses":["prl1pq2zwtemtuqpzk0yvw3q56ysqcfzs8squtk8kdks5cc06ymcsy2jq8us8el"],"amount":257.23382695}]}