{"txid":"2f8efd1f26e623374f4ef3f38dfa81b5df2884fd0336cc2ae692bb46357a296f","block_height":null,"time":null,"vin":[{"txid":"2f8efd1f26e623374f4ef3f38dfa81b5df2884fd0336cc2ae692bb46357a296f","vout":1,"amount":7344.49998922,"coinbase":false}],"vout":[{"n":0,"addresses":["prl1zcs304xjv4c9u86l8ydk5688h6rlgzdu92ckwpzujyd6ekmy22mjsfs9aa7"],"amount":5000},{"n":1,"addresses":["prl1p94mante8tgtvajgghxh93l0z0vykzz7xfly6zdfpd9lsarm3dlystq3ar4"],"amount":2344.49998768}]}