{"txid":"405f07b142c341ace02fc45215efa297f167a8505bb3a1a0274c41cfc473f70f","block_height":null,"time":null,"vin":[{"txid":"405f07b142c341ace02fc45215efa297f167a8505bb3a1a0274c41cfc473f70f","vout":0,"amount":459.99999,"coinbase":false}],"vout":[{"n":0,"addresses":["prl1zwfcnv0n9prtecy87gj2mfwkkw0z7s0ft98w3nlhanxd9fmnwjm9q4c2qvq"],"amount":300},{"n":1,"addresses":["prl1p9e9jja9c9n5yx3ehw68h09c6lnmmdtw0numkwuna773t0hfjnqas3xkztk"],"amount":159.99990752}]}