{"txid":"a8ccde8dac869f8c6c6ad59a56b52f7473820fc59ba90ca2cbb1ca70af1405d3","block_height":null,"time":null,"vin":[{"txid":"a8ccde8dac869f8c6c6ad59a56b52f7473820fc59ba90ca2cbb1ca70af1405d3","vout":0,"amount":490,"coinbase":false},{"txid":"f80fee52265b2837fa885ca2510f884885ab3b3b04fcb76c09ab1e1fe24f9ded","vout":1,"amount":0.4899323,"coinbase":false}],"vout":[{"n":0,"addresses":["prl1zsxw2gn39ach9rhfmgn0pptxd3ylzsqzytk2z2xjzx6u274n57v7qw77sz3"],"amount":490},{"n":1,"addresses":["prl1ptz0gepg7lhhgsjx58v852d6l4m5e5lsfszh8uxg06wpxxxa0ql8qln2ytz"],"amount":0.48993018}]}