{"txid":"2d4242ab21319dac42b4c08c41da0355170df3a16fe33582965388db243075d2","block_height":null,"time":null,"vin":[{"txid":"2d4242ab21319dac42b4c08c41da0355170df3a16fe33582965388db243075d2","vout":502,"amount":1384.71126482,"coinbase":false}],"vout":[{"n":0,"addresses":["prl1zfvemv8yzlxef788646eulqruzdpwru8p3ze6pw3uxna8vugnyphsgg40pa"],"amount":101},{"n":1,"addresses":["prl1p7dah0wn9uwnx4ususf3fch3w28d2k58pe29su0h2cup4gv4zqk8s4g865m"],"amount":1283.71126328}]}