{"txid":"1e5977b5525b550684f607e6bb0285db49d85ebcfc4cc52a3baf9fa9a5a9745f","block_height":null,"time":null,"vin":[{"txid":"1e5977b5525b550684f607e6bb0285db49d85ebcfc4cc52a3baf9fa9a5a9745f","vout":1,"amount":6258.0099225,"coinbase":false}],"vout":[{"n":0,"addresses":["prl1zc8y9rvvvlsrknzscd37w53n9t5npfdu8xr3vsutzgv79lf2tucqsf5t8sc"],"amount":735},{"n":1,"addresses":["prl1pzs0699rrqwg3pf52wzr6u57mp6m5zw4cp02ul82wwg68t0suapps6nc3xy"],"amount":5523.009845}]}