{"txid":"13357ebdb0cea6bffefe60a4a81be49c265a104e382acb80694ccc678ec3cf35","block_height":null,"time":null,"vin":[{"txid":"13357ebdb0cea6bffefe60a4a81be49c265a104e382acb80694ccc678ec3cf35","vout":242,"amount":250.01082536,"coinbase":false}],"vout":[{"n":0,"addresses":["prl1zptp0xgylmcuma9r4wc2jt5zxl4wu340m5pj59f8w0z8nupy25dps6hdaad"],"amount":250},{"n":1,"addresses":["prl1p2zu56gqek8ws9k9y40x7vvpj43x7anjysjfr4vd000jfjkufdqash09tu2"],"amount":0.01082382}]}