{"txid":"730532fc10a0f29199d03bea5d2ab710e314a1d462211f3a0ee78cbfb362361b","block_height":null,"time":null,"vin":[{"txid":"730532fc10a0f29199d03bea5d2ab710e314a1d462211f3a0ee78cbfb362361b","vout":0,"amount":359.99999,"coinbase":false},{"txid":"549bef21fe99b618efbbd0461f3c4617fcf676df895f6e73f926b113d3a32fb4","vout":1,"amount":3.4090513,"coinbase":false}],"vout":[{"n":0,"addresses":["prl1z2j34jr7ea0yx5tysr8fa2tz4jmqk3rs5u2kqmn9l46sdy5z6n7vs5pmd5d"],"amount":360},{"n":1,"addresses":["prl1p92ewn9m0jwx6995258h8pj7wwjhtn88d8kpnyyd4uvsgd652ju6qtwfujv"],"amount":3.40903918}]}