{"txid":"a4a75779bc0a5045ec84719d80621809ba2c52dbc7b3f15b8ebf8629eeca8cab","block_height":null,"time":null,"vin":[{"txid":"a4a75779bc0a5045ec84719d80621809ba2c52dbc7b3f15b8ebf8629eeca8cab","vout":1,"amount":554.02995289,"coinbase":false}],"vout":[{"n":0,"addresses":["prl1zy0mvamz7a4uec3l8x4aac2rex3lf9ahfcjqnan7z4j2q5lw9f4wsn9h62q"],"amount":550},{"n":1,"addresses":["prl1pcnme5tpfrn453mrpd86qxaraaapfs9hs0paa59lnxzt2zm7lppnq9p8j6g"],"amount":4.02993739}]}