{"txid":"7f73da489df96a26a5b9446834e02735577f905a3d5f1a852577700ce7062df8","block_height":null,"time":null,"vin":[{"txid":"7f73da489df96a26a5b9446834e02735577f905a3d5f1a852577700ce7062df8","vout":84,"amount":419.80076405,"coinbase":false},{"txid":"911a9389abf58ac269f28114df56b46052c3a3c5c3a17b20d51fcb5f3eacf9f1","vout":890,"amount":389.87903091,"coinbase":false},{"txid":"8ebfc2b893bd4add9162709b7b331a155e1e000d31c95fca38e79fb2c08c90a7","vout":12,"amount":337.29874005,"coinbase":false}],"vout":[{"n":0,"addresses":["prl1zlq9q6ztnf8ulzh927guqvtqvsg54dr92yj8r558u5u6ka6wscqsqdy9j3v"],"amount":1000},{"n":1,"addresses":["prl1pmxgrjgdzrfu34gswdmlz7ezfc7vm06qa8msm0xpzme2hj4gsrz5qhy9lde"],"amount":146.97853231}]}