{"txid":"34ba221c2223d8bfe0b82c670dae1c9222e7138fa36de31d25baf6ea0c14aef8","block_height":null,"time":null,"vin":[{"txid":"34ba221c2223d8bfe0b82c670dae1c9222e7138fa36de31d25baf6ea0c14aef8","vout":0,"amount":1103.99999,"coinbase":false},{"txid":"ebbeb13166b67c01ed6176ae029e0dd4be25ce6a42b16f504fec0a8173cd4c9c","vout":1,"amount":0.9598532,"coinbase":false},{"txid":"23d42717ed45d88461d598cc4ce45d02fed55fa65fcf4e7a2ab4c16068e35450","vout":1,"amount":0.20581981,"coinbase":false}],"vout":[{"n":0,"addresses":["prl1z448trzgxl64z9yz3nz4jvlpzsqj7yvjv03p7apqnjz5jlaacu08shgyjfs"],"amount":1105},{"n":1,"addresses":["prl1p3wnufntm78sp3aze9tjffjhjsa7hd2dyyke2nh6u9n4nxt7fhn9s2tfh7p"],"amount":0.16566031}]}