{"txid":"eac8f6b1042ce629626f6e65edcb7ed4c0e8d588f9670cc0ea9cf7390c1c968f","block_height":null,"time":null,"vin":[{"txid":"eac8f6b1042ce629626f6e65edcb7ed4c0e8d588f9670cc0ea9cf7390c1c968f","vout":0,"amount":119.99999,"coinbase":false},{"txid":"e3a41ab79c6d9f66ae0be1af9748ab8575a03d287236ad94ee3c52a5e0d11625","vout":28,"amount":11.12502588,"coinbase":false}],"vout":[{"n":0,"addresses":["prl1pl5jfneah3xwjxrtgecfz7nuvan9vjrr5jkw9l6sgewjlmnpgu98se9z3ve"],"amount":11.12500437},{"n":1,"addresses":["prl1zgup4q2445666nn0m23yvg3hkgrl4pxj4l3uwr49dlg0asmmshzcqyzzk9x"],"amount":120}]}