{"txid":"c04be8cfc613e334b444bef9cbca551f0799505004f3c68fbde769cf06207a81","block_height":null,"time":null,"vin":[{"txid":"c04be8cfc613e334b444bef9cbca551f0799505004f3c68fbde769cf06207a81","vout":721,"amount":143.08682359,"coinbase":false},{"txid":"1fdc409458bde3b9dee0ee5f11eb2d930e716618a80e34016458422854328a68","vout":881,"amount":131.21067086,"coinbase":false},{"txid":"4c35d574e572945ed2d433a541f3915eace990c7e84715d73e453a69d0959d42","vout":1,"amount":58.69572831,"coinbase":false}],"vout":[{"n":0,"addresses":["prl1z56tfvyvsfhhhgtam4lr3vyul8lm8js4u3z6zpqnjs2slmfxc64gqjpkqyl"],"amount":300},{"n":1,"addresses":["prl1p9kgw3e6gmgzcnsekfg22keu6hmv8vwwncnuq7lrh8l8w99t6exrsz6yadn"],"amount":32.99322006}]}