{"txid":"f706e3afd5192d2690d54927f68c9aef661fe9d68a3a7345e2f4b86905ab88da","block_height":null,"time":null,"vin":[{"txid":"f706e3afd5192d2690d54927f68c9aef661fe9d68a3a7345e2f4b86905ab88da","vout":404,"amount":133.56476936,"coinbase":false},{"txid":"cefde40ef164b42177ae4c92cc3a7cb7f537eba81ad64ea0629a21eaafd25ac9","vout":0,"amount":108,"coinbase":false},{"txid":"cb2f1f4b7829c4f0bbc266da0f29e2a1aa530030b0f7d3d471ad103d987d7f96","vout":639,"amount":50.24032837,"coinbase":false}],"vout":[{"n":0,"addresses":["prl1ph0ltty4x4l33qx7txumzzvsa9vtsaut8wkyyaw4l2dyckp8cd09s0z0t5q"],"amount":0.80473382},{"n":1,"addresses":["prl1zkarhyuemjhxm2jy5mf0frzej37vqx66vxdasehylt38ce4l4ev6szuuvhs"],"amount":291}]}