{"txid":"016431003a52db1bdda97610ebff070171d200f0e5ce25bfe0da6204c1abf516","block_height":null,"time":null,"vin":[{"txid":"016431003a52db1bdda97610ebff070171d200f0e5ce25bfe0da6204c1abf516","vout":0,"amount":99.99999,"coinbase":false},{"txid":"2d6e17c2d55390fbef97eaae7a84e31130350f8af5cb5e44c08fc6dcbae04cc5","vout":0,"amount":99.99986383,"coinbase":false},{"txid":"3b7606b7884c9c7c39c4575f18d873968029db146c2df605168a05e30923b686","vout":1,"amount":90.38942326,"coinbase":false}],"vout":[{"n":0,"addresses":["prl1zjyx4qewdtekkjj2kzla3qkslz7zk9fzhvlrz33ceg6ar04erxwwqstevc0"],"amount":200},{"n":1,"addresses":["prl1pml4wk93jys6zg4dzhv2dt8hunghcxq4sgzsxwtctdzt3ctcrnrmqxxqapa"],"amount":90.38912156}]}