{"txid":"49d872763e9ea3973b0016f62dd11aa3aec18e2a230c01407f252f213aedd645","block_height":null,"time":null,"vin":[{"txid":"49d872763e9ea3973b0016f62dd11aa3aec18e2a230c01407f252f213aedd645","vout":0,"amount":499.99999,"coinbase":false},{"txid":"a3e2a9576997c10618d24d0c438e7ce4b21f77806fe6f3a8939cef8c254d5325","vout":1,"amount":57.99999169,"coinbase":false}],"vout":[{"n":0,"addresses":["prl1z3favt56sdqc2a5k7u7lqkez6kmuf7ukrunqrxnnp22q3kck4t2jqu44e0u"],"amount":500},{"n":1,"addresses":["prl1px5y9pc9msfapexep6rn364k9cezmf05lh4h4h7n4yfyzt7edl8ssmaq3k7"],"amount":57.99997025}]}