{"txid":"f8ed4dddcbe924b1b8ac9c2a58915e010295f751f4f741c082eebb9786c7e53e","block_height":null,"time":null,"vin":[{"txid":"f8ed4dddcbe924b1b8ac9c2a58915e010295f751f4f741c082eebb9786c7e53e","vout":5,"amount":61.8880851,"coinbase":false},{"txid":"255546b6801d1d07d42120729755a1596cbe5579198e27509cefef4df447149f","vout":15,"amount":60.95681484,"coinbase":false}],"vout":[{"n":0,"addresses":["prl1z0gjvn6haj3vsarug29d0edgcxkp6vvsuuuj9vwswklsplmmfqt7qndmaj2"],"amount":100},{"n":1,"addresses":["prl1pdc9lh3c8m5sq0nj0d4ztkxyf55ma5cvhzvy2zse7s0sktczl0ucq46sfhl"],"amount":22.84487864}]}