{"txid":"4efe83da3239a75089e63ba38cba93b25b86c2442789a13686979a0e57277ddf","block_height":null,"time":null,"vin":[{"txid":"4efe83da3239a75089e63ba38cba93b25b86c2442789a13686979a0e57277ddf","vout":0,"amount":490,"coinbase":false},{"txid":"883c6d6146a4d8a29b1499978d41fcbfaa5de26fa5a7cd671147863a923be9f1","vout":0,"amount":196.99999,"coinbase":false}],"vout":[{"n":0,"addresses":["prl1p0nzwcxy2llmn8xedupq2v6pd6x48rep090l4a5kc647eddgutf0q2lhsmj"],"amount":1.99997859},{"n":1,"addresses":["prl1zg0l79pm23w06jn8vrgfcvu0v3pw4vek4am5w93v8hnzaru8q2hwqme0jfw"],"amount":685}]}