{"txid":"32e4b0c5e2383782ba7e42835aed10b5ab464609eeda1d2e6f126a99fb02d6f0","block_height":null,"time":null,"vin":[{"txid":"32e4b0c5e2383782ba7e42835aed10b5ab464609eeda1d2e6f126a99fb02d6f0","vout":464,"amount":98.91502882,"coinbase":false},{"txid":"1b92dde9d4440b56347fcba4cda1aa64be811d4bcef740b431d8cb933575dff1","vout":205,"amount":8.86541917,"coinbase":false}],"vout":[{"n":0,"addresses":["prl1zdu7pv6p7wzq94evz0v99qwlmpc50myz0xlkxpff8nsxtcu739y8qxc8l03"],"amount":107},{"n":1,"addresses":["prl1pp9jyp9m28rktnasz93xwnf9xh8c4pkvzc3luaxwjl5qkxf9duvhsg70sr2"],"amount":0.78044587}]}