{"txid":"9e0e76b53ac50696fb421b6df847cfa7ba759aff12342b9438d3752399b45203","block_height":null,"time":null,"vin":[{"txid":"9e0e76b53ac50696fb421b6df847cfa7ba759aff12342b9438d3752399b45203","vout":0,"amount":111.98588401,"coinbase":false}],"vout":[{"n":0,"addresses":["prl1prfwr9nkkajnxmfvu23596gxpfyza45wllm7n9g4jg48fpp39h2jsddpl5c"],"amount":0.98586851},{"n":1,"addresses":["prl1zsqagraz5y54tkvz2dsj9fdper5sj873z4te28npx7r72eekeag3ql5w0wx"],"amount":111}]}