{"txid":"205aaf7c4aab24cc7f0d4c6ace572908809e639621577ce22ef11e1939ed429e","block_height":null,"time":null,"vin":[{"txid":"205aaf7c4aab24cc7f0d4c6ace572908809e639621577ce22ef11e1939ed429e","vout":0,"amount":8199.99999,"coinbase":false},{"txid":"9319f1e288248103a8b173a33b34662a2810ffa54b5f60ee35ee2f652c0c4fc3","vout":0,"amount":4059.57978751,"coinbase":false},{"txid":"493a1d28804fe0a72edc703fdb20b278e921279067a2b010a0fd9755cf90bbd5","vout":0,"amount":11.79685511,"coinbase":false}],"vout":[{"n":0,"addresses":["prl1z4x75gukwnxuyuul7ygvzq42t9elvccpg72lsqhvytdfr9mw956tq5ctef3"],"amount":12270},{"n":1,"addresses":["prl1p7a577hwk9ad3xds2ngj5vhsu3a0wfs7yn5fn95kcd0p24wdfv0tsjth48k"],"amount":1.37660507}]}