{"txid":"1cbe9bda3c47405674490c46bfa232ad1f668b5e80c35b8b3d540ffcb5388a30","block_height":null,"time":null,"vin":[{"txid":"1cbe9bda3c47405674490c46bfa232ad1f668b5e80c35b8b3d540ffcb5388a30","vout":0,"amount":4359.77256412,"coinbase":false}],"vout":[{"n":0,"addresses":["prl1p8v73jxag7wu6kprg6dkcvcchqxfst2g9yggkr3mf7jcptnjncaxqu2s344"],"amount":0.77156412},{"n":1,"addresses":["prl1zk5y0rhnzn4eehyjp2xtjnluptzc53tv2wrt339sltw4ltl2ryt8qvjm0dh"],"amount":4359}]}