{"txid":"c1e617eed0d45adc14bf42b066fa6f58421dcc044d12f03f771a0d057ba02f81","block_height":null,"time":null,"vin":[{"txid":"c1e617eed0d45adc14bf42b066fa6f58421dcc044d12f03f771a0d057ba02f81","vout":0,"amount":2773.02675546,"coinbase":false}],"vout":[{"n":0,"addresses":["prl1pt676lpa7lq4k59w685uuxgcpp0qlq2rk6hu3xfnpu4t7vxmr27wqc8x8zw"],"amount":2248.02674485},{"n":1,"addresses":["prl1zx5u95nqhvfmce4637q53tc4xwjw6cw0m5qgk6wvxa459s5rhehysqvzh4z"],"amount":525}]}