{"txid":"0811a353f69e3dcd53b0a8101725b51d8fb4e888eab6f91b1ee5811a34b78e4a","block_height":null,"time":null,"vin":[{"txid":"0811a353f69e3dcd53b0a8101725b51d8fb4e888eab6f91b1ee5811a34b78e4a","vout":0,"amount":466.36216693,"coinbase":false}],"vout":[{"n":0,"addresses":["prl1p8twf75vfnuf05swcssfy4s6hz2ysqp2kkvfrmeacjk226d5ymrzq6cu5wl"],"amount":0.36215844},{"n":1,"addresses":["prl1zd2rj6lpr0uzuk6y48qgjs8ugep6mayx7f255kg2yegzcsalsa8lqwev3yk"],"amount":466}]}