{"txid":"9c1d33a893e4ad4919aa6b02e236079da78b55e176527b8e27f94de34fad0dc4","block_height":null,"time":null,"vin":[{"txid":"9c1d33a893e4ad4919aa6b02e236079da78b55e176527b8e27f94de34fad0dc4","vout":0,"amount":2770.45990244,"coinbase":false}],"vout":[{"n":0,"addresses":["prl1zkxmakkeydzzvjsyz4c7rxh5fe3lay8slnd8wztundaufcy8nhers8lp0se"],"amount":1800},{"n":1,"addresses":["prl1pxv5hxqaajmjlptzlv23x0tq49uxm86jh0ky88tx5nkuu245409nqgd0dsp"],"amount":970.4598911}]}