{"txid":"7f6a999b1fbdce84aaa5ce4843aa66929f596c1b258dbc03acddeb7079d58f5c","block_height":null,"time":null,"vin":[{"txid":"7f6a999b1fbdce84aaa5ce4843aa66929f596c1b258dbc03acddeb7079d58f5c","vout":679,"amount":67.32972431,"coinbase":false},{"txid":"a16220eec20bca25658bf1f64d615162a287cc41ef694ad44da3557bbe378dff","vout":807,"amount":46.15067843,"coinbase":false},{"txid":"baa0e02b52d7246cc76dee3d8ee5a492ccd0ffe99984bb411d4de566ac360833","vout":1,"amount":7.58197832,"coinbase":false}],"vout":[{"n":0,"addresses":["prl1zq5wnhw98nnyfdzrna8n2rqadk0gj5ur9e8aj5edx59qa56nn3dts59ax3z"],"amount":120},{"n":1,"addresses":["prl1pu08fzrmgz2f4ma6t454sqg4vlnzdqjvng4g24pes85crljxuu65srrttup"],"amount":1.06237836}]}