{"txid":"db2c2aa5ae1c0f2439a7c43de43bf59ca921ea001df73941a181259dea4661cd","block_height":null,"time":null,"vin":[{"txid":"db2c2aa5ae1c0f2439a7c43de43bf59ca921ea001df73941a181259dea4661cd","vout":1,"amount":1716.99998846,"coinbase":false}],"vout":[{"n":0,"addresses":["prl1zhpr5pqqmqy5jz8nhzyn76plvef2pgthr7rq3xsund96jr9ded33sxwtzss"],"amount":300},{"n":1,"addresses":["prl1pgrxt4ea99yjdyvcy82jsdp6qse00wr585yzjmhp4n2l06pjjedqqp9slgk"],"amount":1416.99998692}]}