{"txid":"72d47592c0e1f69528e01f63936b8db17448bb9242ae762c401f6ddb15a505e7","block_height":null,"time":null,"vin":[{"txid":"72d47592c0e1f69528e01f63936b8db17448bb9242ae762c401f6ddb15a505e7","vout":521,"amount":427.43685334,"coinbase":false}],"vout":[{"n":0,"addresses":["prl1pgnwj3pyq2xsaqlkdaflmu27l5ssrh2u2y8k0yqztl9gcc5yk34dq9p60t3"],"amount":327.43683938},{"n":1,"addresses":["prl1z9fspzmwyte8kprsnk24gd0xt6rundv7nesdttgpy2geuwawk2n7spzu2v2"],"amount":100}]}