{"txid":"3c910a79e2bd3ec3daf465455f726720829d6b32e54d9028298f15d473ea9fb5","block_height":null,"time":null,"vin":[{"txid":"3c910a79e2bd3ec3daf465455f726720829d6b32e54d9028298f15d473ea9fb5","vout":545,"amount":105.90542663,"coinbase":false}],"vout":[{"n":0,"addresses":["prl1zn8ua9px0rmcxcfvmpfse96s8x3g985zpmhj97n9ma544yug48zssutaauc"],"amount":100},{"n":1,"addresses":["prl1pewg4pkcgr42a3rqdpf40hv5fd8jq7cm34l0w6e8lvp7gwhl0zuaqv57z9n"],"amount":5.90542509}]}