{"txid":"127176b631aa893398d523c4d612d7fea8b2fcb4d692b524004db348cf21c883","block_height":null,"time":null,"vin":[{"txid":"127176b631aa893398d523c4d612d7fea8b2fcb4d692b524004db348cf21c883","vout":0,"amount":2839.99992165,"coinbase":false},{"txid":"4c1c72ed0614f48dbaadbcef7ba9c9778db541bb51f3d5b35d76387d08fe6135","vout":0,"amount":2130.25989281,"coinbase":false}],"vout":[{"n":0,"addresses":["prl1zy5ff3ykf44f42h2jcwhk6h9mnmazeqhmrc2003xrjpkmz92zyuzqhjdxde"],"amount":3000},{"n":1,"addresses":["prl1p7mplvpz29999s94l2drmjlkg5c8ffkg9m93nswcktcxs34w7esjsla34r8"],"amount":1970.25970382}]}