{"txid":"e941424768544278fc8a09949ef56211a5e1a14fb596cfe16f402dd54b5ac8f5","block_height":null,"time":null,"vin":[{"txid":"e941424768544278fc8a09949ef56211a5e1a14fb596cfe16f402dd54b5ac8f5","vout":0,"amount":999.99999,"coinbase":false},{"txid":"b588b3370c21634a92c85cec0fd8f792b1475a2f68a90343673e9bb3ceb080fe","vout":301,"amount":518.92373849,"coinbase":false}],"vout":[{"n":0,"addresses":["prl1zd9kxqknlawcq3peyu69u0w6emsj8hyycujll4q6wkg9x2m2xf2gsvlwv72"],"amount":1000},{"n":1,"addresses":["prl1p2kgc4nmq78tmmu4422ss0fkpyc0hhl4a6wfg9ht78fd4xy4t0vws94jtp0"],"amount":518.9236154}]}