{"txid":"dfbc2162d6b389185f7496d27354e11c8f40a7c7dbdee4ee5236487d22c364be","block_height":null,"time":null,"vin":[{"txid":"dfbc2162d6b389185f7496d27354e11c8f40a7c7dbdee4ee5236487d22c364be","vout":0,"amount":9999.99999,"coinbase":false},{"txid":"9eed0176b40708f3cd7e489bde89af48c2e724541e8bc4dadddfe133d172966c","vout":0,"amount":9083.21072756,"coinbase":false}],"vout":[{"n":0,"addresses":["prl1pgeax9nm45qnh7c06q5pevml5t8an7yv257gx7h4aazxyrdmlg06q8uupmj"],"amount":9083.21060296},{"n":1,"addresses":["prl1z3n7zurwcuh7wtv9gdreldmjxtrutqnmjcxyxn7fsmqhu6x6q63rs3hvg03"],"amount":10000}]}