{"txid":"2834e3f8042383b120f2e5cf9779e6a9a748708b6440162e756e73615efe3cb2","block_height":null,"time":null,"vin":[{"txid":"2834e3f8042383b120f2e5cf9779e6a9a748708b6440162e756e73615efe3cb2","vout":4,"amount":489.15853653,"coinbase":false},{"txid":"34dde23930a6ac550006bec01e15d946d91ff14cfaf9d60301aa388a0c9b4c54","vout":9,"amount":478.57831419,"coinbase":false}],"vout":[{"n":0,"addresses":["prl1pd3m69rmhyt49xydsm4a92kcmtdhtkv9qs2s2lu5nx9qgx95lzlhqsfxck0"],"amount":467.73663292},{"n":1,"addresses":["prl1zc7x4676m09p755v63ma2u732st7v9st2v3vhdgq4t4qrxtay6tuqzp3plz"],"amount":500}]}