{"txid":"f706e3afd5192d2690d54927f68c9aef661fe9d68a3a7345e2f4b86905ab88da","block_height":null,"time":null,"vin":[{"txid":"f706e3afd5192d2690d54927f68c9aef661fe9d68a3a7345e2f4b86905ab88da","vout":642,"amount":1306.95204739,"coinbase":false}],"vout":[{"n":0,"addresses":["prl1z6w57yvrvf3nfu2pp2qxzs29w2yvpe3em7qs2asjvfsru7w3m4enqneqp8s"],"amount":1200},{"n":1,"addresses":["prl1p0sp3fx5hjs6aeq4p9qnu8qlvzujl5qvdfrct6nz5h2qrct6uk2wqn3242l"],"amount":106.95204585}]}