{"txid":"ce1942e9aa5338910b3e0c4dc2a8afa1039cbe0dd14119764556f78c7f6fd32f","block_height":null,"time":null,"vin":[{"txid":"ce1942e9aa5338910b3e0c4dc2a8afa1039cbe0dd14119764556f78c7f6fd32f","vout":6,"amount":193.95364395,"coinbase":false},{"txid":"cec3ef12b87823fbc1ab05636429c0a7a58e18072764f1143712d8a6c2f75ebb","vout":7,"amount":73.75594154,"coinbase":false},{"txid":"426a0b94fd6a05a95cbb0c428087d6ecfb85617159a8ca6d806ae35636f359af","vout":47,"amount":61.93111989,"coinbase":false}],"vout":[{"n":0,"addresses":["prl1pqwmrwauc8n8j88n4ussq0fesjgvc0zv8fz025qs36h5v3dkke05sw75g0n"],"amount":29.64067838},{"n":1,"addresses":["prl1z07v077ys4ycptweej6vktws47h4q37ks3ef8hukx8cwcxf3kqadqpvqcex"],"amount":300}]}