{"txid":"7907a0e570595e331c3b55d79b5070a9feb4b9bad903ac7d53ad59bc154aa501","block_height":null,"time":null,"vin":[{"txid":"7907a0e570595e331c3b55d79b5070a9feb4b9bad903ac7d53ad59bc154aa501","vout":0,"amount":104.99999,"coinbase":false},{"txid":"65c4763734397585abb77b891e41e89c267ea45e7058c73b237efb1c9d5071f9","vout":1,"amount":1.93457513,"coinbase":false}],"vout":[{"n":0,"addresses":["prl1z9zhz007sg3wxu7a0y0j93p2zh7z878nxr9y6ujfzx7vmaalar5lshfsr0e"],"amount":105},{"n":1,"addresses":["prl1p8u9frf8wnsulr0kkmm8u00atnk9prta8vkzhm5969dkm6nrsrwkqw3nl9j"],"amount":1.93456301}]}