{"txid":"7867fd1d68df635ab77f4cbb02e924efa868983741076db186858068a21ab3cc","block_height":null,"time":null,"vin":[{"txid":"7867fd1d68df635ab77f4cbb02e924efa868983741076db186858068a21ab3cc","vout":1117,"amount":233.17675583,"coinbase":false}],"vout":[{"n":0,"addresses":["prl1z4ym80lrt20lcc04yzr2v3l6d3smxrl4735ufk3pe6zvqk8dnzh9slte3kh"],"amount":100},{"n":1,"addresses":["prl1puqwzu4aaxyva0pe0e2qma3plk332e4qjx8rgcwkw4x6axg2xh2dsam3v80"],"amount":133.17675429}]}