{"txid":"0ab723810e8d204ef55f3de0c81ddb88a4dff6f316f44849c0d36ba26664a95e","block_height":null,"time":null,"vin":[{"txid":"0ab723810e8d204ef55f3de0c81ddb88a4dff6f316f44849c0d36ba26664a95e","vout":0,"amount":559.43,"coinbase":false},{"txid":"84c99018b29aa96b537a1e3617a16a52d0d0023b71a612e814ccf9db3df37471","vout":1,"amount":464.6410838,"coinbase":false}],"vout":[{"n":0,"addresses":["prl1zh7z8fgwg5w4ag8kzqrk8t9ke4wdz4pgqjkhnmmsy7efz95atep4s0jsq6g"],"amount":1024},{"n":1,"addresses":["prl1p9849nsvv3twpqdjxe3v7xk6g0k2upz0vpy4pcyna4fn6v6c8guss2ctcaw"],"amount":0.07108168}]}