{"txid":"12e40055d9f8bdd3414288eaf1914c181477192671db64e3715dce0c85dc6b31","block_height":null,"time":null,"vin":[{"txid":"12e40055d9f8bdd3414288eaf1914c181477192671db64e3715dce0c85dc6b31","vout":1,"amount":2999.99999846,"coinbase":false}],"vout":[{"n":0,"addresses":["prl1zgvxjg7y3n6vd49ax84eh9t0t0qhq2xs2yqqyr8dgu43qyn8dh23qcc6kvn"],"amount":1000},{"n":1,"addresses":["prl1p3gg6x95uh2nkewdaq6u8e5am7j7j5wd95h3kmx94mguphrxgk6cq77tj27"],"amount":1999.99999692}]}