{"txid":"c3470ade9f1693a88aa3f429823193b0d833cfa62f2f79862fed922b109c88c2","block_height":null,"time":null,"vin":[{"txid":"c3470ade9f1693a88aa3f429823193b0d833cfa62f2f79862fed922b109c88c2","vout":1350,"amount":105.90537491,"coinbase":false}],"vout":[{"n":0,"addresses":["prl1z2gmd2eplwgzzscfgadmstsvxvllaf7kdcvfl9ethn29e0nhdrm4sjaafad"],"amount":100},{"n":1,"addresses":["prl1psdhgedypmxm426ccuchrxq226vcnnmslvdttltnylcvxexxp497q2vdd7v"],"amount":5.90529262}]}