{"txid":"7867fd1d68df635ab77f4cbb02e924efa868983741076db186858068a21ab3cc","block_height":null,"time":null,"vin":[{"txid":"7867fd1d68df635ab77f4cbb02e924efa868983741076db186858068a21ab3cc","vout":326,"amount":118.36246549,"coinbase":false},{"txid":"3c910a79e2bd3ec3daf465455f726720829d6b32e54d9028298f15d473ea9fb5","vout":443,"amount":95.42472282,"coinbase":false}],"vout":[{"n":0,"addresses":["prl1zrsj2ctzh9skha6rjnz7z6u9nuyrq350keu34f2gdhx3vjvlsymysma44le"],"amount":200},{"n":1,"addresses":["prl1pxuz2e6aqej6g64tl2zdq76g4ypz6v3cuddlveuqtdhxhfcz0c7uqa7wq2c"],"amount":13.78718619}]}