{"txid":"609d03ca189d355a0de56ecb922c8b89308e29ca04908b585049e01dfc05744a","block_height":null,"time":null,"vin":[{"txid":"609d03ca189d355a0de56ecb922c8b89308e29ca04908b585049e01dfc05744a","vout":25,"amount":760.70090938,"coinbase":false},{"txid":"ad1f5ec0a0c7e4915f6bad1816e5d27f25f03758dc469a813a582bc7e41682a8","vout":250,"amount":39.71530954,"coinbase":false}],"vout":[{"n":0,"addresses":["prl1pmmvvkdf5caqsnggmc5rew3wqspq33ddc3g2ptzzkvy87mv2j77nqa7elza"],"amount":0.41620734},{"n":1,"addresses":["prl1zk8zqg27xhpfx6ywf3hql25qnymuzdqev4xk6nhyrquk6jzr567csup74e0"],"amount":800}]}