{"txid":"62b436ec8c9779d3fa4ea9d18494926aaac61acc0fdfa66bdfef0bb7b7374c8f","block_height":null,"time":null,"vin":[{"txid":"62b436ec8c9779d3fa4ea9d18494926aaac61acc0fdfa66bdfef0bb7b7374c8f","vout":1,"amount":9999.99991961,"coinbase":false}],"vout":[{"n":0,"addresses":["prl1ptp5pekx9zaxmddnaf73y35v3wn7mv0r4atcdgm780vx9dng5gmjsy2nz09"],"amount":9859.99983755},{"n":1,"addresses":["prl1z6mylpwgy6kwz6geayyjh0ghpl6uma78t9zhtv0x02sxkhx35wn5qxzrzgk"],"amount":140}]}