{"txid":"fe6561c873b4736c55bcc8f75871055b87099d5cb632b2abcd99b73636f8b83e","block_height":null,"time":null,"vin":[{"txid":"fe6561c873b4736c55bcc8f75871055b87099d5cb632b2abcd99b73636f8b83e","vout":0,"amount":932.23383003,"coinbase":false}],"vout":[{"n":0,"addresses":["prl1zzxnh6ta6tf92hu54rezf7f6425lj2nedujzqx2j9zllsawalcj6sg5kgkp"],"amount":500},{"n":1,"addresses":["prl1pq2zwtemtuqpzk0yvw3q56ysqcfzs8squtk8kdks5cc06ymcsy2jq8us8el"],"amount":432.23382849}]}