{"txid":"286f4dbc85fb823344e3c5ca97ae7e7eb0afc8e7ddb4ce1e58a00abd2c76b23f","block_height":null,"time":null,"vin":[{"txid":"286f4dbc85fb823344e3c5ca97ae7e7eb0afc8e7ddb4ce1e58a00abd2c76b23f","vout":394,"amount":564.88616254,"coinbase":false}],"vout":[{"n":0,"addresses":["prl1zdw23ghm8req4qwgfnsuwnc6hn3gfjvqt07f67hfjtz7jeszx0mmsfh6wud"],"amount":100},{"n":1,"addresses":["prl1p00330xumy7rdavdd4pd9rnzftegz2u9395xzvd7wgcm3ulexu6yspuee3u"],"amount":464.886161}]}