{"txid":"21f7186a2e07745f613d265eed226de22c78027abcf9500d68e215466b70ee8d","block_height":null,"time":null,"vin":[{"txid":"21f7186a2e07745f613d265eed226de22c78027abcf9500d68e215466b70ee8d","vout":372,"amount":2104.23141016,"coinbase":false}],"vout":[{"n":0,"addresses":["prl1pv7zrwy5yhxy2m8pnq08hphawhl2ek4e2ye6antcsv97zyx2h47hskemtk8"],"amount":104.23140186},{"n":1,"addresses":["prl1zz5yvgttwakeyr439xs5kykev7txjaxd6zz3w3a0ck723k9w9nt7senn6u2"],"amount":2000}]}