{"txid":"dded4cb17088a07b9f371943c3a8a13defa1d3b86fe0cda39d9bf72d50b00cf4","block_height":null,"time":null,"vin":[{"txid":"dded4cb17088a07b9f371943c3a8a13defa1d3b86fe0cda39d9bf72d50b00cf4","vout":0,"amount":11216.74861652,"coinbase":false},{"txid":"40b255487d19a0c34e369e8cbf28d090066b8e49c22ee337575e4cb2e434c983","vout":0,"amount":2975,"coinbase":false},{"txid":"b17783b87149ef8d6d9474a11b0b736e6552a3e2899d6e3bc6fb1d7e4fd9321c","vout":0,"amount":30,"coinbase":false}],"vout":[{"n":0,"addresses":["prl1zmdcs6gelc67lvucszmnc6e4hzpuyjfvf9kdl0zlwpqkf4s7dukkqw5sudf"],"amount":14200},{"n":1,"addresses":["prl1p9227tkvlhul8aqd4xpcgk8y3303hllehs8akft9zuyjqklfp3z6qj0m75f"],"amount":21.74861382}]}