{"txid":"57ad7588ba2b4a826b393d4af5bd09ea91011cf09513e3e3924d87c4ee655563","block_height":null,"time":null,"vin":[{"txid":"57ad7588ba2b4a826b393d4af5bd09ea91011cf09513e3e3924d87c4ee655563","vout":270,"amount":220.5323964,"coinbase":false},{"txid":"609d03ca189d355a0de56ecb922c8b89308e29ca04908b585049e01dfc05744a","vout":347,"amount":171.62256009,"coinbase":false}],"vout":[{"n":0,"addresses":["prl1zlun07gn4xsdqfkaa08nqtnyutmsec52vf57rglsjs09mzy9jdgnqhv4q9n"],"amount":300},{"n":1,"addresses":["prl1pc5s57837844z8gkdxun94jwunwqq4d84l4q9dajmp4apf55g60rq2lny0u"],"amount":92.15495437}]}