{"txid":"755c9aabc1fd7dd01647c9dba3028188e36f29d285f01cd8fc86e5d22d306e4d","block_height":null,"time":null,"vin":[{"txid":"755c9aabc1fd7dd01647c9dba3028188e36f29d285f01cd8fc86e5d22d306e4d","vout":1,"amount":1113.00995721,"coinbase":false}],"vout":[{"n":0,"addresses":["prl1zq9x2r295wc00kt2rndqvlq90w3cxzqrugz8lh7s484njj9q2hgvq9v0pv2"],"amount":0.08001},{"n":1,"addresses":["prl1pza4xkj2r85hkpwwak8l05v84q3mrqnmldquu30yhhl04tptqt58szjdsx6"],"amount":1112.92994567}]}