{"txid":"0527546950f412a8e81c6311df2cfd8d68dff4a76eb59c6483e1fccc88c426e9","block_height":null,"time":null,"vin":[{"txid":"0527546950f412a8e81c6311df2cfd8d68dff4a76eb59c6483e1fccc88c426e9","vout":161,"amount":39037.90581515,"coinbase":false}],"vout":[{"n":0,"addresses":["prl1zw9lsp55x242d4u47tpcd590em2z3dxtc526s7fl9um9g4uxk0czsljt6qc"],"amount":35000},{"n":1,"addresses":["prl1psx6aqm5fwecmft96pdl9gp3h4kmgxx9tkj7j2f96frx479dkmqvq8leg7w"],"amount":4037.90580678}]}