{"txid":"861c8e35af9af20b600fcf7520e2cd6a35e3fd73f68914748b8cbe6d93d0701b","block_height":null,"time":null,"vin":[{"txid":"861c8e35af9af20b600fcf7520e2cd6a35e3fd73f68914748b8cbe6d93d0701b","vout":1051,"amount":208.55225992,"coinbase":false},{"txid":"f66d736d2945d5e6923b2bc1c5a34ab1ead1af9909d9ef6c92cd5f6d67063393","vout":1,"amount":135.51310634,"coinbase":false}],"vout":[{"n":0,"addresses":["prl1z3m3hk5q6cuhu3659sguwsyn6jys5ad2emned04trwtej44ajhqks8rl0sa"],"amount":340},{"n":1,"addresses":["prl1pe3ys7gkqxw7pwjax60qm8umd7ha3cvjdslp8aspnrlt2s52uuvasc6py39"],"amount":4.06536414}]}