{"txid":"ee113c67541eb17ba4e3a6cdaa2e1fc9c42958bb7a8c9dad1ea8e02e76dc5f01","block_height":null,"time":null,"vin":[{"txid":"ee113c67541eb17ba4e3a6cdaa2e1fc9c42958bb7a8c9dad1ea8e02e76dc5f01","vout":0,"amount":999.99999,"coinbase":false},{"txid":"649664df34ce184d501624cfe3a0f59b23189b67f8505bbb02b8b90dde711227","vout":398,"amount":195.68773899,"coinbase":false}],"vout":[{"n":0,"addresses":["prl1ze95tngyn974h4sha5vrsh0gfjttcplfxh3csqp5md6sw9pg798fqnkhh8y"],"amount":1000},{"n":1,"addresses":["prl1pm4upylxac4t0jwmgym0c5wx4zfcrp69htk66yn4fy6nc6ay90g2slntvtd"],"amount":195.6877174}]}