{"txid":"ede3c5c6c191e4bf8c0036441983fef1890b50cd80bd89a58b3ef5f8ccb69e31","block_height":null,"time":null,"vin":[{"txid":"ede3c5c6c191e4bf8c0036441983fef1890b50cd80bd89a58b3ef5f8ccb69e31","vout":0,"amount":999.99999,"coinbase":false}],"vout":[{"n":0,"addresses":["prl1pcj6kglql694e0n7eet3fx5elmdgystzsys4d0fw6tl9kh0nq2sjqell8gu"],"amount":499.99998168},{"n":1,"addresses":["prl1z2y9u04wcftf8z6tcffhz56e6cu2vjfkq5mp35kzjw0dvrfxuarasv9e5js"],"amount":500}]}