{"txid":"7ebb8d8401bb59e5c87f5ca561ccf2e337b0ef3295d5a573e9503094fa29397d","block_height":null,"time":null,"vin":[{"txid":"7ebb8d8401bb59e5c87f5ca561ccf2e337b0ef3295d5a573e9503094fa29397d","vout":1,"amount":3499.99999846,"coinbase":false}],"vout":[{"n":0,"addresses":["prl1zjvauydkdwfdtcwmaqmum4yz02xpqd4upc3pm7v7qadpscp4cct4stk8m87"],"amount":3100},{"n":1,"addresses":["prl1pxmpqpqavlmtyfpm0z9ymujernm3tqjt74u5kvn0hvc2wxpycsdmq3w7nyk"],"amount":399.99999692}]}