{"txid":"1cc2054131a9f2e6658f86eb02991514c2a4efe16cb70dfdb8628a0f8e2080da","block_height":null,"time":null,"vin":[{"txid":"1cc2054131a9f2e6658f86eb02991514c2a4efe16cb70dfdb8628a0f8e2080da","vout":1,"amount":8999.99975621,"coinbase":false}],"vout":[{"n":0,"addresses":["prl1zgrtese4ghjt0rmj8zwktjww00ctcg7nwn20gknk0sx87dgk39rqswzzn9h"],"amount":2000},{"n":1,"addresses":["prl1p8x5pupl2ut4h2nm8f4s82ggwl9lxk9tp7d5pnrml0uyfdc34yxdq44fnj8"],"amount":6999.99966767}]}