{"txid":"a006b1c79c60a0a2123896fe88bcbe1b580d0ddba866dc7c8e3cfb650e35e6a7","block_height":null,"time":null,"vin":[{"txid":"a006b1c79c60a0a2123896fe88bcbe1b580d0ddba866dc7c8e3cfb650e35e6a7","vout":0,"amount":2981.83915635,"coinbase":false}],"vout":[{"n":0,"addresses":["prl1z3r6ypzvpdfyy558jd5nt048qeg7awmcxqfs5v03fp32ek6deypnsszds3n"],"amount":100},{"n":1,"addresses":["prl1pmqkdem80anfpml5aus4rzk86r62n6z0vn3yyp96mdanh3wxkwkgsslc0ck"],"amount":2881.8391548}]}