{"txid":"4dafa44e1ae0aca84e193b2281781a7014d1f822c28286cac0a8f603add5e0d2","block_height":null,"time":null,"vin":[{"txid":"4dafa44e1ae0aca84e193b2281781a7014d1f822c28286cac0a8f603add5e0d2","vout":0,"amount":179.99999,"coinbase":false},{"txid":"e845436deb32a33ac7b52e3bafc265eccf5ebfdec8feaa941493573b3ab443c0","vout":0,"amount":8.17725283,"coinbase":false}],"vout":[{"n":0,"addresses":["prl1p929ug5gt7cxqa268vk272ry72tr4ndyxj8z67uscd8vvl3sm4ndqacfjz7"],"amount":8.17712833},{"n":1,"addresses":["prl1zxj76hd6ee6ek7e47tx0ztykpqkmdq0s9c9g0wt5resc7qmd9rlfsmecd6q"],"amount":180}]}