{"txid":"e6e2564c9fecacbe729eb31f904459615afd090952ee0aca411633aa229851b3","block_height":null,"time":null,"vin":[{"txid":"e6e2564c9fecacbe729eb31f904459615afd090952ee0aca411633aa229851b3","vout":0,"amount":2794.7058815,"coinbase":false}],"vout":[{"n":0,"addresses":["prl1peslmvzzuxv8za29qyemecmhh7wz2l3ae5a20scl3a9649gngq64q0lllap"],"amount":2661.705866},{"n":1,"addresses":["prl1z247m929a99xmknst95ky2qtc3sqxc7d3gf8f7pa5r5a50yreytvssr93dg"],"amount":133}]}