{"txid":"cad4fe959e8836ded08cf89a449d1b32b7fcccd8159922ae0203466bfff039a8","block_height":null,"time":null,"vin":[{"txid":"cad4fe959e8836ded08cf89a449d1b32b7fcccd8159922ae0203466bfff039a8","vout":1,"amount":685.534769,"coinbase":false},{"txid":"de8d6a2ae098f48bc770acb62eb9c7e8ddf44327990837e0fbdc75b71127529e","vout":0,"amount":618.3861848,"coinbase":false}],"vout":[{"n":0,"addresses":["prl1zeme628j0c2tnx6vg0gzyxnetjqswrcd8f8mkmmnq8p80mgxlrtrs640hlg"],"amount":1300},{"n":1,"addresses":["prl1pmpklwj8pwxxhc26fw74ya29cy6ywujcpgacmt7ck5du4uzc3y8nsyx4ul2"],"amount":3.92095168}]}