{"txid":"dd11f03c075f2e17b6cd68a679406f469902387e29631bb867fbe6456fe61cdc","block_height":null,"time":null,"vin":[{"txid":"dd11f03c075f2e17b6cd68a679406f469902387e29631bb867fbe6456fe61cdc","vout":0,"amount":795.99998326,"coinbase":false},{"txid":"77b4cff8607bf16abff53477784d2a434dfcfc087049a6c2d724aa2248025b6a","vout":0,"amount":87.99998332,"coinbase":false}],"vout":[{"n":0,"addresses":["prl1zqwxl2pe8clu7hqhd8uahkpa5g0xecjqh94v6law3698fx9p76x4qceu9lz"],"amount":880},{"n":1,"addresses":["prl1plc5h9fu6glf29qkk4nslacktpgq83x5alvurtaejav954uvcymqqqk75k8"],"amount":3.9999551}]}