{"txid":"06ff3efc07fd0baaefee12fafb4c71283146368944ff074f0c9502bf1a44f762","block_height":null,"time":null,"vin":[{"txid":"06ff3efc07fd0baaefee12fafb4c71283146368944ff074f0c9502bf1a44f762","vout":0,"amount":3554.99999,"coinbase":false},{"txid":"af075ad752302830c80a39b5a4969d0fbe41d9cba37ba4d1f963d036d61cd733","vout":0,"amount":1821.77030231,"coinbase":false}],"vout":[{"n":0,"addresses":["prl1zzq2rdgm4vxgus3lkmhytxqp3px7eh0wwxnqkfgwhul9t69w4t9msr8sm2e"],"amount":4500},{"n":1,"addresses":["prl1ppmshdleuqns27l3cl86ffccndr58q68pz8gxn67m5vnarqzffe4qeq8sqz"],"amount":876.77027101}]}