{"txid":"ec4ac337a7ad8acdff953cd74dfb488937e952206eba9762c734b5427b17a2ad","block_height":null,"time":null,"vin":[{"txid":"ec4ac337a7ad8acdff953cd74dfb488937e952206eba9762c734b5427b17a2ad","vout":1,"amount":9501.48170142,"coinbase":false}],"vout":[{"n":0,"addresses":["prl1pqfw262qdcvz8mkkljh2pkahz3aa7u9jgjey9tuvzcgjz38kll3ssxh34sa"],"amount":6501.48169987},{"n":1,"addresses":["prl1zlz698qywur393m6teghcez8z4sp623jqlgz79swxums3y59e58fsa38t7v"],"amount":3000}]}