{"txid":"f706e3afd5192d2690d54927f68c9aef661fe9d68a3a7345e2f4b86905ab88da","block_height":null,"time":null,"vin":[{"txid":"f706e3afd5192d2690d54927f68c9aef661fe9d68a3a7345e2f4b86905ab88da","vout":459,"amount":592.21471351,"coinbase":false},{"txid":"cb2f1f4b7829c4f0bbc266da0f29e2a1aa530030b0f7d3d471ad103d987d7f96","vout":678,"amount":258.41258049,"coinbase":false}],"vout":[{"n":0,"addresses":["prl1zy72fsxw9fd5ed2d7vlqsdgzcq6wzla8gar97j4luq8mlrlkxs68s8rga7k"],"amount":850},{"n":1,"addresses":["prl1pu08fzrmgz2f4ma6t454sqg4vlnzdqjvng4g24pes85crljxuu65srrttup"],"amount":0.62729188}]}