{"txid":"d1321634f24ab09c55dc749f08e85a142f8098a364b243e5e83f9b4e6cc15ad6","block_height":null,"time":null,"vin":[{"txid":"d1321634f24ab09c55dc749f08e85a142f8098a364b243e5e83f9b4e6cc15ad6","vout":64,"amount":91.43837899,"coinbase":false},{"txid":"13357ebdb0cea6bffefe60a4a81be49c265a104e382acb80694ccc678ec3cf35","vout":343,"amount":55.4703957,"coinbase":false}],"vout":[{"n":0,"addresses":["prl1pm0nlxmuaferuaqe84fks43rrgj5sxqp6z4kv9qlwaz5uhaqc53js6jk4f8"],"amount":46.90822288},{"n":1,"addresses":["prl1zrh2g8hpmqc60rvn0xwjvdqxcg4f8zdheqsnjfjqmndjs9c52xlnsp962nj"],"amount":100}]}