{"txid":"4d6cf2f017b07c257b59fe144bfd0d9c5eee76c1b0f86cc0318f16efb48afb96","block_height":null,"time":null,"vin":[{"txid":"4d6cf2f017b07c257b59fe144bfd0d9c5eee76c1b0f86cc0318f16efb48afb96","vout":0,"amount":1405.99999,"coinbase":false},{"txid":"2053b5f991ce4b4e51516e56a3182d6b6314933a053a1336b708446362abf676","vout":1,"amount":0.29204619,"coinbase":false}],"vout":[{"n":0,"addresses":["prl1ped90v66xwjescykhvta374v3zarzwr4fk77amx8eq5njr5udu85qzhup6t"],"amount":0.29202458},{"n":1,"addresses":["prl1zr26zqjrcghxhzdecaj5k0hjut4sc67y8tkcjwldcgag6kc34w3uq2ddxkq"],"amount":1406}]}