{"txid":"33cc12f487b77d7a377289a5088e6b27aa635c7506647d7198c186b9c226d860","block_height":null,"time":null,"vin":[{"txid":"33cc12f487b77d7a377289a5088e6b27aa635c7506647d7198c186b9c226d860","vout":380,"amount":1280.79217549,"coinbase":false}],"vout":[{"n":0,"addresses":["prl1z4hgzus5p5z2vu6m5ak3529ndcx2c2wn5f5gveqrvncm9zlpkqtmql4dt0h"],"amount":895},{"n":1,"addresses":["prl1p7dah0wn9uwnx4ususf3fch3w28d2k58pe29su0h2cup4gv4zqk8s4g865m"],"amount":385.79217395}]}