{"txid":"afdc7fae4938821fb82d8a18e8b826f1a585340795d66e0281655c774ac48e6d","block_height":null,"time":null,"vin":[{"txid":"afdc7fae4938821fb82d8a18e8b826f1a585340795d66e0281655c774ac48e6d","vout":0,"amount":171.99999,"coinbase":false},{"txid":"5185a7fe7449e77405f70a17af4311432bac416958a95aa2525fe48ed5e72aa1","vout":1,"amount":0.09783607,"coinbase":false}],"vout":[{"n":0,"addresses":["prl1zc5zh5hgc9pyxm7u7luhjd0j5k85spe60yvz7rstkl60k2fu4a83qmpk4vg"],"amount":172},{"n":1,"addresses":["prl1p0t92jvyhwynh4weduqqjqmvmweuhkky5seyfm7xjlrte5yl8d0wqusy6vl"],"amount":0.09782395}]}