{"txid":"9379038dd88f6d2c6e1d7c53569468e961121ed577fe740b2219999f1dcc63ff","block_height":null,"time":null,"vin":[{"txid":"9379038dd88f6d2c6e1d7c53569468e961121ed577fe740b2219999f1dcc63ff","vout":0,"amount":1287.64153323,"coinbase":false}],"vout":[{"n":0,"addresses":["prl1z2qtu897r4acxrpgg7jlyc0hjgqvr5ew9srhavns9wlkmswuvmzmsay74c7"],"amount":150},{"n":1,"addresses":["prl1pxgx47sgn9wrzhl5gsugur9j4yxzpf7wpfv4m4ynqr35w9ng4avvqduz955"],"amount":1137.64153169}]}