{"txid":"0dac287e958502b3bb717ab94627f60fdc7d7a6252feb69b8ab39da4f5106d26","block_height":null,"time":null,"vin":[{"txid":"0dac287e958502b3bb717ab94627f60fdc7d7a6252feb69b8ab39da4f5106d26","vout":0,"amount":299.99999,"coinbase":false}],"vout":[{"n":0,"addresses":["prl1zgzjn7ppa0yrpelk326z4034dnm8uweedvddmuar9ejdkyzqjyheqh3sqwu"],"amount":200},{"n":1,"addresses":["prl1pefy97fscslmg7ls4nnydj4x2qk87e9g20ztf6d9h0sf0s007flhsghwpnu"],"amount":99.99998846}]}