{"txid":"997c2d2a0a8fb82cff957eaea7e7d0fd2201e5fc80d8b6a358aa67c0031ce127","block_height":null,"time":null,"vin":[{"txid":"997c2d2a0a8fb82cff957eaea7e7d0fd2201e5fc80d8b6a358aa67c0031ce127","vout":69,"amount":60.78455091,"coinbase":false},{"txid":"140b6613dab9d779304108ee3420b04305103250a627cd05ccdc20dfe51b3629","vout":0,"amount":22.84486314,"coinbase":false},{"txid":"ed8651b94d74d4b2d845ce71fe1d297c76d5f3a0bdfc8962b6764c45561dc25c","vout":0,"amount":19.07570499,"coinbase":false}],"vout":[{"n":0,"addresses":["prl1z90rflmecf59zzpwhmr3xwy5gpj9e3f8l5dhenr7dgjph5vws8plsv6fg4a"],"amount":100},{"n":1,"addresses":["prl1pfqucxkrz9mdg4mfhcflxzs7urzcz32ca06wqw9nwy6wquuzafdsqyya2f3"],"amount":2.70509204}]}