{"txid":"ca96a9ff8aa071ae3500ba2f69145d0b17e10deddb31b72aaaecc303ce1d44ec","block_height":null,"time":null,"vin":[{"txid":"ca96a9ff8aa071ae3500ba2f69145d0b17e10deddb31b72aaaecc303ce1d44ec","vout":0,"amount":2652.99999,"coinbase":false}],"vout":[{"n":0,"addresses":["prl1zawhutgf2gluqsm9l56p3smfmvgf245kqghm0m7whlwlkn39r28qqd3r3a0"],"amount":2400},{"n":1,"addresses":["prl1pqr7sayd9e4l46mxe439e7y5c6ds6w5fgagtu2vqh5yvvd6qyc2tqn7xatg"],"amount":252.99998169}]}