{"txid":"b5266f396cbd0154da0ffd20d2f2c46a71628ec9eddf992d9ca4325fd7bcf98a","block_height":null,"time":null,"vin":[{"txid":"b5266f396cbd0154da0ffd20d2f2c46a71628ec9eddf992d9ca4325fd7bcf98a","vout":0,"amount":9999.99999,"coinbase":false},{"txid":"4de97d6ffcdacb715516289eafdac279df4439eec885409743f0508ef40b0cdd","vout":0,"amount":4999.99999735,"coinbase":false}],"vout":[{"n":0,"addresses":["prl1z8tt27rgz98zznazj0z079wx5eys95vc3mw2369nzs60lgu3rrqasgfn6lm"],"amount":10000},{"n":1,"addresses":["prl1p209gdfdx4vl4y229jsqgx7rrncxpjpt2dgczqm7s8etpy0v60adqq05623"],"amount":4999.99998523}]}