{"txid":"6196055f0fcee0e8f48ecb1dd611457159864a07c5eff75b98424fa8d4839687","block_height":null,"time":null,"vin":[{"txid":"6196055f0fcee0e8f48ecb1dd611457159864a07c5eff75b98424fa8d4839687","vout":32,"amount":56.64379691,"coinbase":false},{"txid":"937e66d35c281fa3a55b72196b5577ab0620bcd13b2c382ab4b41be926e9e5ec","vout":37,"amount":56.42767327,"coinbase":false}],"vout":[{"n":0,"addresses":["prl1zec9xxuut7uscyxfxzpwc2c9509zfd6zk2c87jn8wdm2gsc0xvuyq3ztehh"],"amount":100},{"n":1,"addresses":["prl1p5afcdxywm5v2kmgkuuzqp4qt7hl7s0f3xzqktckxekka53rlu6ks49cyrh"],"amount":13.07146806}]}