{"txid":"72f093eccc49270e75e4da8ffb3738ab64aab2ecb607998073ff2859901e6d6f","block_height":null,"time":null,"vin":[{"txid":"72f093eccc49270e75e4da8ffb3738ab64aab2ecb607998073ff2859901e6d6f","vout":1,"amount":266.5,"coinbase":false},{"txid":"3ec51f7c2f3aa36ee05b340866852d1bf8164deac35d77be1a3a73b122e30bf1","vout":1,"amount":263.99999788,"coinbase":false}],"vout":[{"n":0,"addresses":["prl1zu0xs94ywdz9n8uq7zrttay7vpn3r467vzgkl8exu8ccg2h2t47zsmqarp8"],"amount":500},{"n":1,"addresses":["prl1p9jz0jd7njzlq77mqf964cs0ug07sz9r0wzc6pgak0g3f9rcwqrfssrn6f7"],"amount":30.49999576}]}