{"txid":"5a9a7abbc95952c9c1af345b363a96d0bb2d88cae22aa0686319b15c9f543db1","block_height":null,"time":null,"vin":[{"txid":"5a9a7abbc95952c9c1af345b363a96d0bb2d88cae22aa0686319b15c9f543db1","vout":1,"amount":454.99999018,"coinbase":false},{"txid":"251302fe52dc5c22230539e2a55f9eb5e0f9ffcc77ff5765ff58fd02a34f0e80","vout":1,"amount":444.9999719,"coinbase":false},{"txid":"c6847fd16b37c2b12f44e93a6325dd2d71f091635e899d56fa740ed5e1b38efa","vout":1,"amount":397.99998846,"coinbase":false}],"vout":[{"n":0,"addresses":["prl1zckcnf86yquwtl8rgsgd74mdg0w4vpxvz9ksk36659n0gsz33wucqaylx3m"],"amount":1000},{"n":1,"addresses":["prl1p209gdfdx4vl4y229jsqgx7rrncxpjpt2dgczqm7s8etpy0v60adqq05623"],"amount":297.99994784}]}