{"txid":"87a5dfa08d1a0abbb12c4fd356603e82c90ddb68db99592cc5964d75f8e7aff5","block_height":null,"time":null,"vin":[{"txid":"87a5dfa08d1a0abbb12c4fd356603e82c90ddb68db99592cc5964d75f8e7aff5","vout":683,"amount":325.8531845,"coinbase":false}],"vout":[{"n":0,"addresses":["prl1pajsw5e94py36s6wcpvagwx3wrh49c6nvj87tx3k42twanxmehfns5zvlgp"],"amount":216.85310622},{"n":1,"addresses":["prl1zcjx38kq0mazp7jgvczamnkr5vpy6plpfrc47mzz9m4zp7du7j37qwvp3zy"],"amount":109}]}