{"txid":"649664df34ce184d501624cfe3a0f59b23189b67f8505bbb02b8b90dde711227","block_height":null,"time":null,"vin":[{"txid":"649664df34ce184d501624cfe3a0f59b23189b67f8505bbb02b8b90dde711227","vout":190,"amount":747.75419508,"coinbase":false}],"vout":[{"n":0,"addresses":["prl1zr5pw4v2p74xppf5d799g0m0mqk2w4mr4rnsuqswf0etw9v9vlleshzl8sd"],"amount":747},{"n":1,"addresses":["prl1phmyae4hke97qtznu5nwu7952q4fgl0sxm6cv4jfkngejp8rmr2wsuk5ah7"],"amount":0.75419354}]}