{"txid":"21f7186a2e07745f613d265eed226de22c78027abcf9500d68e215466b70ee8d","block_height":null,"time":null,"vin":[{"txid":"21f7186a2e07745f613d265eed226de22c78027abcf9500d68e215466b70ee8d","vout":559,"amount":223.61026461,"coinbase":false}],"vout":[{"n":0,"addresses":["prl1pc5du6mzz8l7kvj69q3dpgnzr7e0czjjy0rzq8p3vdcp0ajecd5hq0aqnr2"],"amount":73.61025615},{"n":1,"addresses":["prl1za0nl3ylk9axg6cj339cn49vrgf0a67lexhq7kdyku9mfec7twjls6dtt5e"],"amount":150}]}