{"txid":"286f4dbc85fb823344e3c5ca97ae7e7eb0afc8e7ddb4ce1e58a00abd2c76b23f","block_height":null,"time":null,"vin":[{"txid":"286f4dbc85fb823344e3c5ca97ae7e7eb0afc8e7ddb4ce1e58a00abd2c76b23f","vout":373,"amount":236.87441782,"coinbase":false}],"vout":[{"n":0,"addresses":["prl1zy87f47sq6ddlplhn68dva6du0wa3k0yqjujx0cry6zpxahqeyy7qk74czp"],"amount":150},{"n":1,"addresses":["prl1pj33mmfjmtvhl2n5y3g4yedscdal7m3svhv7478j7nd0y8lfncq0q4zgygr"],"amount":86.87441628}]}