{"txid":"7867fd1d68df635ab77f4cbb02e924efa868983741076db186858068a21ab3cc","block_height":null,"time":null,"vin":[{"txid":"7867fd1d68df635ab77f4cbb02e924efa868983741076db186858068a21ab3cc","vout":374,"amount":118.36246549,"coinbase":false}],"vout":[{"n":0,"addresses":["prl1zf95psnxuelhrwsmpldlann3sys344hpptsrdp4qpnmcuxchhhpcsrxl2fk"],"amount":100},{"n":1,"addresses":["prl1pfzn2dsrzyvr34ue4xfu9pj0nz5zg82raw383shtqwgyczc4jpags7ep8at"],"amount":18.36246395}]}