{"txid":"86b96af2a786f2cd3482a9bf455ae6b72e35d181dd6af350d0dc87fdd8531eed","block_height":null,"time":null,"vin":[{"txid":"86b96af2a786f2cd3482a9bf455ae6b72e35d181dd6af350d0dc87fdd8531eed","vout":1,"amount":98.99998845,"coinbase":false},{"txid":"9adae408ee95b29210d77c32748ab6d5d2e1b3e70e8d91ac0cda34b488b76445","vout":1,"amount":69.1605867,"coinbase":false}],"vout":[{"n":0,"addresses":["prl1z3lg634hpcyjqfdyuf4vxcne3ruur0ne8zg09tmxdpy7s279h0yzsk4hw4v"],"amount":100},{"n":1,"addresses":["prl1p5xt97y40s5vc9gu4kqxd4fp7msf32a3anphqprzt0fnfc2ag2ahsugqc7c"],"amount":68.16057302}]}