{"txid":"381b4afd64ab256f284de6b26818b1f50761bdb577d2ee2dfdfc02c2b746db1e","block_height":null,"time":null,"vin":[{"txid":"381b4afd64ab256f284de6b26818b1f50761bdb577d2ee2dfdfc02c2b746db1e","vout":1,"amount":25496.02616883,"coinbase":false}],"vout":[{"n":0,"addresses":["prl1znujvxs6tu5vclrs3qgas2glkc33339hxwk2skkk58n8g0cfkpkvsk5nrck"],"amount":25000},{"n":1,"addresses":["prl1pl9l97pff4t9p6ty4ng98a5dqnn2ry53myq7kdjggyf0m7ulk35qq5gc9lk"],"amount":496.02616058}]}