{"txid":"1de1f7cca96d2887d270e8a900b2fdff9f709c36249c0fca7d823d95e77e8666","block_height":null,"time":null,"vin":[{"txid":"1de1f7cca96d2887d270e8a900b2fdff9f709c36249c0fca7d823d95e77e8666","vout":0,"amount":521.91883603,"coinbase":false},{"txid":"56bddc7d66dd7e8f02d803d729c876aaac33c60ee751b32981204aa01aff31d2","vout":0,"amount":105,"coinbase":false},{"txid":"a261a127942db878c1cf2e8c61219a003fda54b6f605f81b42e1dfb064cc6709","vout":1,"amount":1.01291402,"coinbase":false}],"vout":[{"n":0,"addresses":["prl1zngdy3m62c632d6fjpgk955f252zcxwhg4kje3as00hj0vhw5zl6qln6rpl"],"amount":627},{"n":1,"addresses":["prl1pa8ruu2s9hltrepx3vl5zrt6kcaxdkgjdktae9e3d2py7c263uc2s809rlx"],"amount":0.93174735}]}