{"txid":"c6c536bc303767e2aa597f0090e8330e07f02064c8f2b1464265e26be5bdb459","block_height":null,"time":null,"vin":[{"txid":"c6c536bc303767e2aa597f0090e8330e07f02064c8f2b1464265e26be5bdb459","vout":0,"amount":323.99999,"coinbase":false},{"txid":"6412ad130dd5513fc11af0da59ed6a5ce7fa9dd84715930b4278114e54d1d69d","vout":0,"amount":0.3516954,"coinbase":false}],"vout":[{"n":0,"addresses":["prl1zlt99d99ly4xu4h09cempxgm4flelsyddjckqkwxvm66wqhnl5s2sgl2095"],"amount":324},{"n":1,"addresses":["prl1pus0xq5s7k89y06533m3ztud67cjwfhwlmhuaq7jsuggnrz483z0q3790nh"],"amount":0.35167376}]}