{"txid":"9ee45ce08f0ad901c77c878a81c782a189a130fc97e94c78c1ec53d9b173ecf8","block_height":null,"time":null,"vin":[{"txid":"9ee45ce08f0ad901c77c878a81c782a189a130fc97e94c78c1ec53d9b173ecf8","vout":0,"amount":309.99999,"coinbase":false},{"txid":"813d6047222ea829542500765963943f72aa067f62a7e786d5d8ae4da9e45980","vout":0,"amount":9.91553375,"coinbase":false}],"vout":[{"n":0,"addresses":["prl1pslejs7vxp7qqa0rzvwvnwp28ww8dq7j50untqnmpmx8m9c55zx9svlnnrs"],"amount":9.91551215},{"n":1,"addresses":["prl1ztcdvjtj28ju3ddwrrqvf0upgqsqmh6fkhukrf075re0s8s9gygxs6fe94v"],"amount":310}]}