{"txid":"b878496f2a4c7f31b747d0663d41e14963c9e5962fef74477f4a89e128f1be7b","block_height":null,"time":null,"vin":[{"txid":"b878496f2a4c7f31b747d0663d41e14963c9e5962fef74477f4a89e128f1be7b","vout":0,"amount":1336.77191101,"coinbase":false}],"vout":[{"n":0,"addresses":["prl1z4v45hmtmdwjfj3rgq2yg5qa5p2763wduwvl5dghep7z2j8jaqggswsqq8m"],"amount":1000},{"n":1,"addresses":["prl1p3lthrt3n7yrrh7qdttq68aq5q76qn0alnmftqqw3hvxh450atm2q3w0pa6"],"amount":336.77190947}]}