{"txid":"d11023f568a611d7e20b319f688566d803a8b2ef05e84fdfce65508dcdd8d83c","block_height":null,"time":null,"vin":[{"txid":"d11023f568a611d7e20b319f688566d803a8b2ef05e84fdfce65508dcdd8d83c","vout":0,"amount":643.05626776,"coinbase":false}],"vout":[{"n":0,"addresses":["prl1pyhccnlty3h7q9v9r3sz29sl0hnw9nx2xqj4zfx4mdch4galem0fqu0hj4m"],"amount":538.05618948},{"n":1,"addresses":["prl1zr879zp7n25vf9j9zpxj47cazyzax9ckectgm8vj0l684nm3mrcms3me2y6"],"amount":105}]}