{"txid":"57ad7588ba2b4a826b393d4af5bd09ea91011cf09513e3e3924d87c4ee655563","block_height":null,"time":null,"vin":[{"txid":"57ad7588ba2b4a826b393d4af5bd09ea91011cf09513e3e3924d87c4ee655563","vout":489,"amount":72.85852764,"coinbase":false},{"txid":"609d03ca189d355a0de56ecb922c8b89308e29ca04908b585049e01dfc05744a","vout":492,"amount":48.9659177,"coinbase":false},{"txid":"0527546950f412a8e81c6311df2cfd8d68dff4a76eb59c6483e1fccc88c426e9","vout":429,"amount":48.05041162,"coinbase":false}],"vout":[{"n":0,"addresses":["prl1zq5v498sswgmx4905uaj6ssed40p452qja6sz82j6dn4c9senzevse7zuc7"],"amount":141},{"n":1,"addresses":["prl1pthq92ke003r5ka4wdwy8kttvuz4qxsreyvps30pvhq6pxh3xwlzq9nt24l"],"amount":28.87485426}]}