{"txid":"5263bc4aa63202ec148bb08b82e17bb2485037bb77912f8d2baf23d1896a4aa8","block_height":null,"time":null,"vin":[{"txid":"5263bc4aa63202ec148bb08b82e17bb2485037bb77912f8d2baf23d1896a4aa8","vout":220,"amount":619.67544612,"coinbase":false},{"txid":"34ae12f60c4cbf5322cc7090c8b9f46a06ebdc8f87ec2921ad68a9dfd367dd90","vout":0,"amount":572.179107,"coinbase":false},{"txid":"7375c99dac20d04963a7e1d997a4d5dafba3951591ea0b014b82f5b8d259adac","vout":223,"amount":507.65048726,"coinbase":false}],"vout":[{"n":0,"addresses":["prl1pwnfyra6n8m054uzvhyyqg5jageq533p7lepqvyyqkpeskape0mhs066rcc"],"amount":199.50503768},{"n":1,"addresses":["prl1zd3ymj0m9vgsevaxpadtyat5cf8sd9302mp66z2x8rrzrcdch6aqql4cgfv"],"amount":1500}]}