{"txid":"bf0670c99a47efffb5ca9542eb648bf102193a67468bcde1f3d8d612d169b41f","block_height":null,"time":null,"vin":[{"txid":"bf0670c99a47efffb5ca9542eb648bf102193a67468bcde1f3d8d612d169b41f","vout":1,"amount":590.70413645,"coinbase":false}],"vout":[{"n":0,"addresses":["prl1znrw6r37g6ftwm6l2tesgdgp9pecuj4qeygc0vusnks7x9dfh93mq4vu6mt"],"amount":250},{"n":1,"addresses":["prl1pe2nljqwxyv0xxx3gwjexqcnrewz7ty6xnwmuzjf6wa7ltnchz7lqu5csdx"],"amount":340.70412805}]}