{"txid":"75ad79bdbcab13c11436bcf521374514462c6473852d8b980b336d18eac27b08","block_height":null,"time":null,"vin":[{"txid":"75ad79bdbcab13c11436bcf521374514462c6473852d8b980b336d18eac27b08","vout":449,"amount":128.04949479,"coinbase":false},{"txid":"5e7b6271289c0d7bef92070cfab5b3754f756db3042a849ae48187e9afab814f","vout":96,"amount":115.94312962,"coinbase":false}],"vout":[{"n":0,"addresses":["prl1znug7czc3sqm47frkctedagdtszqe03t0nudgnczg07hstgs4ycyq67a3zw"],"amount":200},{"n":1,"addresses":["prl1pefy97fscslmg7ls4nnydj4x2qk87e9g20ztf6d9h0sf0s007flhsghwpnu"],"amount":43.99262229}]}