{"txid":"43c53c6caf26e512795b6551cc65fe0998f49302a005e1affd39b3c809c26623","block_height":null,"time":null,"vin":[{"txid":"43c53c6caf26e512795b6551cc65fe0998f49302a005e1affd39b3c809c26623","vout":418,"amount":929.55768886,"coinbase":false},{"txid":"212c4059e2d96f61530a6fdd170e2c696186f82ee0d9199dac55b78c86f20c2d","vout":331,"amount":88.66201111,"coinbase":false}],"vout":[{"n":0,"addresses":["prl1p5te4pm54xlg5s0cqhr4t2sd5lxmfv0a4snrwcw07algerlapf5zsjfezzw"],"amount":18.21968852},{"n":1,"addresses":["prl1z4fytsma0ej948lz8fl6uy98qc0pl8rmmflzq5vvrvqath75h9xwscajltd"],"amount":1000}]}