{"txid":"976edaa1e534dfc9b8920ff763faec99ff8a0f852401d834a350811682804d2f","block_height":null,"time":null,"vin":[{"txid":"976edaa1e534dfc9b8920ff763faec99ff8a0f852401d834a350811682804d2f","vout":1,"amount":137.87999846,"coinbase":false},{"txid":"aa3f4c953c903443f63183d47f8907e76e88a274d34df51427cb91c71788896c","vout":0,"amount":99.99999,"coinbase":false},{"txid":"04d4d085fab56637dad1773e2ebd412adf24195e0283341c05e7d2613307de0c","vout":0,"amount":98,"coinbase":false}],"vout":[{"n":0,"addresses":["prl1z65qypyc006w4nydc9hgx284xxw0a9z0xs7f6dcqez5vuw874hg2qpmdfay"],"amount":291},{"n":1,"addresses":["prl1pzmr904ef067506akv00h53aavc9m6mjerllkxarztqm49gdxetsq8dldx5"],"amount":44.87998576}]}