{"txid":"d36b675e105363a8b4ae3e531d88f366cfd5a424b2e98060e164b84ecbe93336","block_height":null,"time":null,"vin":[{"txid":"d36b675e105363a8b4ae3e531d88f366cfd5a424b2e98060e164b84ecbe93336","vout":898,"amount":116.0344839,"coinbase":false},{"txid":"d36b675e105363a8b4ae3e531d88f366cfd5a424b2e98060e164b84ecbe93336","vout":216,"amount":116.0344839,"coinbase":false}],"vout":[{"n":0,"addresses":["prl1zpuux23mh8phuzfnd223t6944lcj2amxpam0aqjqdlcmt9art7kwq22dmct"],"amount":231},{"n":1,"addresses":["prl1pvequzhdkv25rgjp8w2w2ecmncrzm702h5cqkvkgwazmqdq2l9x6q2dvzqf"],"amount":1.06896568}]}