{"txid":"3a7c1066144381bb327a618e40e0bec8cadae0177760cad4bd17cd5414161a64","block_height":null,"time":null,"vin":[{"txid":"3a7c1066144381bb327a618e40e0bec8cadae0177760cad4bd17cd5414161a64","vout":0,"amount":5877.35956599,"coinbase":false}],"vout":[{"n":0,"addresses":["prl1zmgnl2pdpwnwr8a4w8sak2leqzpf8emxhm5whmey3wx2pr99hfrpq32yt7f"],"amount":4000},{"n":1,"addresses":["prl1ps96adt4cjar3d4hs3m7sgqs7gjcxqgf2u7peflpwxhq5hp2h0y5qwlfhvd"],"amount":1877.35956445}]}