{"txid":"9ae56a4244b892f08f56310993e7a6078040837c14ed4059ad961c146baf2adf","block_height":null,"time":null,"vin":[{"txid":"9ae56a4244b892f08f56310993e7a6078040837c14ed4059ad961c146baf2adf","vout":0,"amount":10000,"coinbase":false},{"txid":"fe463973f64f1e74d3c83512b5edcf1fb2443b423808c281b8da34fd2fafc956","vout":1,"amount":68.82656854,"coinbase":false}],"vout":[{"n":0,"addresses":["prl1z2km695gcg9jprnmq0epwp3c7feyp9xqns4kkfj47v6yhfaa7eqnqclsqgu"],"amount":10000},{"n":1,"addresses":["prl1p9227tkvlhul8aqd4xpcgk8y3303hllehs8akft9zuyjqklfp3z6qj0m75f"],"amount":68.82656642}]}