{"txid":"0ce08f8dbfcb1949a5cd1f6dee9c9abd48e6a1de0a37177f1e83b0e5f2a25663","block_height":null,"time":null,"vin":[{"txid":"0ce08f8dbfcb1949a5cd1f6dee9c9abd48e6a1de0a37177f1e83b0e5f2a25663","vout":0,"amount":311.99999,"coinbase":false},{"txid":"d6666f574869ad67f469a81565ec2f326bfec066f85577042ae5905cca46ca9c","vout":1,"amount":0.78003166,"coinbase":false}],"vout":[{"n":0,"addresses":["prl1ztn0vnlhzftl65yl8dg8ta6t0hdad6d93ah77dj6qg0rmzckcmzpqw5rqt8"],"amount":312},{"n":1,"addresses":["prl1pa4k96a8d5dd0n723d6lnqx0zwxn7pj5rl9sq5qeml5f4vz82rktsx455xn"],"amount":0.77980866}]}