{"txid":"20fa63e49cf59629559897989c9717d784777191b47f37b77ac62eb5ca153f63","block_height":null,"time":null,"vin":[{"txid":"20fa63e49cf59629559897989c9717d784777191b47f37b77ac62eb5ca153f63","vout":1,"amount":1648.60439489,"coinbase":false}],"vout":[{"n":0,"addresses":["prl1znmw25xf4cypr74m77z20qhpg7m6ev7fx6uzjk5h7d0epg9up6xgsd4uhwl"],"amount":1648},{"n":1,"addresses":["prl1plk8u9jlfa6mpxqdwmr5mw9pwwewr3ams8fnsk37898xu3eez86rs69e0nr"],"amount":0.60438657}]}