{"txid":"3ea75eb40261893bb769a4f809f02687fd26f89b3d667075d5865dbfcc557027","block_height":null,"time":null,"vin":[{"txid":"3ea75eb40261893bb769a4f809f02687fd26f89b3d667075d5865dbfcc557027","vout":0,"amount":1749.99999,"coinbase":false},{"txid":"d29996fca229239562cd110107ddf25543ed5ea7dc4fb2bb533fbafb2c839fe9","vout":1,"amount":1.08790893,"coinbase":false}],"vout":[{"n":0,"addresses":["prl1pfr8ff2mtzx6t6vcc402hhf3q0dyh4mszxxgkj9erl0xekdsl42hqamtec0"],"amount":1.08788722},{"n":1,"addresses":["prl1z50xt8xn4k52jqm463mjhz38g5rt568szzewxt8w4e6kr05gxmcqq7yc7r3"],"amount":1750}]}