{"txid":"2d4242ab21319dac42b4c08c41da0355170df3a16fe33582965388db243075d2","block_height":null,"time":null,"vin":[{"txid":"2d4242ab21319dac42b4c08c41da0355170df3a16fe33582965388db243075d2","vout":62,"amount":845.14846498,"coinbase":false}],"vout":[{"n":0,"addresses":["prl1pgtd5ejrkgtk74da340u7ha8vx49jsu9l4vjv987rrhkm90z9psdsnt4r02"],"amount":345.14845646},{"n":1,"addresses":["prl1zfgqd0puyl5hxlx7zd09tyrw5fa7dhksxjhsfcs5cdc5pcxguh4vsujzljd"],"amount":500}]}