{"txid":"2d4242ab21319dac42b4c08c41da0355170df3a16fe33582965388db243075d2","block_height":null,"time":null,"vin":[{"txid":"2d4242ab21319dac42b4c08c41da0355170df3a16fe33582965388db243075d2","vout":493,"amount":4399.60477441,"coinbase":false}],"vout":[{"n":0,"addresses":["prl1zvt7henk08ukp0aruel0pnrarj45a4fjss88ftvzcc2rgj3t3utnse8zzla"],"amount":1200},{"n":1,"addresses":["prl1pxgx47sgn9wrzhl5gsugur9j4yxzpf7wpfv4m4ynqr35w9ng4avvqduz955"],"amount":3199.60477287}]}