{"txid":"fb45df027aead6db4fe20f8894beaf5b315343db3e871733deb38ea72f35f127","block_height":null,"time":null,"vin":[{"txid":"fb45df027aead6db4fe20f8894beaf5b315343db3e871733deb38ea72f35f127","vout":0,"amount":2149.204078,"coinbase":false}],"vout":[{"n":0,"addresses":["prl1peeq0s7zufusjn3mutcpw9lct5vwpncavqg0khy98tc2jq3qm52hslvhmyr"],"amount":2149.204068}]}