{"txid":"8080e3aebbaeed38a406dc3dd370b84fe29f6b4d048c737d84464a1d9a4f6298","block_height":null,"time":null,"vin":[{"txid":"8080e3aebbaeed38a406dc3dd370b84fe29f6b4d048c737d84464a1d9a4f6298","vout":0,"amount":1499.99999,"coinbase":false},{"txid":"a151a7f5aef7a0085ed63e0935c029ebc5372e91409fc0d3b9ed945db49bad11","vout":0,"amount":500.98,"coinbase":false}],"vout":[{"n":0,"addresses":["prl1pujxvmqc3gg09ndh9cryrx2dnpyn93ftjtw9p2gmhqqh2k6vqzmyq4japtf"],"amount":500.97998787},{"n":1,"addresses":["prl1ztw40z4yx5d7plw5gz70nrxltp0vqyt07np4cpywd0avedu5pcq2q8tye3y"],"amount":1500}]}