{"txid":"913b290cfe2d44ec8d549ae661e453d83c430d89a71d84aed7d1f5175ff83fbc","block_height":null,"time":null,"vin":[{"txid":"913b290cfe2d44ec8d549ae661e453d83c430d89a71d84aed7d1f5175ff83fbc","vout":1,"amount":6539.95415292,"coinbase":false}],"vout":[{"n":0,"addresses":["prl1pcxyp73ql2gt2lqxawlwrjxcxuv3t5s8hwt2dltk8a32ysfkqkzvsf8e354"],"amount":939.95413735},{"n":1,"addresses":["prl1zj3trgfep3re28gql3jqhv87h2l2x8fe2wchj3unnrpqah6tt0ulqa4x8g8"],"amount":5600}]}