{"txid":"21f7186a2e07745f613d265eed226de22c78027abcf9500d68e215466b70ee8d","block_height":null,"time":null,"vin":[{"txid":"21f7186a2e07745f613d265eed226de22c78027abcf9500d68e215466b70ee8d","vout":5,"amount":1014.02247408,"coinbase":false},{"txid":"c711843713cb309bf4dfd71366486556bd1ed14ace7833160d7093dadabafe04","vout":0,"amount":99.98,"coinbase":false}],"vout":[{"n":0,"addresses":["prl1zy7r0pjkqypkw87xr8h8wweqwa0l7w8xndlzcmz20f2ufuctmstmqs2dtcz"],"amount":1114},{"n":1,"addresses":["prl1pvn6ym7f8jv684sah0c9drzykd5q4eh7zk6d6sd8tswnp4xdhfkxs376hjx"],"amount":0.00246266}]}