{"txid":"609d03ca189d355a0de56ecb922c8b89308e29ca04908b585049e01dfc05744a","block_height":null,"time":null,"vin":[{"txid":"609d03ca189d355a0de56ecb922c8b89308e29ca04908b585049e01dfc05744a","vout":467,"amount":361.06414134,"coinbase":false},{"txid":"ad1f5ec0a0c7e4915f6bad1816e5d27f25f03758dc469a813a582bc7e41682a8","vout":302,"amount":31.14240132,"coinbase":false}],"vout":[{"n":0,"addresses":["prl1zw3t88c4k7zuzg4qfnr05zz4q66vwxczafnpt342mlsgfq04atpusdjtg36"],"amount":385},{"n":1,"addresses":["prl1pf5g0d45ef5kc6yl8ehpjrlgzje4ws64yl9ncuclnc8uah9g8ckhqdzeefa"],"amount":7.20654054}]}