{"txid":"ae04e59705b58d860ee91d2e1fcc19fc05acaa7c53deddaffa200a71e61f832c","block_height":null,"time":null,"vin":[{"txid":"ae04e59705b58d860ee91d2e1fcc19fc05acaa7c53deddaffa200a71e61f832c","vout":59,"amount":3983.02716326,"coinbase":false}],"vout":[{"n":0,"addresses":["prl1zanrnmtaqktpst6acgvlrqslm7vm7x08rpsqy33evl39awp8wplms7velda"],"amount":2000},{"n":1,"addresses":["prl1pu3k5vyt2u9zmt6ts207pvv8hw8pw7clzuyj4xwh3efcgdgycuh6qxucu3t"],"amount":1983.02715506}]}