{"txid":"9d85ffaadfb8c19366a14f0765e911fde53c6bd39075398851aa23402b108362","block_height":null,"time":null,"vin":[{"txid":"9d85ffaadfb8c19366a14f0765e911fde53c6bd39075398851aa23402b108362","vout":1,"amount":2999.99993745,"coinbase":false}],"vout":[{"n":0,"addresses":["prl1zsd2hg8kcscd9wyrt03m4ryhttsfz0zwej63h362w6dkqv7jfy9rslxu8f2"],"amount":2000},{"n":1,"addresses":["prl1pucgmzdjv3kzzjyemumqa9gk450xk8py9uvenum8tk2z72ws30l3q43vmj5"],"amount":999.99992194}]}