{"txid":"12855e6a8d5aad0f2861c26d810855b1e38a305764aa6ccc713dc285de7ac232","block_height":null,"time":null,"vin":[{"txid":"12855e6a8d5aad0f2861c26d810855b1e38a305764aa6ccc713dc285de7ac232","vout":0,"amount":1244.99999,"coinbase":false},{"txid":"e1b8065751ef30ef5907ad1630a14c4c67d37da100265582c2b7b5249b56cc8d","vout":1,"amount":0.40869455,"coinbase":false}],"vout":[{"n":0,"addresses":["prl1zve93wr6ze28twc3tnn6m0vq2gaaqgka70fkctwrjcdka56cpuk5sdvqmkd"],"amount":1245},{"n":1,"addresses":["prl1pq3wk74sfe2ca5sgws2f8agvnt8e9h9snc7pm79tstdkk6e8f3mjqe0guq8"],"amount":0.40867309}]}