{"txid":"e564ab0f300c6650a719001a6d370213947e42db51cab2e2cf11902b49af3315","block_height":null,"time":null,"vin":[{"txid":"e564ab0f300c6650a719001a6d370213947e42db51cab2e2cf11902b49af3315","vout":1,"amount":680.00660392,"coinbase":false},{"txid":"93cf287ddacb2d8b08a20dfc1c9cbe9ecb06893f66c58ac482dd67bcbbd9696f","vout":63,"amount":604.67479614,"coinbase":false}],"vout":[{"n":0,"addresses":["prl1p5jklshdrlmawlrl7mrucetggk4z0c2prmclzutveay0w7qgxcqnqj6qwv9"],"amount":284.68129287},{"n":1,"addresses":["prl1zsj6j9kyeqdzna3cm5s4wrkm9snuhecrxeklvq4pw5qas589jxdfsdq8rvq"],"amount":1000}]}