{"txid":"b8d6938f4a016b9b31a6c83adbf3a03c5e4c9d52b71a37784a42deb19ebdaed9","block_height":null,"time":null,"vin":[{"txid":"b8d6938f4a016b9b31a6c83adbf3a03c5e4c9d52b71a37784a42deb19ebdaed9","vout":0,"amount":1588.99681099,"coinbase":false}],"vout":[{"n":0,"addresses":["prl1p8arh3euxcs25nyu7z4vwu0ea075szssl75nmycpnn237zdemxnmq9ds0kq"],"amount":1088.99679549},{"n":1,"addresses":["prl1zl7lfumkuz5n9m8v2mcnked5dlnzhgeyt0a9purg2ru9kvx2jkn6qd2fq95"],"amount":500}]}