{"txid":"c9560a477c550ec9640107058f61893257a0caf92ededc535b0d97a53c2da707","block_height":null,"time":null,"vin":[{"txid":"c9560a477c550ec9640107058f61893257a0caf92ededc535b0d97a53c2da707","vout":0,"amount":299.99999,"coinbase":false}],"vout":[{"n":0,"addresses":["prl1z2kt4vg99220pugn3jra32netearkcp4y2tku8u2l7cd968lzfycshtk4dg"],"amount":105},{"n":1,"addresses":["prl1pr97kcc64v0497acf99h3e5l2fwr6evncy3fqtfwfazrmxhf29twszh74ef"],"amount":194.99998846}]}