{"txid":"353e1ef67c6b28c3f5226efbda204899f8e27f84ed87cfb4fcfc28047478bbd7","block_height":null,"time":null,"vin":[{"txid":"353e1ef67c6b28c3f5226efbda204899f8e27f84ed87cfb4fcfc28047478bbd7","vout":0,"amount":329.99999,"coinbase":false},{"txid":"bd04c6d52fa0ade2e2250808e9f5bdce987c2d87abd9611c2429722bdc7b3d07","vout":1,"amount":6.59294715,"coinbase":false}],"vout":[{"n":0,"addresses":["prl1pxx86dzw043pjj0yvytqmpz34lzw09x86jsza56xz6s3jqdu7mz3sy4fadh"],"amount":6.59292543},{"n":1,"addresses":["prl1z86lsl2r9ggug2q2ly37nkqj2r8cq5qjxlzlakwr79ucq8zp8g97sxf67qm"],"amount":330}]}