{"txid":"8c16ff8f5ac7898e1b95cc2e761eeb6913ca264678a3d2d506819bc0c0288215","block_height":null,"time":null,"vin":[{"txid":"8c16ff8f5ac7898e1b95cc2e761eeb6913ca264678a3d2d506819bc0c0288215","vout":0,"amount":1582,"coinbase":false},{"txid":"5e7b6271289c0d7bef92070cfab5b3754f756db3042a849ae48187e9afab814f","vout":53,"amount":71.64895409,"coinbase":false}],"vout":[{"n":0,"addresses":["prl1zzfhqcfl4776m57927z3xdwtu2gujd56uk6x9uzlce3tzxfjkptysehvnh4"],"amount":1600},{"n":1,"addresses":["prl1pwk3hyvmx024dagg66rvegrnj4amsh8dwaeyygcxqr6quw5rr9mcqkgjtt7"],"amount":53.64872856}]}