{"txid":"2d4242ab21319dac42b4c08c41da0355170df3a16fe33582965388db243075d2","block_height":null,"time":null,"vin":[{"txid":"2d4242ab21319dac42b4c08c41da0355170df3a16fe33582965388db243075d2","vout":74,"amount":498.40625583,"coinbase":false},{"txid":"5b9f1c07bf592326dd70ff2baed17f6ae5132d28b50882cde85b6927a3aaf9c1","vout":1,"amount":3.83109925,"coinbase":false}],"vout":[{"n":0,"addresses":["prl1zv8d5423rj0f32uccg3nslmwnhf2y3sya626n60jfrvx2weue8dvsv3vskp"],"amount":500},{"n":1,"addresses":["prl1pzjnfkgucm6nayfyswxfathwsqht2u3thxmvtce5282rkxrr2fv7s7k9n5n"],"amount":2.23734351}]}