{"txid":"793c5612c3cf279653a7f74507b111bee8c07b208bee844756cef64ab9880bf9","block_height":null,"time":null,"vin":[{"txid":"793c5612c3cf279653a7f74507b111bee8c07b208bee844756cef64ab9880bf9","vout":0,"amount":300,"coinbase":false},{"txid":"6463ddc08ae5f86118e2914e85694c02d8c69bdb2f61d4775ab1630cf622b3f6","vout":612,"amount":23.74165055,"coinbase":false}],"vout":[{"n":0,"addresses":["prl1pwqjpmpa770ju0eh5kykftzmyhdkqhzq525q8fr9gzutt27rn44vqcm2qux"],"amount":23.74109669},{"n":1,"addresses":["prl1z5r5fg4qm6s9a0ahhn0lj9s07ps68a5gcdlwsf9a5m8mj5qnhlhzsnlcn8t"],"amount":300}]}