{"txid":"361f23a653b88e3971770d548b7c45c11fd20d7c544ebb3870298bfc6893d880","block_height":null,"time":null,"vin":[{"txid":"361f23a653b88e3971770d548b7c45c11fd20d7c544ebb3870298bfc6893d880","vout":0,"amount":499.99999,"coinbase":false},{"txid":"5c68f18dbcbde7bd5fc5918549a139b3447b27588a770493f2864ff4f60b047f","vout":0,"amount":107.8,"coinbase":false}],"vout":[{"n":0,"addresses":["prl1z8vfukeey0tjctwhgawq7yvn3qeh80f7ts0wc2xjudfz6lmu6hg2sjsx54q"],"amount":600},{"n":1,"addresses":["prl1p9j9l7gzwwzzzafd29xjwpyad8tz3zjqezdyw5qwjhnhrqux9deush7hv6x"],"amount":7.79997841}]}