{"txid":"5639151e5bf777522ea0bd174af5af6ff4f46de7faa148acf4656157cdd3116c","block_height":null,"time":null,"vin":[{"txid":"5639151e5bf777522ea0bd174af5af6ff4f46de7faa148acf4656157cdd3116c","vout":13,"amount":1200.22173452,"coinbase":false}],"vout":[{"n":0,"addresses":["prl1z0d3gskatpgcfqw0y85ey7zh8nkx2nnpwcmnq8kjk3ennyq0ma3ss6xlhzl"],"amount":500},{"n":1,"addresses":["prl1pnrgnmlgrs9gmyhh2s6a9m5ght0jzgh3ch9mx0thetu40knwuurusvmvjx4"],"amount":700.22173298}]}