{"txid":"1b432de925c01c1d8480272858787341db1cb21347cdf45ae1cc8607534ede77","block_height":null,"time":null,"vin":[{"txid":"1b432de925c01c1d8480272858787341db1cb21347cdf45ae1cc8607534ede77","vout":0,"amount":2000,"coinbase":false},{"txid":"b4b83bf06693ec2214e01b673420ce7d6baf40bbe08060736573e678dd520770","vout":1,"amount":0.483772,"coinbase":false}],"vout":[{"n":0,"addresses":["prl1zu2f5mzc5sds4u5r3vne5jfy32kd7f2r7g34hrdvax88nuhlzcwcs3t7plp"],"amount":2000},{"n":1,"addresses":["prl1p0r8wp55aktf50s4hw2a2gftkn75lvpm34sfqj6vetkf0mava2w9smnkk5j"],"amount":0.48376988}]}