{"txid":"921fdbcbf9196c821e5145d151133a1142b21cb895290e68e4ccfac8cb0d5c42","block_height":null,"time":null,"vin":[{"txid":"921fdbcbf9196c821e5145d151133a1142b21cb895290e68e4ccfac8cb0d5c42","vout":1,"amount":3735.37466551,"coinbase":false}],"vout":[{"n":0,"addresses":["prl1zvxc7eyln08v85nkfslyuf7mkgpzlex00dan6xhzhqf40sj7hetnsxn3e3y"],"amount":1000},{"n":1,"addresses":["prl1pyrnjww2lar2p2746f84xt5mtuv5zvj6lx4d24ps60euudv04hf3s99nvzp"],"amount":2735.37466397}]}