{"txid":"35329ffb3f03f33862100dc108a6dce02017d46e7859c3205ae33fdc18aec3c8","block_height":null,"time":null,"vin":[{"txid":"35329ffb3f03f33862100dc108a6dce02017d46e7859c3205ae33fdc18aec3c8","vout":1,"amount":20794.99999692,"coinbase":false}],"vout":[{"n":0,"addresses":["prl1zfvhsrn929zz75h0w00caq2s566dkuhdm8rysz8fp00nyxmvckypseat8an"],"amount":3000},{"n":1,"addresses":["prl1p209gdfdx4vl4y229jsqgx7rrncxpjpt2dgczqm7s8etpy0v60adqq05623"],"amount":17794.99999538}]}