{"txid":"dd9540836d7e340d69cc21d438d7db3cfc6a91227c2516e017f05b45db74df51","block_height":null,"time":null,"vin":[{"txid":"dd9540836d7e340d69cc21d438d7db3cfc6a91227c2516e017f05b45db74df51","vout":431,"amount":115.07827689,"coinbase":false}],"vout":[{"n":0,"addresses":["prl1z2qua6yrwr3r66n2gy6f3ycxqenth6f9p7lvxfugx694e0ruqcpmsxvxmeq"],"amount":115},{"n":1,"addresses":["prl1pdsutg9uve5v2znvthgr2keyj9nh0zwevz77xdv9fnxyu4ymd9peq3v85wz"],"amount":0.07827535}]}