{"txid":"249b99e78f8bece99e39151c829341a7f48e24a5629140d55e416f80f8bcc3ba","block_height":null,"time":null,"vin":[{"txid":"249b99e78f8bece99e39151c829341a7f48e24a5629140d55e416f80f8bcc3ba","vout":1,"amount":999.99999364,"coinbase":false},{"txid":"026169c750a36f02ba601b5a9ebcce24aea63b3e972a431c4b3790fbc1cafe9f","vout":0,"amount":999.99999,"coinbase":false}],"vout":[{"n":0,"addresses":["prl1z96v3vxpc5craqaam6g6hzqz6e4hacp6vnqm79qrwhvancpgslhts2rlah3"],"amount":1000},{"n":1,"addresses":["prl1p32rutzn780q0uezytd4ymc8mh0hlde8046k3ed74z80rpt0wzh5qwmufpq"],"amount":999.99998152}]}