{"txid":"21f7186a2e07745f613d265eed226de22c78027abcf9500d68e215466b70ee8d","block_height":null,"time":null,"vin":[{"txid":"21f7186a2e07745f613d265eed226de22c78027abcf9500d68e215466b70ee8d","vout":356,"amount":831.3596175,"coinbase":false},{"txid":"7efcdde7595c8bbbad766a1ab1bcded86b54239f926644ced09be971eb82ff2c","vout":1,"amount":20.78179794,"coinbase":false}],"vout":[{"n":0,"addresses":["prl1z9hkdxy0xzdm0cqfcupnxc2arc26swesnr9qujcr53cxp03u3rx2sdf9sr3"],"amount":850},{"n":1,"addresses":["prl1pjjeh52a7djl09nyhfjqcdz6p74fv6muj7n2krt6y8xs5xc4q7zhs49gej5"],"amount":2.14141332}]}