{"txid":"aae9438e94bd433843b552157a48792980e1db68cc24ce5d226078596b435f0b","block_height":null,"time":null,"vin":[{"txid":"aae9438e94bd433843b552157a48792980e1db68cc24ce5d226078596b435f0b","vout":0,"amount":9999.99999,"coinbase":false},{"txid":"e7b830a59d85a3fa083f260fc7eff9b7b2e8e6ab57067f8b65b58f992ce900f8","vout":19,"amount":1068.90643747,"coinbase":false}],"vout":[{"n":0,"addresses":["prl1pqhwp2nkec7p8zxe4n63qg9rnt7jlzk9uqq5elmy90gz57p5t9dsqac4a5s"],"amount":1068.90587566},{"n":1,"addresses":["prl1zuell6p8emqztcjlpds04x0xejhsw4kxmmamuwfv59lrp8eyzxccsp5pa6j"],"amount":10000}]}