{"txid":"8f09d32efad8d8fa7e05bf5fda4a31866d1961cb2350c1c84a4ac97abd01a666","block_height":null,"time":null,"vin":[{"txid":"8f09d32efad8d8fa7e05bf5fda4a31866d1961cb2350c1c84a4ac97abd01a666","vout":0,"amount":800,"coinbase":false},{"txid":"8fe1f935de2c25ec3e196fd444491d9fe08af59bef0ea78b3bfa8d23dae88a24","vout":1,"amount":65.69589861,"coinbase":false}],"vout":[{"n":0,"addresses":["prl1z6fneqm5lpvfs5aglq4wdlygxs43lsery0f22p4rhpvc0ulmgnn0s4tqkad"],"amount":800},{"n":1,"addresses":["prl1phzhqqld00xk6eyr0r6z64rm4r38uyx8ck7ja4eqeummtyu48qzgqm8fftj"],"amount":65.69589649}]}