{"txid":"e412e54a6fd981d91576bfb1b3a6560eeabce00bb775b8274313e4f271d6dfcb","block_height":null,"time":null,"vin":[{"txid":"e412e54a6fd981d91576bfb1b3a6560eeabce00bb775b8274313e4f271d6dfcb","vout":0,"amount":243.70313734,"coinbase":false}],"vout":[{"n":0,"addresses":["prl1z2pzm2t8t5lqz4eqn4hf5t3yc2yy3jq9njc53uqz7m5nz4vuvyyasyf63jl"],"amount":100},{"n":1,"addresses":["prl1phe2kjz7psen6qfyj2prgn6hrcqgz67msrn5gqp3wd07hawh67yrsmxhy4x"],"amount":143.7030867}]}