{"txid":"8746795300346ed958570efce30f1554b6ed1fbb950d124c0e74fe12117792a2","block_height":null,"time":null,"vin":[{"txid":"8746795300346ed958570efce30f1554b6ed1fbb950d124c0e74fe12117792a2","vout":0,"amount":66699.99999,"coinbase":false},{"txid":"d288a96e72f3c2b79dc8d1b63650c35069f159c6666779f795057392f975848c","vout":1,"amount":2880,"coinbase":false}],"vout":[{"n":0,"addresses":["prl1zam3p8p9rr4frhgk46rkmmhcc4zhrxxz0c9fy87jp4r2ufd8jal2slder86"],"amount":69200},{"n":1,"addresses":["prl1p94mante8tgtvajgghxh93l0z0vykzz7xfly6zdfpd9lsarm3dlystq3ar4"],"amount":379.99998788}]}