{"txid":"6f83ce48a0d4c890d0d78f0b0f57e97af2dd7f8bedf17b1f4654155580a91124","block_height":null,"time":null,"vin":[{"txid":"6f83ce48a0d4c890d0d78f0b0f57e97af2dd7f8bedf17b1f4654155580a91124","vout":0,"amount":237.68690403,"coinbase":false}],"vout":[{"n":0,"addresses":["prl1pdqlele9n36hwupw9nczf0k86v73p0pup972wq98wueh4yaclze2saqlk35"],"amount":0.68689542},{"n":1,"addresses":["prl1zmpdgasdagvt089eqcg342sjsll88gs7v9qmyvqlr6kqcd7fy263qv37pxv"],"amount":237}]}