{"txid":"bd53a5b24e78edb2bac7dffd92ede2f36f6c3f6bd05ca6c6fc4381a697787758","block_height":null,"time":null,"vin":[{"txid":"bd53a5b24e78edb2bac7dffd92ede2f36f6c3f6bd05ca6c6fc4381a697787758","vout":192,"amount":182.98036027,"coinbase":false}],"vout":[{"n":0,"addresses":["prl1zshegkxqp0h36mecsxv0ywv8da7sy5dx5prn6p0rgxghsrrw854dqp56etf"],"amount":100},{"n":1,"addresses":["prl1pmxgrjgdzrfu34gswdmlz7ezfc7vm06qa8msm0xpzme2hj4gsrz5qhy9lde"],"amount":82.98035873}]}