{"txid":"0b7cbeacc6e895101c1b884f34823b12c67250c4a31b7518bb2eb04640e435fa","block_height":null,"time":null,"vin":[{"txid":"0b7cbeacc6e895101c1b884f34823b12c67250c4a31b7518bb2eb04640e435fa","vout":1,"amount":7258.05288279,"coinbase":false}],"vout":[{"n":0,"addresses":["prl1zvzwmqzpqk2c6ds866r54xgr33k6x5q85wytcqylpxu5ef5vaavts8ngrj8"],"amount":5000},{"n":1,"addresses":["prl1p47rm07xafyztc7dz0pcs0pur3psdfqgfsawrpk646d4gasy0w2mst6rxak"],"amount":2258.05288125}]}