{"txid":"57ad7588ba2b4a826b393d4af5bd09ea91011cf09513e3e3924d87c4ee655563","block_height":null,"time":null,"vin":[{"txid":"57ad7588ba2b4a826b393d4af5bd09ea91011cf09513e3e3924d87c4ee655563","vout":465,"amount":1188.1131878,"coinbase":false},{"txid":"0527546950f412a8e81c6311df2cfd8d68dff4a76eb59c6483e1fccc88c426e9","vout":54,"amount":89.97189662,"coinbase":false},{"txid":"11bccb9c26441c47a6f384e29260be37bcad4dfc6ccdac5027c982139eec78b5","vout":1,"amount":3.04560011,"coinbase":false}],"vout":[{"n":0,"addresses":["prl1zgzjnzmrlygh086zkgnxrjrwe2wqnuam3adfagd3g5dz83qgmw6ssazjysc"],"amount":1280},{"n":1,"addresses":["prl1pyazxjgc9vf3heu5hxwghz2pputddn5qg0465gmwqg4hnjf6wa8dqystn2f"],"amount":1.13068183}]}