{"txid":"e5c45fa9e2cc44e25a74ce57898dc358ae62f0c6c1ff3a874a1653faba6521e2","block_height":null,"time":null,"vin":[{"txid":"e5c45fa9e2cc44e25a74ce57898dc358ae62f0c6c1ff3a874a1653faba6521e2","vout":0,"amount":189.99999,"coinbase":false}],"vout":[{"n":0,"addresses":["prl1zcvsf4uewa7wcn69gf53z7x87ay74ncl0qwmmmxs6448jhywr3des7nt7y5"],"amount":180},{"n":1,"addresses":["prl1p8c5nkag3dc2rltlzywjrz0mafacd2qnl0ly4rm0d6s95jdl2wjfsr5gh0k"],"amount":9.99998846}]}