{"txid":"cfea4114d76dfd127f584502b272d93276639133f237de5cfffba0ee57ed582f","block_height":null,"time":null,"vin":[{"txid":"cfea4114d76dfd127f584502b272d93276639133f237de5cfffba0ee57ed582f","vout":1,"amount":2600,"coinbase":false},{"txid":"f9f33aeea2ba165d0fb39779aa66c0b2ee08b563dd206ab87b3038c3335e3cce","vout":0,"amount":150,"coinbase":false},{"txid":"4b3f9de8909735d4d7506f013e70161d2dd7e5589fdc63585463e88c6dce5274","vout":1,"amount":1.6683419,"coinbase":false}],"vout":[{"n":0,"addresses":["prl1zxk99nc0dakuxc6swprufjxy47r0y6yycyvulr4vp9ly9rgu9vawscq6947"],"amount":2750},{"n":1,"addresses":["prl1pg6nk0e7396nhe0yn2q5rqgtjncmlruna4yhu3y95pp4pkjzcnslqlzjpdr"],"amount":1.66832697}]}