{"txid":"57ad7588ba2b4a826b393d4af5bd09ea91011cf09513e3e3924d87c4ee655563","block_height":null,"time":null,"vin":[{"txid":"57ad7588ba2b4a826b393d4af5bd09ea91011cf09513e3e3924d87c4ee655563","vout":417,"amount":1880.93408427,"coinbase":false}],"vout":[{"n":0,"addresses":["prl1z6ugzwmpfa5qd2p7l9z8xseth0qdfr9hqkdx66zacmaazyrjjyh9s0xvgxt"],"amount":500},{"n":1,"addresses":["prl1pwm6j9swl4868cx08fm83efllgmqzn2lwm37vnu4h47l9wezzdtdqv8ql67"],"amount":1380.93408273}]}