{"txid":"1609b94f56b3b737246646c18b1d7d54d214b8bc16f32344d1f068d1e1458055","block_height":null,"time":null,"vin":[{"txid":"1609b94f56b3b737246646c18b1d7d54d214b8bc16f32344d1f068d1e1458055","vout":418,"amount":285.89746776,"coinbase":false},{"txid":"f97e4c7bee580d66963685d77e0fcaecdc36a731d817d11a217a826d86f0cce5","vout":1,"amount":2.77771662,"coinbase":false},{"txid":"9d6fd53eeb66271e7577fdf28bd654baae805461d17e986ad47e36b7c9293d76","vout":1,"amount":2.71282203,"coinbase":false}],"vout":[{"n":0,"addresses":["prl1zydmldnlyjcazr9uanvwwfgum47flakt4f9cdpmqv5mhwxm32uh5sr3cze8"],"amount":290},{"n":1,"addresses":["prl1pxgxfykzfdz50af3vtcd7s46xf87k0kyf57v7hasg6z66g0cm7nxsh67sfl"],"amount":1.38800371}]}