{"txid":"d6c82855e20d18933e9d712e194eefb1816336d48133fb7c338114434cde6d34","block_height":null,"time":null,"vin":[{"txid":"d6c82855e20d18933e9d712e194eefb1816336d48133fb7c338114434cde6d34","vout":1,"amount":299.99999846,"coinbase":false}],"vout":[{"n":0,"addresses":["prl1zvtc6f9rsmvmrmxnhhty2l7rcf3vf2cajjjaygw9zdl054vex756s0yvqrz"],"amount":100},{"n":1,"addresses":["prl1pzmr904ef067506akv00h53aavc9m6mjerllkxarztqm49gdxetsq8dldx5"],"amount":199.99999692}]}