{"txid":"aad2498ce2cdaf495cd170f88ccd1f24266dc4a90a504ff0a17e1220916d2cfd","block_height":null,"time":null,"vin":[{"txid":"aad2498ce2cdaf495cd170f88ccd1f24266dc4a90a504ff0a17e1220916d2cfd","vout":0,"amount":292.55521976,"coinbase":false}],"vout":[{"n":0,"addresses":["prl1ph53mshex5he3r26tnfwy0samzdqmww92fcyfpylvy3xm0kjz8zyskqde66"],"amount":152.55481821},{"n":1,"addresses":["prl1zjq923xh2glwyhtjfat6sxuv02t75ewaax04h9qvs8gauxepcmmnsl5jnvg"],"amount":140}]}