{"txid":"d36b675e105363a8b4ae3e531d88f366cfd5a424b2e98060e164b84ecbe93336","block_height":null,"time":null,"vin":[{"txid":"d36b675e105363a8b4ae3e531d88f366cfd5a424b2e98060e164b84ecbe93336","vout":346,"amount":116.0344839,"coinbase":false}],"vout":[{"n":0,"addresses":["prl1z69dwjrlfj4vfgqx9jnqn0rzf6wv5pw65z2vpg9mnwzrry7y465rq6gpgrj"],"amount":116},{"n":1,"addresses":["prl1pxgx47sgn9wrzhl5gsugur9j4yxzpf7wpfv4m4ynqr35w9ng4avvqduz955"],"amount":0.03448236}]}