{"txid":"cbfc1e88ce55a8502d07ec3fb54060ef724708ae418bde0c5a4a14ff6e7d59c1","block_height":null,"time":null,"vin":[{"txid":"cbfc1e88ce55a8502d07ec3fb54060ef724708ae418bde0c5a4a14ff6e7d59c1","vout":0,"amount":999.99999,"coinbase":false},{"txid":"d872a541259e1b3a7d3e1e71eae21df6eedd345f28305c3d6833ebf3c935ed44","vout":1,"amount":97.99999846,"coinbase":false}],"vout":[{"n":0,"addresses":["prl1ztw3lnrkvyly5sya6ka2v2f889ndx5qkcs8p5skjzvl8yf0c6p3ksl7rn55"],"amount":1000},{"n":1,"addresses":["prl1pc2spdpu5fdcsf3fyyg9279569z7hfga2drqad20gwn8579f3m27q6zhczh"],"amount":97.99998634}]}