{"txid":"212c4059e2d96f61530a6fdd170e2c696186f82ee0d9199dac55b78c86f20c2d","block_height":null,"time":null,"vin":[{"txid":"212c4059e2d96f61530a6fdd170e2c696186f82ee0d9199dac55b78c86f20c2d","vout":209,"amount":986.83647347,"coinbase":false},{"txid":"fc9c8b4c5f2d156d6ff31176ea5e1016756dd42652281c71c331e7923b099367","vout":0,"amount":0.45431526,"coinbase":false}],"vout":[{"n":0,"addresses":["prl1p8v73jxag7wu6kprg6dkcvcchqxfst2g9yggkr3mf7jcptnjncaxqu2s344"],"amount":0.28978873},{"n":1,"addresses":["prl1z4rfmvp0d5e3k43fjvhzn7pwaurjm63thrrn4qtz0kp5xv7z0sfwqg0s8cd"],"amount":987}]}