{"txid":"2ac8d32748f18d2ccaaecee7899a723a7e9633cbaa8b1eb3bfd982309a12d832","block_height":null,"time":null,"vin":[{"txid":"2ac8d32748f18d2ccaaecee7899a723a7e9633cbaa8b1eb3bfd982309a12d832","vout":0,"amount":2299.99999,"coinbase":false},{"txid":"89cb49848887dce0463dc000ea2beb028d99c1a34cbaa9f2bbc9453b32c2a1af","vout":1,"amount":366.1398201,"coinbase":false}],"vout":[{"n":0,"addresses":["prl1z6lx222gqh7r7vkmfzmfnl8dhu5889lvxuvzh4gf7ttu5cz5ws02sq9k6cq"],"amount":2300},{"n":1,"addresses":["prl1pe3ys7gkqxw7pwjax60qm8umd7ha3cvjdslp8aspnrlt2s52uuvasc6py39"],"amount":366.13980798}]}