{"txid":"66e961fd16a9442774ae459775a81487b61859a4d6174f096c1e592054c12fd7","block_height":null,"time":null,"vin":[{"txid":"66e961fd16a9442774ae459775a81487b61859a4d6174f096c1e592054c12fd7","vout":0,"amount":0.0139856,"coinbase":false}],"vout":[{"n":0,"addresses":["prl1pqrw4pw0y03gya5f5jd9lrajjcywm03k6q9d2jefgl8gh258acvnq7am2q8"],"amount":0.0139756}]}