{"txid":"5ba4ffcddd30fad20560fbe9f3d64a68530459bace0038204f338b334abdad7a","block_height":null,"time":null,"vin":[{"txid":"5ba4ffcddd30fad20560fbe9f3d64a68530459bace0038204f338b334abdad7a","vout":1,"amount":7099.99998922,"coinbase":false}],"vout":[{"n":0,"addresses":["prl1zp0eacr2ghzcc4cwcta3allh4v7klk7je7ky9w20dw3stezmy339q4qsvdg"],"amount":100},{"n":1,"addresses":["prl1p209gdfdx4vl4y229jsqgx7rrncxpjpt2dgczqm7s8etpy0v60adqq05623"],"amount":6999.99998768}]}