{"txid":"cc22ba9a4e2ef39ac2a2ee94d082a3ceae3d00be8aed2d3899cd33f4ee7ccc92","block_height":null,"time":null,"vin":[{"txid":"cc22ba9a4e2ef39ac2a2ee94d082a3ceae3d00be8aed2d3899cd33f4ee7ccc92","vout":1,"amount":6614.91999846,"coinbase":false}],"vout":[{"n":0,"addresses":["prl1zw25nzajsat7kv2kdlt9rmt0687c5f2ryfd89qfnvm9xzau05p7gqvttqg7"],"amount":250},{"n":1,"addresses":["prl1p3xpktqxy7y09n5edjgldyc24z96j8kz5x0e55qfgeu5sgruj9y8qwuxf9j"],"amount":6364.91999692}]}