{"txid":"7cbd9e58cac57d0390faf84076a0bd14f8f6e0ce20f49758ea4c290a02fe7237","block_height":null,"time":null,"vin":[{"txid":"7cbd9e58cac57d0390faf84076a0bd14f8f6e0ce20f49758ea4c290a02fe7237","vout":1,"amount":540.59915721,"coinbase":false}],"vout":[{"n":0,"addresses":["prl1pnlpc8vnw79reky0vyl3r9850p43daa0d3qydju03hcdtee8vs6vqtszfu4"],"amount":190.59914888},{"n":1,"addresses":["prl1zwcqtudgyvgnpzszewv8q9nke0rlqjr7hcemkvv8akkhyrwegc89qwxwm8h"],"amount":350}]}