{"txid":"da19b738635086c9c790553456eb14d0d9d9969c7c1531fa8338c749314c5a56","block_height":null,"time":null,"vin":[{"txid":"da19b738635086c9c790553456eb14d0d9d9969c7c1531fa8338c749314c5a56","vout":0,"amount":299.999959,"coinbase":false}],"vout":[{"n":0,"addresses":["prl1zd0rp2sydwntutfpsxzqlklr8swxrmlf7lzuthrpr779mevrdnemqclt4we"],"amount":100},{"n":1,"addresses":["prl1pnskxlwmtmm7le7jywfy49u3rrnf3trjevhat8akjchp4ycd9dnps765n86"],"amount":199.9999435}]}