{"txid":"7867fd1d68df635ab77f4cbb02e924efa868983741076db186858068a21ab3cc","block_height":null,"time":null,"vin":[{"txid":"7867fd1d68df635ab77f4cbb02e924efa868983741076db186858068a21ab3cc","vout":1092,"amount":251.36286596,"coinbase":false}],"vout":[{"n":0,"addresses":["prl1zsp7wx96yn62ly5qjhduu7pyl6hd9c4g6svnz3l20jy55njcawvzsrycfw9"],"amount":251},{"n":1,"addresses":["prl1pcfca2e7y3a02536973r6wmtlwzvr7fs4d3paz9cse30r5n6ldlzs4eq8z0"],"amount":0.36286442}]}