{"txid":"43c53c6caf26e512795b6551cc65fe0998f49302a005e1affd39b3c809c26623","block_height":null,"time":null,"vin":[{"txid":"43c53c6caf26e512795b6551cc65fe0998f49302a005e1affd39b3c809c26623","vout":550,"amount":995.22361123,"coinbase":false}],"vout":[{"n":0,"addresses":["prl1zkt8dpq6kgdc8lwxw8y2qhx9qm4537gfc4n6s0q3heldlxtle5f3qqyu49m"],"amount":310},{"n":1,"addresses":["prl1pwm6j9swl4868cx08fm83efllgmqzn2lwm37vnu4h47l9wezzdtdqv8ql67"],"amount":685.22360969}]}