{"txid":"95a8bc92f8b56938f5ceeb7d59be0a7dcaf3a2f156e8037f161b85278803a5e1","block_height":null,"time":null,"vin":[{"txid":"95a8bc92f8b56938f5ceeb7d59be0a7dcaf3a2f156e8037f161b85278803a5e1","vout":0,"amount":4115.99999994,"coinbase":false}],"vout":[{"n":0,"addresses":["prl1z3a2l3zr2ty3x9rpa7m7fy34c9gfh4hkj5z3zgax6pe3gdn0kwpvs75hfce"],"amount":4000},{"n":1,"addresses":["prl1ppk8h5en58t24f5d64xlc9dr7nejnttch9qzu3a84t33fckya56vskyyvx0"],"amount":115.99999153}]}