{"txid":"967bd767c4ae79402c875418b4cfd5d244245aca17b269e55d8099ec634ccb49","block_height":null,"time":null,"vin":[{"txid":"967bd767c4ae79402c875418b4cfd5d244245aca17b269e55d8099ec634ccb49","vout":0,"amount":899.99999,"coinbase":false},{"txid":"6c9825f7eb20c152667fc5255989977b516190372eaec36b19a2ef0dac408c29","vout":150,"amount":118.82512967,"coinbase":false}],"vout":[{"n":0,"addresses":["prl1p49yphq3xzzy32l28qumz0wf2sp4p5wxw3d9qwwk6msxg69yj24ysest0xu"],"amount":18.82499116},{"n":1,"addresses":["prl1zjzt3cv8xupazyclk0aj347aly00t4lh2cl6yk5gnkvwfg3s4gfcqde9tul"],"amount":1000}]}