{"txid":"c9ebd783afaa30a5e138cbadada58f2d161db67768dc833e243501c0efa638b8","block_height":null,"time":null,"vin":[{"txid":"c9ebd783afaa30a5e138cbadada58f2d161db67768dc833e243501c0efa638b8","vout":0,"amount":15100.4721331,"coinbase":false},{"txid":"fb3ad164519a3849f99395020f69c0d49f9560d81af777ce23b631efb8d18fc9","vout":1,"amount":5163.99,"coinbase":false}],"vout":[{"n":0,"addresses":["prl1zp6n33gpfyg6rxz9j3f4879qfzd5wlm5m0exx6q26m63a6mx2lhuqy5w8t0"],"amount":20000},{"n":1,"addresses":["prl1p9227tkvlhul8aqd4xpcgk8y3303hllehs8akft9zuyjqklfp3z6qj0m75f"],"amount":264.46213098}]}