{"txid":"67706a6638ee77e6ccd9d16e2782d5e87490695e7ffe681a11e83f003447e572","block_height":null,"time":null,"vin":[{"txid":"67706a6638ee77e6ccd9d16e2782d5e87490695e7ffe681a11e83f003447e572","vout":0,"amount":412,"coinbase":false},{"txid":"89faa9c41f77a43f87e024fea98d96cbbe8ab90af96928134e6666c52c2cf8f3","vout":1,"amount":0.77043613,"coinbase":false}],"vout":[{"n":0,"addresses":["prl1zcahy6854tqssd2qqpf75wytac35ly45gwu57kdgxygxem974stuqhuarez"],"amount":412},{"n":1,"addresses":["prl1p7dah0wn9uwnx4ususf3fch3w28d2k58pe29su0h2cup4gv4zqk8s4g865m"],"amount":0.77043401}]}