{"txid":"33cc12f487b77d7a377289a5088e6b27aa635c7506647d7198c186b9c226d860","block_height":null,"time":null,"vin":[{"txid":"33cc12f487b77d7a377289a5088e6b27aa635c7506647d7198c186b9c226d860","vout":205,"amount":77.58774819,"coinbase":false},{"txid":"2d4242ab21319dac42b4c08c41da0355170df3a16fe33582965388db243075d2","vout":390,"amount":25.61501331,"coinbase":false}],"vout":[{"n":0,"addresses":["prl1zenvv04ndl944cznfzwc747lr93383qjkne8kyu4uvv8ul8w46ukqy9tt0m"],"amount":100},{"n":1,"addresses":["prl1pcv55a79aq3cwg499x8g342ecx8s8r2l49au87gu4ju2gyz58gttsqmwppc"],"amount":3.20274992}]}