{"txid":"871b48249197d7330b61276c45e5824cbebf6c3cbcbda6e2394f73ee135dc635","block_height":null,"time":null,"vin":[{"txid":"871b48249197d7330b61276c45e5824cbebf6c3cbcbda6e2394f73ee135dc635","vout":0,"amount":214.99999,"coinbase":false},{"txid":"f682ea3139e8a6070a0133506f555e7d906caa5a25b94bbc4c81f6b32e01af6b","vout":1,"amount":0.64272851,"coinbase":false}],"vout":[{"n":0,"addresses":["prl1z7sm5wvdm6086qaamymzam0kkem0203h5pratx9llgj9n227xwflqgvgxf6"],"amount":215},{"n":1,"addresses":["prl1pel3vwq54y950q0sl6xezqys4ppsu25l24fs3kukyzge8nhgmxw6szrmcva"],"amount":0.64271639}]}