{"txid":"286f4dbc85fb823344e3c5ca97ae7e7eb0afc8e7ddb4ce1e58a00abd2c76b23f","block_height":null,"time":null,"vin":[{"txid":"286f4dbc85fb823344e3c5ca97ae7e7eb0afc8e7ddb4ce1e58a00abd2c76b23f","vout":3,"amount":134.97545618,"coinbase":false}],"vout":[{"n":0,"addresses":["prl1pt6qumxvghn988xus6kwtq6vm9hdf6gle4jh7nnlu8kal6tcpqw7scf2dqz"],"amount":34.97544783},{"n":1,"addresses":["prl1zzqehv9ml72c5vx0xtmkauyhy7jpyfxgf95kqwy88jwjxjqw6alksz3rs4d"],"amount":100}]}