{"txid":"6dabc86d03334716976d8a40c1a051d2faacc9eac7ffbf470a925eb692289eb8","block_height":null,"time":null,"vin":[{"txid":"6dabc86d03334716976d8a40c1a051d2faacc9eac7ffbf470a925eb692289eb8","vout":141,"amount":600.29434524,"coinbase":false}],"vout":[{"n":0,"addresses":["prl1p8v73jxag7wu6kprg6dkcvcchqxfst2g9yggkr3mf7jcptnjncaxqu2s344"],"amount":500.29424524},{"n":1,"addresses":["prl1z8958yczmjjtum9hh6480kfvvshelyl9z9gd0aqmq3vsm6ga97t8se02aye"],"amount":100}]}