{"txid":"d9e642cf51396c5cc9136abce913f08e6ea00719ec872b4da8f9a10b2b982059","block_height":null,"time":null,"vin":[{"txid":"d9e642cf51396c5cc9136abce913f08e6ea00719ec872b4da8f9a10b2b982059","vout":0,"amount":472.36378877,"coinbase":false}],"vout":[{"n":0,"addresses":["prl1plhajfjfpyc3k0d7mhnh8dsp93lr5cx8kukltcha0cl226suvnpvszffypt"],"amount":0.36378031},{"n":1,"addresses":["prl1zlj7a42p9m0lsx6rffm9emn39wzpqm96awwmjh79wjymmzjv905dqmeardl"],"amount":472}]}