{"txid":"465e101d6b46e7c4ca81119b160183048b2eeaaebcdf7e0b294f6abe456a2fd7","block_height":null,"time":null,"vin":[{"txid":"465e101d6b46e7c4ca81119b160183048b2eeaaebcdf7e0b294f6abe456a2fd7","vout":420,"amount":616.80993693,"coinbase":false},{"txid":"637e859aafea92c2587644733852cb4a527b4f523404a9b7a1e1bb62c6fe9194","vout":372,"amount":192.84610257,"coinbase":false}],"vout":[{"n":0,"addresses":["prl1ztm6ugz74ur94qs2qqxwk044r9j9c59sfun73v6j45jrvmegnfxns3a5ptd"],"amount":800},{"n":1,"addresses":["prl1py62pdg6eyz8ycluywqknf66j7er2rus63wp4avh8djtumhwtlxwsyye3cy"],"amount":9.65603738}]}