{"txid":"e5f3bd9f12a383f9460bc8b2feabd1e8ee2e842858d0f1e6955392bbe1d88f2a","block_height":null,"time":null,"vin":[{"txid":"e5f3bd9f12a383f9460bc8b2feabd1e8ee2e842858d0f1e6955392bbe1d88f2a","vout":0,"amount":316.69445676,"coinbase":false}],"vout":[{"n":0,"addresses":["prl1p4leus6txzcrgsfrzyymvahyrsk00hjx7nnadnqylkglmtzuu4exs3t5w6v"],"amount":0.69444835},{"n":1,"addresses":["prl1zxekmxwvvx8m0k43d32fqlfyhpcs99kupt0klaew5fc72rxn72xeqvt5qma"],"amount":316}]}