{"txid":"48289df09b4771659ae9abd99a22d2c5ea54eaadccbab46ac9b7fb9675fa4bda","block_height":null,"time":null,"vin":[{"txid":"48289df09b4771659ae9abd99a22d2c5ea54eaadccbab46ac9b7fb9675fa4bda","vout":1,"amount":136.8393137,"coinbase":false}],"vout":[{"n":0,"addresses":["prl1zg6xp7p2q6hm2gw7h4aglmc89x6emsrp4p754u9pmfme2ktgd2nlqarhcp3"],"amount":136},{"n":1,"addresses":["prl1pq97mgvn7gxgn5gxtuwancd5x00z6mqzp0q56x7d9uz32qvw4sn3qxk5r72"],"amount":0.83931216}]}