{"txid":"41f6d6ae1ebb3a890ed30d81b3a4f291aee54fe3b645061f81a26919c9a6b66d","block_height":null,"time":null,"vin":[{"txid":"41f6d6ae1ebb3a890ed30d81b3a4f291aee54fe3b645061f81a26919c9a6b66d","vout":0,"amount":232,"coinbase":false},{"txid":"d36b675e105363a8b4ae3e531d88f366cfd5a424b2e98060e164b84ecbe93336","vout":857,"amount":116.0344839,"coinbase":false},{"txid":"d36b675e105363a8b4ae3e531d88f366cfd5a424b2e98060e164b84ecbe93336","vout":303,"amount":116.0344839,"coinbase":false}],"vout":[{"n":0,"addresses":["prl1zuujglpc8vqn25t62ga3yxja2unxajlqr9yff5qqmkuaa7rh29qsqsfx5ff"],"amount":464},{"n":1,"addresses":["prl1p3wnufntm78sp3aze9tjffjhjsa7hd2dyyke2nh6u9n4nxt7fhn9s2tfh7p"],"amount":0.0689651}]}