{"txid":"33cc12f487b77d7a377289a5088e6b27aa635c7506647d7198c186b9c226d860","block_height":null,"time":null,"vin":[{"txid":"33cc12f487b77d7a377289a5088e6b27aa635c7506647d7198c186b9c226d860","vout":633,"amount":319.9112307,"coinbase":false}],"vout":[{"n":0,"addresses":["prl1pm9lpnfdvr6a3ga6ljp2rs0wtv8nyhg7uy2tmqcxeh0yvpjsk6frqshg2m4"],"amount":0.91122213},{"n":1,"addresses":["prl1zrkuas3s9pyapa42n0jausnn8ynrueym3ykhjnvcaur7m5u324svq90dckc"],"amount":319}]}