{"txid":"495b2d1c585032c0f6cfdc39fd6d1632d87470e8b0841d4b80dee129de6cbc93","block_height":null,"time":null,"vin":[{"txid":"495b2d1c585032c0f6cfdc39fd6d1632d87470e8b0841d4b80dee129de6cbc93","vout":0,"amount":1900,"coinbase":false},{"txid":"39e49d32bb0f00969cf4a007ff20ea8f77f61729cc604a73dabaae0b865d8849","vout":1,"amount":699.99999634,"coinbase":false}],"vout":[{"n":0,"addresses":["prl1zwsgpuvlzlf4ckcuy9t7jf429kggmglpgz7hr3hdej9twpxx5calql9wgrk"],"amount":2500},{"n":1,"addresses":["prl1pfu0e9fxx63s6gq6q0m2mqj4hawqeg9nxun99gcvuqrzktnu8gkrsfz2rkj"],"amount":99.99999422}]}