{"txid":"ec36858a3b25a912ca4fc86d164010189bd9a8f90082840f238508ca76713264","block_height":null,"time":null,"vin":[{"txid":"ec36858a3b25a912ca4fc86d164010189bd9a8f90082840f238508ca76713264","vout":0,"amount":297.6344931,"coinbase":false}],"vout":[{"n":0,"addresses":["prl1zh5ga3353dk2nfd4v2dpjpy89s6sehtmdj3xraw8cn9gk9q2qjvhqers850"],"amount":200},{"n":1,"addresses":["prl1p6sau9vyyqe5d4hssjd3ee0t0cq8u2gck6yk6z7096mmr7sumfnasq8jee5"],"amount":97.63448454}]}