{"txid":"c3431c149e1f9ae5f258d0e17629362c4cffeb1c97967b1ea63b46e5b30f7358","block_height":null,"time":null,"vin":[{"txid":"c3431c149e1f9ae5f258d0e17629362c4cffeb1c97967b1ea63b46e5b30f7358","vout":1,"amount":235.96817811,"coinbase":false}],"vout":[{"n":0,"addresses":["prl1zz93lf35lt5peg3g47m3tqwmz7cta0leps4vm3th57jvt8m7qv5yqfm44p6"],"amount":200},{"n":1,"addresses":["prl1pefy97fscslmg7ls4nnydj4x2qk87e9g20ztf6d9h0sf0s007flhsghwpnu"],"amount":35.96817657}]}