{"txid":"57177160541b546d1851a4b0dffa99cd877da24ddee26b248c3eafb2c63e191c","block_height":null,"time":null,"vin":[{"txid":"57177160541b546d1851a4b0dffa99cd877da24ddee26b248c3eafb2c63e191c","vout":1,"amount":8324.9761805,"coinbase":false}],"vout":[{"n":0,"addresses":["prl1z8mhlclu4hhvcq9cynksaplndeyzzjxecly5tx53795rt3pp7dd8qqgwem5"],"amount":1100},{"n":1,"addresses":["prl1pgz7xkmw396pcnw43ptt4sg35gkv5ax789whywt6ja7mqz494hrmq2q3fk9"],"amount":7224.97617896}]}