{"txid":"49ce59e759f0ba2fd394db6480d669f7f38490ca1b383492b6543fe06c975817","block_height":null,"time":null,"vin":[{"txid":"49ce59e759f0ba2fd394db6480d669f7f38490ca1b383492b6543fe06c975817","vout":0,"amount":299.99999,"coinbase":false},{"txid":"ca7c95a580f48d0a82d156a8cffb19addc602f1ac0795eea91bece2f18aed3b2","vout":1,"amount":297.99994784,"coinbase":false}],"vout":[{"n":0,"addresses":["prl1zykfzxt4whk36769nx6dlapfs64ttfq33ssuws4rzmcwdecffysrq625u8w"],"amount":500},{"n":1,"addresses":["prl1p209gdfdx4vl4y229jsqgx7rrncxpjpt2dgczqm7s8etpy0v60adqq05623"],"amount":97.99993572}]}