{"txid":"528ac3a09099aaddb3e904d3a5cf5e2acd0cf87ebcf6225b840a6266f21cca9d","block_height":null,"time":null,"vin":[{"txid":"528ac3a09099aaddb3e904d3a5cf5e2acd0cf87ebcf6225b840a6266f21cca9d","vout":559,"amount":258.07888282,"coinbase":false}],"vout":[{"n":0,"addresses":["prl1z5w8lhp4yw7qq7vvtddaq7qrpcvgwzpgreekg3tpwtl35c2g5gmwqh029nc"],"amount":200},{"n":1,"addresses":["prl1p2kp52ek7rrlkpg2ud54j8h64992aqmfyplv7rfme7cxf936pglgs9a9yy0"],"amount":58.07888128}]}