{"txid":"862363df6935b9f26c6feec12fc46928cd09ec27199204ad750cede80d9afdf1","block_height":null,"time":null,"vin":[{"txid":"862363df6935b9f26c6feec12fc46928cd09ec27199204ad750cede80d9afdf1","vout":443,"amount":110.03505843,"coinbase":false}],"vout":[{"n":0,"addresses":["prl1zm4zsfanl2agzq53k6j6qfpwc5nulr33pwsvrhdg9y7vsttldu9as6uhyzq"],"amount":110},{"n":1,"addresses":["prl1pe6t6ndkchkkpx5v04fdlw2qpkwztrptnlqtmac5f7l6jqs220q6spdcth6"],"amount":0.03505689}]}