{"txid":"2d4242ab21319dac42b4c08c41da0355170df3a16fe33582965388db243075d2","block_height":null,"time":null,"vin":[{"txid":"2d4242ab21319dac42b4c08c41da0355170df3a16fe33582965388db243075d2","vout":289,"amount":1073.36552988,"coinbase":false}],"vout":[{"n":0,"addresses":["prl1zt4kylt6rgruhr3thcgh3rj09eplua4lg3zpewrm4krst2cuqsaxsahdpjp"],"amount":1000},{"n":1,"addresses":["prl1p2zu56gqek8ws9k9y40x7vvpj43x7anjysjfr4vd000jfjkufdqash09tu2"],"amount":73.36552834}]}