{"txid":"57ad7588ba2b4a826b393d4af5bd09ea91011cf09513e3e3924d87c4ee655563","block_height":null,"time":null,"vin":[{"txid":"57ad7588ba2b4a826b393d4af5bd09ea91011cf09513e3e3924d87c4ee655563","vout":575,"amount":2432.04252794,"coinbase":false}],"vout":[{"n":0,"addresses":["prl1zlqqs5elglln892uex9d880kkl4w4xxme3zekcwg6xxjaljp9ew7snuqpha"],"amount":2000},{"n":1,"addresses":["prl1p3slg7gshj55vq3na3cgttjwafsfnp56l2q66z98r85gkdvtmsysq28vx32"],"amount":432.0425264}]}