{"txid":"bfcbfaae566fc5e8099aba803dce2a8b8c57fc2d9d656f5a5932ad2299c137db","block_height":null,"time":null,"vin":[{"txid":"bfcbfaae566fc5e8099aba803dce2a8b8c57fc2d9d656f5a5932ad2299c137db","vout":0,"amount":105.65921739,"coinbase":false}],"vout":[{"n":0,"addresses":["prl1zgg460p4998flhdscesak4zkfyacslgr5z3w7jvn9uzw9gafztvdsm8rhfr"],"amount":100},{"n":1,"addresses":["prl1p25xwzcu5cn829ncqxr3yj9zeq8cesjat8g5wv2cf9vk3kw7pmf6skvdefn"],"amount":5.65920899}]}