{"txid":"bff0c34599dd5b890d4293c9137539113e4a236cc3752ad96cc6f5fd8e5d6c4c","block_height":null,"time":null,"vin":[{"txid":"bff0c34599dd5b890d4293c9137539113e4a236cc3752ad96cc6f5fd8e5d6c4c","vout":0,"amount":869.99998999,"coinbase":false},{"txid":"32e4b0c5e2383782ba7e42835aed10b5ab464609eeda1d2e6f126a99fb02d6f0","vout":558,"amount":152.67577279,"coinbase":false}],"vout":[{"n":0,"addresses":["prl1zhn3xwatlr2fdv28ktcg0m0gt2ag63wq4tsq46l8ldlezwf55en0s74sdja"],"amount":1000},{"n":1,"addresses":["prl1pndp626uuj3h96ee50q5hgmw4p3lwjjlphurgumete044mtm8c87qtxdh3g"],"amount":22.6757512}]}