{"txid":"7f56f2d62c421ac7b9b72f2c7a0af9b707b949077fdfa6143d01c206bd97be1b","block_height":null,"time":null,"vin":[{"txid":"7f56f2d62c421ac7b9b72f2c7a0af9b707b949077fdfa6143d01c206bd97be1b","vout":1911,"amount":91.25850538,"coinbase":false},{"txid":"028e0b97669d867df57cdce3af2bc62c65a14824f678cbdbd04a32d38726fe94","vout":1530,"amount":33.60871885,"coinbase":false}],"vout":[{"n":0,"addresses":["prl1z9aukm5xktc3f820nyju5e3te0xarzjkmqwjs2e5eksl6q4j4jtespxr9wy"],"amount":100},{"n":1,"addresses":["prl1pg7f0e9q4erqxp382tnsqaqc2kdwsnh88r5nw0xnk2yewjne06l8shwjtag"],"amount":24.86722211}]}