{"txid":"99da9e87d146c163374961df15812744735d2534057585bc233c8ba17d4fc577","block_height":null,"time":null,"vin":[{"txid":"99da9e87d146c163374961df15812744735d2534057585bc233c8ba17d4fc577","vout":0,"amount":112.99999,"coinbase":false},{"txid":"a51ca69dbfa2a4ff3239a401219038faaa357d5836f729e46eb7d52c30d65894","vout":1,"amount":0.93719861,"coinbase":false}],"vout":[{"n":0,"addresses":["prl1zqq4ungq2m8kw358w52f4unt20fdsaya28h545g7mzq3c4y0l62xqjl7c7m"],"amount":113},{"n":1,"addresses":["prl1py0qrztkueh2a380x9perzsyy3jdz37zv6ssu0g93mnywzc4ugm3sfczjfx"],"amount":0.93718649}]}