{"txid":"6f26eb0bcbaacaaeedd59aaf95d1969fff26c7a7d8c63c8073f7c134f2140998","block_height":null,"time":null,"vin":[{"txid":"6f26eb0bcbaacaaeedd59aaf95d1969fff26c7a7d8c63c8073f7c134f2140998","vout":0,"amount":99.99999,"coinbase":false},{"txid":"6af68e7ad60ec5ad0d89b67e4f43a45e6d4918af56ae0461522636cf2b15a3a0","vout":447,"amount":48.55815084,"coinbase":false},{"txid":"054aeccfc852ac9892a9ddc793b8cfc7e7793f666eff787ac4badb871777584e","vout":1,"amount":44.9716491,"coinbase":false}],"vout":[{"n":0,"addresses":["prl1zlms9k9lur9d2glvnrkgk70g8x7p5zrt0vlzam3u3qspka87cau0sklzf3k"],"amount":179},{"n":1,"addresses":["prl1pwr5886ypg84da89qdnuar3847aw56m80mzrsnzycwk0xknq5w6vsdwhre6"],"amount":14.52978724}]}