{"txid":"39ddcff4448a98e24b32d7fc4ef8c36546dda64ade3404d83e08dec675e2ac75","block_height":null,"time":null,"vin":[{"txid":"39ddcff4448a98e24b32d7fc4ef8c36546dda64ade3404d83e08dec675e2ac75","vout":1,"amount":4999.99958845,"coinbase":false},{"txid":"7f951293879b6ce6ac9d2b6b86bc10ff23f02d74ea40ba0279724bc70e6eae65","vout":406,"amount":204.16991709,"coinbase":false}],"vout":[{"n":0,"addresses":["prl1z5pnrnj6mvrc7sk5a4qacuze79d9kwm8mhthz5fxa8ehwyy94y7hssp5ecy"],"amount":5200},{"n":1,"addresses":["prl1pxjjrs0lwd7xu92hu8nfs992dt0rgjf9a8grgsf33e4x2andar0fqeks70e"],"amount":4.16895373}]}