{"txid":"8bfb7af3e51b78df1eff579b4f77086c60d8ff4185e6ce2ef41dac6e0b5aeda2","block_height":null,"time":null,"vin":[{"txid":"8bfb7af3e51b78df1eff579b4f77086c60d8ff4185e6ce2ef41dac6e0b5aeda2","vout":1,"amount":1561.67535442,"coinbase":false},{"txid":"5d14538d9dcfce79c106b582745c0bb5e5a24a7ab84ce636891e2502dab25965","vout":136,"amount":728.34173492,"coinbase":false}],"vout":[{"n":0,"addresses":["prl1zx3lx2rj436y9yhza55y9p2u3lmqmp6fv8lxy6vfv9aszcdfef6uq98ddpe"],"amount":2000},{"n":1,"addresses":["prl1p2k6mrr43fefh6g9k4ry8l0y50s6h7rc93pp5a5urm38xzsfd2a8qqna7uz"],"amount":290.01687312}]}