{"txid":"286f4dbc85fb823344e3c5ca97ae7e7eb0afc8e7ddb4ce1e58a00abd2c76b23f","block_height":null,"time":null,"vin":[{"txid":"286f4dbc85fb823344e3c5ca97ae7e7eb0afc8e7ddb4ce1e58a00abd2c76b23f","vout":71,"amount":890.70416152,"coinbase":false}],"vout":[{"n":0,"addresses":["prl1ptydrxzctxfnlwad68c3ff530szflzlxf33jkkxtp6h6umc0vhrvsqtvcm5"],"amount":790.70415318},{"n":1,"addresses":["prl1z8cq0v5aqlck0mnd67drvlzygc85uv8k0f7ct6hc6wd98nkjhru3sdwxj2l"],"amount":100}]}