{"txid":"e71904e4e9126907d89b5dab939204ae7736a5b83fc27196d01fbec322c2e893","block_height":null,"time":null,"vin":[{"txid":"e71904e4e9126907d89b5dab939204ae7736a5b83fc27196d01fbec322c2e893","vout":0,"amount":245,"coinbase":false},{"txid":"445019cc8a272e5d115cb77aca970b73e350fd0ed642a68b9c6d65c897242033","vout":0,"amount":195.99999,"coinbase":false},{"txid":"7747aecc034bd8f0292ff57f78f015d57d4accecdac4280c301f73d354113e55","vout":1,"amount":4.99999634,"coinbase":false}],"vout":[{"n":0,"addresses":["prl1ze7keycw27g20yn4zaqshjj4nkjt8dap3qf5sfwea00hczz9usevscsxfuc"],"amount":444},{"n":1,"addresses":["prl1p3lthrt3n7yrrh7qdttq68aq5q76qn0alnmftqqw3hvxh450atm2q3w0pa6"],"amount":1.99998364}]}