{"txid":"fe191a980e6bc0e1fe8719643d71cb12414b823d4bea38baa3641064c8b6e07a","block_height":null,"time":null,"vin":[{"txid":"fe191a980e6bc0e1fe8719643d71cb12414b823d4bea38baa3641064c8b6e07a","vout":0,"amount":699.99999,"coinbase":false},{"txid":"659dc6edfd81fa4e571a6f25f8e22b7da408d86c56036f7d038ec678ff3c5311","vout":1,"amount":2.93947747,"coinbase":false}],"vout":[{"n":0,"addresses":["prl1z6ysycl838yt93wp838zf9krhxleyyta5e0uf6zq6cawe5kzl93xqan7dud"],"amount":700},{"n":1,"addresses":["prl1pyvr4z0yy6m5vlnelk09kqxs3retmaewqdv9jd6vww6kzmhh9r7ksvvmywy"],"amount":2.93936747}]}