{"txid":"9785a22e549b7e8d944116416b9768c1e6a0fdc52e7bc84fad24bcd534f70e83","block_height":null,"time":null,"vin":[{"txid":"9785a22e549b7e8d944116416b9768c1e6a0fdc52e7bc84fad24bcd534f70e83","vout":1,"amount":62.8201931,"coinbase":false},{"txid":"f9e5d6055f9a9eef7191e11f9a10d7c0b902732f271880d5ae04fc42842b89bd","vout":0,"amount":37.6881641,"coinbase":false}],"vout":[{"n":0,"addresses":["prl1zezkcwjvakzmrlrnf7xcp94ne2es234ezyhmu065jvxu45x866snsluulzr"],"amount":100},{"n":1,"addresses":["prl1pq97mgvn7gxgn5gxtuwancd5x00z6mqzp0q56x7d9uz32qvw4sn3qxk5r72"],"amount":0.50835508}]}