{"txid":"f80c395e3c818bd9c103abb6848d53a5fc2879896417e2232b9ea84979b2e306","block_height":null,"time":null,"vin":[{"txid":"f80c395e3c818bd9c103abb6848d53a5fc2879896417e2232b9ea84979b2e306","vout":0,"amount":567.99999,"coinbase":false}],"vout":[{"n":0,"addresses":["prl1zm5az5eqwftpsk7p9ckpw059jp44588urcd03x0lhvkgwrf46xhtq32vzx6"],"amount":500},{"n":1,"addresses":["prl1p4nrw5w5quky95yzy3j0tl0e2qyapkpjfdzsedmy4e3eyurv3t4qsyfk90n"],"amount":67.9999745}]}