{"txid":"609d03ca189d355a0de56ecb922c8b89308e29ca04908b585049e01dfc05744a","block_height":null,"time":null,"vin":[{"txid":"609d03ca189d355a0de56ecb922c8b89308e29ca04908b585049e01dfc05744a","vout":191,"amount":285.43325266,"coinbase":false}],"vout":[{"n":0,"addresses":["prl1zamxzq0tatsv2asu56sjcyk8vy0qaxllhr7xjkpjhxypayhgljjpscy2hx6"],"amount":200},{"n":1,"addresses":["prl1pe7j5tfy8h90ylrkl68fgcylqy5y0q35v6yja5v4nm4tf9vu0njqqvm5y92"],"amount":85.43324409}]}