{"txid":"649664df34ce184d501624cfe3a0f59b23189b67f8505bbb02b8b90dde711227","block_height":null,"time":null,"vin":[{"txid":"649664df34ce184d501624cfe3a0f59b23189b67f8505bbb02b8b90dde711227","vout":36,"amount":98.86401596,"coinbase":false},{"txid":"43c53c6caf26e512795b6551cc65fe0998f49302a005e1affd39b3c809c26623","vout":391,"amount":79.47056991,"coinbase":false},{"txid":"9c62e82477270d90e71f593f20ddc9fc34e3c9ab82f31b20df46f69398ed842b","vout":0,"amount":0.41439548,"coinbase":false}],"vout":[{"n":0,"addresses":["prl1pz9qwhvn8jrzsj3luqd555lyfyvx3t3v6gqp2smg65v6f6hfj92sshd3yep"],"amount":0.04896685},{"n":1,"addresses":["prl1zcn3amly2cfg2f5py5mlmntjqf4e8rkwephz9259hqjugphphm4gq4d65wk"],"amount":178.7}]}