{"txid":"ea48730e6d4f6acdb4af6512301794f8ff39cc3fa8e7663f81988a02fdfec527","block_height":null,"time":null,"vin":[{"txid":"ea48730e6d4f6acdb4af6512301794f8ff39cc3fa8e7663f81988a02fdfec527","vout":1,"amount":9339.99999538,"coinbase":false}],"vout":[{"n":0,"addresses":["prl1zzxtaq9yr9hjrs0zn4qdd4ajr3k9p7mr58r73hffqpr72246yf5fqca04ac"],"amount":100},{"n":1,"addresses":["prl1pgz7xkmw396pcnw43ptt4sg35gkv5ax789whywt6ja7mqz494hrmq2q3fk9"],"amount":9239.99999384}]}