{"txid":"163eec0bc90f0b0e0bc6dda027d5ed9059cbcdd14e497e8e02d4fb9f55c7a853","block_height":null,"time":null,"vin":[{"txid":"163eec0bc90f0b0e0bc6dda027d5ed9059cbcdd14e497e8e02d4fb9f55c7a853","vout":1,"amount":1001.309678,"coinbase":false},{"txid":"728f5341b712d4ff9a0df923b94caeb9ef684c472f298550dee0e27d985684bc","vout":1,"amount":4.41162638,"coinbase":false},{"txid":"b793f50e3b3a88ff08f3f2e2fca1ba9bcec639611baaccd4093574085fb267ee","vout":1,"amount":0.50869016,"coinbase":false}],"vout":[{"n":0,"addresses":["prl1ztz3r9vat9hcgmfl6k7tfp8gcla5ghrxx37zsevngcjh9z6h6f8psctsuny"],"amount":1006},{"n":1,"addresses":["prl1p9849nsvv3twpqdjxe3v7xk6g0k2upz0vpy4pcyna4fn6v6c8guss2ctcaw"],"amount":0.22999184}]}