{"txid":"a83ca8786f29dc38eab604139fa0a2121e87aac9486462862b350a7d565ece40","block_height":null,"time":null,"vin":[{"txid":"a83ca8786f29dc38eab604139fa0a2121e87aac9486462862b350a7d565ece40","vout":0,"amount":9999.99999,"coinbase":false}],"vout":[{"n":0,"addresses":["prl1z2m3qu6755y0f4rvr0y5qa2u8mfwl0zrmdhz0uh6xtf0ng8wxze7sa0g99g"],"amount":5676},{"n":1,"addresses":["prl1pajzmd4lyvp2hz2ftsega9w4mt677g0z37rs5na3z433rvjl64zeq8ja537"],"amount":4323.99998846}]}