{"txid":"8b04e1edd23cf6706424588d9eeba0d8e3702f5627fde855d60b2eebb61489d4","block_height":null,"time":null,"vin":[{"txid":"8b04e1edd23cf6706424588d9eeba0d8e3702f5627fde855d60b2eebb61489d4","vout":0,"amount":2289.7,"coinbase":false},{"txid":"104dd4a792b70c1008ff024a1e6c7beb00cfc640b6f833938489a253b4980874","vout":33,"amount":72.84750543,"coinbase":false}],"vout":[{"n":0,"addresses":["prl1z0yv39nl6vyywxp9wn87ahhcr9vahvr8q67wz3k33d29xszu8swsq5dpal3"],"amount":2360},{"n":1,"addresses":["prl1p2zu56gqek8ws9k9y40x7vvpj43x7anjysjfr4vd000jfjkufdqash09tu2"],"amount":2.54750331}]}