{"txid":"a6c49a09858ed1c0978575a6d6ac391bbca3ec7e3a0e16b6cb8565e891a5ca7e","block_height":null,"time":null,"vin":[{"txid":"a6c49a09858ed1c0978575a6d6ac391bbca3ec7e3a0e16b6cb8565e891a5ca7e","vout":0,"amount":7450.7315003,"coinbase":false},{"txid":"a64d2e015ad2bc42c8d7cc0cd18038c29792d6d2251d9e137388265122caeb4e","vout":0,"amount":7244.9473904,"coinbase":false}],"vout":[{"n":0,"addresses":["prl1zkgh68g6946yneqwqp7jkr0rkm955n53zaclr5s0mcmplyt9lv9cqxuvdg9"],"amount":10000},{"n":1,"addresses":["prl1pam99r68rnyy7rlpwegqf3jfgx2mlk6g6m7chvhwtu4ftd7e0rf3qnz6qeu"],"amount":4695.67877987}]}