{"txid":"097690b93f046a3e9f5b6df76c64240a3a567d03dee0bbcf55d1feba0247b58a","block_height":null,"time":null,"vin":[{"txid":"097690b93f046a3e9f5b6df76c64240a3a567d03dee0bbcf55d1feba0247b58a","vout":1,"amount":1049.8055336,"coinbase":false}],"vout":[{"n":0,"addresses":["prl1zvqc523dpakk055f6uwja88djwjaqy8za7a4gvqv020ypkyn7g40stk6nwj"],"amount":1000},{"n":1,"addresses":["prl1peeq0s7zufusjn3mutcpw9lct5vwpncavqg0khy98tc2jq3qm52hslvhmyr"],"amount":49.80553206}]}