{"txid":"a837aa273f125695cf9b0846fa2579f5d30dce7182fd99e9c4ee3b40b879ea71","block_height":null,"time":null,"vin":[{"txid":"a837aa273f125695cf9b0846fa2579f5d30dce7182fd99e9c4ee3b40b879ea71","vout":0,"amount":199.99999,"coinbase":false},{"txid":"99a252e9c47e0efa7bbb400ddebc3fee4f19a59eb6891bcf406fd430a9022836","vout":23,"amount":10.25323002,"coinbase":false}],"vout":[{"n":0,"addresses":["prl1z3c6zgv7gy0mh5zy7n0zuyshnddacss7jur8tq0wmn3w9qtjvuhps8q7c4q"],"amount":200},{"n":1,"addresses":["prl1pl2nm5u5eyd94qktgdpf8hamud4wrzz09va5h96agkwsnh2ett9xs75he8w"],"amount":10.25311283}]}