{"txid":"f706e3afd5192d2690d54927f68c9aef661fe9d68a3a7345e2f4b86905ab88da","block_height":null,"time":null,"vin":[{"txid":"f706e3afd5192d2690d54927f68c9aef661fe9d68a3a7345e2f4b86905ab88da","vout":448,"amount":122.43744407,"coinbase":false}],"vout":[{"n":0,"addresses":["prl1znqjtl86zcrsqsxm3jtxskmssljxxhqktxgu3m8ahgymcqxxlfcgsd8vz40"],"amount":100},{"n":1,"addresses":["prl1pukxd48yuxxa7xc4fr2mkapgsrq8aeecmlfa748tp0z657dut2xpsx7yh74"],"amount":22.43723883}]}