{"txid":"43c53c6caf26e512795b6551cc65fe0998f49302a005e1affd39b3c809c26623","block_height":null,"time":null,"vin":[{"txid":"43c53c6caf26e512795b6551cc65fe0998f49302a005e1affd39b3c809c26623","vout":91,"amount":42.94281342,"coinbase":false},{"txid":"649664df34ce184d501624cfe3a0f59b23189b67f8505bbb02b8b90dde711227","vout":118,"amount":41.82039294,"coinbase":false},{"txid":"21f7186a2e07745f613d265eed226de22c78027abcf9500d68e215466b70ee8d","vout":172,"amount":23.64354136,"coinbase":false}],"vout":[{"n":0,"addresses":["prl1p5ze7m4h87hcexjry7gl39qenws2hfee8s8z7t5rqqwm9x63sj32qgwyvnr"],"amount":0.40673344},{"n":1,"addresses":["prl1zn64lz4umn9pyqmt0p6pl34pmj7twaawcacfpp8effuc2w6f0qqsqzj9fhx"],"amount":108}]}