{"txid":"ae04e59705b58d860ee91d2e1fcc19fc05acaa7c53deddaffa200a71e61f832c","block_height":null,"time":null,"vin":[{"txid":"ae04e59705b58d860ee91d2e1fcc19fc05acaa7c53deddaffa200a71e61f832c","vout":313,"amount":4620.35350478,"coinbase":false}],"vout":[{"n":0,"addresses":["prl1psct4pnd7ek9gjemvla470rjpu893lxnkw80ad0edysgpqjfqsn4qjrk0rr"],"amount":2670.35349638},{"n":1,"addresses":["prl1zafyzc68u9lwrcen3n656jh4lvh3s3s66fk5ct4ly7g0mvkvvhepqf9usfe"],"amount":1950}]}