{"txid":"609d03ca189d355a0de56ecb922c8b89308e29ca04908b585049e01dfc05744a","block_height":null,"time":null,"vin":[{"txid":"609d03ca189d355a0de56ecb922c8b89308e29ca04908b585049e01dfc05744a","vout":383,"amount":2006.04487757,"coinbase":false},{"txid":"af01a3f2892b8a287d2d80783af3c02a6aa55430c9d7ad1bf12cd4578bc20dee","vout":452,"amount":154.27600927,"coinbase":false},{"txid":"ad1f5ec0a0c7e4915f6bad1816e5d27f25f03758dc469a813a582bc7e41682a8","vout":285,"amount":110.48554174,"coinbase":false}],"vout":[{"n":0,"addresses":["prl1pykma3luqg06n72jg06y4a9ejwry6p3k5cms9n4y95839em9alnys6l3pg2"],"amount":20.80641382},{"n":1,"addresses":["prl1zmn58tpf2rddqaa8p7us5vu5pt534g2d7enzfws3n6sef2vty3slsmn2gjs"],"amount":2250}]}