{"txid":"1e0ba51b2a0443d3526349de8bfc5aad7ebbab0c49915342f4c715355baaf44b","block_height":null,"time":null,"vin":[{"txid":"1e0ba51b2a0443d3526349de8bfc5aad7ebbab0c49915342f4c715355baaf44b","vout":1,"amount":5275,"coinbase":false},{"txid":"9d0372f69e9afabc555d762551049db63bcc1ba0dc01f5768374ea2076e24539","vout":1,"amount":3190,"coinbase":false},{"txid":"ea2bb4c9e5cc0c97658900b9b7d1f97421865ac808b76e973b7c6641cf8f27b7","vout":1,"amount":2629.99999788,"coinbase":false}],"vout":[{"n":0,"addresses":["prl1z9penztdas6f7cc245d5lfglvhra9dngjqtl00swk0p95q8eumtqqq3en80"],"amount":10000},{"n":1,"addresses":["prl1p94mante8tgtvajgghxh93l0z0vykzz7xfly6zdfpd9lsarm3dlystq3ar4"],"amount":1094.99999518}]}