{"txid":"ae835fdadec8c23ad99576fdcca2f9942f5c78bc10a3dc15121ad3f7e93aa3af","block_height":null,"time":null,"vin":[{"txid":"ae835fdadec8c23ad99576fdcca2f9942f5c78bc10a3dc15121ad3f7e93aa3af","vout":0,"amount":253.99999,"coinbase":false}],"vout":[{"n":0,"addresses":["prl1z4vl9vf5puy4h2c6m6sylqt9s9kc0yufkful3m7708y6ha4rgeawqy0h9fp"],"amount":200},{"n":1,"addresses":["prl1py62pdg6eyz8ycluywqknf66j7er2rus63wp4avh8djtumhwtlxwsyye3cy"],"amount":53.99998846}]}