{"txid":"c6e850ae618bf487a3cd523b19f7a8cadf7b1043c89c6d7929d74b8a54874788","block_height":null,"time":null,"vin":[{"txid":"c6e850ae618bf487a3cd523b19f7a8cadf7b1043c89c6d7929d74b8a54874788","vout":1,"amount":4037.90580678,"coinbase":false},{"txid":"286f4dbc85fb823344e3c5ca97ae7e7eb0afc8e7ddb4ce1e58a00abd2c76b23f","vout":379,"amount":344.15874331,"coinbase":false}],"vout":[{"n":0,"addresses":["prl1pw60rzs0xhakr7haew93ydmj3uhqelultgv3lznq7c0qyekvan0jq0pvt2q"],"amount":2.06453861},{"n":1,"addresses":["prl1zg6ujj8jtk7gxpgp548wzaf0k8jlm6szqj2c29p923c6qaqduva0qfjaus2"],"amount":4380}]}