{"txid":"7867fd1d68df635ab77f4cbb02e924efa868983741076db186858068a21ab3cc","block_height":null,"time":null,"vin":[{"txid":"7867fd1d68df635ab77f4cbb02e924efa868983741076db186858068a21ab3cc","vout":431,"amount":118.36246549,"coinbase":false},{"txid":"aa283d92eac7df35f44e8cf8f25cfed8c74aea41882e51636d2f525937ad01a7","vout":1,"amount":8.10380493,"coinbase":false}],"vout":[{"n":0,"addresses":["prl1zdsqq0yg3ju9uls8shpspjr0yrpc47zj5jph8spfx93d9yn58sxasvsu8pv"],"amount":126},{"n":1,"addresses":["prl1pspna38xuetu2aqvxdxremn77wdktws2xz5qvc0fnv7362a0yznnqm3f4xp"],"amount":0.4662683}]}