{"txid":"dc241e98109e066564303ff9866b804387ebe26b40cacff8ddd55e384c90fd46","block_height":null,"time":null,"vin":[{"txid":"dc241e98109e066564303ff9866b804387ebe26b40cacff8ddd55e384c90fd46","vout":0,"amount":15833.80132074,"coinbase":false}],"vout":[{"n":0,"addresses":["prl1zf6ux7278j8dfpsm90qztmmx6hjpqkkqrk0v4prpvt5jhlvzs9gwsje0vev"],"amount":3000},{"n":1,"addresses":["prl1pe05ar3u23e3t26t5f330d8k9gcc4vyuu5fhsndfjmrkqk2ndkzxq05jhk4"],"amount":12833.80131246}]}