{"txid":"e7bec92178321be4b416f674af8a8687a86e521d086a067eb7f9808f34476882","block_height":null,"time":null,"vin":[{"txid":"e7bec92178321be4b416f674af8a8687a86e521d086a067eb7f9808f34476882","vout":0,"amount":1999.99999,"coinbase":false},{"txid":"df7ccd3e1d80f8e31c0ec857d366e598dd09a726b276af4f21af0cc366ce03d1","vout":1,"amount":1701.99998846,"coinbase":false}],"vout":[{"n":0,"addresses":["prl1zqhuyufrjpkxlvrhdhe7fpmzxkgjtr0yxuhg5zfackr6lmeccpcusnmrhfw"],"amount":2500},{"n":1,"addresses":["prl1pfu0e9fxx63s6gq6q0m2mqj4hawqeg9nxun99gcvuqrzktnu8gkrsfz2rkj"],"amount":1201.99997634}]}