{"txid":"363011b87a66bcc84b443bf887cbcdeecbc5a8dc930a302af963dc3b917ae9bf","block_height":null,"time":null,"vin":[{"txid":"363011b87a66bcc84b443bf887cbcdeecbc5a8dc930a302af963dc3b917ae9bf","vout":0,"amount":220,"coinbase":false},{"txid":"a378eb627897626148815c558f3e79df533053ce09980b848fd7428a358d069a","vout":1,"amount":8.72981956,"coinbase":false}],"vout":[{"n":0,"addresses":["prl1pgyl0dtsmn9csj6aq598l2kvew9k24266wa3z537kgv0ftqcueaeqx3fw40"],"amount":8.729808},{"n":1,"addresses":["prl1zrrh43j8ke7duucz9sylr2wmdtdxelca569e0qyhnus73w7ppmkkqlz5s7h"],"amount":220}]}