{"txid":"823de2c3c2a7ce32cbc5dd050b0980b1eb3329f8ba11873dcd19a473a89afe94","block_height":null,"time":null,"vin":[{"txid":"823de2c3c2a7ce32cbc5dd050b0980b1eb3329f8ba11873dcd19a473a89afe94","vout":1,"amount":6664.09430326,"coinbase":false}],"vout":[{"n":0,"addresses":["prl1zhz44aaaha9yve6z7e7g567f0j4tusgy0hk2rwygjy5dnkusjs6ds9utchs"],"amount":400},{"n":1,"addresses":["prl1pgz7xkmw396pcnw43ptt4sg35gkv5ax789whywt6ja7mqz494hrmq2q3fk9"],"amount":6264.09430172}]}