{"txid":"2875825a0ec0a0c244d26ca6eb78d7e8c9df721a9613857364553119ad298ded","block_height":null,"time":null,"vin":[{"txid":"2875825a0ec0a0c244d26ca6eb78d7e8c9df721a9613857364553119ad298ded","vout":0,"amount":799.99999,"coinbase":false},{"txid":"42f500a586e2e9da5bb9e0c1f171809dc44906ed555ec6e66be0a7af9e60ff55","vout":1,"amount":455.72414538,"coinbase":false}],"vout":[{"n":0,"addresses":["prl1zhz952uwlfz3vusf9wtlmnljsjj92c3wrkmy44g2zfhed8tr06mqqqn8228"],"amount":1255},{"n":1,"addresses":["prl1p9pg7e4vfg9e9dy6m03zn5gwt2r23629rymrtmv0g9mp72ks6e5jsy7c7xx"],"amount":0.72413326}]}