{"txid":"44264b146857291b4e8069760522f1b8815b2e52df5f5a4c7116c6e8bcdbb61e","block_height":null,"time":null,"vin":[{"txid":"44264b146857291b4e8069760522f1b8815b2e52df5f5a4c7116c6e8bcdbb61e","vout":1,"amount":1139.99999998,"coinbase":false}],"vout":[{"n":0,"addresses":["prl1p27qy045qrj3tdqv0s3wcr7hpkwsesd7z07wm0awavustlhrjn0xsyqxqld"],"amount":1139.99998998}]}