{"txid":"457554945ef0b15e30fec149624eb24a8d402e9bc8fb96a47008f2d27eee361d","block_height":null,"time":null,"vin":[{"txid":"457554945ef0b15e30fec149624eb24a8d402e9bc8fb96a47008f2d27eee361d","vout":167,"amount":258.54620628,"coinbase":false}],"vout":[{"n":0,"addresses":["prl1p4z2fx2r8ynyzxfa70wsn37agn4utk2ghj69axr0hsmyqdxgl9hssw5svtu"],"amount":58.54612481},{"n":1,"addresses":["prl1z2kpnhfcd0ywe29aqrtnd4ykedkxsn5llsvelsnyg7k7aayfnz3pqf0w2ru"],"amount":200}]}