{"txid":"207886533b5b2c79a166070102e32fa1af5b945d99fc4b0e51bd5cad26ee57cd","block_height":null,"time":null,"vin":[{"txid":"207886533b5b2c79a166070102e32fa1af5b945d99fc4b0e51bd5cad26ee57cd","vout":0,"amount":619.99999,"coinbase":false},{"txid":"32fe6d61a87cada8e08b0eb3f807e76954171a5a05b06eacbefe2bb1ecf56203","vout":33,"amount":1.56993282,"coinbase":false}],"vout":[{"n":0,"addresses":["prl1p66fg9trlq7ehy26acpg4z56gkpnreh2u9y465s38lrxqzhknr06sax7wls"],"amount":1.56991132},{"n":1,"addresses":["prl1z4gk5trlaeuknup5egqg03uv9fd8r3uq933ukfkxjth2nrewjkwhqnm3chk"],"amount":620}]}