{"txid":"286f4dbc85fb823344e3c5ca97ae7e7eb0afc8e7ddb4ce1e58a00abd2c76b23f","block_height":null,"time":null,"vin":[{"txid":"286f4dbc85fb823344e3c5ca97ae7e7eb0afc8e7ddb4ce1e58a00abd2c76b23f","vout":122,"amount":752.60678879,"coinbase":false},{"txid":"6dabc86d03334716976d8a40c1a051d2faacc9eac7ffbf470a925eb692289eb8","vout":50,"amount":432.61555095,"coinbase":false}],"vout":[{"n":0,"addresses":["prl1p0nzmgthxx4xfznvkzaj55jqq3np204fm52dmq48986kzmw70a4zs7c5g9w"],"amount":325.22232827},{"n":1,"addresses":["prl1zrck6krs3mlwvrsf8dxhqpxg9all3w5mrupr98w3n3jeu0e44gkfqetcw8u"],"amount":860}]}