{"txid":"8b411b8d2bbb49a0f3d680a1dd4b142a0df0125afd9b9a8b438dccc6dc2ca872","block_height":null,"time":null,"vin":[{"txid":"8b411b8d2bbb49a0f3d680a1dd4b142a0df0125afd9b9a8b438dccc6dc2ca872","vout":1,"amount":77,"coinbase":false},{"txid":"609d03ca189d355a0de56ecb922c8b89308e29ca04908b585049e01dfc05744a","vout":252,"amount":69.36086528,"coinbase":false},{"txid":"af01a3f2892b8a287d2d80783af3c02a6aa55430c9d7ad1bf12cd4578bc20dee","vout":55,"amount":4.80206226,"coinbase":false}],"vout":[{"n":0,"addresses":["prl1zz5qua08v84zhe0fgtur7mf2gh2ptnvy2yku77aku8xp4t6zg00zq9aleqt"],"amount":150},{"n":1,"addresses":["prl1p7vvjutmatyc3zvszus777h2svdmxtw4nsv7s86d4ldy6yectlkmq5zzjfy"],"amount":1.1629128}]}