{"txid":"22a5ddc34d8e7ccd68848b7bdc41de87e7a73e65304b6f31b7caa0e1382a11c6","block_height":null,"time":null,"vin":[{"txid":"22a5ddc34d8e7ccd68848b7bdc41de87e7a73e65304b6f31b7caa0e1382a11c6","vout":1,"amount":334.64854277,"coinbase":false}],"vout":[{"n":0,"addresses":["prl1zfwvsm27ga6tdgkrtqd477z377rg8suqgjke3l9l76lrk27gtwfdqm2xlcj"],"amount":330},{"n":1,"addresses":["prl1pxc3ed037fs7ndh4pqfeqev5zd4x7324g8nfwynm4jm0ef0vln67sfu600l"],"amount":4.64853436}]}