{"txid":"4b2998fb61fb31968bd55d5e0ecbf97e98aa877cfa9bb6c77d9a69ec37238155","block_height":null,"time":null,"vin":[{"txid":"4b2998fb61fb31968bd55d5e0ecbf97e98aa877cfa9bb6c77d9a69ec37238155","vout":0,"amount":999.99999,"coinbase":false}],"vout":[{"n":0,"addresses":["prl1zkaw3me8vnf9luccdmqzvu5ujljr6mt45980zda5cw28dew2egpnqhfvqnn"],"amount":400},{"n":1,"addresses":["prl1peeq0s7zufusjn3mutcpw9lct5vwpncavqg0khy98tc2jq3qm52hslvhmyr"],"amount":599.99998846}]}