{"txid":"7755d6a446503663d55f4c163502ee95313eb515994e24526eee2fda3506990b","block_height":null,"time":null,"vin":[{"txid":"7755d6a446503663d55f4c163502ee95313eb515994e24526eee2fda3506990b","vout":0,"amount":1750.99999174,"coinbase":false}],"vout":[{"n":0,"addresses":["prl1psfdynn0ced6chyywd6k65j6pth6jdhvlxc3w23yyua52kf7xcsgq4ezp5n"],"amount":750.99998345},{"n":1,"addresses":["prl1zymgv9jv44y9agu46u5qn6d66ckxg68ycw83tcdjcy9a3jwkam6mqsltpj0"],"amount":1000}]}