{"txid":"57ad7588ba2b4a826b393d4af5bd09ea91011cf09513e3e3924d87c4ee655563","block_height":null,"time":null,"vin":[{"txid":"57ad7588ba2b4a826b393d4af5bd09ea91011cf09513e3e3924d87c4ee655563","vout":307,"amount":443.70315419,"coinbase":false}],"vout":[{"n":0,"addresses":["prl1pnzndujdx8r0mrkljtlk5nqg97rgphza8j9ckv23zk9hc2wcplvysxgy3f8"],"amount":343.70314576},{"n":1,"addresses":["prl1zkra67f2c8t3h8lest3d7z4s6graa29a6a6vzwd9kutw8zcxemwmscf59vd"],"amount":100}]}