{"txid":"af8c97fa684cbec1f42d22e199683961f23041178e554183c208d0430102bc53","block_height":null,"time":null,"vin":[{"txid":"af8c97fa684cbec1f42d22e199683961f23041178e554183c208d0430102bc53","vout":1,"amount":1111.91088335,"coinbase":false}],"vout":[{"n":0,"addresses":["prl1zrwjg0xs6zxcjhtkjdruvqucd6rvezpv4z3grxx6lvcpv2h4pz3jq9h3ed8"],"amount":0.01605},{"n":1,"addresses":["prl1pza4xkj2r85hkpwwak8l05v84q3mrqnmldquu30yhhl04tptqt58szjdsx6"],"amount":1111.89483181}]}