{"txid":"3c84c9acb9edf6e871e08e6f71597ed6771c03b86e5010106855cd3ad6f0a185","block_height":null,"time":null,"vin":[{"txid":"3c84c9acb9edf6e871e08e6f71597ed6771c03b86e5010106855cd3ad6f0a185","vout":908,"amount":81.60355616,"coinbase":false},{"txid":"65efc63848a770ce5ff99185dc4179dc7d64a2bf4fd42d2031add1734bc73b11","vout":121,"amount":49.91892123,"coinbase":false},{"txid":"a62f6489e1f7514f37fbe0edd9b6f8dc8b367865142d7a35b5b518fe9aa21915","vout":678,"amount":40.50258466,"coinbase":false}],"vout":[{"n":0,"addresses":["prl1zu8gv8l3rlwr5t8ghhjwaj69weauh437k0s6xm3cq3gdah0m2quystm4cqn"],"amount":150},{"n":1,"addresses":["prl1plrc0ed7pvy64prrj3fhs45e9nx58p24v5a98zkdgv8nj3nf5vw0q49gey0"],"amount":22.02491995}]}