{"txid":"57382ba524020e468e4f142c0b8e22180a669ea910ef86bfb5b5f8fb1ea61a21","block_height":null,"time":null,"vin":[{"txid":"57382ba524020e468e4f142c0b8e22180a669ea910ef86bfb5b5f8fb1ea61a21","vout":1,"amount":392,"coinbase":false},{"txid":"ae04e59705b58d860ee91d2e1fcc19fc05acaa7c53deddaffa200a71e61f832c","vout":105,"amount":314.64826503,"coinbase":false},{"txid":"4edf237f34d022019823b77d9057cf66bf2f7ebc515176e4af730410645c8936","vout":50,"amount":294.46375099,"coinbase":false}],"vout":[{"n":0,"addresses":["prl1zhamwvzu76g87vsz935dryc5w0m2mugj6xdgje4daxrrd3u0zem8sms29u3"],"amount":1000},{"n":1,"addresses":["prl1p7nw68jmar6xle9ua424s995pgtm5pctzy8rh3fzrttg9k2uqdljqwvlcg3"],"amount":1.11198902}]}