{"txid":"dfd75bb17eba15dc4676bdf0deb15d39e58b30965ca32b4380a834146ee112a7","block_height":null,"time":null,"vin":[{"txid":"dfd75bb17eba15dc4676bdf0deb15d39e58b30965ca32b4380a834146ee112a7","vout":0,"amount":99.99998166,"coinbase":false},{"txid":"0027b5410082543bfd3f31d50ebf4f57c82eb7db9733eab77bb341fcc98c9dd3","vout":0,"amount":77.28313593,"coinbase":false}],"vout":[{"n":0,"addresses":["prl1pvrp72xenxegde08gysny2e7pfntw2ckdwyny724wdfz7wx8mawdq5cyxp9"],"amount":77.28310613},{"n":1,"addresses":["prl1z2sx8swu6gvwxn0wed2r6zu539cz9x8cmkqxdhfkmt5la5l2m3hxqkyj9qn"],"amount":100}]}