{"txid":"3e54511dec0f326ad3fcf25660cdba00eb8b4379e988ef3bea2c89b0c1adec9f","block_height":null,"time":null,"vin":[{"txid":"3e54511dec0f326ad3fcf25660cdba00eb8b4379e988ef3bea2c89b0c1adec9f","vout":1,"amount":5861.99998846,"coinbase":false}],"vout":[{"n":0,"addresses":["prl1z4khfwuryz8cfue025xxss0pr4g6mahgl5xsju80a2aeqr9l3fm8swgde2z"],"amount":5700},{"n":1,"addresses":["prl1p3nzytxu42adq6u7wa3hd6v7x4gayysjj9jpaa3qtpthj7r7e72hq8gjmv0"],"amount":161.99998692}]}