{"txid":"a9f45262c009d8532ade71a18f732f584c8ed643358bbe9b3cefe0361372a4ab","block_height":null,"time":null,"vin":[{"txid":"a9f45262c009d8532ade71a18f732f584c8ed643358bbe9b3cefe0361372a4ab","vout":0,"amount":100.99999,"coinbase":false},{"txid":"d1a920c38eb9704dcb0a142fa44b0e6c5b1ff7f2e61fc18cf8ff7f75958f8706","vout":1,"amount":0.9768473,"coinbase":false}],"vout":[{"n":0,"addresses":["prl1z4l6z9q7pwvau84a7cf8ewh3narwg7w3av6v96neye2mcqdp6a3hswnek0t"],"amount":101},{"n":1,"addresses":["prl1p46twjaensrtas4xvg9gl6sz30der52rlka8ngm58d4yxqeznm4csfx7yxr"],"amount":0.97683518}]}