{"txid":"21f7186a2e07745f613d265eed226de22c78027abcf9500d68e215466b70ee8d","block_height":null,"time":null,"vin":[{"txid":"21f7186a2e07745f613d265eed226de22c78027abcf9500d68e215466b70ee8d","vout":456,"amount":65.70671199,"coinbase":false},{"txid":"649664df34ce184d501624cfe3a0f59b23189b67f8505bbb02b8b90dde711227","vout":519,"amount":33.88425995,"coinbase":false},{"txid":"ae04e59705b58d860ee91d2e1fcc19fc05acaa7c53deddaffa200a71e61f832c","vout":31,"amount":8.02653647,"coinbase":false}],"vout":[{"n":0,"addresses":["prl1zlz227fxmg2rkzm358ymxg3vsxk59thfekgntnaed29ej8fl25xtq54lua8"],"amount":103},{"n":1,"addresses":["prl1pthq92ke003r5ka4wdwy8kttvuz4qxsreyvps30pvhq6pxh3xwlzq9nt24l"],"amount":4.61750571}]}