{"txid":"6f0e44333af66b2b5a898d69f8804e350a0c9df8bde0e7c66ebe84d80fd3814f","block_height":null,"time":null,"vin":[{"txid":"6f0e44333af66b2b5a898d69f8804e350a0c9df8bde0e7c66ebe84d80fd3814f","vout":1,"amount":125.27933929,"coinbase":false}],"vout":[{"n":0,"addresses":["prl1p8u6z3683l0tn97caen8nmyhl9nd5gauppfehmqhwr2nrqsy88cusq3j0hk"],"amount":0.27928897},{"n":1,"addresses":["prl1zs3gva5gajss9lyax6vle0u37m8ddj29ya26ctvgph794y9tv2mrsa47jl4"],"amount":125}]}