{"txid":"48932084283db5e918074813201e1c4c37a45dd1d6230b326d69ec6febe649ac","block_height":null,"time":null,"vin":[{"txid":"48932084283db5e918074813201e1c4c37a45dd1d6230b326d69ec6febe649ac","vout":1,"amount":1160.12765586,"coinbase":false}],"vout":[{"n":0,"addresses":["prl1zjz95pzwfj82du2vusfmuuk430wsjqmppfmr7dzpa3qwjhsyp3v5q375lhg"],"amount":1000},{"n":1,"addresses":["prl1peeq0s7zufusjn3mutcpw9lct5vwpncavqg0khy98tc2jq3qm52hslvhmyr"],"amount":160.12765432}]}