{"txid":"1560fa97524bdd50c6196a4b9ee095383f3fbaa757a1e9e8a6c1dda1d6f0e243","block_height":null,"time":null,"vin":[{"txid":"1560fa97524bdd50c6196a4b9ee095383f3fbaa757a1e9e8a6c1dda1d6f0e243","vout":0,"amount":1999.99999,"coinbase":false}],"vout":[{"n":0,"addresses":["prl1zsawz4n7kk5nfuquv27aahlgsvfsrg3mtnlu90sfxvlcm5nyk4zaq8wfhyp"],"amount":511},{"n":1,"addresses":["prl1p6uru6mlaafyx7tg8medn73qmpfruxg9xrkj9g89ze2fj7exza79s5p3g0t"],"amount":1488.99998167}]}