{"txid":"b01a8d30c2a05fb8df1c365437c52f507e9becddbd910b6f2e6bb3f867204eae","block_height":null,"time":null,"vin":[{"txid":"b01a8d30c2a05fb8df1c365437c52f507e9becddbd910b6f2e6bb3f867204eae","vout":0,"amount":999.99999,"coinbase":false},{"txid":"ba773a6522f1e9cc9e5c41b6eb5eb01cd6dcb7a67e2766a543dd8f50acd4dfb0","vout":0,"amount":106.4199785,"coinbase":false}],"vout":[{"n":0,"addresses":["prl1pf6ucw64murj4rznrstlvy2fgy0scpfnd4etuptve652d5ppuctuqe7xf8m"],"amount":6.41994707},{"n":1,"addresses":["prl1zntp23j0hy5yxmz5y54vms9ttyfltl8awfulc564d6gs3vvxwh06s7vagvk"],"amount":1100}]}