{"txid":"15f2405bbd2b7fe801125ed2fd5a5c43b428ce172bb2081f0ede143cd0d628ce","block_height":null,"time":null,"vin":[{"txid":"15f2405bbd2b7fe801125ed2fd5a5c43b428ce172bb2081f0ede143cd0d628ce","vout":0,"amount":99.99999,"coinbase":false},{"txid":"46e74eee25d84cfbe9c093ebb66b640d1f71112ae739fb2b16936ab2801e4372","vout":0,"amount":1.72118812,"coinbase":false}],"vout":[{"n":0,"addresses":["prl1p9vlfy03um5ncna9cpj9aky6wkvh6ezu74zx82hg9f6vgkz6dtjuqnrqhlg"],"amount":1.72106656},{"n":1,"addresses":["prl1zjne4d4gz7res5k9d0utmkx8aszsqq0nk8pqxer38s4vqk34huqmsdl7jwp"],"amount":100}]}