{"txid":"b5982c5555daa4b2a81738d74e70c92d015289caabd190ebf02c43545ce07b41","block_height":null,"time":null,"vin":[{"txid":"b5982c5555daa4b2a81738d74e70c92d015289caabd190ebf02c43545ce07b41","vout":1,"amount":1849.99999692,"coinbase":false}],"vout":[{"n":0,"addresses":["prl1zja7vkjl9ctzeaqnt8wwcvea9h2qlzdruu39c56k5h2sje9cdjmzsjlw37z"],"amount":1000},{"n":1,"addresses":["prl1phhur8qkwflja3729gdln50vdpt2rg3nwzt4xnxesmvh3n049agfq90hp7g"],"amount":849.99999538}]}