{"txid":"b393d3442fe25893693ce11b476e00ccf9e883c3e0b6dc21b1d5553255bd69dd","block_height":null,"time":null,"vin":[{"txid":"b393d3442fe25893693ce11b476e00ccf9e883c3e0b6dc21b1d5553255bd69dd","vout":0,"amount":2221.31390735,"coinbase":false}],"vout":[{"n":0,"addresses":["prl1p6yfq6uyyw3j6g8923zrwsn2vf5a2rkz8qtulapq47897ca7m0skqv55q7e"],"amount":250.31389185},{"n":1,"addresses":["prl1z09psgpz5y4lpdvkrp2n43nwq43750c22vqtmh2jpswk8vxh2mrnschus94"],"amount":1971}]}