{"txid":"f88a5e3ce3aafb52256ce84e6b9d1a6e4dec7e3d8ddf8f2814215eaa0d21c8ec","block_height":null,"time":null,"vin":[{"txid":"f88a5e3ce3aafb52256ce84e6b9d1a6e4dec7e3d8ddf8f2814215eaa0d21c8ec","vout":0,"amount":1078.99999215,"coinbase":false}],"vout":[{"n":0,"addresses":["prl1zpjgm6xwcstgsw7qfjmahp0hmrt7rv92eaz9t88q3hljy2fj607zqhm7qum"],"amount":1000},{"n":1,"addresses":["prl1p209gdfdx4vl4y229jsqgx7rrncxpjpt2dgczqm7s8etpy0v60adqq05623"],"amount":78.99999061}]}