{"txid":"5975ade19ed4ab8f7ae9cb91e8cfacbd5e09f9e45a48fa4719eda4290e7d7ac7","block_height":null,"time":null,"vin":[{"txid":"5975ade19ed4ab8f7ae9cb91e8cfacbd5e09f9e45a48fa4719eda4290e7d7ac7","vout":0,"amount":11399.99999,"coinbase":false},{"txid":"d3ce4b275b6721a6846c36c2aa840092ddb78a5f4dfd04a5f65eaaa03e52b6ce","vout":1,"amount":14.09771314,"coinbase":false}],"vout":[{"n":0,"addresses":["prl1zmmdv58494ke2kaflck44d6p9hmm6f8ad8feukugk5cz8p7lkr2esdp4w05"],"amount":11400},{"n":1,"addresses":["prl1ps96adt4cjar3d4hs3m7sgqs7gjcxqgf2u7peflpwxhq5hp2h0y5qwlfhvd"],"amount":14.09770102}]}