{"txid":"e0e53696e38f56416ed321361cc1a8c0debce724c56b8fbfa4035e140e3fdb14","block_height":null,"time":null,"vin":[{"txid":"e0e53696e38f56416ed321361cc1a8c0debce724c56b8fbfa4035e140e3fdb14","vout":1,"amount":5199.98998152,"coinbase":false}],"vout":[{"n":0,"addresses":["prl1zj3e5r8umxqu6k303hfgvtuyvnsf0yzl57malg2ptjhfry8zpp6essem5jf"],"amount":222},{"n":1,"addresses":["prl1p209gdfdx4vl4y229jsqgx7rrncxpjpt2dgczqm7s8etpy0v60adqq05623"],"amount":4977.98997998}]}