{"txid":"6b433d9a72c20e4446106eab119fb2b71b1860e791d7ddb783991b484be016be","block_height":null,"time":null,"vin":[{"txid":"6b433d9a72c20e4446106eab119fb2b71b1860e791d7ddb783991b484be016be","vout":0,"amount":11795.95210483,"coinbase":false},{"txid":"68aaca185c515d47fe1808d16c5e94f8d2b10ed30b8b5eb0b23f8cdfa7a6a8b4","vout":0,"amount":1100,"coinbase":false},{"txid":"3cf900b0d8f4108fe740e4b7b71caa383cca6806e81ab8b84171e7c8c7a0d48b","vout":1,"amount":21.7486117,"coinbase":false}],"vout":[{"n":0,"addresses":["prl1zxa6cttdglpwmr8v2h6x2jt8mmx4cxkkkenkjhrnczs8yt57h5nwsq5keq6"],"amount":12900},{"n":1,"addresses":["prl1p9227tkvlhul8aqd4xpcgk8y3303hllehs8akft9zuyjqklfp3z6qj0m75f"],"amount":17.70071383}]}