{"txid":"6dabc86d03334716976d8a40c1a051d2faacc9eac7ffbf470a925eb692289eb8","block_height":null,"time":null,"vin":[{"txid":"6dabc86d03334716976d8a40c1a051d2faacc9eac7ffbf470a925eb692289eb8","vout":61,"amount":170.23355381,"coinbase":false},{"txid":"ff6fccfb5b7834e7006e5ccecef32af1960465f10f51f48d0b6a5f155b17bcd2","vout":1,"amount":51.61325525,"coinbase":false}],"vout":[{"n":0,"addresses":["prl1zzgptl9an4xf46g8h6z8g0h7pzx7sd7yy8slh062dt82x2nyzfflsl2t4zs"],"amount":200},{"n":1,"addresses":["prl1p2zu56gqek8ws9k9y40x7vvpj43x7anjysjfr4vd000jfjkufdqash09tu2"],"amount":21.84680694}]}