{"txid":"6ee546b7f3fb5a1a826d1bbfd12ff394b0da613189f435d3767e7dd9f57f5f3d","block_height":null,"time":null,"vin":[{"txid":"6ee546b7f3fb5a1a826d1bbfd12ff394b0da613189f435d3767e7dd9f57f5f3d","vout":0,"amount":95.54740936,"coinbase":false},{"txid":"d1321634f24ab09c55dc749f08e85a142f8098a364b243e5e83f9b4e6cc15ad6","vout":515,"amount":52.52894193,"coinbase":false}],"vout":[{"n":0,"addresses":["prl1zmdskfn0ret70lqcknf4rqhnduxg3kr5klexdftrphchsk3fnyf6qs2su9m"],"amount":100},{"n":1,"addresses":["prl1px69ghcseym7878nryrlsjdk2p9wez3xlpg07hzx4qkh4vqctcfpqcvtscs"],"amount":48.07632999}]}