{"txid":"8d700f1d25c1a3b85cb0f280622f978b4741943c265651e08c686469cbe2c162","block_height":null,"time":null,"vin":[{"txid":"8d700f1d25c1a3b85cb0f280622f978b4741943c265651e08c686469cbe2c162","vout":0,"amount":2687.49712139,"coinbase":false}],"vout":[{"n":0,"addresses":["prl1paqz05vxyh034jath87wjytr02540k87d7jpfk2vfnffl3a3y9eyqx9vhs2"],"amount":644.49710589},{"n":1,"addresses":["prl1z29p94xzvre0g7gsp2t43dqtta5m8mrduswakdpwxgrysvdf47sxsv0g2ct"],"amount":2043}]}