{"txid":"43c53c6caf26e512795b6551cc65fe0998f49302a005e1affd39b3c809c26623","block_height":null,"time":null,"vin":[{"txid":"43c53c6caf26e512795b6551cc65fe0998f49302a005e1affd39b3c809c26623","vout":32,"amount":503.13647208,"coinbase":false},{"txid":"9bc6d13d3e62c44fa43fd4751d1cb617ddf8b84081a08edbe19928bb4bc87d70","vout":0,"amount":225,"coinbase":false}],"vout":[{"n":0,"addresses":["prl1p4whqpp0m6k8shx9axqers0pz3xex9mf99ee6phfuse99yw0k3lds3rc3ww"],"amount":0.13646065},{"n":1,"addresses":["prl1zmcqt6arnlywez9s8jmzujak9jghnw7c7z5qq6dl0hdjqd0p40dpqkt7cdp"],"amount":728}]}