{"txid":"9bf5528831abc1b93b0d63c0e550a4bb5c5cf457c9be33ba689f56703f09385f","block_height":null,"time":null,"vin":[{"txid":"9bf5528831abc1b93b0d63c0e550a4bb5c5cf457c9be33ba689f56703f09385f","vout":1,"amount":116.50417846,"coinbase":false},{"txid":"775b5346e029d1b09612eddfa9472c2374348aa029179529d071855b5489fd3e","vout":0,"amount":55,"coinbase":false}],"vout":[{"n":0,"addresses":["prl1zax42xqlujv8tehuy9lxw3yzlf2ty7r0hzqmmn9x2kh340z6txwts7nxan3"],"amount":171},{"n":1,"addresses":["prl1pset8zrslzhm0mh8eq253h6sc6wuv42n79z8lt4sdtyckhca3acnq0ktrng"],"amount":0.50417633}]}