{"txid":"2568d33a75930ec4fe15f8c01552e6730653feda7709573b89447aa81e4d3848","block_height":null,"time":null,"vin":[{"txid":"2568d33a75930ec4fe15f8c01552e6730653feda7709573b89447aa81e4d3848","vout":0,"amount":2030.3202161,"coinbase":false}],"vout":[{"n":0,"addresses":["prl1pj2lst86kk00rstyzvtjzrcvchqecv3pchmae9lq65sha8w4ngvlsaefka3"],"amount":1030.3202006},{"n":1,"addresses":["prl1zpz2tnq3js53rlccj7qxl5dt3xevrpjsf35q47t3mkxqpczvr6dys582nga"],"amount":1000}]}