{"txid":"f1f14e467c88fbff1452af29829f99356852f94fd5b7457163c78ee54f3f524b","block_height":null,"time":null,"vin":[{"txid":"f1f14e467c88fbff1452af29829f99356852f94fd5b7457163c78ee54f3f524b","vout":0,"amount":62.58995492,"coinbase":false},{"txid":"dfa29d2109a473c93fa3d8218ab73cfefa7e98ed7a7dcbb3f989e37cd846bfe8","vout":44,"amount":53.83943946,"coinbase":false}],"vout":[{"n":0,"addresses":["prl1phpm44y927y8mltz8ceyacmx8wkvuys5r2ue6jqzz049rdm8mdegq4k0ly2"],"amount":11.42937297},{"n":1,"addresses":["prl1z6maw9dxagkjxcm7ndrdnclgcuydhvglty8j87g73tng5eveuva5qp2c34r"],"amount":105}]}