{"txid":"9de24359d9df61f7ca589c0d2a01f093caf799ad1f4ab3de7bd31c22ce068789","block_height":null,"time":null,"vin":[{"txid":"9de24359d9df61f7ca589c0d2a01f093caf799ad1f4ab3de7bd31c22ce068789","vout":1,"amount":61,"coinbase":false},{"txid":"33cc12f487b77d7a377289a5088e6b27aa635c7506647d7198c186b9c226d860","vout":450,"amount":40.96613511,"coinbase":false}],"vout":[{"n":0,"addresses":["prl1p9dy77wtlwupf7unpy5z9x09ltll6fpux2f8g3thw9u93k9f9gl6qjjcqjt"],"amount":1.96612344},{"n":1,"addresses":["prl1zgm07r4ca0dzeng5hws7umhwsed62w5wyzk2g7k0mxlwlcxpa40ssdcnfru"],"amount":100}]}