{"txid":"57ad7588ba2b4a826b393d4af5bd09ea91011cf09513e3e3924d87c4ee655563","block_height":null,"time":null,"vin":[{"txid":"57ad7588ba2b4a826b393d4af5bd09ea91011cf09513e3e3924d87c4ee655563","vout":618,"amount":338.9441674,"coinbase":false},{"txid":"57ad7588ba2b4a826b393d4af5bd09ea91011cf09513e3e3924d87c4ee655563","vout":61,"amount":163.43598098,"coinbase":false},{"txid":"57ad7588ba2b4a826b393d4af5bd09ea91011cf09513e3e3924d87c4ee655563","vout":78,"amount":11.02417001,"coinbase":false}],"vout":[{"n":0,"addresses":["prl1pt2zfw9w97sqsrcmj35rfdyswdeqk3ma32wj2zzfppfktsng553uqhnjwqr"],"amount":3.40430368},{"n":1,"addresses":["prl1zuswm7avmt236kvtg3ycnsy3n9sgags49gvlnyjjnz5lrmkaqaehqnpx70k"],"amount":510}]}