{"txid":"cb7268d04b62c348cb3434b5294acd6069ea1baaff0815c2728fe35c5e614428","block_height":null,"time":null,"vin":[{"txid":"cb7268d04b62c348cb3434b5294acd6069ea1baaff0815c2728fe35c5e614428","vout":0,"amount":18833.80133741,"coinbase":false}],"vout":[{"n":0,"addresses":["prl1pge80mcec4zywkkac3ha7cszw4sj4rxj7a2zqtszg5hvhtzgyvyzstz36h9"],"amount":15833.80132916},{"n":1,"addresses":["prl1zlhelge65sx4ceqay5cdr5hqdcehpjwp4hpane7gxtvwj67a08s0ql8rqes"],"amount":3000}]}