{"txid":"48106cf4b7b6cf796c74e5195bb92de2989b0cc31fd9898acef835aa1096a24a","block_height":null,"time":null,"vin":[{"txid":"48106cf4b7b6cf796c74e5195bb92de2989b0cc31fd9898acef835aa1096a24a","vout":0,"amount":524,"coinbase":false},{"txid":"f5d17d59610d0259b3ab09e0503c6254913bd3d6b4f85408be27ea5a69a2e885","vout":0,"amount":282.91216331,"coinbase":false}],"vout":[{"n":0,"addresses":["prl1zkuur30hs6c600s9sgafj00mcuukfsc3lruy74vv3x7hm9qy77m3qscjphv"],"amount":653},{"n":1,"addresses":["prl1pt5k804h02fufx98rpk7n58zstacjzwrc7eharfyq23up9qt9ykwq3qgds9"],"amount":153.91216119}]}