{"txid":"609d03ca189d355a0de56ecb922c8b89308e29ca04908b585049e01dfc05744a","block_height":null,"time":null,"vin":[{"txid":"609d03ca189d355a0de56ecb922c8b89308e29ca04908b585049e01dfc05744a","vout":264,"amount":340.38294089,"coinbase":false}],"vout":[{"n":0,"addresses":["prl1pq7mlmyafsk050sm0pnnpq0u82xhmnhh0qry9ynvk38nwhatkjq7q2xtty2"],"amount":140.38293246},{"n":1,"addresses":["prl1zy5v4pvxt8m9pt7zp0s9cjuqw5x46p90vtmnq94mzc7q6wk8g9s2qzxtylj"],"amount":200}]}