{"txid":"13357ebdb0cea6bffefe60a4a81be49c265a104e382acb80694ccc678ec3cf35","block_height":null,"time":null,"vin":[{"txid":"13357ebdb0cea6bffefe60a4a81be49c265a104e382acb80694ccc678ec3cf35","vout":486,"amount":104.87812703,"coinbase":false},{"txid":"d1321634f24ab09c55dc749f08e85a142f8098a364b243e5e83f9b4e6cc15ad6","vout":599,"amount":61.3501295,"coinbase":false}],"vout":[{"n":0,"addresses":["prl1z6j0wywygh8thn97ecy705vrcerpjw564u3xm3kajepv6k5ajvzuq3qc2d2"],"amount":166},{"n":1,"addresses":["prl1pdrgp6mf55hyvkupktzvj2wtqqkgw4menece6ar0r9ft79clgpweqmkrp56"],"amount":0.22770472}]}