{"txid":"2fb95be6a78ce8331a20f2bed5a8bc280463dcf0ed51d45babc1b66a654bd29b","block_height":null,"time":null,"vin":[{"txid":"2fb95be6a78ce8331a20f2bed5a8bc280463dcf0ed51d45babc1b66a654bd29b","vout":0,"amount":598.07835709,"coinbase":false}],"vout":[{"n":0,"addresses":["prl1zct9749sysyk22uc2z3y9u0aksgksl98v7dgx87h6324zh88y30uswkxx0t"],"amount":598},{"n":1,"addresses":["prl1pq97mgvn7gxgn5gxtuwancd5x00z6mqzp0q56x7d9uz32qvw4sn3qxk5r72"],"amount":0.07835555}]}