{"txid":"13338b3fe53993170ccd22edfe6aa9052a3fc517973f8c2d646dbca9d98027f2","block_height":null,"time":null,"vin":[{"txid":"13338b3fe53993170ccd22edfe6aa9052a3fc517973f8c2d646dbca9d98027f2","vout":0,"amount":964.99999,"coinbase":false},{"txid":"dc101626d1371d083b829f7aa9ddf02fffea42947a1cd43431cb4460a2c3e2e2","vout":1,"amount":0.44246219,"coinbase":false}],"vout":[{"n":0,"addresses":["prl1zkgepgcpd3dkzenchswtvsnq4ast58vuulrx6uct4xx2me98z7xes9cjgsq"],"amount":965},{"n":1,"addresses":["prl1pj8usj8x7vjzhedevpecw9nf3n9f6fx0yve0hd46fg93w6qlnkd0q0utgy6"],"amount":0.44245007}]}