{"txid":"78632ba1c17d8f2ead3af7f0d4748bf4ea40f3b6cd76ac87dab8152ba11af818","block_height":null,"time":null,"vin":[{"txid":"78632ba1c17d8f2ead3af7f0d4748bf4ea40f3b6cd76ac87dab8152ba11af818","vout":0,"amount":3320.99999,"coinbase":false},{"txid":"8d99838db851411afc90079ccc053eb095ee2f7ef71d158ad51614ba51386967","vout":1,"amount":9.7244236,"coinbase":false},{"txid":"0839a0729e8381c07d29a49c5b0ba8a690712202b16ba2db08558c80253d9fd0","vout":1,"amount":0.5964589,"coinbase":false}],"vout":[{"n":0,"addresses":["prl1zgna5zpnhnxyvwur4xx5m75mmyvxm2v9052f6xrsgev9yvmtl7ycsqadq6a"],"amount":3331},{"n":1,"addresses":["prl1p346r0pzjm6p792nqm7l78zynx4kxf255ydrtlqpp6xf9pjqpt9jsnp72ve"],"amount":0.3208698}]}