{"txid":"359529f3e30e5d8f96da362eeec689d72496b4ad8a4d8bed0e1d083364d92229","block_height":null,"time":null,"vin":[{"txid":"359529f3e30e5d8f96da362eeec689d72496b4ad8a4d8bed0e1d083364d92229","vout":1,"amount":1283.99992903,"coinbase":false}],"vout":[{"n":0,"addresses":["prl1zkuf40szp6rk0ej7m2h2c0fmh5c675vrxy0wrg2tqaug7q9rdqz5qkr9rzy"],"amount":968},{"n":1,"addresses":["prl1p209gdfdx4vl4y229jsqgx7rrncxpjpt2dgczqm7s8etpy0v60adqq05623"],"amount":315.99992749}]}