{"txid":"50e895ced1dee4d9fa3bfafe70bc7e0221b5c47ba76dfdcc8ce02d600694640c","block_height":null,"time":null,"vin":[{"txid":"50e895ced1dee4d9fa3bfafe70bc7e0221b5c47ba76dfdcc8ce02d600694640c","vout":0,"amount":99.99999,"coinbase":false},{"txid":"447e0d4e470cfe1114d7a7bca0d5634b82742e91fb4c157875c7790155a5ecbc","vout":1,"amount":37.99998846,"coinbase":false},{"txid":"19a77d099a3df35691c996327876a323a20639b3f477d7bf85eeab1089160ab4","vout":1,"amount":14.31295701,"coinbase":false}],"vout":[{"n":0,"addresses":["prl1zjdtv4wqfyqseuyfexvtpj6f6ufnmja74xuhlhydsehm3aegmk2sq8k89g7"],"amount":150},{"n":1,"addresses":["prl1p3mzfwrw9y2tpj9cyfxw3nzusyevvwmulwkarwpqpgrnl9k542xqsqc6220"],"amount":2.31293277}]}