{"txid":"649664df34ce184d501624cfe3a0f59b23189b67f8505bbb02b8b90dde711227","block_height":null,"time":null,"vin":[{"txid":"649664df34ce184d501624cfe3a0f59b23189b67f8505bbb02b8b90dde711227","vout":298,"amount":143.6267277,"coinbase":false},{"txid":"afea00bf52804a56e2bc28eef5f4f2e9f8cd3e95c4dd70d250787e540d7e9bd5","vout":0,"amount":86.79887634,"coinbase":false},{"txid":"21f7186a2e07745f613d265eed226de22c78027abcf9500d68e215466b70ee8d","vout":340,"amount":35.84279729,"coinbase":false}],"vout":[{"n":0,"addresses":["prl1plseztuq6qzd6u2v8pn93u9s7sgdcdgelfg72jytp0x0halg92wwq9sus4h"],"amount":6.26838687},{"n":1,"addresses":["prl1znf28ew584x4p5qxthhgm48mrutdzxaumc556pnqjrvtaasz6uagqarnv4k"],"amount":260}]}