{"txid":"3a33ccfbe9508fa2506169f38ca2763544a89b0d3da0c007bbd680e836e08083","block_height":null,"time":null,"vin":[{"txid":"3a33ccfbe9508fa2506169f38ca2763544a89b0d3da0c007bbd680e836e08083","vout":0,"amount":326.99999,"coinbase":false},{"txid":"fc9ede484984fac79b2f093d955d30e6ac4dd7277ceb466ca6fcf5bf0e2bdaaf","vout":1,"amount":0.9999821,"coinbase":false}],"vout":[{"n":0,"addresses":["prl1z0xnseskh9cns9s9044m3cenraal7dnw34auyw4pkf95vdd5729aqmn0p0d"],"amount":327},{"n":1,"addresses":["prl1p30fd8q53f6k6m87celwpcmmcp4kpl0ucz50wxsxymst9u53gayzqw8y8dh"],"amount":0.99996998}]}