{"txid":"649664df34ce184d501624cfe3a0f59b23189b67f8505bbb02b8b90dde711227","block_height":null,"time":null,"vin":[{"txid":"649664df34ce184d501624cfe3a0f59b23189b67f8505bbb02b8b90dde711227","vout":405,"amount":135.81462082,"coinbase":false},{"txid":"43c53c6caf26e512795b6551cc65fe0998f49302a005e1affd39b3c809c26623","vout":75,"amount":127.95970182,"coinbase":false}],"vout":[{"n":0,"addresses":["prl1plmr0dk5fwrfdkrtsrtfxdgpag5kldq2cme73696p02uag77z67ysxdl9rl"],"amount":8.77431116},{"n":1,"addresses":["prl1zlyncwsq6a8wvnkaa5vkyrzpj5lysqg09mksdhls8qlxtcm2sz3csd50z80"],"amount":255}]}