{"txid":"71938485053bee30ab95cd6cd58acb7c8b96e71eaf1814cae8f24ed09414fc71","block_height":null,"time":null,"vin":[{"txid":"71938485053bee30ab95cd6cd58acb7c8b96e71eaf1814cae8f24ed09414fc71","vout":0,"amount":200,"coinbase":false},{"txid":"bd30ead9459aff58b8a7773bd8a56e2af7e7cf6375d9da0e9831abe7186bc89b","vout":1,"amount":0.40558787,"coinbase":false}],"vout":[{"n":0,"addresses":["prl1zcew9g3un9sjg4rp5gzl05qsu9kge92rlvvq3xxasv8jese0w4kcsymnyxd"],"amount":200},{"n":1,"addresses":["prl1pgh327pe3vycllceplns8jvcayhxwwhsgh92eq54ed8dj8z373q0qtpelxr"],"amount":0.40558575}]}