{"txid":"f45b72667a67f3346af45b7815197dbcf6cbe1184795e8de7b9c9b22d26b04a5","block_height":null,"time":null,"vin":[{"txid":"f45b72667a67f3346af45b7815197dbcf6cbe1184795e8de7b9c9b22d26b04a5","vout":1,"amount":222.1356528,"coinbase":false}],"vout":[{"n":0,"addresses":["prl1znhl86a626fxssd2zr7suknfa4x8shx2hsvhny8wkf0tefsjc44hqc602dl"],"amount":200},{"n":1,"addresses":["prl1px0xy0rzp8g7hm8rzn5cmuaj03yns7csnjc899htgg6m4ek08plgsxg6aeq"],"amount":22.13565126}]}