{"txid":"4f67bba54896f22d5b94826840352a51e5445b41c3913ad43c67fa8c31bfffb1","block_height":null,"time":null,"vin":[{"txid":"4f67bba54896f22d5b94826840352a51e5445b41c3913ad43c67fa8c31bfffb1","vout":1,"amount":364.88615946,"coinbase":false},{"txid":"54b9500de99ba3799f1c52488b60f39a991a72e33cd1aee885c7119b4a684836","vout":24,"amount":28.88658426,"coinbase":false},{"txid":"649664df34ce184d501624cfe3a0f59b23189b67f8505bbb02b8b90dde711227","vout":185,"amount":27.47886173,"coinbase":false}],"vout":[{"n":0,"addresses":["prl1zpdv2wfszlzm4y9qp95gy740je7ldvsyeymgj3ffj77vt5u3ftz9svstc5c"],"amount":400},{"n":1,"addresses":["prl1p00330xumy7rdavdd4pd9rnzftegz2u9395xzvd7wgcm3ulexu6yspuee3u"],"amount":21.25160275}]}