{"txid":"9f7138be53f14ded871039085fbb4dd094a0f598745d270e1a47b88a9f787fb5","block_height":null,"time":null,"vin":[{"txid":"9f7138be53f14ded871039085fbb4dd094a0f598745d270e1a47b88a9f787fb5","vout":10,"amount":1008.22149017,"coinbase":false},{"txid":"f435728a5e04f2026649ce6a19d82c789e5fd36273e46fbfb5d1f41146aee625","vout":4,"amount":728.12509388,"coinbase":false}],"vout":[{"n":0,"addresses":["prl1zkd4mr44ncffgdkpfpfs5m86vjdltvcp3mewr2c6xhmw65l4ucrmqettcpl"],"amount":1700},{"n":1,"addresses":["prl1pajzmd4lyvp2hz2ftsega9w4mt677g0z37rs5na3z433rvjl64zeq8ja537"],"amount":36.34658193}]}