{"txid":"2478f07f7dff8f025cb346002dd3ce2dcc52bb9b1ee40ad5154638b7b8189423","block_height":null,"time":null,"vin":[{"txid":"2478f07f7dff8f025cb346002dd3ce2dcc52bb9b1ee40ad5154638b7b8189423","vout":0,"amount":3999.99999,"coinbase":false},{"txid":"4cfb9e8ecd09b7b20d56d5ea992e6b202ebc867fd0b32240d8eced19e05f19e1","vout":16,"amount":67.97584654,"coinbase":false}],"vout":[{"n":0,"addresses":["prl1zrf9k8qfqp8wpzkvxkww0n9ap0z2zwrf0du50hl83xv9e40n55q4szat8wc"],"amount":4000},{"n":1,"addresses":["prl1p30q4r5gnzuvnzu6w535j6rxm8yds2v6lpwy4leysycsplx3r4mrstte6nx"],"amount":67.97583442}]}