{"txid":"041bf3ece8fe861f82e107679b5de70a60ac02b8bc4b06fa4e6f400d41e7e56d","block_height":null,"time":null,"vin":[{"txid":"041bf3ece8fe861f82e107679b5de70a60ac02b8bc4b06fa4e6f400d41e7e56d","vout":893,"amount":129.89345367,"coinbase":false},{"txid":"fd413b2cf476c48192b823eb1ef0fcdc56702e120106050d623f740236c0e171","vout":498,"amount":67.67611673,"coinbase":false},{"txid":"6af68e7ad60ec5ad0d89b67e4f43a45e6d4918af56ae0461522636cf2b15a3a0","vout":198,"amount":49.25073936,"coinbase":false}],"vout":[{"n":0,"addresses":["prl1ps9tw4k45qtj0ht9t227a3aqft0wrygedd7apllgglnjlhxywyeusvrdvm5"],"amount":46.82030706},{"n":1,"addresses":["prl1zekdnzdylqx5l8ttt3nr645dgcj5mj4t3ln0xgyndvm97yhrnkefq3khrgz"],"amount":200}]}