{"txid":"3c910a79e2bd3ec3daf465455f726720829d6b32e54d9028298f15d473ea9fb5","block_height":null,"time":null,"vin":[{"txid":"3c910a79e2bd3ec3daf465455f726720829d6b32e54d9028298f15d473ea9fb5","vout":590,"amount":105.68723325,"coinbase":false}],"vout":[{"n":0,"addresses":["prl1z60vfl5hqnd7qq9ttxh2gn0hl9aggqtyzeh8cdet9vnu4glhx3n5s5645zj"],"amount":105},{"n":1,"addresses":["prl1plscka7qf46ynmptp8xwwhd0ql9c8a8a557u62jh8mvlvhkrk50sq7ppe4t"],"amount":0.68723171}]}