{"txid":"fc358940667ad938c6108216d94053caf22423608da3835b523ae61aa3974233","block_height":null,"time":null,"vin":[{"txid":"fc358940667ad938c6108216d94053caf22423608da3835b523ae61aa3974233","vout":0,"amount":5492.98139672,"coinbase":false}],"vout":[{"n":0,"addresses":["prl1p26atshl09d720myjzkc4yk9q5ghp5uentyzmvw3v0hrphx0llgtsqhm62f"],"amount":4492.98139517},{"n":1,"addresses":["prl1ztvmyqzah40969vzt7zl89z2p799pxrsdtfnjwxe68lunauqg53nq4rkrxh"],"amount":1000}]}