{"txid":"c377ee230e1b91a981232526bb460a33f606e7be4b3a6e310ed9a96e9f0235b6","block_height":null,"time":null,"vin":[{"txid":"c377ee230e1b91a981232526bb460a33f606e7be4b3a6e310ed9a96e9f0235b6","vout":0,"amount":354.76,"coinbase":false},{"txid":"e5e2e54d85e001fe97f91239abf886e371b665e7cfbdb4d600eabd5fd54a35c8","vout":1,"amount":0.56699846,"coinbase":false}],"vout":[{"n":0,"addresses":["prl1z2zkq5uvd53vlvwwdeedhx54p9qhzz9hfxy9052qhgkn4yq4gkhxsy54k7w"],"amount":355},{"n":1,"addresses":["prl1p9849nsvv3twpqdjxe3v7xk6g0k2upz0vpy4pcyna4fn6v6c8guss2ctcaw"],"amount":0.32699634}]}