{"txid":"44b82786f792f30a2bb256cbedd01863e5daee70a6a80c7a9c2dbbd410cb0cf4","block_height":null,"time":null,"vin":[{"txid":"44b82786f792f30a2bb256cbedd01863e5daee70a6a80c7a9c2dbbd410cb0cf4","vout":0,"amount":100,"coinbase":false},{"txid":"d3721666cf6a6c39728a6fa2f53ae0bf04c6c73bace772b66f03e718813a2fb1","vout":1,"amount":0.23777106,"coinbase":false}],"vout":[{"n":0,"addresses":["prl1zye7fnzlrh0ga7v55tzrd5nzlwy0v676fdq75gym8kv7y894dmgts9ds6kc"],"amount":100},{"n":1,"addresses":["prl1p9849nsvv3twpqdjxe3v7xk6g0k2upz0vpy4pcyna4fn6v6c8guss2ctcaw"],"amount":0.23776894}]}