{"txid":"7ae3ad60bd74c34e4583148fddfc63e7cb1b98b73b8462c0881bf55a8b683a03","block_height":null,"time":null,"vin":[{"txid":"7ae3ad60bd74c34e4583148fddfc63e7cb1b98b73b8462c0881bf55a8b683a03","vout":0,"amount":3330.99999,"coinbase":false}],"vout":[{"n":0,"addresses":["prl1zrm3l2x8vz3xxejecamqkdueluhyfca949gu2adtfszqw496wne4q5s3xqc"],"amount":1352},{"n":1,"addresses":["prl1p346r0pzjm6p792nqm7l78zynx4kxf255ydrtlqpp6xf9pjqpt9jsnp72ve"],"amount":1978.99998846}]}