{"txid":"33cc12f487b77d7a377289a5088e6b27aa635c7506647d7198c186b9c226d860","block_height":null,"time":null,"vin":[{"txid":"33cc12f487b77d7a377289a5088e6b27aa635c7506647d7198c186b9c226d860","vout":476,"amount":442.54080093,"coinbase":false}],"vout":[{"n":0,"addresses":["prl1zvw2xj60p06f83td6pknd4hfltgz2uqe6yj2ku5ty8u4rg2eumf9s3hdk00"],"amount":300},{"n":1,"addresses":["prl1py4cmffxylsu5jzaxqh0030zd3t3ug68c6dyyhmrsxg236gseqhdqu3tf0e"],"amount":142.54079249}]}