{"txid":"21d90ae82af1a003346a77f2fed60877da2d078b5fb1be36da1d0393007ab86d","block_height":null,"time":null,"vin":[{"txid":"21d90ae82af1a003346a77f2fed60877da2d078b5fb1be36da1d0393007ab86d","vout":0,"amount":523.99999,"coinbase":false},{"txid":"49a274f24faf546800d8d8d1f1d5f9a50f54cd4c53dc619ff43dd70b505d00b7","vout":0,"amount":0.68592149,"coinbase":false},{"txid":"ac1573f1bc9d32a388202c785f1900556e716d01e84565abf4214bc28e6a963e","vout":1,"amount":0.57798016,"coinbase":false}],"vout":[{"n":0,"addresses":["prl1predcagwrv0tyduvnw4whcf7jkwnf0cp67wyhev599pc5ftllrjlqc88f29"],"amount":0.26387713},{"n":1,"addresses":["prl1z69djhrzyrz9jnptsrwn0xd8cvu5y5w9kl308fnr8c86e9m0g80lsmj0v0f"],"amount":525}]}