{"txid":"2cf89c34d23be8fe8ffee84e89fbe2b810dcff60152734633915fcb8c30ff98c","block_height":null,"time":null,"vin":[{"txid":"2cf89c34d23be8fe8ffee84e89fbe2b810dcff60152734633915fcb8c30ff98c","vout":0,"amount":4996.99999,"coinbase":false}],"vout":[{"n":0,"addresses":["prl1pqpwrh4ys2p9qf4sfnnguqdy8ee0relxffu53g9l2lamkj9t3g6yqufl4j4"],"amount":1996.9999818},{"n":1,"addresses":["prl1z3xppgc4kncfxvrnwf3pl2e8ekq25q8klx9eslvy8fhnuffed5vjsgwve4u"],"amount":3000}]}