{"txid":"bd58686979ba954252667a1ea9904cc6cedb667dd460530f8606d32483d4add1","block_height":null,"time":null,"vin":[{"txid":"bd58686979ba954252667a1ea9904cc6cedb667dd460530f8606d32483d4add1","vout":0,"amount":2759.81210652,"coinbase":false},{"txid":"45dba03b94fc1d363ca1a8f9f2ca39173fc07d527b51c72cb2699d37c940e7b2","vout":0,"amount":2659.99999,"coinbase":false},{"txid":"b097b4514a10d06ec537a80e4830c9e34a02a9ae796672b791a7aa5651482f91","vout":0,"amount":100.00828309,"coinbase":false}],"vout":[{"n":0,"addresses":["prl1z4w462xzvesp858q6n9k3g6za77gt3rjrt7xg7u87qew623vml8jq56qzjl"],"amount":5500},{"n":1,"addresses":["prl1p5c34lma0lwq20d2hqe3hgsyugyrv08x49jc4jmg6nh2n5rn0hkjsytcwv0"],"amount":19.82036112}]}