{"txid":"b7ebb85a7adfd1bebc98e6622fe849b11f553e7cb82aef9cca8c91672a8f6eac","block_height":null,"time":null,"vin":[{"txid":"b7ebb85a7adfd1bebc98e6622fe849b11f553e7cb82aef9cca8c91672a8f6eac","vout":0,"amount":223.68287279,"coinbase":false}],"vout":[{"n":0,"addresses":["prl1zm27whn8jdu7chd4dck7qy2vujelspndcs8kt6nca7ns8gwgrqnhq94f6r5"],"amount":150},{"n":1,"addresses":["prl1p0qce78emynzses2krthkha5uwuxelz4z6e7wee6592c8ysmmkzmsmph7tc"],"amount":73.68286435}]}