{"txid":"f6c26927e25f171524774b8ddb4809ef652673a90cb847926562aeef55bfba9c","block_height":null,"time":null,"vin":[{"txid":"f6c26927e25f171524774b8ddb4809ef652673a90cb847926562aeef55bfba9c","vout":0,"amount":2001.99999,"coinbase":false}],"vout":[{"n":0,"addresses":["prl1zxv9v8m4xn98wcu009z3dsuvex24prl0lfy56h9x2u7q7cffwnlgs7jppg9"],"amount":300},{"n":1,"addresses":["prl1pfu0e9fxx63s6gq6q0m2mqj4hawqeg9nxun99gcvuqrzktnu8gkrsfz2rkj"],"amount":1701.99998846}]}