{"txid":"21f7186a2e07745f613d265eed226de22c78027abcf9500d68e215466b70ee8d","block_height":null,"time":null,"vin":[{"txid":"21f7186a2e07745f613d265eed226de22c78027abcf9500d68e215466b70ee8d","vout":379,"amount":194.37831429,"coinbase":false},{"txid":"ae04e59705b58d860ee91d2e1fcc19fc05acaa7c53deddaffa200a71e61f832c","vout":228,"amount":15.89623619,"coinbase":false}],"vout":[{"n":0,"addresses":["prl1zca52edyvu2j6sm52e27mz4n8zxsjne0v7zpckp04cau94kfdy8rsnqjguf"],"amount":210},{"n":1,"addresses":["prl1pud6qwaq5f3k8nkt5yudmqskeflzn53gf4rh630lyzes24avkaqjslr37hh"],"amount":0.27453922}]}