{"txid":"ac6466523af6554d4fb27d758bf02b1299ce6d57e03f86dcdd3e4c71e1c8ea0e","block_height":null,"time":null,"vin":[{"txid":"ac6466523af6554d4fb27d758bf02b1299ce6d57e03f86dcdd3e4c71e1c8ea0e","vout":0,"amount":199.99999,"coinbase":false}],"vout":[{"n":0,"addresses":["prl1p9u9fh3qecmvyk6d4r53yv83qe64s6gr3q37nwlznvhl5sf2sm0kq77m6us"],"amount":99.99998166},{"n":1,"addresses":["prl1zr4rt2fx6dm32jxdnefplwpv03m7l30kfa83adc3j834w8j4w4g9q8vmymq"],"amount":100}]}