{"txid":"b96ad8bcaf735be67acce0a8090c1640681c59b36de2c9e131429d43164705f6","block_height":null,"time":null,"vin":[{"txid":"b96ad8bcaf735be67acce0a8090c1640681c59b36de2c9e131429d43164705f6","vout":1,"amount":5785.72223643,"coinbase":false}],"vout":[{"n":0,"addresses":["prl1zvxwtss5ag7cyu4tr3e33z9ncd4crfel335ae0jtxcgg6vuyf7c7slp2jug"],"amount":4500},{"n":1,"addresses":["prl1pwch2ql5ruwhq0jfr9en0yjrs45dmgp57yce4h4s0pxaudkwu7kvqnv3xzr"],"amount":1285.72222814}]}