{"txid":"929ed2a92f7ee2c7b83a47b9225169d0ab19335bf97fc6cae993fe13c8c880fc","block_height":null,"time":null,"vin":[{"txid":"929ed2a92f7ee2c7b83a47b9225169d0ab19335bf97fc6cae993fe13c8c880fc","vout":0,"amount":299.99999,"coinbase":false},{"txid":"e4f1832a920fc1042f3c02bcb4e2726983d61e281f7df2133cdaf9ee467e424d","vout":1,"amount":163.40907708,"coinbase":false}],"vout":[{"n":0,"addresses":["prl1z0rzp0ym0zy0jm9szh05u3jx4dev0j650k8dkuaq2qn5lrncwcyzqpry6fp"],"amount":450},{"n":1,"addresses":["prl1p92ewn9m0jwx6995258h8pj7wwjhtn88d8kpnyyd4uvsgd652ju6qtwfujv"],"amount":13.40906496}]}