{"txid":"5543335bfbfd8ee65250146cce7752a989ef1e40380e0f836dfe1869a36e7a3a","block_height":null,"time":null,"vin":[{"txid":"5543335bfbfd8ee65250146cce7752a989ef1e40380e0f836dfe1869a36e7a3a","vout":0,"amount":6099.99999,"coinbase":false}],"vout":[{"n":0,"addresses":["prl1z5dl5tprznsq7kk3l7pexr3cgrgls9kvk02eg7lkxrfgsy3gzrhjqsx8l0e"],"amount":4000},{"n":1,"addresses":["prl1prlgglhezl4ajhladjuklgtegrjgyhghzwgnxrzesn5d0slupz2qqfmjl56"],"amount":2099.99998846}]}