{"txid":"606827991fb71b797e5a212d897227beede78e9461473aca78aaa0301c002b97","block_height":null,"time":null,"vin":[{"txid":"606827991fb71b797e5a212d897227beede78e9461473aca78aaa0301c002b97","vout":1,"amount":173.45160409,"coinbase":false}],"vout":[{"n":0,"addresses":["prl1pqssne97mvc940ll6pvwzwtal6nldy9kfcwrwnmplshh7uung3vlqknjvl7"],"amount":0.45120254},{"n":1,"addresses":["prl1zpwx5f0840j76nf2z5z2cwlp6fane9eayc3837t2rkdyr6u0700uqgw7vey"],"amount":173}]}