{"txid":"f2279dd1c47bfa78e914e275bd4e98666eb0d0613545765df4ea8ba1c79084df","block_height":null,"time":null,"vin":[{"txid":"f2279dd1c47bfa78e914e275bd4e98666eb0d0613545765df4ea8ba1c79084df","vout":520,"amount":420.04599733,"coinbase":false},{"txid":"05664c3e07edb0b98b2f545c82b188601db725df55493a967c2823202d3ada88","vout":518,"amount":389.77907831,"coinbase":false},{"txid":"862363df6935b9f26c6feec12fc46928cd09ec27199204ad750cede80d9afdf1","vout":51,"amount":386.0441082,"coinbase":false}],"vout":[{"n":0,"addresses":["prl1z6d6v3qkgf3274e69jmpk6m95twuy4qchxj6yyg2fcls07s5q0ztsnad2nh"],"amount":1000},{"n":1,"addresses":["prl1px7kjjj5yfhmxsm7dm6r530xac5snw5ztj733rywq2l2s8wklx9nq5chryk"],"amount":195.86918114}]}