{"txid":"9061b0d603ea0766048379d6e6e1cc02eb4c6e8faf459d98ee3d5909ce5e0e39","block_height":null,"time":null,"vin":[{"txid":"9061b0d603ea0766048379d6e6e1cc02eb4c6e8faf459d98ee3d5909ce5e0e39","vout":1,"amount":2045.6,"coinbase":false},{"txid":"fb2d194a8aa9cbd324c138ecea115fb9044e5407fa55f5b011ba390b0e62b5ba","vout":36,"amount":59.10200972,"coinbase":false},{"txid":"86ca3e2c33af20699fcd4b3035a58f7137008e896f585d509b7609ac6af3c32a","vout":41,"amount":57.75635717,"coinbase":false}],"vout":[{"n":0,"addresses":["prl1zexfmsmervr4ywhh3cnu9vkpq28h9nlprnf5gfcske3qee0hxuh3sfzueea"],"amount":2160},{"n":1,"addresses":["prl1p2zu56gqek8ws9k9y40x7vvpj43x7anjysjfr4vd000jfjkufdqash09tu2"],"amount":2.45836419}]}