{"txid":"47da37419cc985588bac85f159fe00b75dc4d736b7bd6e2f82bfbcf885c2c5d3","block_height":null,"time":null,"vin":[{"txid":"47da37419cc985588bac85f159fe00b75dc4d736b7bd6e2f82bfbcf885c2c5d3","vout":1,"amount":5699.98998306,"coinbase":false}],"vout":[{"n":0,"addresses":["prl1zn2tpayk9rc0hjl2l2mlvnwp7d9hemjnk46x69z4nhrql3u8yqqds0pjfux"],"amount":500},{"n":1,"addresses":["prl1p209gdfdx4vl4y229jsqgx7rrncxpjpt2dgczqm7s8etpy0v60adqq05623"],"amount":5199.98998152}]}