{"txid":"5206387a93bc4274e253748acb54de1492ac1bb9b4bcf7ba1b04c4fa287b3860","block_height":null,"time":null,"vin":[{"txid":"5206387a93bc4274e253748acb54de1492ac1bb9b4bcf7ba1b04c4fa287b3860","vout":15,"amount":428.78958688,"coinbase":false},{"txid":"9643a1270da32454a16d4fad48eee5575605dd697400550f01c63cd274989503","vout":264,"amount":137.89110715,"coinbase":false}],"vout":[{"n":0,"addresses":["prl1zcph6f73unwfx44uge5xazhcdnmh5d6wk8wjfvk960fq594x5ye4q43r6p3"],"amount":500},{"n":1,"addresses":["prl1p2zu56gqek8ws9k9y40x7vvpj43x7anjysjfr4vd000jfjkufdqash09tu2"],"amount":66.68069191}]}