{"txid":"9726c025789d1f4f3506ba79c63557828bffc0a54edb6a61b7d1aef028866771","block_height":null,"time":null,"vin":[{"txid":"9726c025789d1f4f3506ba79c63557828bffc0a54edb6a61b7d1aef028866771","vout":922,"amount":149.20043918,"coinbase":false},{"txid":"16d558136850c9eb1a8bd0960f31eeecb879b6163b1a4d524368d933e9064ddd","vout":677,"amount":78.54459362,"coinbase":false},{"txid":"cbafdd3cda17d36ff6ba7826c1fe13ca9b00a71dc6100f4b2ad79c844857e1c6","vout":592,"amount":59.99281618,"coinbase":false}],"vout":[{"n":0,"addresses":["prl1zydmqkde5f4fs9jjad4uwzed4gg2ql5a5jjnujfung8ad0s6ppj9se62wpw"],"amount":250},{"n":1,"addresses":["prl1pvr5zs9ne32se4uymhgsflp2drq5snt73as6npkm79e3skdhezswq99rzy2"],"amount":37.73768579}]}