{"txid":"3cf17e8decd4947291b5fac1438f80a80dd7d3af00b668478d698472be981bb8","block_height":null,"time":null,"vin":[{"txid":"3cf17e8decd4947291b5fac1438f80a80dd7d3af00b668478d698472be981bb8","vout":1,"amount":1111.81133027,"coinbase":false}],"vout":[{"n":0,"addresses":["prl1zd3zuywg20w3ut0vnlar2f8ajnllc3sff72n0uqg604mw8p7kyzpsrfr20p"],"amount":0.074},{"n":1,"addresses":["prl1pza4xkj2r85hkpwwak8l05v84q3mrqnmldquu30yhhl04tptqt58szjdsx6"],"amount":1111.73732873}]}