{"txid":"b978bbec924d41e46113f309a6c2e9c85ad94b0e99577ff8c47a6e4dba6762f5","block_height":null,"time":null,"vin":[{"txid":"b978bbec924d41e46113f309a6c2e9c85ad94b0e99577ff8c47a6e4dba6762f5","vout":1,"amount":568.03493195,"coinbase":false}],"vout":[{"n":0,"addresses":["prl1zh9el575hscgp6650gwtn2y4tl45w5rag7xa3emk6e3xlv04zvj3s3kn7lu"],"amount":505},{"n":1,"addresses":["prl1p3slg7gshj55vq3na3cgttjwafsfnp56l2q66z98r85gkdvtmsysq28vx32"],"amount":63.03493041}]}