{"txid":"54b33f4c526b127c4c408fbf00e60f1fd2903013316414917fa2a2615bc96549","block_height":null,"time":null,"vin":[{"txid":"54b33f4c526b127c4c408fbf00e60f1fd2903013316414917fa2a2615bc96549","vout":570,"amount":135.93261617,"coinbase":false},{"txid":"2fa9d0cb74fb6e2ef3632fcd47b0f5e2ca467f0814e29291498089550e5a9c16","vout":468,"amount":52.61981995,"coinbase":false}],"vout":[{"n":0,"addresses":["prl1zepspn9kvsyfd6echmmlv8c7zwpptz04s69pq5l0g6nhvdmq78awsq3rh3p"],"amount":150},{"n":1,"addresses":["prl1pefy97fscslmg7ls4nnydj4x2qk87e9g20ztf6d9h0sf0s007flhsghwpnu"],"amount":38.552434}]}