{"txid":"32e4b0c5e2383782ba7e42835aed10b5ab464609eeda1d2e6f126a99fb02d6f0","block_height":null,"time":null,"vin":[{"txid":"32e4b0c5e2383782ba7e42835aed10b5ab464609eeda1d2e6f126a99fb02d6f0","vout":221,"amount":797.63520432,"coinbase":false},{"txid":"d1321634f24ab09c55dc749f08e85a142f8098a364b243e5e83f9b4e6cc15ad6","vout":482,"amount":633.6338299,"coinbase":false},{"txid":"933b5191ca881083faf7174e39959e34453fef8c14da5c991224c99467f1535a","vout":1,"amount":594,"coinbase":false}],"vout":[{"n":0,"addresses":["prl1zu48yhl7xe9sk00stsy4avuqal8fd90u6vd3frzdcy0y9sgaky7gs2kjhtm"],"amount":2000},{"n":1,"addresses":["prl1pas3wxclnlthjtqveyh7nr6fz49hdr4rhscl9tvlhvg4crnavydnse6tjc3"],"amount":25.26894584}]}