{"txid":"c60a8c7c725c2a9e8071ba8fbc0e065e0b84314d4268bae4e875a4918c7e5aca","block_height":null,"time":null,"vin":[{"txid":"c60a8c7c725c2a9e8071ba8fbc0e065e0b84314d4268bae4e875a4918c7e5aca","vout":0,"amount":2768.5273083,"coinbase":false},{"txid":"0fecc964b3efaeac3a9d59153ea0e93cc68d743433160a4c27f52077d0aa7cf7","vout":0,"amount":18.02672332,"coinbase":false}],"vout":[{"n":0,"addresses":["prl1zsz9u3uc7lffehmhy2as4s99uux3v386kqwr3cjcpfhku9j2ggrusew6pn5"],"amount":2770},{"n":1,"addresses":["prl1p7qnz0zqfje3dsj273gwgk088sy4jc4u8rp8fl7dsmayuuvn3dt6sgzpdlv"],"amount":16.55401005}]}