{"txid":"4f6ed7e92667caf8d97fd505767f1be9042dff0a9e34d7dd55b6dc2addc19d27","block_height":null,"time":null,"vin":[{"txid":"4f6ed7e92667caf8d97fd505767f1be9042dff0a9e34d7dd55b6dc2addc19d27","vout":0,"amount":322.99999,"coinbase":false},{"txid":"97901bfe4b627d3695baffb28e35a4a914488c2d1ec7fef813af2105f606054b","vout":0,"amount":0.01903531,"coinbase":false}],"vout":[{"n":0,"addresses":["prl1pxl6rk44k88hetlfefuz0m935ze6f4h2cxvledsyga6g2ld3nn2jqn2uv9p"],"amount":0.01901375},{"n":1,"addresses":["prl1z2zl926u2hfrt7wqa2c2378xj3wea5hls8mmvsh42fvkf8rmf0d6q23mv3p"],"amount":323}]}