{"txid":"66321b71c843976e5b4c28e5d4e9390872f84e227e72b3fe749526dc3cecc600","block_height":null,"time":null,"vin":[{"txid":"66321b71c843976e5b4c28e5d4e9390872f84e227e72b3fe749526dc3cecc600","vout":0,"amount":99.99999,"coinbase":false},{"txid":"44829731f072ef8ab0f6f9a8fb6d0b8ca1d36505d4ceddbaef0e55df0ca5cf1c","vout":1,"amount":88.40604113,"coinbase":false}],"vout":[{"n":0,"addresses":["prl1pev6tlx7kcc3efzjp3qnh6h9xpz26rkfxg2h0aztfsc7stvnf9ceqh7d46k"],"amount":88.40601955},{"n":1,"addresses":["prl1zx08wdjetqfjy9sxfagq9csrc75xk28k3plxhkpslkvajnjhykvjsc4vwya"],"amount":100}]}