{"txid":"9726c025789d1f4f3506ba79c63557828bffc0a54edb6a61b7d1aef028866771","block_height":null,"time":null,"vin":[{"txid":"9726c025789d1f4f3506ba79c63557828bffc0a54edb6a61b7d1aef028866771","vout":54,"amount":391.51365828,"coinbase":false},{"txid":"18aa40c036e1d9b8b0c5298bbd4c3ab141b7913e1457165c88682ce108c402ff","vout":758,"amount":315.79786389,"coinbase":false},{"txid":"c3470ade9f1693a88aa3f429823193b0d833cfa62f2f79862fed922b109c88c2","vout":1216,"amount":293.58371034,"coinbase":false}],"vout":[{"n":0,"addresses":["prl1psk52p888fnlwu7cd0rh9ucy8p3v2t3tmckh2564n9zset9smw0yqgm297m"],"amount":0.89522981},{"n":1,"addresses":["prl1z29wy5mqcurzuf766yg77vllwpd7ty9mamekzgy0384cxhfvzf2gqjfjwp2"],"amount":1000}]}