{"txid":"9a190eacf34b4842414fa110eb948793be3e497aba7a21a5995292bba24a473c","block_height":null,"time":null,"vin":[{"txid":"9a190eacf34b4842414fa110eb948793be3e497aba7a21a5995292bba24a473c","vout":0,"amount":99.99999,"coinbase":false},{"txid":"129ead2ab3febc7ae5c723511c3cdc1e8fae7ffdf0fd6db463471864a938e1f0","vout":0,"amount":72.84103726,"coinbase":false}],"vout":[{"n":0,"addresses":["prl1pcrren4qx09nen7ul8rlvp2uajlahlaqh5vk8fpmfmkj4tq7ry79se72std"],"amount":72.84101562},{"n":1,"addresses":["prl1zcgkqka7uf7nyxrh4as0fhxkt88x0he7mls9kwtjmmsgzptd7vczs4acp7h"],"amount":100}]}