{"txid":"eddd700f37d5f90689fafc003aa895b6fe2c36510dc3c5cdd182508fe47d7ced","block_height":null,"time":null,"vin":[{"txid":"eddd700f37d5f90689fafc003aa895b6fe2c36510dc3c5cdd182508fe47d7ced","vout":0,"amount":88.40599803,"coinbase":false},{"txid":"f70a8bf8cc4b09ea0218227d31295c636cf71e4c591d827e5ae1a4f0c5a2b4bf","vout":1,"amount":37.1481147,"coinbase":false}],"vout":[{"n":0,"addresses":["prl1plspru3q2uc038kgcfc0nt6mym27lutyjscs2kjee0n8qfcqt3ynqcf8su6"],"amount":25.55410117},{"n":1,"addresses":["prl1z6prvfkwkm9jcl86y27axlsuygxcd2z52x67j0r269e6ncslk2ueqxqdlqe"],"amount":100}]}