{"txid":"f828244905ea40c0bd508a7e1106e830ad301b2635b33733e7cfbeaa07beff0d","block_height":null,"time":null,"vin":[{"txid":"f828244905ea40c0bd508a7e1106e830ad301b2635b33733e7cfbeaa07beff0d","vout":1,"amount":374,"coinbase":false},{"txid":"47643e7fcab910ae33cc4607a00c7fb478904768c1dd6fedabe83c0b9b9876ab","vout":1,"amount":0.99999788,"coinbase":false}],"vout":[{"n":0,"addresses":["prl1z70q8smgjeffn5cw0783dm4e7h83sl9n3msgq0n9xpz9pm6nvjscswdyd4x"],"amount":374},{"n":1,"addresses":["prl1p4aac5vd4cxkftvh2rvgwxmyrl83ztnnakwv30t2slzt8dmurq6hqyv3us9"],"amount":0.99999576}]}