{"txid":"4c163218f723d3e5de8920d61923bcd93c37a9bb779287fafc6bd9dd8be23de8","block_height":null,"time":null,"vin":[{"txid":"4c163218f723d3e5de8920d61923bcd93c37a9bb779287fafc6bd9dd8be23de8","vout":120,"amount":806.92711116,"coinbase":false}],"vout":[{"n":0,"addresses":["prl1zfupyxmq48nre6yfcu9vrjaaew3sem7jgcsdvldj86cr98sanl3rqv7hey2"],"amount":250},{"n":1,"addresses":["prl1pfzn2dsrzyvr34ue4xfu9pj0nz5zg82raw383shtqwgyczc4jpags7ep8at"],"amount":556.92710962}]}