{"txid":"ed999779251d8751e966e103594320cc35c20860b8dd04005ecc318a4e6610a1","block_height":null,"time":null,"vin":[{"txid":"ed999779251d8751e966e103594320cc35c20860b8dd04005ecc318a4e6610a1","vout":1,"amount":1061.99999846,"coinbase":false}],"vout":[{"n":0,"addresses":["prl1z2y50myhaqfeex35sp8efw9079uxdsn0f2nxetvq75vecgvq6htvsq6sudl"],"amount":1050},{"n":1,"addresses":["prl1p9849nsvv3twpqdjxe3v7xk6g0k2upz0vpy4pcyna4fn6v6c8guss2ctcaw"],"amount":11.99999692}]}