{"txid":"06d38f64a335121a46352f00d8167c8c54ce581a129c91b76a508095d90a9701","block_height":null,"time":null,"vin":[{"txid":"06d38f64a335121a46352f00d8167c8c54ce581a129c91b76a508095d90a9701","vout":0,"amount":8719.5396765,"coinbase":false}],"vout":[{"n":0,"addresses":["prl1zrr9a49k5avwm6t0dnvp89gm7gtwv54kse2yusm9nxaqmxj3rkwuqkydu5f"],"amount":8700},{"n":1,"addresses":["prl1pphxakxm6ruvngqzu5ylljwz00ah0z336yc0grrm8puuqkpdszmjswx53t2"],"amount":19.53951318}]}