{"txid":"ca9e985543b467bad90b61ca27bd7d13bb33581b9c2942312df7683916fc1bf5","block_height":null,"time":null,"vin":[{"txid":"ca9e985543b467bad90b61ca27bd7d13bb33581b9c2942312df7683916fc1bf5","vout":88,"amount":546.94635255,"coinbase":false},{"txid":"286f4dbc85fb823344e3c5ca97ae7e7eb0afc8e7ddb4ce1e58a00abd2c76b23f","vout":448,"amount":5.97607419,"coinbase":false}],"vout":[{"n":0,"addresses":["prl1pyn8ran3mmkn2cukgdl7n0mvfyc92kppeyj0lmcprkz6hhu4x86rs2wszrg"],"amount":2.9224152},{"n":1,"addresses":["prl1znufxvvatt57j9vsx6a2ylu0vhklvxdenlkq9mskkre78pvhws5nq6s2klz"],"amount":550}]}