{"txid":"80b2d62a57b13e7979c7ee92aae4f0a3be1607d0f39ab0a0296c096e9853f0f9","block_height":null,"time":null,"vin":[{"txid":"80b2d62a57b13e7979c7ee92aae4f0a3be1607d0f39ab0a0296c096e9853f0f9","vout":0,"amount":1350.7206173,"coinbase":false}],"vout":[{"n":0,"addresses":["prl1zcxf6l0f70pudzgjl8hksxaxzyu7hju3h35lrqcf3ypqu72wqtgrsjd08vt"],"amount":1350},{"n":1,"addresses":["prl1p9849nsvv3twpqdjxe3v7xk6g0k2upz0vpy4pcyna4fn6v6c8guss2ctcaw"],"amount":0.72061576}]}