{"txid":"cb2f1f4b7829c4f0bbc266da0f29e2a1aa530030b0f7d3d471ad103d987d7f96","block_height":null,"time":null,"vin":[{"txid":"cb2f1f4b7829c4f0bbc266da0f29e2a1aa530030b0f7d3d471ad103d987d7f96","vout":721,"amount":73.3044055,"coinbase":false},{"txid":"a1eb498bdd69de0497785eeaaee7f9190713c5ce9d6b833046dbb53c53a27827","vout":10,"amount":67.39642461,"coinbase":false},{"txid":"5e7b6271289c0d7bef92070cfab5b3754f756db3042a849ae48187e9afab814f","vout":215,"amount":45.5725547,"coinbase":false}],"vout":[{"n":0,"addresses":["prl1znjx8ymavhngxefc22cp5nz7rm8ps7qgsxaupkfpre9tzxd5aftdshteslz"],"amount":186},{"n":1,"addresses":["prl1p589fdr8hsfx9gwyplxwhh6rkvnk3j0rxsm75lut36fvcdnua3m6smz3u9t"],"amount":0.27338211}]}