{"txid":"8379b03b3441074cdc9a28d6ebfa66dee9ae3ab169520372a126160899c2591a","block_height":null,"time":null,"vin":[{"txid":"8379b03b3441074cdc9a28d6ebfa66dee9ae3ab169520372a126160899c2591a","vout":1482,"amount":463.78845088,"coinbase":false}],"vout":[{"n":0,"addresses":["prl1z75wn5xunrthw6am054jgslj9402ymdq9rh2lt34fhd54rd036u8sr0lpn5"],"amount":300},{"n":1,"addresses":["prl1p2p0lp0xhvg5y8cuqyuck9udzykv3cxkffn0n0ahzuuf0dapr9vzsmyueqx"],"amount":163.78844934}]}