{"txid":"bda66e50aad0a7bf606afe46496dccc05162a1f5724fe4a4b46b8ba402a36bdc","block_height":null,"time":null,"vin":[{"txid":"bda66e50aad0a7bf606afe46496dccc05162a1f5724fe4a4b46b8ba402a36bdc","vout":0,"amount":439.99998999,"coinbase":false},{"txid":"061de1994885b7febbe1d320401fd987cde9c5b191e0291e3b56912a85da17cd","vout":209,"amount":243.57259085,"coinbase":false}],"vout":[{"n":0,"addresses":["prl1zm7gn3ajhq5yf97yjj008rnhtdjp2gp5s6dvqaxd0t3nnsahanlcsq5gpn7"],"amount":680},{"n":1,"addresses":["prl1ps85jvme84x7jwwdav5ks73p3dtzgjegjqqmze0maphg2ppan3l3se6gh59"],"amount":3.57202903}]}