{"txid":"3c910a79e2bd3ec3daf465455f726720829d6b32e54d9028298f15d473ea9fb5","block_height":null,"time":null,"vin":[{"txid":"3c910a79e2bd3ec3daf465455f726720829d6b32e54d9028298f15d473ea9fb5","vout":513,"amount":98.76590173,"coinbase":false},{"txid":"3c910a79e2bd3ec3daf465455f726720829d6b32e54d9028298f15d473ea9fb5","vout":334,"amount":61.56318816,"coinbase":false}],"vout":[{"n":0,"addresses":["prl1zuytcgk2cfdzttl68v2wg367n87u5r0a53zmv44h0gegw9adc0tmq5edfsw"],"amount":100},{"n":1,"addresses":["prl1p6q3yrqwx3hffy4qn298wgj84j57qcqs9t0t2vlxhg3p6dtux0n7q09n4xq"],"amount":60.32908777}]}