{"txid":"d379bf28368694cd02d9f8c636c24ba58414a468c53512bcbbd4ff01cd9e0a6c","block_height":null,"time":null,"vin":[{"txid":"d379bf28368694cd02d9f8c636c24ba58414a468c53512bcbbd4ff01cd9e0a6c","vout":0,"amount":99.99999,"coinbase":false},{"txid":"afedb485891841cbad5da0f6deda6333c788e38c1ed0bf35c296b576cdd6ca53","vout":55,"amount":6.03384249,"coinbase":false}],"vout":[{"n":0,"addresses":["prl1z9cpr2l6gsqvr2ahcad9y8vavmlyzpgxk7uhvwsr5gn4asynfz7mq8dr0m4"],"amount":100},{"n":1,"addresses":["prl1py5hsejxl5atcw5mrrc9ccp27fe8d6kpzr7haj6mhecgyu2g9cr0qxz8zj2"],"amount":6.03354983}]}