{"txid":"13357ebdb0cea6bffefe60a4a81be49c265a104e382acb80694ccc678ec3cf35","block_height":null,"time":null,"vin":[{"txid":"13357ebdb0cea6bffefe60a4a81be49c265a104e382acb80694ccc678ec3cf35","vout":257,"amount":138.75417841,"coinbase":false}],"vout":[{"n":0,"addresses":["prl1z7t5wyntkl9m69jzhysune03wry4dguq508x3jw9cfemckuppa3esfzg8vv"],"amount":138},{"n":1,"addresses":["prl1pk2mydrwju8dfrmnyfezp07dnthvpgkf8nspgvnu7z9d0snv70vaqjhxnmz"],"amount":0.75412752}]}