{"txid":"a01f9b2f2f11a7af65536b7a3d9bf12ca958a6a770260d372442bab8f8520fd9","block_height":null,"time":null,"vin":[{"txid":"a01f9b2f2f11a7af65536b7a3d9bf12ca958a6a770260d372442bab8f8520fd9","vout":0,"amount":2700,"coinbase":false},{"txid":"c519a76beff75d962954dc71696e7e066c25be5c05c62e55bc72de1e77885096","vout":0,"amount":100,"coinbase":false},{"txid":"8149b0fd56b3094ad4efab4e904987fabc1e63e4e66b7f6e17e6a854a6f549b1","vout":1,"amount":17.88975327,"coinbase":false}],"vout":[{"n":0,"addresses":["prl1zr9dzf72dwjuuuxhk8xcpfwz59qthqd3zt5rzz2yr2s8g3fu0hhxsytps84"],"amount":2800},{"n":1,"addresses":["prl1phrzldvjrg7kusy7ffd760nwm42lfthdpah29x53x5y6e6uqceyqqpl0lhu"],"amount":17.88975057}]}