{"txid":"32e4b0c5e2383782ba7e42835aed10b5ab464609eeda1d2e6f126a99fb02d6f0","block_height":null,"time":null,"vin":[{"txid":"32e4b0c5e2383782ba7e42835aed10b5ab464609eeda1d2e6f126a99fb02d6f0","vout":113,"amount":195.11040165,"coinbase":false},{"txid":"13357ebdb0cea6bffefe60a4a81be49c265a104e382acb80694ccc678ec3cf35","vout":563,"amount":89.58718498,"coinbase":false}],"vout":[{"n":0,"addresses":["prl1z86ar4s4fldf6xtgcgmt4g0d5m4j3rwx3kquj6c39quvtzuthdgfs26a5pm"],"amount":284},{"n":1,"addresses":["prl1pxl4wx7sxadu3r79msheg0qd8h63435wh8pk3ps872te4smv0nppqw8vcuq"],"amount":0.69758451}]}