{"txid":"12eea0dc1158f89367056ec328b00b5fbcc4f8c6d41d0088eea87c3defd66ae8","block_height":null,"time":null,"vin":[{"txid":"12eea0dc1158f89367056ec328b00b5fbcc4f8c6d41d0088eea87c3defd66ae8","vout":320,"amount":327.62582621,"coinbase":false},{"txid":"d63343343dbfab19e662d471205bbef2a95b63ac30d52ddfb62acf2d22f5663b","vout":85,"amount":213.44236587,"coinbase":false}],"vout":[{"n":0,"addresses":["prl1zwkfsznxt9anzemzvhztn0re8c09r2jhqun6cz3vqyuz9n2qsy8lqswhwlk"],"amount":500},{"n":1,"addresses":["prl1pu08fzrmgz2f4ma6t454sqg4vlnzdqjvng4g24pes85crljxuu65srrttup"],"amount":41.06818996}]}