{"txid":"32e4b0c5e2383782ba7e42835aed10b5ab464609eeda1d2e6f126a99fb02d6f0","block_height":null,"time":null,"vin":[{"txid":"32e4b0c5e2383782ba7e42835aed10b5ab464609eeda1d2e6f126a99fb02d6f0","vout":97,"amount":92.72101349,"coinbase":false},{"txid":"13357ebdb0cea6bffefe60a4a81be49c265a104e382acb80694ccc678ec3cf35","vout":381,"amount":49.56312972,"coinbase":false},{"txid":"2d410111aeee46f72860cde5e9fd66ff58728dfe88b372920e7660f05415899b","vout":1,"amount":0.89835726,"coinbase":false}],"vout":[{"n":0,"addresses":["prl1zhmjyh6c0sygv7u0w3zj3wdy00mkhu4e632mxevzlf0shgvr9f37qqc3ssu"],"amount":143},{"n":1,"addresses":["prl1pqw8c5wrl8qampwsr0ekwtpfw2mtjp2dhn0023t4yqshpw96njfuqzmm8z4"],"amount":0.18249777}]}