{"txid":"8379b03b3441074cdc9a28d6ebfa66dee9ae3ab169520372a126160899c2591a","block_height":null,"time":null,"vin":[{"txid":"8379b03b3441074cdc9a28d6ebfa66dee9ae3ab169520372a126160899c2591a","vout":1518,"amount":206.67775818,"coinbase":false},{"txid":"b1f2cc8d8c51691f9cf03127fed058900262d50b78289ee09b1f52c97c2f5401","vout":0,"amount":4.86160131,"coinbase":false}],"vout":[{"n":0,"addresses":["prl1p8sdse5sezanxk5wdd3f5vwq4e8ruek4mdas48ycsf4egvk433mdsq0dnxy"],"amount":1.53924927},{"n":1,"addresses":["prl1z3k0rexev8d5glk4hv30ukfqpmfxgdrzazrtn5zw95qms5lysgh9s03jvfs"],"amount":210}]}