{"txid":"d36b675e105363a8b4ae3e531d88f366cfd5a424b2e98060e164b84ecbe93336","block_height":null,"time":null,"vin":[{"txid":"d36b675e105363a8b4ae3e531d88f366cfd5a424b2e98060e164b84ecbe93336","vout":884,"amount":116.0344839,"coinbase":false},{"txid":"7867fd1d68df635ab77f4cbb02e924efa868983741076db186858068a21ab3cc","vout":995,"amount":93.68141388,"coinbase":false}],"vout":[{"n":0,"addresses":["prl1zdxw2flhtev7w7eet3sv00sgr20d573vpmpjkppf4u5nf9rzug0wqxmwhax"],"amount":209},{"n":1,"addresses":["prl1pmhxnqqfz43mrkwhul5epqu3x5m2cxchevhp6y6dfhqttt6846jwsv58t2h"],"amount":0.71589566}]}