{"txid":"4cc6803b554634efec70701537c671a47d8dff93074363d3cd250b7f01a93dbf","block_height":null,"time":null,"vin":[{"txid":"4cc6803b554634efec70701537c671a47d8dff93074363d3cd250b7f01a93dbf","vout":0,"amount":4559.06947299,"coinbase":false}],"vout":[{"n":0,"addresses":["prl1zfq0ey9cav9vhk7vfr2mk2qwa7ydcdt6ryxtfvgq5ppf7fflg7weq488m7h"],"amount":1000},{"n":1,"addresses":["prl1pehwu0euvas33t80ey9uu6txh3kv9kp3w2ccjn4njfxnf9vqu26sshw9y3r"],"amount":3559.06946468}]}