{"txid":"649664df34ce184d501624cfe3a0f59b23189b67f8505bbb02b8b90dde711227","block_height":null,"time":null,"vin":[{"txid":"649664df34ce184d501624cfe3a0f59b23189b67f8505bbb02b8b90dde711227","vout":197,"amount":1687.47113091,"coinbase":false}],"vout":[{"n":0,"addresses":["prl1zs80l6dnjz6fsrr2wdpks84kah3sxfe74ck63mkqn2sjhlstcsrns0uwgdz"],"amount":1680},{"n":1,"addresses":["prl1ptcvk25s2npr86y8jnkd5qhg0q3yt9geeve3mdlkufrgvn5f9zcususnqcm"],"amount":7.47112262}]}