{"txid":"4b3222c85231791bfb0034143b1f46ee9c87cb83c6fa20b3aaf7a34b84dabd3e","block_height":null,"time":null,"vin":[{"txid":"4b3222c85231791bfb0034143b1f46ee9c87cb83c6fa20b3aaf7a34b84dabd3e","vout":1,"amount":1614.99998692,"coinbase":false},{"txid":"4b554f50a90445133e3558e779d84c404acdbc568c3d6be67d406269e29d4779","vout":1,"amount":11.12134995,"coinbase":false}],"vout":[{"n":0,"addresses":["prl1zflphn8ywp4m4ww0k3chvn5ctwc9zmmf04wz90lr7fznmykd8epqsjyv3ke"],"amount":1615},{"n":1,"addresses":["prl1prlgglhezl4ajhladjuklgtegrjgyhghzwgnxrzesn5d0slupz2qqfmjl56"],"amount":11.12133475}]}