{"txid":"d99b53b2e6a06eb44d53d942d68a5c5cf84e50aef19164426c1e4788aed3bee8","block_height":null,"time":null,"vin":[{"txid":"d99b53b2e6a06eb44d53d942d68a5c5cf84e50aef19164426c1e4788aed3bee8","vout":0,"amount":343.70314576,"coinbase":false}],"vout":[{"n":0,"addresses":["prl1pswsv7nya0mvyqejdltzdtj9yd5u7xz036ln570847y97gw4m2y5qhr28rr"],"amount":243.70313734},{"n":1,"addresses":["prl1zjgkn27843lhhyk5ljc3mux9vz8ew2kxzf2d0gu3zgf82l2n7q2gq9vxd4s"],"amount":100}]}