{"txid":"60015eb96b4920baa8f6df5a062983fc3a8ac5deda00a9decc96d0b3d85ad3f6","block_height":null,"time":null,"vin":[{"txid":"60015eb96b4920baa8f6df5a062983fc3a8ac5deda00a9decc96d0b3d85ad3f6","vout":0,"amount":1000,"coinbase":false},{"txid":"f3c7ef10ec31fafa738a484c4d932621ccb7460b0084ce797ce96972928bd848","vout":0,"amount":120.23884217,"coinbase":false}],"vout":[{"n":0,"addresses":["prl1pq8z736mgs0sckt2r2x2lclfartlulwgfjjvwzav25zj5gwujt8yq8jmu3z"],"amount":120.23883072},{"n":1,"addresses":["prl1zzhnjwlr9ndqhnht0aufzq5ajchu9uvkkhxg03q7vlfe0t9y4uzmsqzltna"],"amount":1000}]}