{"txid":"fb218fe82ef773ff7317a56d43a8f3933b457582a99e6e1e806fd7a0bda24190","block_height":null,"time":null,"vin":[{"txid":"fb218fe82ef773ff7317a56d43a8f3933b457582a99e6e1e806fd7a0bda24190","vout":1,"amount":539.99966522,"coinbase":false}],"vout":[{"n":0,"addresses":["prl1zx77eede0nfzp355sjk5s0ultqzyvu8u09zceyaxsg5ze65vsl7lqxd529z"],"amount":500},{"n":1,"addresses":["prl1pazkn03dqlrj7787ytkt7nzr5eak68vl2u20pl5c7qf62gcemtggs0rmfld"],"amount":39.99958535}]}