{"txid":"a95bc0ea600521c2cda529c67fe90fa8aee91937074105d2111497aadf3e4aef","block_height":null,"time":null,"vin":[{"txid":"a95bc0ea600521c2cda529c67fe90fa8aee91937074105d2111497aadf3e4aef","vout":0,"amount":81999.9999435,"coinbase":false},{"txid":"d2a10a6531d88d60afdd815bedf617f4f985df83e8aa546b28b3870687122066","vout":0,"amount":29999.99999,"coinbase":false}],"vout":[{"n":0,"addresses":["prl1zeypw7u93p0tngknrf9y75smmd9rfchtevedcpx0zawkayf3ccq6sp92e0d"],"amount":100000},{"n":1,"addresses":["prl1pfluuazggtmmrvcgkny34ey0r680076s8pmv5v63lvf74lx0fv2aswhgsjy"],"amount":11999.9999122}]}