{"txid":"038f58f6cbf5a175d6fd1cfe234b32b80eabe1ce3320c7f66dd9025aeb05427f","block_height":null,"time":null,"vin":[{"txid":"038f58f6cbf5a175d6fd1cfe234b32b80eabe1ce3320c7f66dd9025aeb05427f","vout":0,"amount":392.92703599,"coinbase":false},{"txid":"7833aafa65020ff0c5f5e53953a9a19ff20a65804de0527ea7d81b220f76a550","vout":0,"amount":390.62159957,"coinbase":false}],"vout":[{"n":0,"addresses":["prl1z82avqlv8dc297szah75j6d3cqz45e9fgfju9a2m9hjpt6y97ds3s25zn92"],"amount":500},{"n":1,"addresses":["prl1pxgx47sgn9wrzhl5gsugur9j4yxzpf7wpfv4m4ynqr35w9ng4avvqduz955"],"amount":283.54863344}]}