{"txid":"7867fd1d68df635ab77f4cbb02e924efa868983741076db186858068a21ab3cc","block_height":null,"time":null,"vin":[{"txid":"7867fd1d68df635ab77f4cbb02e924efa868983741076db186858068a21ab3cc","vout":1107,"amount":248.07087179,"coinbase":false}],"vout":[{"n":0,"addresses":["prl1zp3e0f0a2pl4a0ksvga3j7n8c7e8mphjsnyz6chngs08nn2rdlamqu29wds"],"amount":248},{"n":1,"addresses":["prl1pcnert63u5jvg50qsjlf7mtgxcdyy4sk084l4vz7he96q9dks450sgeg90j"],"amount":0.07087025}]}