{"txid":"84b117cdbe7b94c6060a172eb57f6158e822b9be74f716fe18703c7672e63e3a","block_height":null,"time":null,"vin":[{"txid":"84b117cdbe7b94c6060a172eb57f6158e822b9be74f716fe18703c7672e63e3a","vout":1,"amount":43699.99999846,"coinbase":false}],"vout":[{"n":0,"addresses":["prl1zaar2ldsp7uewy3ej4w2ezycq6hwam6zxr9863c202memyahwzqksxhpv75"],"amount":30000},{"n":1,"addresses":["prl1p72ux52ej2z3rq0ktxkezn9kzlj8ynnl7kvl8v92hsx9f4tgm65qseawlm7"],"amount":13699.99999692}]}