{"txid":"2d4242ab21319dac42b4c08c41da0355170df3a16fe33582965388db243075d2","block_height":null,"time":null,"vin":[{"txid":"2d4242ab21319dac42b4c08c41da0355170df3a16fe33582965388db243075d2","vout":297,"amount":187.88271663,"coinbase":false},{"txid":"33cc12f487b77d7a377289a5088e6b27aa635c7506647d7198c186b9c226d860","vout":237,"amount":124.18271691,"coinbase":false}],"vout":[{"n":0,"addresses":["prl1zrgk4lpftnzrppkgl4gt69hap69jdfgd65w0x465y6kdmv7lchc3spmetm3"],"amount":300},{"n":1,"addresses":["prl1pj33mmfjmtvhl2n5y3g4yedscdal7m3svhv7478j7nd0y8lfncq0q4zgygr"],"amount":12.06543142}]}