{"txid":"901d50503f8cf5e2a33505f8cc3e470822205b9a6d81f6b4f9cbdc092aa072b8","block_height":null,"time":null,"vin":[{"txid":"901d50503f8cf5e2a33505f8cc3e470822205b9a6d81f6b4f9cbdc092aa072b8","vout":0,"amount":194,"coinbase":false},{"txid":"dcf7167746945396761ab40ed361f9b6ff874b1b6b09c7809e5d6e2501d28be6","vout":1,"amount":0.77797372,"coinbase":false}],"vout":[{"n":0,"addresses":["prl1z0k0jr9y9gu4ppd6emjh3z56kzvrrud2w2se9s4eg4cj52ns662aqxlvqfk"],"amount":194},{"n":1,"addresses":["prl1pgfgxdy8mrxx08f4k7cdcrafx5qpp6a5q72zvju6x6hrdfumkwwdq8m9z29"],"amount":0.77796222}]}