{"txid":"c667aea8e43c133ee917fddf8944239e1822f4b2231a339d83903489c55bc5f9","block_height":null,"time":null,"vin":[{"txid":"c667aea8e43c133ee917fddf8944239e1822f4b2231a339d83903489c55bc5f9","vout":0,"amount":119.69999,"coinbase":false},{"txid":"c34e48cce28016e76a7e675ff3ab746096c764f19e6d136ea1ee2cbff0569583","vout":1,"amount":0.04621886,"coinbase":false}],"vout":[{"n":0,"addresses":["prl1zld0370k8auygspkyjzy6mnl0c4ffx8rlhahxwxe5vmqy7w74pgjsmwupzd"],"amount":119.7},{"n":1,"addresses":["prl1p0l0pz9f439u48s9ut7jt0jm5dnhc4l3wg8f9ptzs2gsy9wre4c3shk94w4"],"amount":0.04620674}]}