{"txid":"69c7c6a61f307d5680c24ec51606d06475abfd1cfe85a7f8d61c86a8fe00ec13","block_height":null,"time":null,"vin":[{"txid":"69c7c6a61f307d5680c24ec51606d06475abfd1cfe85a7f8d61c86a8fe00ec13","vout":388,"amount":411.83955381,"coinbase":false},{"txid":"50a0509d4417e90b3fda72c8a573dd68bbdd75bc5a771f8285b7871b7fbb13d0","vout":0,"amount":99.99999,"coinbase":false}],"vout":[{"n":0,"addresses":["prl1z0ngr9y9x4tul0fl3rh9n3tggda7ycazkm4e4j8eszq4apkh3kuxq2nyms7"],"amount":500},{"n":1,"addresses":["prl1px0xy0rzp8g7hm8rzn5cmuaj03yns7csnjc899htgg6m4ek08plgsxg6aeq"],"amount":11.83954169}]}