{"txid":"649664df34ce184d501624cfe3a0f59b23189b67f8505bbb02b8b90dde711227","block_height":null,"time":null,"vin":[{"txid":"649664df34ce184d501624cfe3a0f59b23189b67f8505bbb02b8b90dde711227","vout":39,"amount":274.72416801,"coinbase":false},{"txid":"48ec2cc9ecafa9c1ce1363be2464cf89d0b8ef18896d2cf3149472888e9653fd","vout":1,"amount":188.68491119,"coinbase":false}],"vout":[{"n":0,"addresses":["prl1zw20s929d7vas6kfy64syr9pjerz2y9226cya660zdxta0thmcv8sx840u7"],"amount":300},{"n":1,"addresses":["prl1p92ewn9m0jwx6995258h8pj7wwjhtn88d8kpnyyd4uvsgd652ju6qtwfujv"],"amount":163.40907708}]}