{"txid":"ca9e985543b467bad90b61ca27bd7d13bb33581b9c2942312df7683916fc1bf5","block_height":null,"time":null,"vin":[{"txid":"ca9e985543b467bad90b61ca27bd7d13bb33581b9c2942312df7683916fc1bf5","vout":60,"amount":1315.43482681,"coinbase":false},{"txid":"d27fbbccf095d6fe023809179a45764c38172ed5c896cd6208674b2a262c237c","vout":1,"amount":0.77043401,"coinbase":false}],"vout":[{"n":0,"addresses":["prl1zec8740mqeg6kjrjxje5g6uzlmgl05vevj0duxsvuz73s4t78nq6srsela7"],"amount":1316},{"n":1,"addresses":["prl1p7dah0wn9uwnx4ususf3fch3w28d2k58pe29su0h2cup4gv4zqk8s4g865m"],"amount":0.2052587}]}