{"txid":"d9b760e358bf57910e6b8da2ef975cf38bc533c8f18a4ed580c568be2d901aa1","block_height":null,"time":null,"vin":[{"txid":"d9b760e358bf57910e6b8da2ef975cf38bc533c8f18a4ed580c568be2d901aa1","vout":0,"amount":3000,"coinbase":false},{"txid":"c7fa8c0b0b09fe2ac5aed9b2a17df5d792429ba52629da80d86da8796466d4b7","vout":0,"amount":1000,"coinbase":false},{"txid":"ea82161a0ab808ef64d31c9d9ac76e8f77b7255f95f3f75d829831f7eb458362","vout":1,"amount":0.21602169,"coinbase":false}],"vout":[{"n":0,"addresses":["prl1zh2t8navlrkxldr72erfq9pgag2v40c8tcl993xv3dqcvg4ymkspqjruva9"],"amount":4000},{"n":1,"addresses":["prl1psr07w39lz85n23tffktvfmngtre5rdq9uck26qkx7enun8jpfl4qux2t57"],"amount":0.21601899}]}