{"txid":"d4c278f685cb80a397f753c695c2bb926a7d2402c726061b28a2ddd47c292304","block_height":null,"time":null,"vin":[{"txid":"d4c278f685cb80a397f753c695c2bb926a7d2402c726061b28a2ddd47c292304","vout":1,"amount":97.99993572,"coinbase":false},{"txid":"ccab7c2374ff8f4b31db3ab60adcb4e625b767cf3db960ce49d567cb81756ed5","vout":1,"amount":82.98956176,"coinbase":false},{"txid":"db885dcc4afe2c401531eee13d206772c3354ae951d8bffcdcef9ea158d8db6a","vout":1,"amount":78.99999061,"coinbase":false}],"vout":[{"n":0,"addresses":["prl1zjg69p9gpgzpta6yht5k6rglzajp6zmxtd0jepp6249pz0dqekrws5s8n5x"],"amount":250},{"n":1,"addresses":["prl1p209gdfdx4vl4y229jsqgx7rrncxpjpt2dgczqm7s8etpy0v60adqq05623"],"amount":9.98948539}]}