{"txid":"8a25cae4bc84573618b0c8783e1f6322171c03234f44d9dc1e7da6a3e77f5693","block_height":null,"time":null,"vin":[{"txid":"8a25cae4bc84573618b0c8783e1f6322171c03234f44d9dc1e7da6a3e77f5693","vout":1,"amount":1230.99998846,"coinbase":false},{"txid":"84efa518f66c52bcd9c2350a063fe9604ad574412ecfa2ee166f00dbe5dd6ace","vout":0,"amount":439.4,"coinbase":false}],"vout":[{"n":0,"addresses":["prl1zd6ctnf8nqkvx2p7uq5mdu6nd7gguuav0dxu9wj7q794j08ur749qvpemsz"],"amount":1670},{"n":1,"addresses":["prl1p83mq3u7jeu9nhhzk6s6q9altj250s87us6fegnju72wu7zh2mrrq8hfhsa"],"amount":0.39998634}]}