{"txid":"16d558136850c9eb1a8bd0960f31eeecb879b6163b1a4d524368d933e9064ddd","block_height":null,"time":null,"vin":[{"txid":"16d558136850c9eb1a8bd0960f31eeecb879b6163b1a4d524368d933e9064ddd","vout":762,"amount":1006.55008185,"coinbase":false}],"vout":[{"n":0,"addresses":["prl1zrd5ejkepehsj9e38ps06xheq5jayja6grz60h4gg98n3qhsaalls3yx9at"],"amount":1000},{"n":1,"addresses":["prl1p2p0lp0xhvg5y8cuqyuck9udzykv3cxkffn0n0ahzuuf0dapr9vzsmyueqx"],"amount":6.55008031}]}