{"txid":"683b67b3a0c07b0b2c6670e7c55a89ade07363fa48c5769ed71219c17a589533","block_height":null,"time":null,"vin":[{"txid":"683b67b3a0c07b0b2c6670e7c55a89ade07363fa48c5769ed71219c17a589533","vout":0,"amount":592,"coinbase":false},{"txid":"16d97106e8c2fa66407234f38e9ca0c69072906181c5aaf73b6f83084a0eae2d","vout":1,"amount":0.99999788,"coinbase":false}],"vout":[{"n":0,"addresses":["prl1zujxg9d9g9prrstxspeg5z4xam4gxr92w35qlr4xsqrgxv45yncesz58htp"],"amount":592},{"n":1,"addresses":["prl1pxl4wx7sxadu3r79msheg0qd8h63435wh8pk3ps872te4smv0nppqw8vcuq"],"amount":0.99999576}]}