{"txid":"33cc12f487b77d7a377289a5088e6b27aa635c7506647d7198c186b9c226d860","block_height":null,"time":null,"vin":[{"txid":"33cc12f487b77d7a377289a5088e6b27aa635c7506647d7198c186b9c226d860","vout":228,"amount":2105.89911797,"coinbase":false}],"vout":[{"n":0,"addresses":["prl1pw9fjh2tdl4r3kv2chjvr3pzltqt5emr9ps80aszktar7gew2cgdqrdmr6z"],"amount":105.8991094},{"n":1,"addresses":["prl1zt6u0rys08uzghguy7mdupt72j505jusldx3058f0ukypp2u9dfaqz602m9"],"amount":2000}]}