{"txid":"8379b03b3441074cdc9a28d6ebfa66dee9ae3ab169520372a126160899c2591a","block_height":null,"time":null,"vin":[{"txid":"8379b03b3441074cdc9a28d6ebfa66dee9ae3ab169520372a126160899c2591a","vout":131,"amount":116.18351304,"coinbase":false}],"vout":[{"n":0,"addresses":["prl1zkj2kfne6ea4rw3te3gzyrvxqzk8xytw4rxqgdyrcltmcxv608p0qgqhyq6"],"amount":100},{"n":1,"addresses":["prl1pefy97fscslmg7ls4nnydj4x2qk87e9g20ztf6d9h0sf0s007flhsghwpnu"],"amount":16.1835115}]}