{"txid":"286f4dbc85fb823344e3c5ca97ae7e7eb0afc8e7ddb4ce1e58a00abd2c76b23f","block_height":null,"time":null,"vin":[{"txid":"286f4dbc85fb823344e3c5ca97ae7e7eb0afc8e7ddb4ce1e58a00abd2c76b23f","vout":355,"amount":3453.36489864,"coinbase":false},{"txid":"212c4059e2d96f61530a6fdd170e2c696186f82ee0d9199dac55b78c86f20c2d","vout":6,"amount":974.36324283,"coinbase":false},{"txid":"62fa8cb5adc75f3a6ad1e51df153d61008d333a89546b4a3f8fa99b5e090d573","vout":292,"amount":409.97024528,"coinbase":false}],"vout":[{"n":0,"addresses":["prl1zswws53pth7rkpy0845p4l0lg4jquvs64xx3nxm8q4pe89d809z5s83a6nm"],"amount":4800},{"n":1,"addresses":["prl1pdy0nnz04z8mfludusffmhj9ecjpts9vq4zzrzud0jt5aa3pfmxgs0p3gaw"],"amount":37.69835975}]}