{"txid":"e5a0840d74ce8865e75f923ad66690ea290ead9be49879db062d5e6f0f15b22c","block_height":null,"time":null,"vin":[{"txid":"e5a0840d74ce8865e75f923ad66690ea290ead9be49879db062d5e6f0f15b22c","vout":0,"amount":199.99999,"coinbase":false}],"vout":[{"n":0,"addresses":["prl1pca4vz5a3s3hurg6540nwzgaw9ynl8hrwvkkxmdm87p4urrk53yuqc0v3zg"],"amount":99.99990533},{"n":1,"addresses":["prl1zqt6405x49k9c5rdm4pzkapkp4jsz9a6qya0fu0825jk2kf5g56eswgndvf"],"amount":100}]}