{"txid":"6d8aa57e94f1e218509296a5e348a72a05af4f6fcaf29d4a459157b218164a66","block_height":null,"time":null,"vin":[{"txid":"6d8aa57e94f1e218509296a5e348a72a05af4f6fcaf29d4a459157b218164a66","vout":1,"amount":5831.99998846,"coinbase":false}],"vout":[{"n":0,"addresses":["prl1zz5f848tsuaydn76a2cffrw3jx5d35rxj82tkvaedsegjm2chuqms2rrhe0"],"amount":1000},{"n":1,"addresses":["prl1p8yfuwrmy52swm3vppn34st0g3v9jewdyf7w24w5qntm0pm57qdqqc53q0m"],"amount":4831.99998692}]}