{"txid":"b292943d88d8f0efd14e0c0126006b19b4dd4ae84e92887f2f68acea4143426e","block_height":null,"time":null,"vin":[{"txid":"b292943d88d8f0efd14e0c0126006b19b4dd4ae84e92887f2f68acea4143426e","vout":0,"amount":331.39999,"coinbase":false},{"txid":"fed7c96f6fed271ebb5fa0989816b87da6d534589a15dbdf480a4e7c6570c59c","vout":1,"amount":0.00727102,"coinbase":false}],"vout":[{"n":0,"addresses":["prl1zkgk8wc8qglgyr263dcr5sssfmpksegs0txa2srpdeg7tgt3h6xtq5da0xt"],"amount":331.4},{"n":1,"addresses":["prl1ppg33srj4ttayg4qtddtyrw95pp23textxuvuq3ukgp34fewf8jzq0r7nld"],"amount":0.0072589}]}