{"txid":"5dbf047f7a071f811fffef51e75e9176fb46cee0d4ce8f7ee13fbc7da967b7ee","block_height":null,"time":null,"vin":[{"txid":"5dbf047f7a071f811fffef51e75e9176fb46cee0d4ce8f7ee13fbc7da967b7ee","vout":0,"amount":159.99999,"coinbase":false},{"txid":"b5b1b9e642fccbe228c2979ddea72127b0f41c9915d1151e642bfad0053d6d35","vout":1,"amount":0.41278457,"coinbase":false}],"vout":[{"n":0,"addresses":["prl1zajw8kz2wrefuydlmjgjk4ndjlktjjyhwlajcylh97en8um53xhlsx727zx"],"amount":160},{"n":1,"addresses":["prl1pqw8c5wrl8qampwsr0ekwtpfw2mtjp2dhn0023t4yqshpw96njfuqzmm8z4"],"amount":0.41277245}]}