{"txid":"286f4dbc85fb823344e3c5ca97ae7e7eb0afc8e7ddb4ce1e58a00abd2c76b23f","block_height":null,"time":null,"vin":[{"txid":"286f4dbc85fb823344e3c5ca97ae7e7eb0afc8e7ddb4ce1e58a00abd2c76b23f","vout":67,"amount":156.54740275,"coinbase":false},{"txid":"212c4059e2d96f61530a6fdd170e2c696186f82ee0d9199dac55b78c86f20c2d","vout":296,"amount":2.8643851,"coinbase":false},{"txid":"62fa8cb5adc75f3a6ad1e51df153d61008d333a89546b4a3f8fa99b5e090d573","vout":280,"amount":1.23418801,"coinbase":false}],"vout":[{"n":0,"addresses":["prl1zj6zfl9sjtq2eews5axunk76xh3rle3vh0dp0chfkjldq0xf3cwhquyre4v"],"amount":160},{"n":1,"addresses":["prl1pydn60vz3ynm9dfm7ku9mq5qvh8eqhyaw5zykwtgmc3ppqjpzanqsan63c8"],"amount":0.64596136}]}