{"txid":"2d4242ab21319dac42b4c08c41da0355170df3a16fe33582965388db243075d2","block_height":null,"time":null,"vin":[{"txid":"2d4242ab21319dac42b4c08c41da0355170df3a16fe33582965388db243075d2","vout":593,"amount":919.04971954,"coinbase":false},{"txid":"57ad7588ba2b4a826b393d4af5bd09ea91011cf09513e3e3924d87c4ee655563","vout":450,"amount":486.62474564,"coinbase":false},{"txid":"4afc44d948c7975aee699917e83b81ba26867bac8303ff28f6107dbedea5009f","vout":0,"amount":0.36643403,"coinbase":false}],"vout":[{"n":0,"addresses":["prl1pgzjz0cvu8gf8pcl5z37dpndws7q8x352a238muur72fzv2g97ulq2an9st"],"amount":0.04088454},{"n":1,"addresses":["prl1zyptmh5yha5dwkjlujd2726elrftlae3latzj3hnksl8yn6gveeeqhnpjwx"],"amount":1406}]}