{"txid":"82b960d4087ab665127193a26ce039064510480259d037ee741edf098ab4cb18","block_height":null,"time":null,"vin":[{"txid":"82b960d4087ab665127193a26ce039064510480259d037ee741edf098ab4cb18","vout":0,"amount":2798.09141469,"coinbase":false},{"txid":"2ad577a5efc3606bb4c8242876b8c3b2dcd9fda90886a011507792c4f93c53df","vout":0,"amount":2798.08340381,"coinbase":false}],"vout":[{"n":0,"addresses":["prl1p2k9s27eh26crrd3t5735t09hyzkjgpwe72ansc527cz7eur66uhqzl004z"],"amount":2696.1747972},{"n":1,"addresses":["prl1z6psnzrdh0rmgj552k7pwqj8c4r6nfwuf9hz3d9d7lqqye4vvlqnsaqvcrv"],"amount":2900}]}