{"txid":"2336a6d01d7f690e62995573676b750cbb723757e4e048eac3d42eaec7dc16e4","block_height":null,"time":null,"vin":[{"txid":"2336a6d01d7f690e62995573676b750cbb723757e4e048eac3d42eaec7dc16e4","vout":0,"amount":697,"coinbase":false},{"txid":"c1a8da7da51b5a691a0b03d73319177137bd43e135469be0c95eaceec7b43965","vout":1,"amount":0.99998152,"coinbase":false}],"vout":[{"n":0,"addresses":["prl1zx80z7fwlle6jwa6rmm5pq232wjs4wumewm5xlrm9lctuz2k38kzq0qm2lz"],"amount":697},{"n":1,"addresses":["prl1phvyyj0tndklv63k9sy5uczr6d0hx6qxnu28zqkn8aexg26zcatpqkhr54j"],"amount":0.9999794}]}