{"txid":"b52e3536fa9568edc32949b33aeaa3dad793708a67e31dd39c640d4fa6ccfaa3","block_height":null,"time":null,"vin":[{"txid":"b52e3536fa9568edc32949b33aeaa3dad793708a67e31dd39c640d4fa6ccfaa3","vout":0,"amount":999.99999,"coinbase":false},{"txid":"3659428ac394d368961318ee090803c148fcf1783af716cdff1e853aafde29f9","vout":1753,"amount":33.84004183,"coinbase":false}],"vout":[{"n":0,"addresses":["prl1zn4d2mdxqj5egj8s7vq6t8uuz8d24c3yjjlfh36mgdrzjtsu9ylgqzcc7jp"],"amount":1000},{"n":1,"addresses":["prl1pxd8g25f8erp2pek9ae5hhjxegv8x4wxth08nhktqtn4q22u3nagse8jjfj"],"amount":33.83990517}]}