{"txid":"96ceffb04e6dee1f1d58b4d827c1d1ed435464260659d137eaaea4d1f7128e62","block_height":null,"time":null,"vin":[{"txid":"96ceffb04e6dee1f1d58b4d827c1d1ed435464260659d137eaaea4d1f7128e62","vout":1,"amount":87252.6752747,"coinbase":false}],"vout":[{"n":0,"addresses":["prl1z9w35vx9xpn8ray57wcfntq0a2apvajxcnejdn8v45epyr3z03wssncvhuf"],"amount":8000},{"n":1,"addresses":["prl1p72ux52ej2z3rq0ktxkezn9kzlj8ynnl7kvl8v92hsx9f4tgm65qseawlm7"],"amount":79252.67527316}]}