{"txid":"cb2f1f4b7829c4f0bbc266da0f29e2a1aa530030b0f7d3d471ad103d987d7f96","block_height":null,"time":null,"vin":[{"txid":"cb2f1f4b7829c4f0bbc266da0f29e2a1aa530030b0f7d3d471ad103d987d7f96","vout":559,"amount":249.47908111,"coinbase":false}],"vout":[{"n":0,"addresses":["prl1z0pj5wsq0eygqxu0vvme7xqfcnacyz6ut3hvx6wjc87x8a8ayukcquu3626"],"amount":166},{"n":1,"addresses":["prl1p7zs8cagr8dp9gpcnjgk5qk232ljuqtfk7srcvwuenfh99tjas0cs2dk3uw"],"amount":83.47887228}]}