{"txid":"24a4c1d9a47210200809537d8e00e945d9e93c354ee4e527bee6f759021e83d2","block_height":null,"time":null,"vin":[{"txid":"24a4c1d9a47210200809537d8e00e945d9e93c354ee4e527bee6f759021e83d2","vout":0,"amount":130,"coinbase":false},{"txid":"0e4f2d39b7f00dda2577973bc151a145fe66d61393550f706f909100e452fdb5","vout":1,"amount":9.99999788,"coinbase":false}],"vout":[{"n":0,"addresses":["prl1z7zvmrtt0kmxgel2vdjemxcpqvke2yuurq4gdt4lvgqsrjqfvsqpqaxm48l"],"amount":130},{"n":1,"addresses":["prl1pazsjqnmy58svgf7e85n0e2quxtj3f698q5f3p34grtnsf0t2jp7q2ynx3s"],"amount":9.99999576}]}