{"txid":"c3626c7c1a418520481ca762444a6d7cc50d119d998b3cc5df2c6e91f8f6be29","block_height":null,"time":null,"vin":[{"txid":"c3626c7c1a418520481ca762444a6d7cc50d119d998b3cc5df2c6e91f8f6be29","vout":1,"amount":997.99999846,"coinbase":false}],"vout":[{"n":0,"addresses":["prl1zc9fps0h9cvgc2h2gnpdy4d5v7s3f8y7lyjm6cv8kr3rgnj2ev37qvyvj9z"],"amount":500},{"n":1,"addresses":["prl1pvxv7nhgzjgs53qplk7pexf6eafu6vj0c5jjyzqa5tf8lgvprsj9q8h9ma6"],"amount":497.99999692}]}