{"txid":"0527546950f412a8e81c6311df2cfd8d68dff4a76eb59c6483e1fccc88c426e9","block_height":null,"time":null,"vin":[{"txid":"0527546950f412a8e81c6311df2cfd8d68dff4a76eb59c6483e1fccc88c426e9","vout":334,"amount":169.24492163,"coinbase":false}],"vout":[{"n":0,"addresses":["prl1p8m3j0yzglvt8v4m4u00k555d346v86d68pxfpegjp7uccj35cqdq42002m"],"amount":19.24491316},{"n":1,"addresses":["prl1zhggu55vuy7t7fg2l0vaew73wyh7tv3t5gcz4jsp897up83c60sasm3ppeq"],"amount":150}]}