{"txid":"3c66867cfb56a07a11fb3044d03b53a42209cfddc2e3ea2bb106cd743ee4b29b","block_height":null,"time":null,"vin":[{"txid":"3c66867cfb56a07a11fb3044d03b53a42209cfddc2e3ea2bb106cd743ee4b29b","vout":0,"amount":139.99990839,"coinbase":false},{"txid":"8f69aafb095eb1cb0a7cb7b443aad28fa7ab01f00d4ce2c117be231410dea744","vout":63,"amount":48.1774579,"coinbase":false}],"vout":[{"n":0,"addresses":["prl1pcnw2ps3ze99pggmgfm63tqkze5qwuaxv8pgyrx6sstezqakqvnjs6me88r"],"amount":8.17725283},{"n":1,"addresses":["prl1zkv7x8xztmha65fh3zzdexn82z4fcxddh56vh2n7um7a4x75zdhwshqlutm"],"amount":180}]}