{"txid":"553adea61e156f1a08c5a95590328693e6bed2f26b2f276078b784bdc1b00b0f","block_height":null,"time":null,"vin":[{"txid":"553adea61e156f1a08c5a95590328693e6bed2f26b2f276078b784bdc1b00b0f","vout":1,"amount":348,"coinbase":false},{"txid":"895ffd18a9169fcce7adf585711ae246a132dc2a77f36415b92dc290635b7908","vout":1186,"amount":5.2988205,"coinbase":false}],"vout":[{"n":0,"addresses":["prl1zugk9hec9neq54hhauru4ha7j4w9rav8s2z29lmvhay66v5hf956sq0mmg5"],"amount":348},{"n":1,"addresses":["prl1pcd97a57afyu8f5209vhp8j58q85yyd0t6eawvhrfnkkt3m8wsxls0kv7xg"],"amount":5.29881838}]}