{"txid":"ae04e59705b58d860ee91d2e1fcc19fc05acaa7c53deddaffa200a71e61f832c","block_height":null,"time":null,"vin":[{"txid":"ae04e59705b58d860ee91d2e1fcc19fc05acaa7c53deddaffa200a71e61f832c","vout":113,"amount":4486.37981686,"coinbase":false}],"vout":[{"n":0,"addresses":["prl1p8tzhjlm3twjr6433vu4nd4c5rj0xazzl98kpepzk2yh9yfcuw7dqmh5jg0"],"amount":86.37980839},{"n":1,"addresses":["prl1zrfp9a557jegyfsq4p6kvhlna9xx5v5dglrqcqdpqfqvkctcez5vse2nttp"],"amount":4400}]}