{"txid":"7ae96397db9db857e3c4a2ceae72752fb7898012667b14f802167ce05e947da1","block_height":null,"time":null,"vin":[{"txid":"7ae96397db9db857e3c4a2ceae72752fb7898012667b14f802167ce05e947da1","vout":0,"amount":999.99999,"coinbase":false}],"vout":[{"n":0,"addresses":["prl1zjuk8d42a8mk7fff6vy7cg7e9xufsjk7myy7unzq2wpj9vg9zej9qh6pksg"],"amount":500},{"n":1,"addresses":["prl1pgrxt4ea99yjdyvcy82jsdp6qse00wr585yzjmhp4n2l06pjjedqqp9slgk"],"amount":499.99998846}]}