{"txid":"f63d12d372dd8176a6b48621a731046752b37b5e9cd1fc2fdc0fa0392caaa431","block_height":null,"time":null,"vin":[{"txid":"f63d12d372dd8176a6b48621a731046752b37b5e9cd1fc2fdc0fa0392caaa431","vout":0,"amount":300,"coinbase":false},{"txid":"74d3442ea316ecb6ab53591a99988b3122b9c927f9ce72d3797db6f2a15301ae","vout":0,"amount":299.99999,"coinbase":false}],"vout":[{"n":0,"addresses":["prl1zav7jtq4qahsdfnjmj3j8ra0f98qxva0ddczh3xeche084wrcprlqaw44wh"],"amount":300},{"n":1,"addresses":["prl1p7tnupguk9w2y9qj75886qu2lgdxgczftsqksr6etmcssrsujyjdsr2h95v"],"amount":299.99998788}]}