{"txid":"d131392378f5c679b65d5919570c4c09f615de544d49aa810bd0957819707040","block_height":null,"time":null,"vin":[{"txid":"d131392378f5c679b65d5919570c4c09f615de544d49aa810bd0957819707040","vout":0,"amount":1799.99999,"coinbase":false},{"txid":"48c080e5279a518d12557d63888c3ae08598a7c00d88bf7c422a0392c19d7d75","vout":0,"amount":1463.35092849,"coinbase":false}],"vout":[{"n":0,"addresses":["prl1zmrevxv6592jm2ea6ew5gkm9dhwsprgn3kzmacn203vnhxwfmzdeqnk8a8p"],"amount":2185},{"n":1,"addresses":["prl1pssevuxrt4xg6mqhemymwdrasdmzxd9su74wv0lr5jqt3zycpk9fq2ghh7a"],"amount":1078.35091637}]}