{"txid":"3d54582cc13d50134da020e8f5136c22df755c7fbdf8a63140203ff9d175254d","block_height":null,"time":null,"vin":[{"txid":"3d54582cc13d50134da020e8f5136c22df755c7fbdf8a63140203ff9d175254d","vout":1,"amount":6064.09430018,"coinbase":false}],"vout":[{"n":0,"addresses":["prl1zaez6nxmh55csk2yzzs9rske03nq98umt0tujqcpzlsm6l3clxw2qds4jdf"],"amount":2000},{"n":1,"addresses":["prl1pgz7xkmw396pcnw43ptt4sg35gkv5ax789whywt6ja7mqz494hrmq2q3fk9"],"amount":4064.09429864}]}