{"txid":"7bdae1f4087c3437412c6f3a99a6584337e37dc546c4d75a55c7a386b1d99fa4","block_height":null,"time":null,"vin":[{"txid":"7bdae1f4087c3437412c6f3a99a6584337e37dc546c4d75a55c7a386b1d99fa4","vout":1,"amount":1125.64595359,"coinbase":false}],"vout":[{"n":0,"addresses":["prl1zkdgj4skxn5jvmtf06mencl26nyyxmt2q7mm5v3cxwwl200cpe9jsp0fndf"],"amount":0.8},{"n":1,"addresses":["prl1pza4xkj2r85hkpwwak8l05v84q3mrqnmldquu30yhhl04tptqt58szjdsx6"],"amount":1124.84595205}]}