{"txid":"848bc1bc8fbe7b08cc8fc1645454f1f5dc7ecfa0e77fa3600505401710bfe052","block_height":null,"time":null,"vin":[{"txid":"848bc1bc8fbe7b08cc8fc1645454f1f5dc7ecfa0e77fa3600505401710bfe052","vout":0,"amount":0.50212837,"coinbase":false},{"txid":"13357ebdb0cea6bffefe60a4a81be49c265a104e382acb80694ccc678ec3cf35","vout":307,"amount":1079.20111116,"coinbase":false}],"vout":[{"n":0,"addresses":["prl1p8v73jxag7wu6kprg6dkcvcchqxfst2g9yggkr3mf7jcptnjncaxqu2s344"],"amount":0.70223953},{"n":1,"addresses":["prl1z5h4nentmk6h9ea9h86pgepk2eduzdlelp0sg0tsjdm9edw3nea0s5svwtd"],"amount":1079}]}