{"txid":"a3c0947fd8701681e6521d20208bef0906ca5a29dec4173e2efe5d9aad022fb0","block_height":null,"time":null,"vin":[{"txid":"a3c0947fd8701681e6521d20208bef0906ca5a29dec4173e2efe5d9aad022fb0","vout":1,"amount":145.53444988,"coinbase":false}],"vout":[{"n":0,"addresses":["prl1zqnqc8pp9zk4el2ug6aeyjpxkk0runsaxsf0j0zdr9c7002aa3e7qc54m7u"],"amount":140},{"n":1,"addresses":["prl1ppqzh4e4l950harm4kagd3xj43jacf4tgaa4ynuzdlfehjgpzkels3w2va7"],"amount":5.53444833}]}