{"txid":"b722d45f74082154c042602397a77483ca89143984e759f8160498fa19ab5b0a","block_height":null,"time":null,"vin":[{"txid":"b722d45f74082154c042602397a77483ca89143984e759f8160498fa19ab5b0a","vout":1,"amount":1017.08898599,"coinbase":false},{"txid":"ffbdaba3100efdb5a3071bd514dd549f377c801b199e8c5444dccd6d01123c20","vout":1,"amount":1000.71011203,"coinbase":false}],"vout":[{"n":0,"addresses":["prl1z3czyc0eu2uutg09dez9sc2l0uefd9hpl3r9cyzy9q48f9zhpg20ql0u5yj"],"amount":1762},{"n":1,"addresses":["prl1p47rm07xafyztc7dz0pcs0pur3psdfqgfsawrpk646d4gasy0w2mst6rxak"],"amount":255.7990959}]}