{"txid":"8a3a320bd03f1ea9e89441db8aa523848f9750cc6a850467725aec030e4e3d0f","block_height":null,"time":null,"vin":[{"txid":"8a3a320bd03f1ea9e89441db8aa523848f9750cc6a850467725aec030e4e3d0f","vout":0,"amount":5800,"coinbase":false},{"txid":"8c7907b9346997953f85c382b8fcef668d4e83c22e0524065b021b5eacd37a50","vout":1,"amount":948.74997806,"coinbase":false}],"vout":[{"n":0,"addresses":["prl1z45kv0z8zldkkm7msdmuphdak80efyn7z4d25grvg3ufmy43s9mmszaty3y"],"amount":5800},{"n":1,"addresses":["prl1pj5jw9ay386l29n0jqz7smmuppf77m30uqs5dyea0wmp4492aq5gq6kspps"],"amount":948.74997594}]}