{"txid":"73d5e32af4f1b954c85cfc60663f91d4811b1a642e6bea59f5188285dca7e2bd","block_height":null,"time":null,"vin":[{"txid":"73d5e32af4f1b954c85cfc60663f91d4811b1a642e6bea59f5188285dca7e2bd","vout":1,"amount":762.00398607,"coinbase":false},{"txid":"60fe8d3ba629f95fd6dc0be822e3b4a51cd9252c3b09d13619259199197a16da","vout":1,"amount":277.62391648,"coinbase":false},{"txid":"8507cb874614850a4edc87cb382cf491c29feb03b32baeebcc923901259639fc","vout":1,"amount":0.50491161,"coinbase":false}],"vout":[{"n":0,"addresses":["prl1pu55xnyn0y2dvsmcpxz32f5dl9nja77jrcx9ws7rme09hgcwcgfrsf9cek4"],"amount":0.13245663},{"n":1,"addresses":["prl1z2gl72u7u7y5d9qxp9xuh5lqms2trwvez83av2fvtqft4uv3lwlmq28eleq"],"amount":1040}]}