{"txid":"b08642cfb74480ba920963353072e88c98461e9a5100b96e2ac01593e939e52e","block_height":null,"time":null,"vin":[{"txid":"b08642cfb74480ba920963353072e88c98461e9a5100b96e2ac01593e939e52e","vout":0,"amount":5119.9991969,"coinbase":false},{"txid":"0b1d5aac4fd4f5988df6d372c75e1eca873bf6b97e9bf7b4ae0b4c29cc8f91fa","vout":405,"amount":843.1665251,"coinbase":false},{"txid":"5c7fe4ebde67524329a20a1dd13000666bd9a9003aa2f422183806ba2e8ec017","vout":368,"amount":677.73411181,"coinbase":false}],"vout":[{"n":0,"addresses":["prl1zlvsg7pk693t6uqnlvm6w60za8fmsx4ajnqetjznctvuxy8k2d52qtwgm96"],"amount":6100},{"n":1,"addresses":["prl1pw0n5lc9vrgn2c3z94q2k4jcsxr8y83pwk3arf904z4gk4xx66rgqj6cdxz"],"amount":540.89913433}]}