{"txid":"8e1a2ba7bd29b7a028b4b1b71ee1a1f825751bf3e23ed1141957edaa1c4dc393","block_height":null,"time":null,"vin":[{"txid":"8e1a2ba7bd29b7a028b4b1b71ee1a1f825751bf3e23ed1141957edaa1c4dc393","vout":2147,"amount":113.29418541,"coinbase":false}],"vout":[{"n":0,"addresses":["prl1p2kzhaazdhutflwlzkvqvte85vg4wvucvqdn60w738aavttpsq56shwexer"],"amount":13.29403041},{"n":1,"addresses":["prl1zjlwa06sr4frxu6m3j48fkw8lyua9flfam8vxfmu2l0km0kzy97zsc4pdzt"],"amount":100}]}