{"txid":"d385cf4740cdf41dc2bcea7a3a87eb340a681a35ca75755d431ff467449792f3","block_height":null,"time":null,"vin":[{"txid":"d385cf4740cdf41dc2bcea7a3a87eb340a681a35ca75755d431ff467449792f3","vout":0,"amount":855.73223832,"coinbase":false}],"vout":[{"n":0,"addresses":["prl1p33zafjx6fp5ah74slrz7m88vrs5msyk97vm4e92dn35gpgqptp0q7899hs"],"amount":460.73222991},{"n":1,"addresses":["prl1z6t40uxdse0vzm5j6ur3tysz5nt5v88jdvt758h8zuu3wx7p6qnxsznm20w"],"amount":395}]}