{"txid":"57ad7588ba2b4a826b393d4af5bd09ea91011cf09513e3e3924d87c4ee655563","block_height":null,"time":null,"vin":[{"txid":"57ad7588ba2b4a826b393d4af5bd09ea91011cf09513e3e3924d87c4ee655563","vout":446,"amount":239.4896985,"coinbase":false}],"vout":[{"n":0,"addresses":["prl1zfca2khzf5cjjd7xvpvp7rh8s5dd78f4zfkdmeyjhjnn77lwpejhq3mnwzl"],"amount":230},{"n":1,"addresses":["prl1pt4wfj4u2lnzh7gqsnru3vxufqmpfmr4hkc9nzrz4fj8dtl55yd2s2v7m8s"],"amount":9.48969006}]}