{"txid":"40e5c5a9c09a0712faffe04a5885aca34577796c783307629e566266e5a1d069","block_height":null,"time":null,"vin":[{"txid":"40e5c5a9c09a0712faffe04a5885aca34577796c783307629e566266e5a1d069","vout":1,"amount":321.20028392,"coinbase":false},{"txid":"ac5944a01ab8596b48d8435009c172e913f9dadc6d400ad150a6b4b05bd63ac3","vout":328,"amount":112.79627441,"coinbase":false},{"txid":"c26e7370b237da027f1529c7563f1b6857193a23509010261548faf7ff746c71","vout":760,"amount":102.75993932,"coinbase":false}],"vout":[{"n":0,"addresses":["prl1p7x8ctfx0wr6xh8xss38jgw56eyhlweqxghnt5zt74mw0fxtlar9qzh6wyy"],"amount":36.75619787},{"n":1,"addresses":["prl1z6u3x3hre8wqn0mseehjfjhd65cw5rtp3a39z2z34m8hktvjprs8qd6e5jd"],"amount":500}]}