{"txid":"d7492f44eb29edca2bfb0306e0c27b17a91fdebddea2ce8ef43b671adcf19a5e","block_height":null,"time":null,"vin":[{"txid":"d7492f44eb29edca2bfb0306e0c27b17a91fdebddea2ce8ef43b671adcf19a5e","vout":0,"amount":560,"coinbase":false},{"txid":"e6322808d4146939652ae34a81f2c98ca2bae1b42e4e1e796a4b7afe99a8c9d5","vout":0,"amount":239.99999,"coinbase":false},{"txid":"013e59bbbf7f87d94b0e0e344cd9560346491c00474a21664bcdd4b791b5f7e7","vout":1,"amount":5.0199917,"coinbase":false}],"vout":[{"n":0,"addresses":["prl1z4rmucuhg8teut24uhmf8saggepldm6ja7aglc3e49rquucavk9kq5wsgf2"],"amount":800},{"n":1,"addresses":["prl1pt0xjv39s2tlesgf4q0ga2npsz570xsrl9ynev2yat5wgwkpgtulsck5rrv"],"amount":5.019979}]}