{"txid":"0bbe64c89e1f52b68ecc80ddfbb5112383c2e019c68febb5d10bdf7145d0cead","block_height":null,"time":null,"vin":[{"txid":"0bbe64c89e1f52b68ecc80ddfbb5112383c2e019c68febb5d10bdf7145d0cead","vout":1,"amount":15249.99999692,"coinbase":false}],"vout":[{"n":0,"addresses":["prl1zv3404nvkszjt95fht8ekguj9hhm0sdu97wugeve3qazdg0rr6l9q0w6sey"],"amount":9800},{"n":1,"addresses":["prl1p94mante8tgtvajgghxh93l0z0vykzz7xfly6zdfpd9lsarm3dlystq3ar4"],"amount":5449.99999538}]}