{"txid":"160067cfd3e84b4f7f7a4473b09ee4200010fe67dd35edd2c224a8ed66522cc6","block_height":null,"time":null,"vin":[{"txid":"160067cfd3e84b4f7f7a4473b09ee4200010fe67dd35edd2c224a8ed66522cc6","vout":0,"amount":9999.99999,"coinbase":false}],"vout":[{"n":0,"addresses":["prl1pk6p9tn8e00u8zewtkc23t2nfcwsn877mlgmf9vpvguuj2dldnc2skylqp4"],"amount":8949.99998174},{"n":1,"addresses":["prl1z4r2d6vv6a7hj2axh5e5kfagz78e6cf6fyxtqx62avz7uaqafee6qn67ph7"],"amount":1050}]}