{"txid":"286d09b067618800e103569aad16cbd463a0c92a0103b1516543a894ad2f02f6","block_height":null,"time":null,"vin":[{"txid":"286d09b067618800e103569aad16cbd463a0c92a0103b1516543a894ad2f02f6","vout":1,"amount":349.99999846,"coinbase":false}],"vout":[{"n":0,"addresses":["prl1zwy4mgwrcxyejnef36uzwz55w58v2gsc57xfvqxs2rrdfry8ggqzqjjxkug"],"amount":300},{"n":1,"addresses":["prl1p8d6dx4rquy8qgescaymah7cg34zur4hfyatqptpxq60qcmvrxqqs2julp2"],"amount":49.99999692}]}