{"txid":"ec74f1b9c60289e4f6cfd51d7dcb8eae321e59f29e8a11ef78660a3074ffb1ab","block_height":null,"time":null,"vin":[{"txid":"ec74f1b9c60289e4f6cfd51d7dcb8eae321e59f29e8a11ef78660a3074ffb1ab","vout":1,"amount":9439.99999692,"coinbase":false}],"vout":[{"n":0,"addresses":["prl1znnnj70az383ezxvanhuwcxwljxh6zfped7e4fjx02fr8xzx0s5yqm327fn"],"amount":100},{"n":1,"addresses":["prl1pgz7xkmw396pcnw43ptt4sg35gkv5ax789whywt6ja7mqz494hrmq2q3fk9"],"amount":9339.99999538}]}