{"txid":"c34caed26d15614a90285611ed60256615c09db2b43a0a7ee1c881314b032b2d","block_height":null,"time":null,"vin":[{"txid":"c34caed26d15614a90285611ed60256615c09db2b43a0a7ee1c881314b032b2d","vout":1,"amount":2685.17540851,"coinbase":false}],"vout":[{"n":0,"addresses":["prl1plvjz68a7d656elqm0zqsjpdsgapwdwprppcvg235x8vdszh75yvqm748cw"],"amount":685.17540023},{"n":1,"addresses":["prl1z0xpm8afxc2ezhqmz08cdudwt6m7cnd43s57lwnj262kxxzzft6aqvrjpnf"],"amount":2000}]}