{"txid":"6eed03b66a5d843584223bbebcfebfe27ac4adedc4553c17720b0d16a2252a66","block_height":null,"time":null,"vin":[{"txid":"6eed03b66a5d843584223bbebcfebfe27ac4adedc4553c17720b0d16a2252a66","vout":1,"amount":1499.99998634,"coinbase":false},{"txid":"579bcb5cfa74516b1ac41a9e3ac141206b3c5dd22a123af263d786ad7d67ba15","vout":1,"amount":0.21603747,"coinbase":false}],"vout":[{"n":0,"addresses":["prl1zpagxcuee6jlrquy92naajp2ww2l3rdaz8fyluhv0l2gmflf229hqv2dexf"],"amount":1500},{"n":1,"addresses":["prl1psr07w39lz85n23tffktvfmngtre5rdq9uck26qkx7enun8jpfl4qux2t57"],"amount":0.21602169}]}