{"txid":"5012e7987d533ae0b12f02f30c982af35b884323224ace0c69bb8bd1f16d96cb","block_height":null,"time":null,"vin":[{"txid":"5012e7987d533ae0b12f02f30c982af35b884323224ace0c69bb8bd1f16d96cb","vout":1,"amount":5760.4300937,"coinbase":false}],"vout":[{"n":0,"addresses":["prl1zgqddarnwkdqlulx5fgqny0zjrtcq48929rs6jpt0rhlf94gl4a6svaws4j"],"amount":2000},{"n":1,"addresses":["prl1pgz7xkmw396pcnw43ptt4sg35gkv5ax789whywt6ja7mqz494hrmq2q3fk9"],"amount":3760.43009216}]}