{"txid":"609d03ca189d355a0de56ecb922c8b89308e29ca04908b585049e01dfc05744a","block_height":null,"time":null,"vin":[{"txid":"609d03ca189d355a0de56ecb922c8b89308e29ca04908b585049e01dfc05744a","vout":425,"amount":458.60435748,"coinbase":false},{"txid":"ea3733b38c7d4dcbd0af559f1b2e102bfb419958ea13341a4ff0099eec130d76","vout":1,"amount":353.99999846,"coinbase":false}],"vout":[{"n":0,"addresses":["prl1zqvh8a6nmvz30lulq83rfjh8wpfga6n38prq76wdtj3uw8mvrqwms5zwtw6"],"amount":500},{"n":1,"addresses":["prl1pkzu3d08mek84ew4475h0l3dxz99wldr9fn02gcwvxynpyqhah3yqycqmex"],"amount":312.60435382}]}