{"txid":"0ff0ae2c81a56a6992ade6c7062bf94a61ecea28412fbe0fb00161580ba97421","block_height":null,"time":null,"vin":[{"txid":"0ff0ae2c81a56a6992ade6c7062bf94a61ecea28412fbe0fb00161580ba97421","vout":0,"amount":100,"coinbase":false},{"txid":"0ff0ae2c81a56a6992ade6c7062bf94a61ecea28412fbe0fb00161580ba97421","vout":1,"amount":6.7020185,"coinbase":false}],"vout":[{"n":0,"addresses":["prl1zckhrealqr0gs8dn3au8cqddancjhm8fl48r8ktyrm4yvg9a58vqswac49v"],"amount":100},{"n":1,"addresses":["prl1pcwg4wgkrlvv9tf9r0pycpvajlqavvyz4jwaz0wwwn7qcd7h39w3q8prwrd"],"amount":6.70146669}]}