{"txid":"d36b675e105363a8b4ae3e531d88f366cfd5a424b2e98060e164b84ecbe93336","block_height":null,"time":null,"vin":[{"txid":"d36b675e105363a8b4ae3e531d88f366cfd5a424b2e98060e164b84ecbe93336","vout":239,"amount":116.0344839,"coinbase":false}],"vout":[{"n":0,"addresses":["prl1z0j9e0jldnqa24k0ej7q2wj3g0ztsx8j5wgyyscv20qedd8z25tuq4rc4zj"],"amount":116},{"n":1,"addresses":["prl1pwh3fakyxkvg6zqgchfm73e3xsc72vhvwy0hyzth358x8a6kqasysxhkdqx"],"amount":0.03448236}]}