{"txid":"61a034e8ed66075f30ffeedd6af8a391f1cfdbec65723bb15727f36e01693800","block_height":null,"time":null,"vin":[{"txid":"61a034e8ed66075f30ffeedd6af8a391f1cfdbec65723bb15727f36e01693800","vout":343,"amount":167.48266694,"coinbase":false},{"txid":"f691f7653edb90b8f83ff792f133d4aba4da5d896c6f998fca38f9792f686ead","vout":705,"amount":129.56548351,"coinbase":false},{"txid":"4355ddb8ee2e1f2ed2b5a05cdf8b2b6f178188a3b3d79b09fce1fdf681ce274a","vout":125,"amount":97.63204081,"coinbase":false}],"vout":[{"n":0,"addresses":["prl1zyxnpyh5djhcncvwxdlgec4gjh8t7skgf978aqg7q8xn4su4wzwzqlhl80g"],"amount":350},{"n":1,"addresses":["prl1pta4wxddnrvhmqj68fuz9vzgj9yd3a82l7gythwdt9usklquqcugs6es4wz"],"amount":44.68003172}]}