{"txid":"57ad7588ba2b4a826b393d4af5bd09ea91011cf09513e3e3924d87c4ee655563","block_height":null,"time":null,"vin":[{"txid":"57ad7588ba2b4a826b393d4af5bd09ea91011cf09513e3e3924d87c4ee655563","vout":29,"amount":59.43929557,"coinbase":false},{"txid":"ca9e985543b467bad90b61ca27bd7d13bb33581b9c2942312df7683916fc1bf5","vout":143,"amount":42.33542848,"coinbase":false},{"txid":"e90b98f2bb5697f2eacb2911b23ec17b83eebbb559ef6dabf69741faed8fb050","vout":1,"amount":0.57585846,"coinbase":false}],"vout":[{"n":0,"addresses":["prl1z350vurp2p0sg8y9egvjggj4c8r5wkv3nsxmhc9k5mwr2fllt6k5sn26l5q"],"amount":102},{"n":1,"addresses":["prl1pxrhs6z78an2ss734lr7jt9fs5n9ev8k8v7c8gvqtdxs3gd7aptusydaj03"],"amount":0.35057981}]}