{"txid":"2d4242ab21319dac42b4c08c41da0355170df3a16fe33582965388db243075d2","block_height":null,"time":null,"vin":[{"txid":"2d4242ab21319dac42b4c08c41da0355170df3a16fe33582965388db243075d2","vout":13,"amount":2804.70138256,"coinbase":false},{"txid":"662daed515bb15c900b13e40e6bc1c022f95398c1a709e44310012a806b2b7ca","vout":0,"amount":67.50512964,"coinbase":false}],"vout":[{"n":0,"addresses":["prl1papytzhr32mn0rsk9fhgmwtmma5hzupj9amwdtm9humvqs24ts3sq6d2c3x"],"amount":22.20650064},{"n":1,"addresses":["prl1zsxz3dtx7dxx3c27jdjc8ygf9hkpmqe67mps9ee4h7avl293y403q776jr8"],"amount":2850}]}