{"txid":"3bc260e3712b191f25947693e8ae2219badfb737e8861a10a63e22f40555e23a","block_height":null,"time":null,"vin":[{"txid":"3bc260e3712b191f25947693e8ae2219badfb737e8861a10a63e22f40555e23a","vout":1,"amount":612.99979242,"coinbase":false},{"txid":"8a7d632eac2d1f514b3ec2fa9ad9275bfa1b7d5cf0a438d063d5eadfdb25235c","vout":1,"amount":400,"coinbase":false}],"vout":[{"n":0,"addresses":["prl1z8prl0snekkn3sd7jtx807rx27a63eru6hjccjtphx38uy822fnwqu8lu5d"],"amount":750},{"n":1,"addresses":["prl1psjwq74759gqylahsy3lzlqryeaea9tp7cppaqwewrrk4qyjwyfksh50yez"],"amount":262.99956773}]}