{"txid":"54b33f4c526b127c4c408fbf00e60f1fd2903013316414917fa2a2615bc96549","block_height":null,"time":null,"vin":[{"txid":"54b33f4c526b127c4c408fbf00e60f1fd2903013316414917fa2a2615bc96549","vout":1031,"amount":527.41060172,"coinbase":false},{"txid":"8379b03b3441074cdc9a28d6ebfa66dee9ae3ab169520372a126160899c2591a","vout":797,"amount":447.04506434,"coinbase":false},{"txid":"54b33f4c526b127c4c408fbf00e60f1fd2903013316414917fa2a2615bc96549","vout":287,"amount":283.21134679,"coinbase":false}],"vout":[{"n":0,"addresses":["prl1zpqm5klr2zjypfdkqhr454xy3cxyxgk6c584p6gq9c9uc4rchqgcqm6f73t"],"amount":1000},{"n":1,"addresses":["prl1pcjgvnqcavv20wkwxjymh3vpsek65juhz0t62nq82e0wj3ndv06eqsrsy35"],"amount":257.66687051}]}