{"txid":"cdb075c0acda2e984d73d5fbe343105c1b866f083b979ada0ecb4704ff54b791","block_height":null,"time":null,"vin":[{"txid":"cdb075c0acda2e984d73d5fbe343105c1b866f083b979ada0ecb4704ff54b791","vout":0,"amount":2000,"coinbase":false},{"txid":"1df0adb84adff438f20e7ed8910c4b78b8f9ba346ef209904122fb0f3d615635","vout":1,"amount":0.95985855,"coinbase":false}],"vout":[{"n":0,"addresses":["prl1zpug9wug3c8cmax73clavh38hhgl09wlk6k3p2nkl84q67p8cw7csds5jfn"],"amount":2000},{"n":1,"addresses":["prl1p9pg7e4vfg9e9dy6m03zn5gwt2r23629rymrtmv0g9mp72ks6e5jsy7c7xx"],"amount":0.95985643}]}