{"txid":"eafe540a58834d293c244e7c2cbcd52f0941746bd591eb53fce22491717f94cc","block_height":null,"time":null,"vin":[{"txid":"eafe540a58834d293c244e7c2cbcd52f0941746bd591eb53fce22491717f94cc","vout":1,"amount":150.83959845,"coinbase":false}],"vout":[{"n":0,"addresses":["prl1p4rflsge6e0dhzuh0epszpwm9pcgll0ftvh9pks74xu02uy80lnnq3qw00z"],"amount":0.0391969},{"n":1,"addresses":["prl1znlv9kk9uqpcc4tv05la7a63qwzryv9fjuwxe8hqkjhycu0keg4fse39y4q"],"amount":150.8}]}