{"txid":"609d03ca189d355a0de56ecb922c8b89308e29ca04908b585049e01dfc05744a","block_height":null,"time":null,"vin":[{"txid":"609d03ca189d355a0de56ecb922c8b89308e29ca04908b585049e01dfc05744a","vout":362,"amount":606.10543937,"coinbase":false},{"txid":"af01a3f2892b8a287d2d80783af3c02a6aa55430c9d7ad1bf12cd4578bc20dee","vout":476,"amount":36.31403591,"coinbase":false},{"txid":"ad1f5ec0a0c7e4915f6bad1816e5d27f25f03758dc469a813a582bc7e41682a8","vout":527,"amount":30.61752938,"coinbase":false}],"vout":[{"n":0,"addresses":["prl1zpykpz93v5674l55ukx4hu2ugng2vvz5pu3hvlvfg9j39y44mngxqk3ed8c"],"amount":670},{"n":1,"addresses":["prl1pnk8pmlxem8mewacggy52fucr0dqpkahacd7pkycvsk4aczhkgess2gay43"],"amount":3.0369899}]}