{"txid":"8d442302be06310f92b1000a5f80abd994036f721e81ae5d4845654f6a94ad58","block_height":null,"time":null,"vin":[{"txid":"8d442302be06310f92b1000a5f80abd994036f721e81ae5d4845654f6a94ad58","vout":17,"amount":12501.48171692,"coinbase":false}],"vout":[{"n":0,"addresses":["prl1zz4v5qvap63k4dphxn97f63g7f9asdypmrwl6qu3dpvdh23n66l7szdtxf8"],"amount":3000},{"n":1,"addresses":["prl1pkw25vh7lm6tqhq2js92ecqrxuxddmhl54f9tan7k73q7sxznm4escjssz0"],"amount":9501.48170142}]}