{"txid":"2ef11ce2875511bb7577af59a2630ee7bd5baf5b74725c1b4b865353d256de48","block_height":null,"time":null,"vin":[{"txid":"2ef11ce2875511bb7577af59a2630ee7bd5baf5b74725c1b4b865353d256de48","vout":1,"amount":9739.99999846,"coinbase":false}],"vout":[{"n":0,"addresses":["prl1zh6ua35j700lnytlh343hqwntprc2hm5peeay08dmvmw4lzg2r59styakgd"],"amount":300},{"n":1,"addresses":["prl1pgz7xkmw396pcnw43ptt4sg35gkv5ax789whywt6ja7mqz494hrmq2q3fk9"],"amount":9439.99999692}]}