{"txid":"e44ed3d18b76246154825b94db6d8aa44fa11dc59c0d6246abb5cf2a463a03a6","block_height":null,"time":null,"vin":[{"txid":"e44ed3d18b76246154825b94db6d8aa44fa11dc59c0d6246abb5cf2a463a03a6","vout":0,"amount":442.82774066,"coinbase":false}],"vout":[{"n":0,"addresses":["prl1z9hlsn42gmutz454c8z4lyw86wjv7lsnqxf7weaxthrltxuu4nv2qvj3y3t"],"amount":439.99999999},{"n":1,"addresses":["prl1p57lt7hhyl7yh8gawerwrqz4anprf3zqepevhzcq05l78nc79wxeq93mx52"],"amount":2.82733912}]}