{"txid":"4adef39e7d0147d8b3a5907c3b35a4fb14ba1d62a6fd113d94f82743d722261b","block_height":null,"time":null,"vin":[{"txid":"4adef39e7d0147d8b3a5907c3b35a4fb14ba1d62a6fd113d94f82743d722261b","vout":1,"amount":20899.99999538,"coinbase":false}],"vout":[{"n":0,"addresses":["prl1zscls2rqlj9nfjs4j5kwdxeewhqwd7xmh0ens7e2fd5unpdd9kz0qqtsq0h"],"amount":3000},{"n":1,"addresses":["prl1p94mante8tgtvajgghxh93l0z0vykzz7xfly6zdfpd9lsarm3dlystq3ar4"],"amount":17899.99999384}]}