{"txid":"f2279dd1c47bfa78e914e275bd4e98666eb0d0613545765df4ea8ba1c79084df","block_height":null,"time":null,"vin":[{"txid":"f2279dd1c47bfa78e914e275bd4e98666eb0d0613545765df4ea8ba1c79084df","vout":485,"amount":323.21914077,"coinbase":false},{"txid":"05664c3e07edb0b98b2f545c82b188601db725df55493a967c2823202d3ada88","vout":547,"amount":306.24775805,"coinbase":false},{"txid":"48ac2c10497c47f891a92822128e6fd382afe76e1d11cdc82946a4122b217017","vout":132,"amount":226.92907102,"coinbase":false}],"vout":[{"n":0,"addresses":["prl1z6cknr8suxm9lxjh5tv7yww4up999r0gmypfyuz9g027kv3w25gqs9gdnpk"],"amount":700},{"n":1,"addresses":["prl1pe3ys7gkqxw7pwjax60qm8umd7ha3cvjdslp8aspnrlt2s52uuvasc6py39"],"amount":156.39596714}]}