{"txid":"3c61d205bf80b7925d3f6b49374604039d524c3fd925cf967d74b65129741e19","block_height":null,"time":null,"vin":[{"txid":"3c61d205bf80b7925d3f6b49374604039d524c3fd925cf967d74b65129741e19","vout":585,"amount":65.97427475,"coinbase":false},{"txid":"8ebfc2b893bd4add9162709b7b331a155e1e000d31c95fca38e79fb2c08c90a7","vout":1059,"amount":61.41815292,"coinbase":false}],"vout":[{"n":0,"addresses":["prl1z82c47et5nw44wmmlzp4adhgzhg46z3atx7mca4yd6zl0rzmstxxszg6g53"],"amount":100},{"n":1,"addresses":["prl1pzl0435lt6lzy74ycxksfu9f5823fugtw8fhhycgm6wlng7a5cgqqrsatcg"],"amount":27.39242555}]}