{"txid":"f068d2d4ef8e41a72162c1a9e4e637d96d36028273a0f2b195cc98bc3af029a1","block_height":null,"time":null,"vin":[{"txid":"f068d2d4ef8e41a72162c1a9e4e637d96d36028273a0f2b195cc98bc3af029a1","vout":1,"amount":1289.99982473,"coinbase":false}],"vout":[{"n":0,"addresses":["prl1zp4v2cg8vhmlj5fkahmre9ffnjg4q9tt6nmaxhlusz4m3ctuuew6qswwkmw"],"amount":250},{"n":1,"addresses":["prl1phhwy043rw4t8fqeq45ghdu3teu8lkacsmxl8elmslr999dla72jqjz9xkv"],"amount":1039.99974509}]}