{"txid":"8148a9bf6d7b2e425b9030903dffe7c07f1b68beffe3cef6a3651e7c2cd3e80d","block_height":null,"time":null,"vin":[{"txid":"8148a9bf6d7b2e425b9030903dffe7c07f1b68beffe3cef6a3651e7c2cd3e80d","vout":0,"amount":8999.9999845,"coinbase":false},{"txid":"dc2b0f26c1bdf1700a7518f8c5337930640dccf2981208ce10733f9e95d01beb","vout":0,"amount":999.99999,"coinbase":false},{"txid":"b5e3c2f2d8d0a4f04121a60a5e4a5e6cabb8be646f798dbf319b0da80aebca36","vout":2,"amount":835.52995166,"coinbase":false}],"vout":[{"n":0,"addresses":["prl1ze064efzfyg2s026njdl6f5z0mq7n29j3cukacg2xjw6wx3x9cwfse2286m"],"amount":10000},{"n":1,"addresses":["prl1prwthxtka5nc25xc7nl2crvhgwp76vhqml75afss32ffq6arlrf3qmlgq5x"],"amount":835.52956775}]}