{"txid":"5070c0d4243e5b8a14edca5736f9f2b109ce56402be76d2f01da8090e6a34268","block_height":null,"time":null,"vin":[{"txid":"5070c0d4243e5b8a14edca5736f9f2b109ce56402be76d2f01da8090e6a34268","vout":1,"amount":495.799922,"coinbase":false}],"vout":[{"n":0,"addresses":["prl1ps4c44g9wx89j927yejzhauq6ar8r8zgtwyaw8n455fdsq2lazpgszgvvrj"],"amount":395.799844},{"n":1,"addresses":["prl1z5q8uxgg2mequ4sd6e6nx9yv3e36m2jcz4u0t38t5hdx8tryvj7aq04q7k5"],"amount":100}]}