{"txid":"ddc6ad8a2e792e1f0ccf4204151bdb26c79c349af8a70bf65fed878b1cde54e7","block_height":null,"time":null,"vin":[{"txid":"ddc6ad8a2e792e1f0ccf4204151bdb26c79c349af8a70bf65fed878b1cde54e7","vout":0,"amount":949.99999,"coinbase":false}],"vout":[{"n":0,"addresses":["prl1pehhqad5lut72gzfeeec0x2axjcvvf8nx5jzdk9khn7yyy7n9uhpq0mpdys"],"amount":49.999912},{"n":1,"addresses":["prl1zf4rnmr9rutcm9k4aj6fqcuahdmq9z8xa9axfykzuk530wte43nps3zrevk"],"amount":900}]}