{"txid":"249c77dd1fefb9999f840d497b89d4201464abf0a225efd5b399df92a25ef2cf","block_height":null,"time":null,"vin":[{"txid":"249c77dd1fefb9999f840d497b89d4201464abf0a225efd5b399df92a25ef2cf","vout":0,"amount":792.99999,"coinbase":false}],"vout":[{"n":0,"addresses":["prl1pw859xtfwt0cxjgm68zvrzeqvxm3zz36zwdsxay7elam29hdwhtcqethg47"],"amount":0.9999745},{"n":1,"addresses":["prl1zkza8ml3eygfw6sluuf8wclhhnrhrc6d8gmlh0pjnakevxna5vz9qjy62sg"],"amount":792}]}