{"txid":"964e31ee0dfa4d0989b30be2e1ff1eb7c94684c524a888570a48b6f76eb74d7a","block_height":null,"time":null,"vin":[{"txid":"964e31ee0dfa4d0989b30be2e1ff1eb7c94684c524a888570a48b6f76eb74d7a","vout":0,"amount":1998.99999,"coinbase":false}],"vout":[{"n":0,"addresses":["prl1pjpjk92eurf9hu42kl45n3ffw4rds5nvu4cp4mlanz29agcefdwvqy7qcqr"],"amount":998.9999745},{"n":1,"addresses":["prl1za09j6ha5al08yrk2gaq6lu9hvh47uz9mz03aeehx2ywdz6mjmflqtp2nyv"],"amount":1000}]}