{"txid":"03d5391045997481cc9a658a7a1ba1eb718d2788ce646c09a96b91b9dae4067d","block_height":null,"time":null,"vin":[{"txid":"03d5391045997481cc9a658a7a1ba1eb718d2788ce646c09a96b91b9dae4067d","vout":0,"amount":1000,"coinbase":false},{"txid":"2d4a1ef39f152111ef0356b47b0a648ca7cc8ee216c5ba9ce35a7cc18fece8ac","vout":0,"amount":977.06,"coinbase":false},{"txid":"72d47592c0e1f69528e01f63936b8db17448bb9242ae762c401f6ddb15a505e7","vout":102,"amount":23.56323301,"coinbase":false}],"vout":[{"n":0,"addresses":["prl1p58vwrl84ny2z3zgjemt78ws3078mpxnn8qu48a2wqw8a4x65le8sp04vf8"],"amount":0.62253353},{"n":1,"addresses":["prl1zeu7akhchqq6wkenq3xt93pkgxw0wvpps0s4f2hjxs9dh254gv47scjgcum"],"amount":2000}]}