{"txid":"9c501e923378fb73fb3b2b5651da950618ba0e3efd1ea94daca65f1e6fdfaa22","block_height":null,"time":null,"vin":[{"txid":"9c501e923378fb73fb3b2b5651da950618ba0e3efd1ea94daca65f1e6fdfaa22","vout":1,"amount":1145.44435234,"coinbase":false}],"vout":[{"n":0,"addresses":["prl1pr7t06ggymypt38rswzdtlmpmlwdn90xgljgxlczgxx3zyk0gqffqwnzzy0"],"amount":645.44435079},{"n":1,"addresses":["prl1zk234nw5dr37euzrnsvr2d2jrhx74g5pd6fm7tq2ddje57kz0869qksxltd"],"amount":500}]}