{"txid":"d8b4c3b93722be56aa41d4ede4a99d4a67a18f5418f566c5d9c9d9dca9742e84","block_height":null,"time":null,"vin":[{"txid":"d8b4c3b93722be56aa41d4ede4a99d4a67a18f5418f566c5d9c9d9dca9742e84","vout":0,"amount":99.99999,"coinbase":false},{"txid":"e1848ff994ea517f41d281d314554f08c61d6e7537020c7d2186da8745433276","vout":0,"amount":88.40601955,"coinbase":false}],"vout":[{"n":0,"addresses":["prl1pfcfwzxz6mxp54lkel7n36u6a5r976706qy66snrqdszwgfl2u7qqztvz3f"],"amount":88.40599803},{"n":1,"addresses":["prl1z25rpx77xdxvtypqetlkql3flhgu9ms0lnaenyqcuh3sna7jg20gsjdxlrw"],"amount":100}]}