{"txid":"2d4242ab21319dac42b4c08c41da0355170df3a16fe33582965388db243075d2","block_height":null,"time":null,"vin":[{"txid":"2d4242ab21319dac42b4c08c41da0355170df3a16fe33582965388db243075d2","vout":40,"amount":183.18018038,"coinbase":false}],"vout":[{"n":0,"addresses":["prl1zz6ur3sdmr0nz3rv5qs6lpn5pcx5w3z89szrpuuesm6x4y78qw7cqyneg59"],"amount":180},{"n":1,"addresses":["prl1pefy97fscslmg7ls4nnydj4x2qk87e9g20ztf6d9h0sf0s007flhsghwpnu"],"amount":3.18017884}]}