{"txid":"326c00875b339e0b9359a241e0a58e10b3623c2c5a64f3e1ac6554522d0f6adc","block_height":null,"time":null,"vin":[{"txid":"326c00875b339e0b9359a241e0a58e10b3623c2c5a64f3e1ac6554522d0f6adc","vout":0,"amount":2487.6,"coinbase":false},{"txid":"4e3592bb5cda7d23a1626dd39bf8a4a326cf362e43e56e3e2070e33a204ba94a","vout":38,"amount":72.97867345,"coinbase":false}],"vout":[{"n":0,"addresses":["prl1za6zur4tsuryff3gdw668sz9vp8djr07peqzhhs4e3kjn55pza2vqhwzaaf"],"amount":2560},{"n":1,"addresses":["prl1p2zu56gqek8ws9k9y40x7vvpj43x7anjysjfr4vd000jfjkufdqash09tu2"],"amount":0.57867133}]}