{"txid":"034bf2f81fb76001a28498a0dccc1b2286dbb38566ec9e64e65084d5ea12f1c3","block_height":null,"time":null,"vin":[{"txid":"034bf2f81fb76001a28498a0dccc1b2286dbb38566ec9e64e65084d5ea12f1c3","vout":0,"amount":2500,"coinbase":false},{"txid":"a3c32bf8dba62edeb7c239241bd234d9366d1041a77e6e6f30dbee094a1d1684","vout":0,"amount":100,"coinbase":false},{"txid":"0987dcc4f97f0bc02eb7854e33af6cd2aa400097a4fc45ecfd64531923b0fb96","vout":1,"amount":0.46240611,"coinbase":false}],"vout":[{"n":0,"addresses":["prl1zzuesqds5mkl9cxxvsndlm5r4pjs3q7h2wx9pse4zrxtuyzxl7htsmyu79v"],"amount":2600},{"n":1,"addresses":["prl1pqaqajcnlx2pqye6t0p76zduhc9qd5mc8nryjl304jtwgxvyqy2ssmcdag8"],"amount":0.46240341}]}