{"txid":"0120c25adb429dc634514c53e084c466ebc0ac90c8444147c918c54f7b9ea0e7","block_height":null,"time":null,"vin":[{"txid":"0120c25adb429dc634514c53e084c466ebc0ac90c8444147c918c54f7b9ea0e7","vout":0,"amount":14999.99998177,"coinbase":false}],"vout":[{"n":0,"addresses":["prl1pan8533qvmdctdxs6rh2gcmkuu822hwl6v5gmhuvjleurjr4znhps3qwcx6"],"amount":9999.9999735},{"n":1,"addresses":["prl1ztcpy0af32eqm5cwxqlmgrnc3hjyq9049e5p2dp70wtygyvwawpqqc047kd"],"amount":5000}]}