{"txid":"30a035daca89b53f74c77878b8c6684266782a3c77f5e21f4acfecabf99218e7","block_height":null,"time":null,"vin":[{"txid":"30a035daca89b53f74c77878b8c6684266782a3c77f5e21f4acfecabf99218e7","vout":0,"amount":499.99999,"coinbase":false},{"txid":"e16b21ec8c0b554eb091226e95c859404afb928fc6dd9bdfd4dc8a359d9a2265","vout":1,"amount":29.12298269,"coinbase":false}],"vout":[{"n":0,"addresses":["prl1z2jdlum85s0q0nvft3wvaepmrp97hun8kytl0z7gqxncqahhns9ws35aklr"],"amount":500},{"n":1,"addresses":["prl1p6q3yrqwx3hffy4qn298wgj84j57qcqs9t0t2vlxhg3p6dtux0n7q09n4xq"],"amount":29.12297057}]}