{"txid":"43de75dde30774c568ff5848c8c0058bcbfad43eb8c4945d25239fe5826c818e","block_height":null,"time":null,"vin":[{"txid":"43de75dde30774c568ff5848c8c0058bcbfad43eb8c4945d25239fe5826c818e","vout":1,"amount":736.14170342,"coinbase":false}],"vout":[{"n":0,"addresses":["prl1zpwtxz7ys2edydqv2upsl7y3ugyk0fs47dta0nn4p7tl2aarad7ps4k4utx"],"amount":300},{"n":1,"addresses":["prl1p0sp3fx5hjs6aeq4p9qnu8qlvzujl5qvdfrct6nz5h2qrct6uk2wqn3242l"],"amount":436.14170188}]}