{"txid":"98d04fd64e5919771542d4c0f9ae5586c1200ba0cb4e2de76100ed72d5df4ea9","block_height":null,"time":null,"vin":[{"txid":"98d04fd64e5919771542d4c0f9ae5586c1200ba0cb4e2de76100ed72d5df4ea9","vout":298,"amount":130.78766838,"coinbase":false}],"vout":[{"n":0,"addresses":["prl1z5z4j5qyc4lvyh33yjjn6nvee8v9m9vf98nxr2zplzlpq6alwxk2qsjmmdw"],"amount":100},{"n":1,"addresses":["prl1pzl0435lt6lzy74ycxksfu9f5823fugtw8fhhycgm6wlng7a5cgqqrsatcg"],"amount":30.78766684}]}