{"txid":"3a2a980913c57b66589255de085a222b32709c6fad8c5c4446ac63a3654c002b","block_height":null,"time":null,"vin":[{"txid":"3a2a980913c57b66589255de085a222b32709c6fad8c5c4446ac63a3654c002b","vout":0,"amount":1524.52350672,"coinbase":false}],"vout":[{"n":0,"addresses":["prl1zv6hw0wd78vq6v8gxyuxyekwzt5wq40akcu4yf98dyhn6a3fwex5qfp0sxs"],"amount":100},{"n":1,"addresses":["prl1pxgx47sgn9wrzhl5gsugur9j4yxzpf7wpfv4m4ynqr35w9ng4avvqduz955"],"amount":1424.52350518}]}