{"txid":"60a4605b94608d7c852ed8693a9192ca1952b63e3967c2bd9b260d090bc2c88b","block_height":null,"time":null,"vin":[{"txid":"60a4605b94608d7c852ed8693a9192ca1952b63e3967c2bd9b260d090bc2c88b","vout":0,"amount":70,"coinbase":false},{"txid":"24dcb5046de98f9299276038db262ef205a275302ac4d92c837524da8a53cd7b","vout":1,"amount":23,"coinbase":false},{"txid":"fe5ffa22f3e95faad5f329f7d7a04aa57e097ad2ba49280d1c52adda4aff7b1a","vout":1,"amount":11.99999788,"coinbase":false}],"vout":[{"n":0,"addresses":["prl1zftus0x58zkthc894fmnytg3p7yktzcdkhqcmlgzp92rrc0m2l5nqvff7s5"],"amount":100},{"n":1,"addresses":["prl1p73c4aczn8kuwgk4x9k3kqegs2uzz05m75hc70zwefeftx7hk7pnq2y93ef"],"amount":4.99999518}]}