{"txid":"2a67abe46adc65aa1770b864929d2b5e3189ec4087f6f8d90342765062173ec0","block_height":null,"time":null,"vin":[{"txid":"2a67abe46adc65aa1770b864929d2b5e3189ec4087f6f8d90342765062173ec0","vout":0,"amount":1249.99999,"coinbase":false},{"txid":"067bc2c9325396c450db573dfc33741e50d25bf765762d6979d72703c2d08677","vout":0,"amount":967.99999,"coinbase":false}],"vout":[{"n":0,"addresses":["prl1zw723mfsf35jkugycjv9tx7j0kx9f9mx6q25dcsv3rudv86euu2xqmd59yp"],"amount":1250},{"n":1,"addresses":["prl1p209gdfdx4vl4y229jsqgx7rrncxpjpt2dgczqm7s8etpy0v60adqq05623"],"amount":967.99997788}]}