{"txid":"2d4242ab21319dac42b4c08c41da0355170df3a16fe33582965388db243075d2","block_height":null,"time":null,"vin":[{"txid":"2d4242ab21319dac42b4c08c41da0355170df3a16fe33582965388db243075d2","vout":159,"amount":289.11875005,"coinbase":false},{"txid":"0242003641182fa9779b0ee5f2c91d9ef4d93f5444025227a49c3f3da20e8ca6","vout":1,"amount":2.68959138,"coinbase":false}],"vout":[{"n":0,"addresses":["prl1z5xle2jacpdr72522p5cdpac660u7akrj3vaekv52t3x3upj4q9wspglx27"],"amount":290},{"n":1,"addresses":["prl1pcra3fr7ng9l5eft8ezyq0jdlzs6lzcr94w5psdcczqq4gdcz8cjqxv946s"],"amount":1.80833931}]}