{"txid":"f2279dd1c47bfa78e914e275bd4e98666eb0d0613545765df4ea8ba1c79084df","block_height":null,"time":null,"vin":[{"txid":"f2279dd1c47bfa78e914e275bd4e98666eb0d0613545765df4ea8ba1c79084df","vout":10,"amount":90.61043276,"coinbase":false},{"txid":"a727559a1348c8eae398561acd1391b31e144eda6ba10b44b1705663e4bce6b2","vout":526,"amount":77.91870976,"coinbase":false},{"txid":"1b92dde9d4440b56347fcba4cda1aa64be811d4bcef740b431d8cb933575dff1","vout":252,"amount":57.14750823,"coinbase":false}],"vout":[{"n":0,"addresses":["prl1z7r3uns2cqh6wkw37eee65zsj4vd6hy5slnqu7dnkf54fn5sgds8seehr9u"],"amount":205},{"n":1,"addresses":["prl1pzl0435lt6lzy74ycxksfu9f5823fugtw8fhhycgm6wlng7a5cgqqrsatcg"],"amount":20.67664805}]}