{"txid":"32e4b0c5e2383782ba7e42835aed10b5ab464609eeda1d2e6f126a99fb02d6f0","block_height":null,"time":null,"vin":[{"txid":"32e4b0c5e2383782ba7e42835aed10b5ab464609eeda1d2e6f126a99fb02d6f0","vout":7,"amount":429.20388849,"coinbase":false},{"txid":"33cc12f487b77d7a377289a5088e6b27aa635c7506647d7198c186b9c226d860","vout":537,"amount":355.10293224,"coinbase":false},{"txid":"d1321634f24ab09c55dc749f08e85a142f8098a364b243e5e83f9b4e6cc15ad6","vout":93,"amount":327.22686478,"coinbase":false}],"vout":[{"n":0,"addresses":["prl1pcdu5yv54v3zascus78ferlxvdvna9v65uehxan2wufm9zdlf6vgq4yau5v"],"amount":98.53298603},{"n":1,"addresses":["prl1zpmxv7gzy0l32zrk9cfj2as4pwr6fgt667rrs3v0nz40aajdyg5yqk6zfxq"],"amount":1013}]}