{"txid":"6769cbe2069d8d97f1956711e59762bd740effdc2a5e93a5ddf882738b6258f5","block_height":null,"time":null,"vin":[{"txid":"6769cbe2069d8d97f1956711e59762bd740effdc2a5e93a5ddf882738b6258f5","vout":1,"amount":32699.99999846,"coinbase":false}],"vout":[{"n":0,"addresses":["prl1z6ztz0h8trtnymkye5jvyeu2sdwrm4vkut5ktyytxxvz8veqq3has99g2d4"],"amount":1000},{"n":1,"addresses":["prl1p94mante8tgtvajgghxh93l0z0vykzz7xfly6zdfpd9lsarm3dlystq3ar4"],"amount":31699.99999692}]}