{"txid":"649664df34ce184d501624cfe3a0f59b23189b67f8505bbb02b8b90dde711227","block_height":null,"time":null,"vin":[{"txid":"649664df34ce184d501624cfe3a0f59b23189b67f8505bbb02b8b90dde711227","vout":117,"amount":357.8752175,"coinbase":false}],"vout":[{"n":0,"addresses":["prl1ztj8x3h8yy4hsu80zayxdz8867x7kdka56jfpew5m5cxyxfzsynrqs3sq4j"],"amount":357},{"n":1,"addresses":["prl1pckhsaaev5rnn0q8cwxw7cykq6l8czdd026587h352f5dtrnxw2csxg64lh"],"amount":0.8752092}]}