{"txid":"a9ac26ca16e6fd4bd909e28be8645d0463f6320c58352bab85f20b60085ff222","block_height":null,"time":null,"vin":[{"txid":"a9ac26ca16e6fd4bd909e28be8645d0463f6320c58352bab85f20b60085ff222","vout":1,"amount":9199.99999384,"coinbase":false}],"vout":[{"n":0,"addresses":["prl1zhn0qu624yw3lcfuumangt60r8wlxlauev5ld2hfqe9eg9wn9sj9qz3daxh"],"amount":100},{"n":1,"addresses":["prl1p209gdfdx4vl4y229jsqgx7rrncxpjpt2dgczqm7s8etpy0v60adqq05623"],"amount":9099.9999923}]}