{"txid":"5c5ab04c2bccc9e331745484633478b4d101aeec7c358269d10d24ec15cacf08","block_height":null,"time":null,"vin":[{"txid":"5c5ab04c2bccc9e331745484633478b4d101aeec7c358269d10d24ec15cacf08","vout":0,"amount":2987.51388127,"coinbase":false}],"vout":[{"n":0,"addresses":["prl1p4ggxg7wmzd89ky6h7nu06x46azk6jnugc2yx5jvkjyun3s3zxxuqdw0glu"],"amount":2887.51387972},{"n":1,"addresses":["prl1p8xq9x42f0n37s3evlw2hm0uzrsz63tecm67s0gajgr0nyfsxt52qp0p6m5"],"amount":100}]}