{"txid":"3966d49bc6cd392d6b72a909f3d3fb70a6d35e45c28b7b9dc46daaf19fa1bd06","block_height":null,"time":null,"vin":[{"txid":"3966d49bc6cd392d6b72a909f3d3fb70a6d35e45c28b7b9dc46daaf19fa1bd06","vout":0,"amount":7500,"coinbase":false},{"txid":"528ac3a09099aaddb3e904d3a5cf5e2acd0cf87ebcf6225b840a6266f21cca9d","vout":156,"amount":990.2129041,"coinbase":false}],"vout":[{"n":0,"addresses":["prl1znnk4tlgs85lwzwjzp6gj60ea6qn3q6c67gzgt8vhsfm66ajumhqs5jgjrt"],"amount":7500},{"n":1,"addresses":["prl1puknl4rqeq34pzswf566a8uudvtnwrgdcmkkzdpd7efcuc24f5rwqlzmyuv"],"amount":990.21289234}]}