{"txid":"ae04e59705b58d860ee91d2e1fcc19fc05acaa7c53deddaffa200a71e61f832c","block_height":null,"time":null,"vin":[{"txid":"ae04e59705b58d860ee91d2e1fcc19fc05acaa7c53deddaffa200a71e61f832c","vout":49,"amount":661.26189952,"coinbase":false}],"vout":[{"n":0,"addresses":["prl1zg6ptsta8uxqjhrku7a6u9nt94fxa0ua2e59c8ke7vj4ysuku2lrsuyx8sm"],"amount":435},{"n":1,"addresses":["prl1p4sxw8mf9vtek88ud0j2zplrsk7fnt4ka5l2u3j4mu8npzzx9nrvsjhrq7a"],"amount":226.26189124}]}