{"txid":"45f25838f23589be3863fc037f31ad7c1bfaab5b2b3e53d1cf4967a9721def8f","block_height":null,"time":null,"vin":[{"txid":"45f25838f23589be3863fc037f31ad7c1bfaab5b2b3e53d1cf4967a9721def8f","vout":0,"amount":1752.86155064,"coinbase":false}],"vout":[{"n":0,"addresses":["prl1zk7mjrsglcjnjz4pf3p8a0sxpvux626s3twjkxjplcylcx4gsermqn475wt"],"amount":1000},{"n":1,"addresses":["prl1pxgx47sgn9wrzhl5gsugur9j4yxzpf7wpfv4m4ynqr35w9ng4avvqduz955"],"amount":752.8615491}]}