{"txid":"609d03ca189d355a0de56ecb922c8b89308e29ca04908b585049e01dfc05744a","block_height":null,"time":null,"vin":[{"txid":"609d03ca189d355a0de56ecb922c8b89308e29ca04908b585049e01dfc05744a","vout":12,"amount":391.72299908,"coinbase":false},{"txid":"528ac3a09099aaddb3e904d3a5cf5e2acd0cf87ebcf6225b840a6266f21cca9d","vout":317,"amount":70.05746126,"coinbase":false}],"vout":[{"n":0,"addresses":["prl1p9lzq88xqjrtas7262nv7fre7aw2uncufed5j38pvrayzpnke9zyqwfjmd3"],"amount":61.78039119},{"n":1,"addresses":["prl1zmdzzz0m0gfvqvspcrd4xzxkvvc8nfvc8s6dauytu4d0qatwcegkshhr3yp"],"amount":400}]}