{"txid":"abf925ba4dfc1c535a2997033a306a0f6b902dc01c09f56dfdf32904972fd2ab","block_height":null,"time":null,"vin":[{"txid":"abf925ba4dfc1c535a2997033a306a0f6b902dc01c09f56dfdf32904972fd2ab","vout":0,"amount":552.99999,"coinbase":false},{"txid":"441ce0fbbe49258458b4eb13e65dce5a904cb29ce57c822351ec027ed88c228b","vout":70,"amount":22.52526872,"coinbase":false}],"vout":[{"n":0,"addresses":["prl1pv80hspu6a8gectw09cyahlhega36vf5rdg3gehcqduwrvp2rzg2qfmu26s"],"amount":20.5252473},{"n":1,"addresses":["prl1z27tedja9zvke9cdkwutrpczypsclrf8ck7k9kvhnntdyu4djqywsnr05j3"],"amount":555}]}