{"txid":"427d0f709297f82ae41d1e5f77ed36d8a2a8c6edbe4b4953b5d2d303d01fd23c","block_height":null,"time":null,"vin":[{"txid":"427d0f709297f82ae41d1e5f77ed36d8a2a8c6edbe4b4953b5d2d303d01fd23c","vout":0,"amount":1749.99990493,"coinbase":false}],"vout":[{"n":0,"addresses":["prl1z2zrjtxajhpavml38qxl03czrcp8mce6yydkl885dl6rl39spa08qnrd6ne"],"amount":460},{"n":1,"addresses":["prl1p0r4vjytqdpsya26atkd0f6p9angzz7aylcxp3mzwhksjs0jdftasgfzfpq"],"amount":1289.99982473}]}