{"txid":"25f7dc5be016836b52f73e71ea304ef400b92bf6e880773fd4b509be1a98dd59","block_height":null,"time":null,"vin":[{"txid":"25f7dc5be016836b52f73e71ea304ef400b92bf6e880773fd4b509be1a98dd59","vout":1,"amount":309.67999788,"coinbase":false},{"txid":"85eaab37eed88f3539eaf2ba0b9253735cb9a15051910118639f1dbaf09771c2","vout":0,"amount":294,"coinbase":false}],"vout":[{"n":0,"addresses":["prl1z6nkjw5p50ysd2uu4rs3tfxwcthkjsv6nlzrq92gfcvd0ku5f3d2qt7ulec"],"amount":550},{"n":1,"addresses":["prl1pzmr904ef067506akv00h53aavc9m6mjerllkxarztqm49gdxetsq8dldx5"],"amount":53.67999576}]}