{"txid":"badc870ca450a9408663650ffc1adef9d2474e4bf3f6191c5ede97ce1d25b4cc","block_height":null,"time":null,"vin":[{"txid":"badc870ca450a9408663650ffc1adef9d2474e4bf3f6191c5ede97ce1d25b4cc","vout":1,"amount":117.9381609,"coinbase":false},{"txid":"7e016cbdb2305a9990d69492c38e2643b2bfee5e6aacd5b417ca30986cba14c3","vout":982,"amount":81.56348813,"coinbase":false}],"vout":[{"n":0,"addresses":["prl1za3y42wc2uvs65llnlsk6rmzr5ekqdj6upwzvz500c8kc5ejyazsq5etyjg"],"amount":128},{"n":1,"addresses":["prl1pc3gegsjw6v7g0kvrf2l90p3c9aavn5qeqhq877tedjahx0sy09kskud7gd"],"amount":71.50164691}]}