{"txid":"fe808dc81506b3c71151f807aff53c3ab83950dd83ba18f0c83e448ebf6e5109","block_height":null,"time":null,"vin":[{"txid":"fe808dc81506b3c71151f807aff53c3ab83950dd83ba18f0c83e448ebf6e5109","vout":0,"amount":14379.99999,"coinbase":false}],"vout":[{"n":0,"addresses":["prl1zc7y2fdhzujvund0jgan9xflhx8gn4cxjzusd6skxqkc3vzalv2mq75zxqn"],"amount":3000},{"n":1,"addresses":["prl1p94mante8tgtvajgghxh93l0z0vykzz7xfly6zdfpd9lsarm3dlystq3ar4"],"amount":11379.99998846}]}