{"txid":"b10c4d1cb9c5ba68e21c85c2f223061971bb696fa831bcbbb449d2a13a8c0c8c","block_height":null,"time":null,"vin":[{"txid":"b10c4d1cb9c5ba68e21c85c2f223061971bb696fa831bcbbb449d2a13a8c0c8c","vout":1,"amount":1110.09100871,"coinbase":false}],"vout":[{"n":0,"addresses":["prl1zd6gkelqm897n4fnswc8fa7hmgqyuj2gpmjaq644d9nqwz884jjjq2ryaxc"],"amount":0.185002},{"n":1,"addresses":["prl1pza4xkj2r85hkpwwak8l05v84q3mrqnmldquu30yhhl04tptqt58szjdsx6"],"amount":1109.90600517}]}