{"txid":"7ad0e96793e4412140472c3eaf55be4294dc8120b69400325bab20fa1b44a09f","block_height":null,"time":null,"vin":[{"txid":"7ad0e96793e4412140472c3eaf55be4294dc8120b69400325bab20fa1b44a09f","vout":0,"amount":489.86872122,"coinbase":false}],"vout":[{"n":0,"addresses":["prl1ppzrjwyux0v8l6pfegyy0yqrqwyt6y7x6tamk8yk6gatsp23drslsvp9cvu"],"amount":193.86854902},{"n":1,"addresses":["prl1zxy99eqlfukxh9yltnxm2qx8d7hzs42cut7fxh3vcfxhtw72um7zqcmwpqz"],"amount":296}]}