{"txid":"1d232ea52e1f3903f9608c5a24e3566446c19fe5f6cb7d059cb33d238929b8f4","block_height":null,"time":null,"vin":[{"txid":"1d232ea52e1f3903f9608c5a24e3566446c19fe5f6cb7d059cb33d238929b8f4","vout":1,"amount":1111.25882257,"coinbase":false}],"vout":[{"n":0,"addresses":["prl1zup9n2xguzwpl8ucs39u3d75zxgzuah9s87nhyt22pmu6nuaphjgsrluzkg"],"amount":0.036},{"n":1,"addresses":["prl1pza4xkj2r85hkpwwak8l05v84q3mrqnmldquu30yhhl04tptqt58szjdsx6"],"amount":1111.22282103}]}