{"txid":"ca9e985543b467bad90b61ca27bd7d13bb33581b9c2942312df7683916fc1bf5","block_height":null,"time":null,"vin":[{"txid":"ca9e985543b467bad90b61ca27bd7d13bb33581b9c2942312df7683916fc1bf5","vout":295,"amount":311.6898694,"coinbase":false}],"vout":[{"n":0,"addresses":["prl1p3rqjyhlftmxs0spcamdlm3cr3rj8652s79tthrzpx93r34u035tqn54k80"],"amount":0.689861},{"n":1,"addresses":["prl1zdnaqznu0urk72kt2ftyvjdxdxu07l864jfppnlnsjzg5hskhq7wqgjv90d"],"amount":311}]}