{"txid":"6951d665c749240c91c94199a570f003eaeb06c81525b55238381ddc9aef2307","block_height":null,"time":null,"vin":[{"txid":"6951d665c749240c91c94199a570f003eaeb06c81525b55238381ddc9aef2307","vout":1,"amount":84.17898954,"coinbase":false},{"txid":"d45ba214fd7f23501854d74ebcc7e5a459978687e67481754d22a6b03983c427","vout":1,"amount":35.96817657,"coinbase":false}],"vout":[{"n":0,"addresses":["prl1zav7u5paac9qndwu0uqlz8y2yk8t4ey0eq6ts7mtu69hwqansymzsp34rjp"],"amount":120},{"n":1,"addresses":["prl1pefy97fscslmg7ls4nnydj4x2qk87e9g20ztf6d9h0sf0s007flhsghwpnu"],"amount":0.14716399}]}