{"txid":"38684fc988c1bfbc0e52193ccae6f6cad65a47d9d2fb758e919ca873173d4890","block_height":null,"time":null,"vin":[{"txid":"38684fc988c1bfbc0e52193ccae6f6cad65a47d9d2fb758e919ca873173d4890","vout":1,"amount":200.00000002,"coinbase":false}],"vout":[{"n":0,"addresses":["prl1pc303dcfh3jx4zy3v0urghah7xdnxjrty7srktyqyz8n9snj2pscqkp63dd"],"amount":196.00000002},{"n":1,"addresses":["prl1ppf959pzmduxmxf2t7hnlhm4gyzfve4pzs3s840lzh0stvanfs8qskqlngq"],"amount":3.99999}]}