{"txid":"8a783c87c69a42166cf6432fc9d9ce08f910325e8a33e7c1388bdffd46ea98cf","block_height":null,"time":null,"vin":[{"txid":"8a783c87c69a42166cf6432fc9d9ce08f910325e8a33e7c1388bdffd46ea98cf","vout":100,"amount":26.65583303,"coinbase":false},{"txid":"4434e7d98b289207034da3eb9fdb1090e47538e867d18d7a66d009cca56f9c21","vout":0,"amount":249.99999,"coinbase":false}],"vout":[{"n":0,"addresses":["prl1p8v73jxag7wu6kprg6dkcvcchqxfst2g9yggkr3mf7jcptnjncaxqu2s344"],"amount":0.65482303},{"n":1,"addresses":["prl1z078v8uegzd0t0mr74jc4pvfk8wkxl0qu6vyv0lcu4xslk4q0dlnqluex32"],"amount":276}]}