{"txid":"45b187615eaf3f9d102bad8d6e5c0ef5abd1c3534a54f1afc5a68f03bd94394a","block_height":null,"time":null,"vin":[{"txid":"45b187615eaf3f9d102bad8d6e5c0ef5abd1c3534a54f1afc5a68f03bd94394a","vout":1,"amount":71.01733924,"coinbase":false},{"txid":"6dabc86d03334716976d8a40c1a051d2faacc9eac7ffbf470a925eb692289eb8","vout":484,"amount":70.98517254,"coinbase":false}],"vout":[{"n":0,"addresses":["prl1pcyt6wk40ldxy2r7zlptfu2hhrpq4y6aeqgugn6zvhadpqlcfvfdq33c7yh"],"amount":2.00250022},{"n":1,"addresses":["prl1ze47fex97g27k0rz833akvyx9jl4ez6pa2gfzm3axjw3dhum84cds38l3cm"],"amount":140}]}