{"txid":"c8933abd3cac7b6ab1bb311a1a9da87b13bf674601355042f0c03f9f798c5092","block_height":null,"time":null,"vin":[{"txid":"c8933abd3cac7b6ab1bb311a1a9da87b13bf674601355042f0c03f9f798c5092","vout":1,"amount":4499.99999692,"coinbase":false}],"vout":[{"n":0,"addresses":["prl1zvsdwc5s4wp5s2pa89f6v3h32s6xex0hmqc8fuzg6wt8mxppx5h8q3swqrm"],"amount":3000},{"n":1,"addresses":["prl1p94mante8tgtvajgghxh93l0z0vykzz7xfly6zdfpd9lsarm3dlystq3ar4"],"amount":1499.99999538}]}