{"txid":"352109edf8b8e85e876b69a9e98d419fe92bb67f969b221b528ad649303ed899","block_height":null,"time":null,"vin":[{"txid":"352109edf8b8e85e876b69a9e98d419fe92bb67f969b221b528ad649303ed899","vout":0,"amount":5899.99999,"coinbase":false},{"txid":"b0795a5a8046020c8c81bd7e2c8a81eb7e38542ebb8ba02d07f415e4255be198","vout":1,"amount":3.03934218,"coinbase":false}],"vout":[{"n":0,"addresses":["prl1zhy2ckpknxyznt6mhez69hm5k68ll3jsav67p4vnmtyjxjw90e7tsdthvcm"],"amount":5900},{"n":1,"addresses":["prl1pqaqajcnlx2pqye6t0p76zduhc9qd5mc8nryjl304jtwgxvyqy2ssmcdag8"],"amount":3.03933006}]}