{"txid":"061de1994885b7febbe1d320401fd987cde9c5b191e0291e3b56912a85da17cd","block_height":null,"time":null,"vin":[{"txid":"061de1994885b7febbe1d320401fd987cde9c5b191e0291e3b56912a85da17cd","vout":454,"amount":249.36117564,"coinbase":false},{"txid":"ef125a9616083ab3053fe7bbb68939ae18505f4978f4f18c9cb0727cb1df016d","vout":1,"amount":29.04621057,"coinbase":false},{"txid":"4564729f73f63ed9b854a89192e8cc575b56eade266fca508f54ac1cf68c8c4c","vout":1,"amount":7.10180121,"coinbase":false}],"vout":[{"n":0,"addresses":["prl1z29dhfmly4ae8ss7lpehpy7nrn2d57ngmh8dphfnlg2up6p4e735sht9w3x"],"amount":280},{"n":1,"addresses":["prl1p7rj2rtxyrjszfngpjjdkhafzsrg7s9p2ps5zft2ddpw9snwgavds6dsws5"],"amount":5.50918472}]}