{"txid":"fc8ab490d2231b78254196c033fc16d68073e88db2c01ec902cb4ee4714d19eb","block_height":null,"time":null,"vin":[{"txid":"fc8ab490d2231b78254196c033fc16d68073e88db2c01ec902cb4ee4714d19eb","vout":1,"amount":1708.31999788,"coinbase":false},{"txid":"10d4f64c6c9e783e4e9a5457c3314e724cacdb9c29b97911abd9d9784cf68ff8","vout":0,"amount":1469.02,"coinbase":false}],"vout":[{"n":0,"addresses":["prl1zxyplls4kpcyxst60pqcq9p0ftjfv0aatxxwd2lh4m6ayc2s3hp5qtu3pyv"],"amount":2000},{"n":1,"addresses":["prl1pkarnsgxwmjnfhnmt0l5ulfgkz23xp3uqwpsvsfwraqhh02cxqdzqf7rqal"],"amount":1177.33999576}]}