{"txid":"d6b45dd987fbf731d9196d6b7ee7cae560c8830eca5941b2c7dc1d9f90e7d2dc","block_height":null,"time":null,"vin":[{"txid":"d6b45dd987fbf731d9196d6b7ee7cae560c8830eca5941b2c7dc1d9f90e7d2dc","vout":1,"amount":999.99999846,"coinbase":false},{"txid":"9427e42215b1c61f343a33a2299a9186a35fd1601bdec4bab74573eaf33dec61","vout":1,"amount":630.99999634,"coinbase":false},{"txid":"5cf23a567040058f5acf731e70b786d4fbd73524bfd797df2c99c45b1f54a717","vout":1,"amount":499.99998634,"coinbase":false}],"vout":[{"n":0,"addresses":["prl1zhk4uch22tp7xfqucu479qj7972uln3smgtzmz5fun4wxzty6767sc2xw5v"],"amount":2000},{"n":1,"addresses":["prl1phhur8qkwflja3729gdln50vdpt2rg3nwzt4xnxesmvh3n049agfq90hp7g"],"amount":130.99997844}]}