{"txid":"57ad7588ba2b4a826b393d4af5bd09ea91011cf09513e3e3924d87c4ee655563","block_height":null,"time":null,"vin":[{"txid":"57ad7588ba2b4a826b393d4af5bd09ea91011cf09513e3e3924d87c4ee655563","vout":580,"amount":74.61818916,"coinbase":false},{"txid":"0527546950f412a8e81c6311df2cfd8d68dff4a76eb59c6483e1fccc88c426e9","vout":403,"amount":43.88659861,"coinbase":false}],"vout":[{"n":0,"addresses":["prl1zyaxxja004tt95c2zrwnsqks05v4xn02lx33rh89wsqwsytf05sss95ygga"],"amount":100},{"n":1,"addresses":["prl1pzl9kawrhf0mwkzvq4h3cd554f8q4vt4v9f298e2d00kyrys7swmse0wc5s"],"amount":18.5047762}]}