{"txid":"21f7186a2e07745f613d265eed226de22c78027abcf9500d68e215466b70ee8d","block_height":null,"time":null,"vin":[{"txid":"21f7186a2e07745f613d265eed226de22c78027abcf9500d68e215466b70ee8d","vout":254,"amount":377.28316088,"coinbase":false}],"vout":[{"n":0,"addresses":["prl1z0270vzqyek8wepfe2wtr2gnqu5zzc0pyeaed4yhr666d8hr5xxfqp258am"],"amount":100},{"n":1,"addresses":["prl1pefm3acew0hwag6qh2a7yxwck6anakhef7x9dhujlkzdmc290z2xs30qkuk"],"amount":277.2831525}]}