{"txid":"8239b8f86e2d2cd52f27ecdfcbdeca0f7220961889c92e901cecc353e493ae6f","block_height":null,"time":null,"vin":[{"txid":"8239b8f86e2d2cd52f27ecdfcbdeca0f7220961889c92e901cecc353e493ae6f","vout":1,"amount":686.3982079,"coinbase":false}],"vout":[{"n":0,"addresses":["prl1zav35xf3wge09yggq6s9jjfd68tjpa2lnt28gczdknt0qu4wn07assrmuv0"],"amount":685},{"n":1,"addresses":["prl1p3wpyhy8y7ayhq43rel8jay9a4sn2xxx9dj39cncj76dk85475pyq7g5hum"],"amount":1.39780635}]}