{"txid":"a9ea4b657ac3ab1820aa64b9d5c7fdc2d972e4fc5ada0fbbe493ababe8481d38","block_height":null,"time":null,"vin":[{"txid":"a9ea4b657ac3ab1820aa64b9d5c7fdc2d972e4fc5ada0fbbe493ababe8481d38","vout":0,"amount":177,"coinbase":false},{"txid":"819cddb5ad3fab07686190bc66ae99bb05269936d140ad0eca4eafa8909709a6","vout":1,"amount":0.1690981,"coinbase":false}],"vout":[{"n":0,"addresses":["prl1ze6kj8tradvh837ytwag3rs3f5exqlr608664syzflafxr9jtqu8sgpqvrl"],"amount":177},{"n":1,"addresses":["prl1p3wnufntm78sp3aze9tjffjhjsa7hd2dyyke2nh6u9n4nxt7fhn9s2tfh7p"],"amount":0.16909598}]}