{"txid":"089d000cc15c462191a499ab8eee5054992831ea73c1b67fb5f1332143e4cc3b","block_height":null,"time":null,"vin":[{"txid":"089d000cc15c462191a499ab8eee5054992831ea73c1b67fb5f1332143e4cc3b","vout":28,"amount":356.36005639,"coinbase":false}],"vout":[{"n":0,"addresses":["prl1zl692ccc7c3lpmtseucwtadw887muftqwca9zy7kcwkwc3ul2d6ss5eyl9v"],"amount":356},{"n":1,"addresses":["prl1pf5g0d45ef5kc6yl8ehpjrlgzje4ws64yl9ncuclnc8uah9g8ckhqdzeefa"],"amount":0.36005485}]}