{"txid":"13357ebdb0cea6bffefe60a4a81be49c265a104e382acb80694ccc678ec3cf35","block_height":null,"time":null,"vin":[{"txid":"13357ebdb0cea6bffefe60a4a81be49c265a104e382acb80694ccc678ec3cf35","vout":193,"amount":114.64232707,"coinbase":false}],"vout":[{"n":0,"addresses":["prl1pua9jkr7tuuaue74x4y7ej6ketv0at646kplznfxmwlay65dl28zq2uw9eu"],"amount":4.64227618},{"n":1,"addresses":["prl1zr8yclvndh3r9x0xdex38yhx7dh5la3gw2hrns43m4e0u26mde3espuvuup"],"amount":110}]}