{"txid":"3fab4320f19a4845cd851046b2fbd4296c1ab5fec5d4d90353922906914ffdb2","block_height":null,"time":null,"vin":[{"txid":"3fab4320f19a4845cd851046b2fbd4296c1ab5fec5d4d90353922906914ffdb2","vout":0,"amount":5400,"coinbase":false},{"txid":"e8fa6b62055af39680baae3f4c4475b7b85886561c31470c2d299c4eef080827","vout":1,"amount":98,"coinbase":false},{"txid":"1b398b890c3bd5b6dbfa5932143a7cf84dc57d1d5e6b4a796db9c017f92c7cb2","vout":2,"amount":54.05530607,"coinbase":false}],"vout":[{"n":0,"addresses":["prl1pfvvuf2jz6ex9ury63mv3ea2tn3mreyj5kvt886p6fautj8ln2z3qeam4sd"],"amount":52.05494464},{"n":1,"addresses":["prl1zu69v90rxts9jaxcfdc6ka42fmydu64s4k8h896xtnvp0mjnu568qlslmph"],"amount":5500}]}