{"txid":"c12b46d960414f94ee14fa86c1eacf615527dcd9c570caa0acd11dbc2dfeee46","block_height":null,"time":null,"vin":[{"txid":"c12b46d960414f94ee14fa86c1eacf615527dcd9c570caa0acd11dbc2dfeee46","vout":0,"amount":919.99999,"coinbase":false},{"txid":"64b96afa1500af261976790ba9e281fe9672e9501dd6a235c8025693e21a7516","vout":1,"amount":1.54435276,"coinbase":false}],"vout":[{"n":0,"addresses":["prl1zvlh85vgx56werj0ux9a7k7x309ww3wzxrunqnhqa04m9duj05musqx30l9"],"amount":920},{"n":1,"addresses":["prl1pvgs56cfqzkfzqjgm6npgw3j5jc3w8ra2uk6ysdum58qpzmnanzmsfs4kjz"],"amount":1.54434064}]}