{"txid":"07bc3cdef28fe4a8da660fdabfbea6d038b3144d32c646bd5401c9f3b6e82f76","block_height":null,"time":null,"vin":[{"txid":"07bc3cdef28fe4a8da660fdabfbea6d038b3144d32c646bd5401c9f3b6e82f76","vout":1,"amount":66999.999959,"coinbase":false}],"vout":[{"n":0,"addresses":["prl1pk0lzv20mtq6pvnp8fczxcylp2nszs2zzmutnjk9lty6qwe2qhq0s5rhyke"],"amount":16999.9999435},{"n":1,"addresses":["prl1zth2m0hkeda4pfvnfe6z5yuh5kd432u624072waddf22h794t96ns4mv0hr"],"amount":50000}]}