{"txid":"45cde2342e5854db35bec06bb6027e4554965612333bf97dd6eec425b6faddc8","block_height":null,"time":null,"vin":[{"txid":"45cde2342e5854db35bec06bb6027e4554965612333bf97dd6eec425b6faddc8","vout":1,"amount":106.41238359,"coinbase":false}],"vout":[{"n":0,"addresses":["prl1zdl28zdtd9u72d8p5ald8dm7tw3paf6ggs093njrntqfpl6a4njxq7jse8a"],"amount":100},{"n":1,"addresses":["prl1pefy97fscslmg7ls4nnydj4x2qk87e9g20ztf6d9h0sf0s007flhsghwpnu"],"amount":6.41238205}]}