{"txid":"33cc12f487b77d7a377289a5088e6b27aa635c7506647d7198c186b9c226d860","block_height":null,"time":null,"vin":[{"txid":"33cc12f487b77d7a377289a5088e6b27aa635c7506647d7198c186b9c226d860","vout":369,"amount":765.4778261,"coinbase":false}],"vout":[{"n":0,"addresses":["prl1p0p6mxje8km3xpgzktslypj6er7ez9vx84k9edvnh6e3h2gykhvvq47wa6u"],"amount":65.47777519},{"n":1,"addresses":["prl1zqx2tnge8ut2htgtyw58arje3yywgn4xewdrgaz0vkqnq4ptqm2jslx97ce"],"amount":700}]}