{"txid":"009b138b14c2b9ba406abf4adf531db373ed137a0c25d952acf7b995f4878396","block_height":null,"time":null,"vin":[{"txid":"009b138b14c2b9ba406abf4adf531db373ed137a0c25d952acf7b995f4878396","vout":0,"amount":164.99999,"coinbase":false},{"txid":"11fd9d52854eeff8f6c504c6e413eee292ed53aaa102dd58b7dff3abfe57b602","vout":1,"amount":0.36243971,"coinbase":false}],"vout":[{"n":0,"addresses":["prl1zx2v70wqlgdf70llaaf3aufd32vhnj9u8zddze4mxsxz0pg6xpp0q5jzgp8"],"amount":165},{"n":1,"addresses":["prl1pvhq2n4hv3wuqjkgz8ezehphxr3h4rlut0xjcea6wpf6gauvfdg8s6fp7s2"],"amount":0.36242759}]}