{"txid":"463b5ef620030bc02b641342ced6ad27fb81c7a422facf2ba577a645e6c23ca6","block_height":null,"time":null,"vin":[{"txid":"463b5ef620030bc02b641342ced6ad27fb81c7a422facf2ba577a645e6c23ca6","vout":0,"amount":10000,"coinbase":false},{"txid":"f96ace0c69d3847707de5c5a6e199e78e73bdb0086beeb6da2fb3acfd4bd0972","vout":1,"amount":0.99999344,"coinbase":false}],"vout":[{"n":0,"addresses":["prl1z0yvqq5xmhrd64uuj7l34k8sjnn2qd7cnzqnfq9eln5m7mu2l2r6qyshdle"],"amount":10000},{"n":1,"addresses":["prl1pc5v7m7p60444h8gjl69a67q209mx8pyp3z4z9n0wdk44j5dtfx7qm78kpr"],"amount":0.99999132}]}