{"txid":"5cfc0a447cd44d23bb02a1ae78c7098484862dd919dad5f76942327c5901c15b","block_height":null,"time":null,"vin":[{"txid":"5cfc0a447cd44d23bb02a1ae78c7098484862dd919dad5f76942327c5901c15b","vout":1,"amount":2109.48764787,"coinbase":false},{"txid":"90aa1041c46fdd57de80bdd18b91246e1d0b51f3954bdb85b7134363cb9578e9","vout":0,"amount":1650,"coinbase":false},{"txid":"fd06a746c552e70aecdf7962f527877c9700ff333b72e863924e7ada5a5f2f4f","vout":0,"amount":1650,"coinbase":false}],"vout":[{"n":0,"addresses":["prl1zvdgslzhw9kh436czgrpwufw8e93eewm6tn00q3tkqtv23e07lxyqz8esrj"],"amount":4950},{"n":1,"addresses":["prl1ppwud63x4euwf8frau3arzuweqmznjmwlujr90a4vljqw0qxfezyqx2ag7j"],"amount":459.48764517}]}