{"txid":"8e152bee090e1c99ea6f116fb3f3ed910551dfc8debec55efe2fbf454303de32","block_height":null,"time":null,"vin":[{"txid":"8e152bee090e1c99ea6f116fb3f3ed910551dfc8debec55efe2fbf454303de32","vout":0,"amount":182.529,"coinbase":false}],"vout":[{"n":0,"addresses":["prl1p8cqu6yu50k65z449d6744knjg769cuujddsfu830qd8l9tag5r5s532u7h"],"amount":178.87842},{"n":1,"addresses":["prl1ppf959pzmduxmxf2t7hnlhm4gyzfve4pzs3s840lzh0stvanfs8qskqlngq"],"amount":3.65057}]}