{"txid":"0527546950f412a8e81c6311df2cfd8d68dff4a76eb59c6483e1fccc88c426e9","block_height":null,"time":null,"vin":[{"txid":"0527546950f412a8e81c6311df2cfd8d68dff4a76eb59c6483e1fccc88c426e9","vout":486,"amount":106.86719383,"coinbase":false}],"vout":[{"n":0,"addresses":["prl1zfcyngg0a54lsnrzgy5lc0hxuljg8c8y40nfuvfmrqg5rs9h92k3q6jr2p2"],"amount":100},{"n":1,"addresses":["prl1pwx79t44rmw7q5vrmx68dvsamwglwry2922q0lqd6uc8gsc4c8ymqqs2n6u"],"amount":6.86718543}]}