{"txid":"d00923f64f65657f2433db6100e681566df4e8d0d6843430b91e2fa9804ae213","block_height":null,"time":null,"vin":[{"txid":"d00923f64f65657f2433db6100e681566df4e8d0d6843430b91e2fa9804ae213","vout":0,"amount":322.91481722,"coinbase":false}],"vout":[{"n":0,"addresses":["prl1z3jaak8j5weldagwwtq25lpgq2ds0f0ln27ggxwfwp4n3yaf3mn7szg45zc"],"amount":150},{"n":1,"addresses":["prl1pg95lrj5w8hm0a4f69qkx5cyeg3cre9cfl4524y2fzxlfw3gukdvs5javh8"],"amount":172.91441418}]}