{"txid":"8c8ac87e15a1ccbc5453d8ee532407b633f0b8d0a40fc1a2e46ef849d83b7bef","block_height":null,"time":null,"vin":[{"txid":"8c8ac87e15a1ccbc5453d8ee532407b633f0b8d0a40fc1a2e46ef849d83b7bef","vout":0,"amount":380,"coinbase":false},{"txid":"8c8ac87e15a1ccbc5453d8ee532407b633f0b8d0a40fc1a2e46ef849d83b7bef","vout":1,"amount":0.2304327,"coinbase":false}],"vout":[{"n":0,"addresses":["prl1z23dntmlrgatelsv7657lxj7ha0gtq4k0dyjm7lz99ekcw6ayfnpstptfaw"],"amount":380},{"n":1,"addresses":["prl1pf24jdx9ca90zgzaf7jygwx0ckl5am5jh5zwet3y2dkq5cynk4ggqs3qhzj"],"amount":0.23043058}]}