{"txid":"84f10b54572ca6f0373620201b3329be26432c1f2c96f3155e008defb4c25139","block_height":null,"time":null,"vin":[{"txid":"84f10b54572ca6f0373620201b3329be26432c1f2c96f3155e008defb4c25139","vout":13,"amount":75.04976845,"coinbase":false},{"txid":"f20f669da60ca519e33d2c5e4c645d7a88039742a6c777a3b1a130b301a96c6c","vout":39,"amount":72.92044756,"coinbase":false},{"txid":"d68d71c7817af7f4fda4c55f9ea20f7374625efbc07cded1abf5115a4f0ed145","vout":48,"amount":72.76125726,"coinbase":false}],"vout":[{"n":0,"addresses":["prl1z5rd2x0cg4kmyg67gs5z3sejp36e7ls5a7ctkjp06pa5nlqd4gn5sn8x7sr"],"amount":200},{"n":1,"addresses":["prl1pgrxt4ea99yjdyvcy82jsdp6qse00wr585yzjmhp4n2l06pjjedqqp9slgk"],"amount":20.73147057}]}