{"txid":"7867fd1d68df635ab77f4cbb02e924efa868983741076db186858068a21ab3cc","block_height":null,"time":null,"vin":[{"txid":"7867fd1d68df635ab77f4cbb02e924efa868983741076db186858068a21ab3cc","vout":499,"amount":118.36246549,"coinbase":false},{"txid":"7867fd1d68df635ab77f4cbb02e924efa868983741076db186858068a21ab3cc","vout":960,"amount":98.27075241,"coinbase":false},{"txid":"9461e2868e1aeb0fb3ee1059dacac547cde6fb15a0315d6e4b923b3c665ad816","vout":1,"amount":0.84008857,"coinbase":false}],"vout":[{"n":0,"addresses":["prl1zuggk53yqyamee7vtr5w7gjdczuggm6yeqscrhzz477v4hreack4schh82p"],"amount":217},{"n":1,"addresses":["prl1pj3we2za3kndqn9l0pgk8xjh3z69zarne208znl5rtkcykh2cp3aqvm745p"],"amount":0.47330377}]}