{"txid":"0ed7119321423bde49c4f5abf8bb4cb5c61f0499a7dd58ccaedc514c2e8a978b","block_height":null,"time":null,"vin":[{"txid":"0ed7119321423bde49c4f5abf8bb4cb5c61f0499a7dd58ccaedc514c2e8a978b","vout":1,"amount":99.99999538,"coinbase":false},{"txid":"7b96d59c05719c8a06c6d962dde0000fc8e640cab5d93d73821e17fc1f2dd615","vout":0,"amount":98,"coinbase":false}],"vout":[{"n":0,"addresses":["prl1zn9kk4a4mnh8dc8k8pq6wcwvf4jjkp364249ckhyskg4ztnexdmpqkd9qgj"],"amount":100},{"n":1,"addresses":["prl1pzmr904ef067506akv00h53aavc9m6mjerllkxarztqm49gdxetsq8dldx5"],"amount":97.99999326}]}