{"txid":"9643a1270da32454a16d4fad48eee5575605dd697400550f01c63cd274989503","block_height":null,"time":null,"vin":[{"txid":"9643a1270da32454a16d4fad48eee5575605dd697400550f01c63cd274989503","vout":37,"amount":346.54219526,"coinbase":false},{"txid":"5206387a93bc4274e253748acb54de1492ac1bb9b4bcf7ba1b04c4fa287b3860","vout":144,"amount":316.51421323,"coinbase":false}],"vout":[{"n":0,"addresses":["prl1pq9hdeycvstefjm8uqr3vl2zrl8ffcs3kqf4cl5x2c0287sm657fquexmnp"],"amount":3.05638719},{"n":1,"addresses":["prl1zl8ccc2qk2c4qx56s8tx3f83gnd9lfp6z4n7d02ds8j3l47tshh8sx0waah"],"amount":660}]}