{"txid":"1084b739e6e5611b87a099b13e96b27ad6db245a2ad93aed483f8d211067d940","block_height":null,"time":null,"vin":[{"txid":"1084b739e6e5611b87a099b13e96b27ad6db245a2ad93aed483f8d211067d940","vout":0,"amount":394.99999,"coinbase":false},{"txid":"0dfe5a6684eebf70149c4c0d8f610fdbbab6d29d8a65df091566d1a6e9594594","vout":1,"amount":0.36821253,"coinbase":false}],"vout":[{"n":0,"addresses":["prl1zqry460wk6pqcfzakfk2agmskhkcfpznu0tnt9z0lhqtt58atgpdq4af26w"],"amount":395},{"n":1,"addresses":["prl1pu4zp9m7f2j9us9j84r68rd0wygxelhyvfs27grp6dch2nns5lc0q8q0ulp"],"amount":0.36820041}]}