{"txid":"4edf237f34d022019823b77d9057cf66bf2f7ebc515176e4af730410645c8936","block_height":null,"time":null,"vin":[{"txid":"4edf237f34d022019823b77d9057cf66bf2f7ebc515176e4af730410645c8936","vout":109,"amount":1842.11471233,"coinbase":false}],"vout":[{"n":0,"addresses":["prl1p7thqweavgqwgzayqkpa6p6a2a3cmptk48t5w3eufla6ye8z7053sfhr2sd"],"amount":842.11469669},{"n":1,"addresses":["prl1z6sf5fdvfa03kt3fungdk9qfcjer0flc57mnp20qgp85qjfv48grses53ke"],"amount":1000}]}