{"txid":"dae442e16acce19b0c90530e80c9bd2826dc97fc7523d10f1b1b6e73e344fe25","block_height":null,"time":null,"vin":[{"txid":"dae442e16acce19b0c90530e80c9bd2826dc97fc7523d10f1b1b6e73e344fe25","vout":0,"amount":57.59252863,"coinbase":false},{"txid":"2be2f3f68899b1c792a71fa2d631ab80f20d36633f886240f9c2f44bb75c5e4e","vout":394,"amount":49.96643217,"coinbase":false}],"vout":[{"n":0,"addresses":["prl1ze9wz74u7mlrtrxdcjvr8lfshsamdcc3pfwkjcfr65zcaj8s4dffqfawh3s"],"amount":100},{"n":1,"addresses":["prl1pzl0435lt6lzy74ycxksfu9f5823fugtw8fhhycgm6wlng7a5cgqqrsatcg"],"amount":7.55895868}]}