{"txid":"e0c86d385ec65ead3ca58aa938818996002be5a5fe7f3636f058cfe6795e5739","block_height":null,"time":null,"vin":[{"txid":"e0c86d385ec65ead3ca58aa938818996002be5a5fe7f3636f058cfe6795e5739","vout":1,"amount":526.99999846,"coinbase":false},{"txid":"6a8e277e6f0e383dd0fc4d76dc792c362dbdea7a851c3623de86ed93c529a274","vout":0,"amount":0.34537583,"coinbase":false},{"txid":"4951eda415bc5636f5a3277c7169d55e8d9b946366ddb17c5a487f349f614bfe","vout":43,"amount":0.09910562,"coinbase":false}],"vout":[{"n":0,"addresses":["prl1z5hq5e0msjuhhu3rz4a8ef0vwnpg799c3mmvq5yfm6qqaa7ty8yrqdc9tpu"],"amount":527.4},{"n":1,"addresses":["prl1p75kcv6yglsauhhrtgmdshanpqvre3nf2vc56qm99dxkmhutekpas7u2de9"],"amount":0.04447721}]}