{"txid":"09cc3f68daebba3b4b75789f652a23384c3ee7590a06c52f1070fdabbe28db1e","block_height":null,"time":null,"vin":[{"txid":"09cc3f68daebba3b4b75789f652a23384c3ee7590a06c52f1070fdabbe28db1e","vout":0,"amount":9999.99999,"coinbase":false}],"vout":[{"n":0,"addresses":["prl1zfnpkpq8dp2263q408w6qs65jl0ajeck6wahncex2jvqp58sek6zs77n50z"],"amount":100},{"n":1,"addresses":["prl1pgz7xkmw396pcnw43ptt4sg35gkv5ax789whywt6ja7mqz494hrmq2q3fk9"],"amount":9899.99998846}]}