{"txid":"286ddd68e5d23c2724694509bf2a6c72f13db76de58313dffcb2ce28eaacfc5d","block_height":null,"time":null,"vin":[{"txid":"286ddd68e5d23c2724694509bf2a6c72f13db76de58313dffcb2ce28eaacfc5d","vout":0,"amount":124.99999,"coinbase":false},{"txid":"ea118287e2f686cbd83b4a4922cd95eb997741f84f567c8e303217fda2ebcb1d","vout":1,"amount":0.13766532,"coinbase":false}],"vout":[{"n":0,"addresses":["prl1zuwjzl8fe728zt543xvu4ggwlpux6j2qjysflq7hcdhwlvjzn70cqegxj0c"],"amount":125},{"n":1,"addresses":["prl1pp9jyp9m28rktnasz93xwnf9xh8c4pkvzc3luaxwjl5qkxf9duvhsg70sr2"],"amount":0.1376532}]}