{"txid":"9d93f4dac82627fb1969e3b082f93ee0df9ee65ff4eac3abba57073501e5bb2d","block_height":null,"time":null,"vin":[{"txid":"9d93f4dac82627fb1969e3b082f93ee0df9ee65ff4eac3abba57073501e5bb2d","vout":104,"amount":60.4147609,"coinbase":false},{"txid":"5206387a93bc4274e253748acb54de1492ac1bb9b4bcf7ba1b04c4fa287b3860","vout":67,"amount":54.10991127,"coinbase":false}],"vout":[{"n":0,"addresses":["prl1zpvv8szsaeltcnwsyjlh8zlsl8u6xw4aqes6vlxp6nm0hq8fankesfswxqt"],"amount":100},{"n":1,"addresses":["prl1pj33mmfjmtvhl2n5y3g4yedscdal7m3svhv7478j7nd0y8lfncq0q4zgygr"],"amount":14.52467005}]}