{"txid":"07ab6ae0c98671155d166c8b413f57b6fa8a540759a4aa49ca370cda8c0e744b","block_height":null,"time":null,"vin":[{"txid":"07ab6ae0c98671155d166c8b413f57b6fa8a540759a4aa49ca370cda8c0e744b","vout":889,"amount":123.45837272,"coinbase":false},{"txid":"88fb34c5ef38bcfad196b7a309a3eca0fc3f25a3cbe77e5f45406dac891e46a0","vout":654,"amount":48.44254878,"coinbase":false},{"txid":"ff535a1fde9db03d3d3429918af2cea8ef884dad7e2837d70f58c08f95b49ff8","vout":1,"amount":0.83948631,"coinbase":false}],"vout":[{"n":0,"addresses":["prl1zwml4r2h9x27gtw9398x8x2jgrgpmzm26asemv2ylwe6thzau460sexqn6z"],"amount":172},{"n":1,"addresses":["prl1pe6t6ndkchkkpx5v04fdlw2qpkwztrptnlqtmac5f7l6jqs220q6spdcth6"],"amount":0.74040511}]}