{"txid":"cd51d937b5d962710e20839ab011f244202f319f257ee7fd8d030fcd8070fa51","block_height":null,"time":null,"vin":[{"txid":"cd51d937b5d962710e20839ab011f244202f319f257ee7fd8d030fcd8070fa51","vout":0,"amount":24860,"coinbase":false},{"txid":"e16b2d722c4a37a8b0258cdbc27f9e26a3b771fe4377463f51f634f2124695be","vout":1,"amount":16.55401005,"coinbase":false}],"vout":[{"n":0,"addresses":["prl1znxgy00rllajj8sux0ukgg9jazme2kchy48tryq45j577z67wws2qewc57v"],"amount":24862},{"n":1,"addresses":["prl1phu2p5t28fe6kzj7xgx40xzrl7kwn3mmnswutsmgkj52jq0cl3l5sv44nsd"],"amount":14.55399532}]}