{"txid":"b18a03628571ffe9377639db323609738970192f6c9c0391c5277c1bdde4b2c8","block_height":null,"time":null,"vin":[{"txid":"b18a03628571ffe9377639db323609738970192f6c9c0391c5277c1bdde4b2c8","vout":0,"amount":2774.26802099,"coinbase":false}],"vout":[{"n":0,"addresses":["prl1zy3jpkfwk85puc9w7lr5zcg099vzzr7yag2seaaycr3z6tag8dqysyanyye"],"amount":100},{"n":1,"addresses":["prl1pymg0m3sgp9pj0325x592uekzfpyavwxg0prujqn6sfahljyymr6qradxmn"],"amount":2674.26801945}]}