{"txid":"21f7186a2e07745f613d265eed226de22c78027abcf9500d68e215466b70ee8d","block_height":null,"time":null,"vin":[{"txid":"21f7186a2e07745f613d265eed226de22c78027abcf9500d68e215466b70ee8d","vout":317,"amount":4647.78054199,"coinbase":false}],"vout":[{"n":0,"addresses":["prl1ptcn0w3crpdu4znasv7aempa2q60mrx67rpsu2l8lcknf046v46gs420yzk"],"amount":2647.78053371},{"n":1,"addresses":["prl1z0jk2wmt0ymjpz3k9g3vfjuwvr00hx869vgndl7ztjgtlxnudvctq2j4ahy"],"amount":2000}]}