{"txid":"98d04fd64e5919771542d4c0f9ae5586c1200ba0cb4e2de76100ed72d5df4ea9","block_height":null,"time":null,"vin":[{"txid":"98d04fd64e5919771542d4c0f9ae5586c1200ba0cb4e2de76100ed72d5df4ea9","vout":448,"amount":322.13565434,"coinbase":false}],"vout":[{"n":0,"addresses":["prl1zashp26tgp6847jdhrzk2g4ve75r8vgcf0f7q9ts79jrcv8ejx5vsx4lyfv"],"amount":100},{"n":1,"addresses":["prl1px0xy0rzp8g7hm8rzn5cmuaj03yns7csnjc899htgg6m4ek08plgsxg6aeq"],"amount":222.1356528}]}