{"txid":"cc25ae2e48d414caba1bf847e8f2cf8a592dea3d3422b91c75665aa2621c085e","block_height":null,"time":null,"vin":[{"txid":"cc25ae2e48d414caba1bf847e8f2cf8a592dea3d3422b91c75665aa2621c085e","vout":0,"amount":999.99999,"coinbase":false},{"txid":"e8cc389cda96741d6ed129ff5458fe85bae1dea23181f6983501168e6dd21ae1","vout":177,"amount":790.18028109,"coinbase":false}],"vout":[{"n":0,"addresses":["prl1zz2z5tngwe6fxapnsu8ys2q7m6ephtuuckjn2pz50dtseqmccwl9sguwtc2"],"amount":1000},{"n":1,"addresses":["prl1pl6w2yaf6rffry4ypkae0gnk3y2pja4a650x0svf22leq5hp7u32quk04uf"],"amount":790.18026897}]}