{"txid":"5ac71aabaa2630900a813b2e3a5f4b2cbe06efd781b5359abaca9f1cddd36112","block_height":null,"time":null,"vin":[{"txid":"5ac71aabaa2630900a813b2e3a5f4b2cbe06efd781b5359abaca9f1cddd36112","vout":0,"amount":204.99999,"coinbase":false},{"txid":"5c827f61d2fe1a66823fcb7bc315bd89a07d54a9ef6feaccb5193260a5914e3d","vout":1,"amount":0.69618967,"coinbase":false}],"vout":[{"n":0,"addresses":["prl1zphykjadn8ax5f6nh7d9qvmzj6sp06qu4urzyqadanqejvvm5eclqdvjuf3"],"amount":205},{"n":1,"addresses":["prl1plutvq8ndrjzd9h545mmxfch974k7flj59k09kfz4lm0ngx6t50rsmhdt0n"],"amount":0.69617755}]}