{"txid":"16296174803c0a2ba6deef4e43a8733beac7e7a110810ba79da9e16250759ba2","block_height":null,"time":null,"vin":[{"txid":"16296174803c0a2ba6deef4e43a8733beac7e7a110810ba79da9e16250759ba2","vout":0,"amount":1000,"coinbase":false},{"txid":"f579c6ce475fa2cedd419713011379a529c67c58381f28f1eeb77de1f1e34f93","vout":30,"amount":11.05998959,"coinbase":false}],"vout":[{"n":0,"addresses":["prl1pu0vnhum0sle2zazevqpqrwr0jndkre45gv9n0ypmcp8cvsm8tn0sm3v4mu"],"amount":1.05997798},{"n":1,"addresses":["prl1z3nqcflttufhyus0l469jwccc825v7p8rlt039y0x5pkecy59z75scnf688"],"amount":1010}]}