{"txid":"6dabc86d03334716976d8a40c1a051d2faacc9eac7ffbf470a925eb692289eb8","block_height":null,"time":null,"vin":[{"txid":"6dabc86d03334716976d8a40c1a051d2faacc9eac7ffbf470a925eb692289eb8","vout":311,"amount":182.72972623,"coinbase":false},{"txid":"0527546950f412a8e81c6311df2cfd8d68dff4a76eb59c6483e1fccc88c426e9","vout":177,"amount":51.15425858,"coinbase":false}],"vout":[{"n":0,"addresses":["prl1p4q9j9mzgxp68hmucgga0yjkfscz4t5ntm36ms57ukw7dg9qpmh8sur65jc"],"amount":0.88397326},{"n":1,"addresses":["prl1zpu89qg8z4yf7t7gl86k3yv45le36utwwqj9pujsg3pqnzj7wqf6shr5ghm"],"amount":233}]}