{"txid":"444f78a54204a0eb9e7492d21a1313e409446aa7ad51a321108e17bdbba0e79e","block_height":null,"time":null,"vin":[{"txid":"444f78a54204a0eb9e7492d21a1313e409446aa7ad51a321108e17bdbba0e79e","vout":0,"amount":153,"coinbase":false},{"txid":"5f4df5744a0f263cf1308a028a9754e71bb3aa3b571304384e6725141a67ee67","vout":1,"amount":0.59999788,"coinbase":false}],"vout":[{"n":0,"addresses":["prl1zqxdhq86cceuwlackg7tva3gxglucx698wrrctpckep8n3dzm4nsq03gruv"],"amount":153},{"n":1,"addresses":["prl1ptz0gepg7lhhgsjx58v852d6l4m5e5lsfszh8uxg06wpxxxa0ql8qln2ytz"],"amount":0.59999576}]}