{"txid":"2d4242ab21319dac42b4c08c41da0355170df3a16fe33582965388db243075d2","block_height":null,"time":null,"vin":[{"txid":"2d4242ab21319dac42b4c08c41da0355170df3a16fe33582965388db243075d2","vout":508,"amount":147.95796915,"coinbase":false}],"vout":[{"n":0,"addresses":["prl1zvtgekca936zmxc6sdjwllmgq2tge7atp909uwpcgcm66pundulgqnt6j6j"],"amount":105},{"n":1,"addresses":["prl1par2eef0c04z6s6fhlzx6setjh5xqv8et50ufsty5zhywqjghwuwq6p085p"],"amount":42.95796761}]}