{"txid":"2be2f3f68899b1c792a71fa2d631ab80f20d36633f886240f9c2f44bb75c5e4e","block_height":null,"time":null,"vin":[{"txid":"2be2f3f68899b1c792a71fa2d631ab80f20d36633f886240f9c2f44bb75c5e4e","vout":335,"amount":95.83368064,"coinbase":false},{"txid":"5a2be7a37b93dd290ce6f3bbaf8ffc2efebeddfc5c62b54343202c84e23e6b04","vout":305,"amount":80.09572487,"coinbase":false}],"vout":[{"n":0,"addresses":["prl1zvjf4xcnwdq6fhq4g3x5a89h4m9quhuqwlvcx4dc8h4pg773vvp3qd3qmkv"],"amount":102},{"n":1,"addresses":["prl1p5app56kmhl56pcjhuq4sv8vj9pc7qhn2zwf9gvsy6wqrl4fjgxwq4d5d5u"],"amount":73.92916977}]}