{"txid":"1afb6597b8f814a5d3a7febd75d7087f1e58f690964901104d3cefb2f71307db","block_height":null,"time":null,"vin":[{"txid":"1afb6597b8f814a5d3a7febd75d7087f1e58f690964901104d3cefb2f71307db","vout":7,"amount":769.59898017,"coinbase":false},{"txid":"dd1d7a037ab26d03a79606fc64dd541be1625c801003cbf0752fd8d4d8d92dd6","vout":17,"amount":594.27904279,"coinbase":false}],"vout":[{"n":0,"addresses":["prl1p32ql43m4xsleqk9mw4qzpmd7k42d5a98gdw3ztgdkgwe8ng46u6s5lwzve"],"amount":363.87801153},{"n":1,"addresses":["prl1zkasfhe7yax6r9zwsw5grpsr4k0cdklnzntl86506h2uwd9ajzx5qtjleg6"],"amount":1000}]}