{"txid":"3659428ac394d368961318ee090803c148fcf1783af716cdff1e853aafde29f9","block_height":null,"time":null,"vin":[{"txid":"3659428ac394d368961318ee090803c148fcf1783af716cdff1e853aafde29f9","vout":481,"amount":245.19128186,"coinbase":false},{"txid":"32be6951cc8442f9f785284011ca1fb536562448f4be9b32590eeae50a815153","vout":1736,"amount":211.74464873,"coinbase":false}],"vout":[{"n":0,"addresses":["prl1zyzz5r8zkk789tl6ahqund4peks8cxyj73dc0pvzthx4yjfl2fyjs7mfp0l"],"amount":300},{"n":1,"addresses":["prl1ppxn78dhs49cghf5eyra63g6zykxs7tqme9n0d45uy0uhzyg77weqgtgehr"],"amount":156.93580808}]}