{"txid":"787ff4fb14b86c656b50ff8dbe50076efa96e54b28f877a2f24840188960c984","block_height":null,"time":null,"vin":[{"txid":"787ff4fb14b86c656b50ff8dbe50076efa96e54b28f877a2f24840188960c984","vout":1,"amount":453.28190742,"coinbase":false}],"vout":[{"n":0,"addresses":["prl1zrqw5w2xv9ygfdpvrnsxfunghc0hwwnwp4csknt47llvhcfwytk5skcnfmg"],"amount":100},{"n":1,"addresses":["prl1p7gjrt99lmjr659ru3cnk6fczztnx22x4ryzrm648zkwfs4hfwcfsyc8m2p"],"amount":353.28190588}]}