{"txid":"43c53c6caf26e512795b6551cc65fe0998f49302a005e1affd39b3c809c26623","block_height":null,"time":null,"vin":[{"txid":"43c53c6caf26e512795b6551cc65fe0998f49302a005e1affd39b3c809c26623","vout":4,"amount":260.15005222,"coinbase":false}],"vout":[{"n":0,"addresses":["prl1pfjn7am4c2rk2tyqnz9v2yqfd07ck3yc37dnue5a4mp0fmywjtarqzcan2x"],"amount":110.15004392},{"n":1,"addresses":["prl1z70aa4zfr8942ujwg3y3q9g0dpapd8up6cwq5hfsp0hg6304kssyssduuwe"],"amount":150}]}