{"txid":"59f63c2c9696586a59bdfa5cddb32d84f37eb132acac2ad6c625db7d8399f5f3","block_height":null,"time":null,"vin":[{"txid":"59f63c2c9696586a59bdfa5cddb32d84f37eb132acac2ad6c625db7d8399f5f3","vout":0,"amount":199.99999,"coinbase":false},{"txid":"b31ddc0425487515be8bba9f63afc65dc13f8748158239392103e18b7b6040ef","vout":0,"amount":10.35086149,"coinbase":false}],"vout":[{"n":0,"addresses":["prl1zjk689duptu6xcrn0r7ssmy2v02x78tw8zzwnfzlcy32ajyrmkzpqzegjn9"],"amount":200},{"n":1,"addresses":["prl1phyrsg7xvg339qwcvygy5ewml80ycg960n3wkwz6zu8sv9fm08g0slw5lrz"],"amount":10.3507301}]}