{"txid":"32e4b0c5e2383782ba7e42835aed10b5ab464609eeda1d2e6f126a99fb02d6f0","block_height":null,"time":null,"vin":[{"txid":"32e4b0c5e2383782ba7e42835aed10b5ab464609eeda1d2e6f126a99fb02d6f0","vout":333,"amount":495.56276076,"coinbase":false},{"txid":"de84c6ede9003148e7879cdf52b115ab09bff7cb62c411835bac224802566989","vout":1,"amount":5.02996685,"coinbase":false}],"vout":[{"n":0,"addresses":["prl1z36xq20pujul6wfgcnuqt79v9am7uk9xhd60vdvma9el087dkfdesq3v6su"],"amount":500},{"n":1,"addresses":["prl1p2zu56gqek8ws9k9y40x7vvpj43x7anjysjfr4vd000jfjkufdqash09tu2"],"amount":0.59272549}]}