{"txid":"5dd33a1f574f4b91098909bbc4232ae7d4424369c01dc65f1a995ba6a61fe8b4","block_height":null,"time":null,"vin":[{"txid":"5dd33a1f574f4b91098909bbc4232ae7d4424369c01dc65f1a995ba6a61fe8b4","vout":1,"amount":699.99998846,"coinbase":false},{"txid":"34a41c10a708aef152c7d177fadc324e8bc8dbbfee836b772375ea196130eb7d","vout":16,"amount":7.86657571,"coinbase":false}],"vout":[{"n":0,"addresses":["prl1zcsznw5gkcq0prq220xy9wuqvt0a2yfej0mk6sez8wrjme7flze7qmnqptl"],"amount":700},{"n":1,"addresses":["prl1pfafu7zcj5z8epfp2u832aqgz8mq3a3wl7e3as22yepykwg5v80tq2cdc05"],"amount":7.86656205}]}