{"txid":"ffc25187522b889d788afb932de33c4c34fcee8e7299b6198e98548097f16fe9","block_height":null,"time":null,"vin":[{"txid":"ffc25187522b889d788afb932de33c4c34fcee8e7299b6198e98548097f16fe9","vout":0,"amount":999.99999,"coinbase":false},{"txid":"239a8391fdd4e660084ecebb44f20fe8fc9b0b0c65c6250ebc95b65a949e3963","vout":1,"amount":141.2529796,"coinbase":false}],"vout":[{"n":0,"addresses":["prl1ztuesm30pu4vh4r63tmualfn9huaj6ad7d7656824wypqqtdlvapsew5dh5"],"amount":1000},{"n":1,"addresses":["prl1p5yx44d69vu27yw662uw5c3pwsglla9xu2nlxp5m5e9pkc6gm3adsu9fclw"],"amount":141.25296748}]}