{"txid":"2d4242ab21319dac42b4c08c41da0355170df3a16fe33582965388db243075d2","block_height":null,"time":null,"vin":[{"txid":"2d4242ab21319dac42b4c08c41da0355170df3a16fe33582965388db243075d2","vout":235,"amount":364.76119321,"coinbase":false},{"txid":"23bba1f74572b6cbcf8ae4e9e275e063a9ad5d6e241433e6d3ea2983979d3393","vout":0,"amount":92.97998859,"coinbase":false}],"vout":[{"n":0,"addresses":["prl1ppdpvf2a6ed509xl47lwq8xsty8q25jsypgxdhcjqltw0ra6ash2qgx7mhg"],"amount":92.74117021},{"n":1,"addresses":["prl1za356ww8jjxf56r874mwvqqyfsn2xwc6v5ltf64elute96my7txxscqslw7"],"amount":365}]}