{"txid":"2a5d52bedc3c3143a025c544e816c2122e4bd0e6f46a37018ffd73e4f81c0a7b","block_height":null,"time":null,"vin":[{"txid":"2a5d52bedc3c3143a025c544e816c2122e4bd0e6f46a37018ffd73e4f81c0a7b","vout":0,"amount":1390,"coinbase":false},{"txid":"43c53c6caf26e512795b6551cc65fe0998f49302a005e1affd39b3c809c26623","vout":264,"amount":847.66122076,"coinbase":false}],"vout":[{"n":0,"addresses":["prl1zkcwkz3r9swa79f4sp5lhqguzz3urtljm7jl93z6cr6lrum36h0zqp2a2ex"],"amount":1390},{"n":1,"addresses":["prl1pn7kk9lrklrgu9qhe07h42vn09f4urpws4egrjxhth29s7euay6xsuzyy8c"],"amount":847.66120935}]}