{"txid":"cf890d71c365db416a3de296c7301947edb992c86e788fbf8cb8e2ef4c332d6b","block_height":null,"time":null,"vin":[{"txid":"cf890d71c365db416a3de296c7301947edb992c86e788fbf8cb8e2ef4c332d6b","vout":775,"amount":245.48756303,"coinbase":false},{"txid":"8f69aafb095eb1cb0a7cb7b443aad28fa7ab01f00d4ce2c117be231410dea744","vout":1750,"amount":11.28921809,"coinbase":false}],"vout":[{"n":0,"addresses":["prl1z3x6z5n65glz2tyqfasfqthzg4w4d7a8kk8epv74tzc8tlyx9hfgqwcmtex"],"amount":255},{"n":1,"addresses":["prl1pzkgqgn4eg2cf9g3743y6glq8p2dlgkahvwlncuf5rrqx95avhvtqwkw98j"],"amount":1.77666747}]}