{"txid":"ca8cd36e4f2ad3a1d1349587f62098bb5fe4465d7c474da934de93f5794471ea","block_height":null,"time":null,"vin":[{"txid":"ca8cd36e4f2ad3a1d1349587f62098bb5fe4465d7c474da934de93f5794471ea","vout":0,"amount":568.19999,"coinbase":false}],"vout":[{"n":0,"addresses":["prl1zddc79ufrrsqs2ju44g9lcxaaqg8w8404dw3wlkm08qqeep3gzrmqzfpu0m"],"amount":100},{"n":1,"addresses":["prl1p2q7dzxez8a4shzs2lykat9usf6tjcr7nq66u4kyn7n9m42zk0whsqfup62"],"amount":468.19998846}]}