{"txid":"649664df34ce184d501624cfe3a0f59b23189b67f8505bbb02b8b90dde711227","block_height":null,"time":null,"vin":[{"txid":"649664df34ce184d501624cfe3a0f59b23189b67f8505bbb02b8b90dde711227","vout":198,"amount":385.51310788,"coinbase":false}],"vout":[{"n":0,"addresses":["prl1zavfkdp3t88cpx2c2vj7pl4sclctyxmjwp0clvpx2rqhxytk4fwkqe62ewr"],"amount":250},{"n":1,"addresses":["prl1pe3ys7gkqxw7pwjax60qm8umd7ha3cvjdslp8aspnrlt2s52uuvasc6py39"],"amount":135.51310634}]}