{"txid":"d36b675e105363a8b4ae3e531d88f366cfd5a424b2e98060e164b84ecbe93336","block_height":null,"time":null,"vin":[{"txid":"d36b675e105363a8b4ae3e531d88f366cfd5a424b2e98060e164b84ecbe93336","vout":230,"amount":116.0344839,"coinbase":false},{"txid":"c66a9deb4680aa4756f9fba3ab85447da9b3662201536223dde53b4123a6e697","vout":1,"amount":13.78718619,"coinbase":false}],"vout":[{"n":0,"addresses":["prl1zjdf2d44h0dp3g7x7jfcxum364ncf47vz57kpr3cuydyr66zf49esafkyfm"],"amount":126},{"n":1,"addresses":["prl1pxuz2e6aqej6g64tl2zdq76g4ypz6v3cuddlveuqtdhxhfcz0c7uqa7wq2c"],"amount":3.82166797}]}