{"txid":"dc1bfb2c58b93986c579410d38dce003e45e8bbd67d3dffb3738b55ed5a2e89c","block_height":null,"time":null,"vin":[{"txid":"dc1bfb2c58b93986c579410d38dce003e45e8bbd67d3dffb3738b55ed5a2e89c","vout":0,"amount":699.99999,"coinbase":false},{"txid":"807078ece257a1feb23cc943b6def2d075395825cfd65229d6766b55700fd33a","vout":0,"amount":1,"coinbase":false}],"vout":[{"n":0,"addresses":["prl1p3vahzkefysdkh8p5ta0vfyvv83en69y8umuczcsukelzcr9f85xsce5mdu"],"amount":0.99988052},{"n":1,"addresses":["prl1zqa2xaf69tyccv5u7tzqde73dq0arreul4aqxt9jgrxp5c4963c4szyp6j7"],"amount":700}]}