{"txid":"21bc9dd1ace80f1807b6427103e37d966bf9c3b572f58eb30f54e7dc83b0e430","block_height":null,"time":null,"vin":[{"txid":"21bc9dd1ace80f1807b6427103e37d966bf9c3b572f58eb30f54e7dc83b0e430","vout":1,"amount":3624.99999845,"coinbase":false},{"txid":"21bc9dd1ace80f1807b6427103e37d966bf9c3b572f58eb30f54e7dc83b0e430","vout":0,"amount":40,"coinbase":false},{"txid":"955b082cbb2e40bfea881dd873d3226bd834f59d458568f4a19e36dc2a813c70","vout":1,"amount":37.9662064,"coinbase":false}],"vout":[{"n":0,"addresses":["prl1penkakmqs4a5lwznw8e3mqyyvjhz8teay3ahwtlkzmmckfkmrmkeqd9kym5"],"amount":2.96620215},{"n":1,"addresses":["prl1zmxszu3sxcymrvsm64cr3w7gwxdpf6tyt49ccrjsklp9u50j8as2qrzpa9y"],"amount":3700}]}