{"txid":"98d04fd64e5919771542d4c0f9ae5586c1200ba0cb4e2de76100ed72d5df4ea9","block_height":null,"time":null,"vin":[{"txid":"98d04fd64e5919771542d4c0f9ae5586c1200ba0cb4e2de76100ed72d5df4ea9","vout":210,"amount":426.65870913,"coinbase":false},{"txid":"b638632162fce42021f3ad340ff3d4dfad4d40541db459b6a56a01b43e97c422","vout":1549,"amount":368.69440931,"coinbase":false},{"txid":"69f93dd6fd6f13f3fd208b3d2a6a1004483692b7b979366c10d250321705b5bc","vout":505,"amount":125.35818212,"coinbase":false}],"vout":[{"n":0,"addresses":["prl1z6g7dtsjayr2ydgpm0wdgm9ua2cnnngyphl3g2kl5yfk96x6lhjws856s5a"],"amount":920},{"n":1,"addresses":["prl1ph8pm3wq738kt7q3sjusztaml6v8ur444506r44qderqly0whwsmqmxlw2e"],"amount":0.71129786}]}