{"txid":"763ae4f00b3cddbf40425741f8d05f87f3a8e7a6ccdc6cbde193b6a844c4497e","block_height":null,"time":null,"vin":[{"txid":"763ae4f00b3cddbf40425741f8d05f87f3a8e7a6ccdc6cbde193b6a844c4497e","vout":1,"amount":1331.28999846,"coinbase":false}],"vout":[{"n":0,"addresses":["prl1zfwq6xufyg53mezpwnv4uuarljvvk20wty3ffntyqzu3rvtpwhyds0l8c34"],"amount":500},{"n":1,"addresses":["prl1p27r52vrxttdjr5q6xw0vxfsa5fcn7r3l8azkv4ls023rj7md57rsd05g0p"],"amount":831.28999692}]}