{"txid":"63a44493a78ec3fc32adf524cc0b9a1efe38696f9ff7fa7552ab33aa78528535","block_height":null,"time":null,"vin":[{"txid":"63a44493a78ec3fc32adf524cc0b9a1efe38696f9ff7fa7552ab33aa78528535","vout":0,"amount":152,"coinbase":false},{"txid":"54b9500de99ba3799f1c52488b60f39a991a72e33cd1aee885c7119b4a684836","vout":197,"amount":60.74698814,"coinbase":false},{"txid":"3a162664540141df670efcf142991fb31867ad7e979157807b03b6aad1fe5422","vout":159,"amount":29.88037181,"coinbase":false}],"vout":[{"n":0,"addresses":["prl1zd2ra5dan02p8vgwkwpx0swuyead64pr3887vgm9uqghf9a5rv5cqcztqzc"],"amount":242.6},{"n":1,"addresses":["prl1p9nzdf3vfz8ugeswra84xgplgn2xuswuzw788u3yau75l5jyxukrsvqdmtu"],"amount":0.02735725}]}