{"txid":"70bbfaf312d8b8fb18544897d0c928064fa80395115f37c1540778005214f033","block_height":null,"time":null,"vin":[{"txid":"70bbfaf312d8b8fb18544897d0c928064fa80395115f37c1540778005214f033","vout":1,"amount":4914.9328631,"coinbase":false}],"vout":[{"n":0,"addresses":["prl1pu3k7m9ns6nqzdjmf23weykf3zvuyagg0wl89ad7anhfj3glf0ucsuq8csh"],"amount":3340.9327856},{"n":1,"addresses":["prl1zdtvpwl5m5vt8j46t080al5twgrq58xxq26ll7k6c0fd4yxkkeqrqtvg2ml"],"amount":1574}]}