{"txid":"1ef67efac9c3a36cb6153c30ed880e9b1591f84915d1a4ae7773ca22e49c00f5","block_height":null,"time":null,"vin":[{"txid":"1ef67efac9c3a36cb6153c30ed880e9b1591f84915d1a4ae7773ca22e49c00f5","vout":0,"amount":115.07827578,"coinbase":false}],"vout":[{"n":0,"addresses":["prl1zp4uj89cchuq0qgl2cdpal9lfqqwujcm7658ygsa9h2hck0dtnylqr0qn8u"],"amount":115},{"n":1,"addresses":["prl1pafasr3qd5xjqvmda8ds4m7de3phgz7veyaphfpsq5hc4rtkwhk2qxa34ky"],"amount":0.07827424}]}