{"txid":"dc60d59d44780e18c2201c8b71d052bde22e7e0958b08b396d25e292d8733ebf","block_height":null,"time":null,"vin":[{"txid":"dc60d59d44780e18c2201c8b71d052bde22e7e0958b08b396d25e292d8733ebf","vout":0,"amount":6515.1965717,"coinbase":false},{"txid":"6d314e7e3b4bc28f647ee7ea987cf0be59f7029879af962cd192d4dfbcdb057a","vout":1,"amount":5376.57513036,"coinbase":false}],"vout":[{"n":0,"addresses":["prl1zudrzqv9spyknmvdxxqs94vdvrl75fgr9j05e0dh2c8hwephd7rsqn25lyu"],"amount":7500},{"n":1,"addresses":["prl1pgz7xkmw396pcnw43ptt4sg35gkv5ax789whywt6ja7mqz494hrmq2q3fk9"],"amount":4391.77169994}]}