{"txid":"da67f0c9c2867bb050a25bfe06196450015ffb1e2c4b9b77ce792209a89910f5","block_height":null,"time":null,"vin":[{"txid":"da67f0c9c2867bb050a25bfe06196450015ffb1e2c4b9b77ce792209a89910f5","vout":0,"amount":77.28310613,"coinbase":false},{"txid":"ae04e59705b58d860ee91d2e1fcc19fc05acaa7c53deddaffa200a71e61f832c","vout":167,"amount":59.86502005,"coinbase":false}],"vout":[{"n":0,"addresses":["prl1zsagquc4xv6cu8x83jdfzn3tspppvyw5pu7jchyfeucc06j98p7jqlp73rk"],"amount":100},{"n":1,"addresses":["prl1psknka6lkx7f2apys8uxcyhz2rdsaqmyct25l6atn7vff9nlg35fs6k4dra"],"amount":37.1481147}]}