{"txid":"f21a6bec81d99a9b4de6ae8b5b30650013a09c7219991fbec4f076161fe33f96","block_height":null,"time":null,"vin":[{"txid":"f21a6bec81d99a9b4de6ae8b5b30650013a09c7219991fbec4f076161fe33f96","vout":1,"amount":299.4999848,"coinbase":false},{"txid":"0bec0c8379f9657370a1e37988448629b546447a0f2060023b249a1943d77b22","vout":0,"amount":211,"coinbase":false}],"vout":[{"n":0,"addresses":["prl1zcvxwt444dwpwf7xx9997syq4qvws0d0qme5xs8zl6qezu0nteuxqx0n9tg"],"amount":500},{"n":1,"addresses":["prl1pyx822355muc7mn73j4pjpx4wdgjxdfn37szg6gf5355jpp8523uqk7ajqt"],"amount":10.49998268}]}