{"txid":"7f07c1c306f7a5c13ae33dc1203e293f5ed8ffe38ca9f30f61d1da5401b6d02e","block_height":null,"time":null,"vin":[{"txid":"7f07c1c306f7a5c13ae33dc1203e293f5ed8ffe38ca9f30f61d1da5401b6d02e","vout":1,"amount":1110.32061179,"coinbase":false}],"vout":[{"n":0,"addresses":["prl1z7m6vxtgn8exzxfw9mx59wszca4j807k3y89qv4gppded0pk5qxwquppd5r"],"amount":0.0996},{"n":1,"addresses":["prl1pza4xkj2r85hkpwwak8l05v84q3mrqnmldquu30yhhl04tptqt58szjdsx6"],"amount":1110.22101025}]}