{"txid":"649664df34ce184d501624cfe3a0f59b23189b67f8505bbb02b8b90dde711227","block_height":null,"time":null,"vin":[{"txid":"649664df34ce184d501624cfe3a0f59b23189b67f8505bbb02b8b90dde711227","vout":528,"amount":680.08287311,"coinbase":false},{"txid":"bebe865cfd6457dfa91ca9cd40eea7651ee739273b7a5ab13010f48bc46db765","vout":1,"amount":7.44954402,"coinbase":false}],"vout":[{"n":0,"addresses":["prl1z8hfkh2hqvg6acqpv6nk4r5ssw77k432n99vr35emcnmzgncf6vhqtfz7gk"],"amount":687},{"n":1,"addresses":["prl1p3slg7gshj55vq3na3cgttjwafsfnp56l2q66z98r85gkdvtmsysq28vx32"],"amount":0.53241501}]}