{"txid":"dc79356169bd2b41a1fc1e9863ce612bfff542fbd1421488cc27fe3d6a562329","block_height":null,"time":null,"vin":[{"txid":"dc79356169bd2b41a1fc1e9863ce612bfff542fbd1421488cc27fe3d6a562329","vout":0,"amount":158.25587002,"coinbase":false}],"vout":[{"n":0,"addresses":["prl1z0hdd8y5kymxp0vfmue2k6r8cvrpdzmepnapssuwkzr82ea83n6fs6lmve6"],"amount":158},{"n":1,"addresses":["prl1pam64rxsr7qnk7svj95lkuwpvjqc9qhylyu7vhquuyj9c5nzcucgsjzrtzr"],"amount":0.25586848}]}