{"txid":"c4f65eedffd83ff19b3c90b4c013300a8a2405a4f6aaef198e2e389e8f477747","block_height":null,"time":null,"vin":[{"txid":"c4f65eedffd83ff19b3c90b4c013300a8a2405a4f6aaef198e2e389e8f477747","vout":0,"amount":0.77156412,"coinbase":false},{"txid":"cb2f1f4b7829c4f0bbc266da0f29e2a1aa530030b0f7d3d471ad103d987d7f96","vout":329,"amount":1249.50067094,"coinbase":false}],"vout":[{"n":0,"addresses":["prl1p8v73jxag7wu6kprg6dkcvcchqxfst2g9yggkr3mf7jcptnjncaxqu2s344"],"amount":0.27123506},{"n":1,"addresses":["prl1z9w7uj36he4md90kmc6098apuwywsvrvqtmncdzh7y2nsh7uggweq9pxvcg"],"amount":1250}]}