{"txid":"862363df6935b9f26c6feec12fc46928cd09ec27199204ad750cede80d9afdf1","block_height":null,"time":null,"vin":[{"txid":"862363df6935b9f26c6feec12fc46928cd09ec27199204ad750cede80d9afdf1","vout":313,"amount":109.46102403,"coinbase":false}],"vout":[{"n":0,"addresses":["prl1z3070celd0t26ss6m8445cl680afnecvhla3jwh4u5pxs3j6arl4qz2msdl"],"amount":100},{"n":1,"addresses":["prl1pv2ctlkxsgzcrtp7meas033wtrew0xt9r4e5rk2rk3a7ypzgu3txs4ryg3c"],"amount":9.46102249}]}