{"txid":"71b6108a20116e70a54e0b6b18c32fc2f7eaededa79669d87d8888b8691161b8","block_height":null,"time":null,"vin":[{"txid":"71b6108a20116e70a54e0b6b18c32fc2f7eaededa79669d87d8888b8691161b8","vout":0,"amount":128.48974725,"coinbase":false}],"vout":[{"n":0,"addresses":["prl1zxkxggcl4r40vea7k8867rhf69d60gpyh47pklw5qy3psmmx2slps37gxnx"],"amount":128},{"n":1,"addresses":["prl1pafasr3qd5xjqvmda8ds4m7de3phgz7veyaphfpsq5hc4rtkwhk2qxa34ky"],"amount":0.48974571}]}