{"txid":"66f6266e79246d45ae52ab1acb95bc65f12d8758dd721478dd31891fec1b4618","block_height":null,"time":null,"vin":[{"txid":"66f6266e79246d45ae52ab1acb95bc65f12d8758dd721478dd31891fec1b4618","vout":0,"amount":12306.8382326,"coinbase":false}],"vout":[{"n":0,"addresses":["prl1z5uep3yt358724esunddehuxrjm0w2365qusk42r6p3zrezpjzsks2kzjpj"],"amount":10000},{"n":1,"addresses":["prl1pgz7xkmw396pcnw43ptt4sg35gkv5ax789whywt6ja7mqz494hrmq2q3fk9"],"amount":2306.83823106}]}