{"txid":"cb2f1f4b7829c4f0bbc266da0f29e2a1aa530030b0f7d3d471ad103d987d7f96","block_height":null,"time":null,"vin":[{"txid":"cb2f1f4b7829c4f0bbc266da0f29e2a1aa530030b0f7d3d471ad103d987d7f96","vout":134,"amount":38.81844759,"coinbase":false},{"txid":"a1eb498bdd69de0497785eeaaee7f9190713c5ce9d6b833046dbb53c53a27827","vout":71,"amount":36.86171088,"coinbase":false},{"txid":"5e7b6271289c0d7bef92070cfab5b3754f756db3042a849ae48187e9afab814f","vout":655,"amount":24.7934637,"coinbase":false}],"vout":[{"n":0,"addresses":["prl1pn5mkjp3auza5dk332h2eqzmjlx9lyqe7e6npqmq0qq6qqmjpe5dq0r7ut7"],"amount":0.47361947},{"n":1,"addresses":["prl1z62rr25zn8t00xx80ydtjuj3773qvv8k7d4nurekskj6vwz5v37aq5l6v70"],"amount":100}]}