{"txid":"12c91e7ac02cbe9b1f3ded03c26f3c6c409381c85e9bcd6a2a9c7b3bcd51ed2b","block_height":null,"time":null,"vin":[{"txid":"12c91e7ac02cbe9b1f3ded03c26f3c6c409381c85e9bcd6a2a9c7b3bcd51ed2b","vout":1,"amount":1295.30492679,"coinbase":false}],"vout":[{"n":0,"addresses":["prl1z9q274t70up39gs9mhrysxa2x7wxxf5w83dxzcfe8zxmtz5z2xfmqh6l7dn"],"amount":1000},{"n":1,"addresses":["prl1pquta32pv34pfc64ta5nd8sdldnuuavg4suuay247cr983sr9jzcs37wfrt"],"amount":295.30477179}]}