{"txid":"ca9e985543b467bad90b61ca27bd7d13bb33581b9c2942312df7683916fc1bf5","block_height":null,"time":null,"vin":[{"txid":"ca9e985543b467bad90b61ca27bd7d13bb33581b9c2942312df7683916fc1bf5","vout":537,"amount":3249.36520574,"coinbase":false}],"vout":[{"n":0,"addresses":["prl1pcaca63c2vkvhqr67du4pyywgz05xtl45qax67sumnla2pwmfz32srevha2"],"amount":2499.36519733},{"n":1,"addresses":["prl1zah9n8h27u6n6rqzu8ug0alhjncahpz7u9yrtxf2kdf7zg7s3qk0qla3rw0"],"amount":750}]}