{"txid":"df10fbd3e00f93dc6192dc7d7e8d1627b2cc77d548dfe0edad77c28c2f7d1ab7","block_height":null,"time":null,"vin":[{"txid":"df10fbd3e00f93dc6192dc7d7e8d1627b2cc77d548dfe0edad77c28c2f7d1ab7","vout":1,"amount":1499.99999846,"coinbase":false},{"txid":"c794909699bb3fde3d624c4adfa1036fe3c4784491dacc00f4822ebaede07279","vout":0,"amount":1001,"coinbase":false}],"vout":[{"n":0,"addresses":["prl1zkzg539hfejfq29x5jmh5pmtr87cjuhke4d6m58r36r6teptdrzzqkr850q"],"amount":1784},{"n":1,"addresses":["prl1pfu0e9fxx63s6gq6q0m2mqj4hawqeg9nxun99gcvuqrzktnu8gkrsfz2rkj"],"amount":716.99999634}]}