{"txid":"e7d524b5732feef405816bebd98a8f261ecb0f0bff9d35d3e877d2eb1b26f58f","block_height":null,"time":null,"vin":[{"txid":"e7d524b5732feef405816bebd98a8f261ecb0f0bff9d35d3e877d2eb1b26f58f","vout":0,"amount":488.99999,"coinbase":false},{"txid":"3659428ac394d368961318ee090803c148fcf1783af716cdff1e853aafde29f9","vout":844,"amount":127.21426361,"coinbase":false}],"vout":[{"n":0,"addresses":["prl1zw2w9cejrs403y9rp2v8gtv3etq08kzuh4msz4jmj8qzvmn3t9vps7j4gr4"],"amount":600},{"n":1,"addresses":["prl1pdkzk9p6608t747yyuqqek54zwmmzk30hzkpc2zgvdyrprjdfypjqtadm4r"],"amount":16.21425148}]}