{"txid":"f342fe1f1c5b6c1609940044d173d79cdb02400433826e8757797176c254bd8d","block_height":null,"time":null,"vin":[{"txid":"f342fe1f1c5b6c1609940044d173d79cdb02400433826e8757797176c254bd8d","vout":0,"amount":7099,"coinbase":false},{"txid":"db07b6d455c523cff44b43090ec60567f0b57895b69aaa786a7fdc1c5204b379","vout":0,"amount":6.41994707,"coinbase":false}],"vout":[{"n":0,"addresses":["prl1pjs447kyrks2fncdepwdmmwn2ujh9jlpmaztrj25kzvnkcm2fg8xqeek2ms"],"amount":5.41992564},{"n":1,"addresses":["prl1z5jxw8wtk5dqzmd0pyugpdf6n770h2ny7k75mpdcfcvgkf806kttsy90g8z"],"amount":7100}]}