{"txid":"e7364edbe8963ed3c3221305bb41c0665e20824b08c5ca17e119a7a2eed18933","block_height":null,"time":null,"vin":[{"txid":"e7364edbe8963ed3c3221305bb41c0665e20824b08c5ca17e119a7a2eed18933","vout":266,"amount":120.79606878,"coinbase":false},{"txid":"a1a7f78df2ea92fbb53eb300c0721f17f77c94aef5b0e3941f59105edbf2861d","vout":1,"amount":0.52966392,"coinbase":false}],"vout":[{"n":0,"addresses":["prl1zyxc7ys9ns895jyme3uwtke8fgnpdsah5e6fjjtytx9m4h3fa6c0sz4gvck"],"amount":121},{"n":1,"addresses":["prl1plutvq8ndrjzd9h545mmxfch974k7flj59k09kfz4lm0ngx6t50rsmhdt0n"],"amount":0.32573058}]}