{"txid":"0dfa4b3a8ef0eefddda1bb1e170843175b7bdfdc34b1f818af4da3fd7addf89b","block_height":null,"time":null,"vin":[{"txid":"0dfa4b3a8ef0eefddda1bb1e170843175b7bdfdc34b1f818af4da3fd7addf89b","vout":0,"amount":999.99999,"coinbase":false},{"txid":"edbeb982a75b692ebb3ebd6bea7f49ad383450e6ddffb07a26dd30a008f67c22","vout":120,"amount":28.83773735,"coinbase":false}],"vout":[{"n":0,"addresses":["prl1z34t4jgte84gzwneeu7qsd7fazle6ldu94gvhcdl6uhtr7u6yvykqhfhq4w"],"amount":1000},{"n":1,"addresses":["prl1pr4vv0dhg89xpf2ntjduv9hwwhef27lrmv4h0w2k09es6knfstq5qkzv468"],"amount":28.83751435}]}