{"txid":"08eaf2e9504abf3a8c2cb37f1e78faad5fb290f104f430204c16d5727aff23cb","block_height":null,"time":null,"vin":[{"txid":"08eaf2e9504abf3a8c2cb37f1e78faad5fb290f104f430204c16d5727aff23cb","vout":1,"amount":9430.17789538,"coinbase":false}],"vout":[{"n":0,"addresses":["prl1zu5s3rpk2mncc6gsv0gl6w2u7rtxgwmxq9239dhuqn7407t659wdq5yncnh"],"amount":1000},{"n":1,"addresses":["prl1psxckvykjd9hn2jdd2csuet7l0rjt8fexnvlln73nvt29m3k7kzcsun36as"],"amount":8430.17788704}]}