{"txid":"4dd6bad3cdb03a4e1421d7f6e2754582b2de33b0cf1ab758bba9e782a3dc3d20","block_height":null,"time":null,"vin":[{"txid":"4dd6bad3cdb03a4e1421d7f6e2754582b2de33b0cf1ab758bba9e782a3dc3d20","vout":0,"amount":100.21745577,"coinbase":false}],"vout":[{"n":0,"addresses":["prl1zacnurp2snzhs34fp25njeld4pqdl5unjyqa90g0hwzzr0lhjlnesa8wad9"],"amount":100},{"n":1,"addresses":["prl1p0dg4j647vs738hj93kw6j4lnx8vghe5rkdvkqg4v5u6yclpph80sqxtl2v"],"amount":0.21744742}]}