{"txid":"d176b866476ddf559a79ed9eee853e0ce65c3b7107fd2316d804bd12576c3487","block_height":null,"time":null,"vin":[{"txid":"d176b866476ddf559a79ed9eee853e0ce65c3b7107fd2316d804bd12576c3487","vout":1,"amount":6999.99998768,"coinbase":false}],"vout":[{"n":0,"addresses":["prl1z24xncu2294svspyvv2vhy22kztuvksjqy5vndjs22yc4c250njgsvgsk2u"],"amount":444.45},{"n":1,"addresses":["prl1p209gdfdx4vl4y229jsqgx7rrncxpjpt2dgczqm7s8etpy0v60adqq05623"],"amount":6555.54998614}]}