{"txid":"70d1c60f507008533513da2a587e048bcbe741c6c258ee3999743324482e0226","block_height":null,"time":null,"vin":[{"txid":"70d1c60f507008533513da2a587e048bcbe741c6c258ee3999743324482e0226","vout":0,"amount":6999.99999,"coinbase":false},{"txid":"24db2b8f8c764701bc014f8bbedf03bd464c00b18df2b467d28a8e1727d0d4b1","vout":1,"amount":4909.9999823,"coinbase":false},{"txid":"39779048453e2b45a54380f407304dd298c23cc75b815ad2e1173239a823a492","vout":1,"amount":3589.99999692,"coinbase":false}],"vout":[{"n":0,"addresses":["prl1z49xhwlfk2lx978qqn728nhna237yrwpydy3cn89ymj5xhssk54tqtkx5pc"],"amount":15000},{"n":1,"addresses":["prl1p209gdfdx4vl4y229jsqgx7rrncxpjpt2dgczqm7s8etpy0v60adqq05623"],"amount":499.99996652}]}