{"txid":"cfbbb5dc545e49de4d840d3b118455c5ab02078fbcf653645c2086809f8953fe","block_height":null,"time":null,"vin":[{"txid":"cfbbb5dc545e49de4d840d3b118455c5ab02078fbcf653645c2086809f8953fe","vout":1,"amount":5975.99999846,"coinbase":false}],"vout":[{"n":0,"addresses":["prl1zjxqu3qquj5sgljaln73zsqrhk4k2cnfuvq20c69epa9axpykzwvs90ylyz"],"amount":400},{"n":1,"addresses":["prl1p59f6hzxhd9c2090055gumslj5lkmlkxvugccu546qqwk9epzr0zs3c3kuq"],"amount":5575.99999692}]}