{"txid":"ca9e985543b467bad90b61ca27bd7d13bb33581b9c2942312df7683916fc1bf5","block_height":null,"time":null,"vin":[{"txid":"ca9e985543b467bad90b61ca27bd7d13bb33581b9c2942312df7683916fc1bf5","vout":470,"amount":599.41549754,"coinbase":false},{"txid":"a38d817e780071b8b9b30f41af3aa498bf68add0d6e7dc1e11e95c2d7fbc2f96","vout":0,"amount":334.13258011,"coinbase":false},{"txid":"5206387a93bc4274e253748acb54de1492ac1bb9b4bcf7ba1b04c4fa287b3860","vout":241,"amount":171.40897286,"coinbase":false}],"vout":[{"n":0,"addresses":["prl1przcyr5fwc798gjypph6eswwpwcspx2kafkcjhkulr07muk0rnh3qv94jy2"],"amount":103.95703586},{"n":1,"addresses":["prl1z2tjr5frmru84sxlc6gxhpz4j348myqyklp3n0qtfzsh7d2j424zq5e4gw9"],"amount":1001}]}