{"txid":"1afb6597b8f814a5d3a7febd75d7087f1e58f690964901104d3cefb2f71307db","block_height":null,"time":null,"vin":[{"txid":"1afb6597b8f814a5d3a7febd75d7087f1e58f690964901104d3cefb2f71307db","vout":12,"amount":1195.4611087,"coinbase":false}],"vout":[{"n":0,"addresses":["prl1zddwe5sv6ajsrfs33g6yqng3nqceat9hv8z5c96z4a34mhmlw8gwq8e49tp"],"amount":1000},{"n":1,"addresses":["prl1ph8e3gxnytz9zmemwygpmlahft0d5gz4wwqs6uu0nqmlwhm80laeqhpm3ex"],"amount":195.46110716}]}