{"txid":"43c53c6caf26e512795b6551cc65fe0998f49302a005e1affd39b3c809c26623","block_height":null,"time":null,"vin":[{"txid":"43c53c6caf26e512795b6551cc65fe0998f49302a005e1affd39b3c809c26623","vout":284,"amount":854.93977072,"coinbase":false}],"vout":[{"n":0,"addresses":["prl1z278jqy3pf9ka74kzsarp2xhtf2p0q8mf9nu7vrps9lcgfhqqdtrsplwq79"],"amount":800},{"n":1,"addresses":["prl1pq3axcd5z2g3cqxptauv34470elh56m6335slht56cvn78ukaxdzsj9svrx"],"amount":54.93975522}]}