{"txid":"3a9d7fe7b15ed141f1823841e27e748f5d38bf9bb2018bf9a7801e486ba9bc73","block_height":null,"time":null,"vin":[{"txid":"3a9d7fe7b15ed141f1823841e27e748f5d38bf9bb2018bf9a7801e486ba9bc73","vout":1,"amount":734.99999165,"coinbase":false}],"vout":[{"n":0,"addresses":["prl1pznxjmh3swpx7zamxk53xhydhfsjeyym0quthksmpw53gm27wcfxswcdqqf"],"amount":634.99998333},{"n":1,"addresses":["prl1z6u6xlryq9h6mk7jsvwf0rsqyfd2cn8w7njnzdvpku3r8aghfneuq0255pt"],"amount":100}]}