{"txid":"e63625b5be0753c68eb31d5aa767d2bef0ea9cf8890ffabb41ace30c2dfd32bc","block_height":null,"time":null,"vin":[{"txid":"e63625b5be0753c68eb31d5aa767d2bef0ea9cf8890ffabb41ace30c2dfd32bc","vout":0,"amount":60,"coinbase":false},{"txid":"12eea0dc1158f89367056ec328b00b5fbcc4f8c6d41d0088eea87c3defd66ae8","vout":58,"amount":35.69736812,"coinbase":false},{"txid":"d63343343dbfab19e662d471205bbef2a95b63ac30d52ddfb62acf2d22f5663b","vout":538,"amount":22.74536278,"coinbase":false}],"vout":[{"n":0,"addresses":["prl1zzgyck5lm0y94005tk8q88xlsshnzpdd23cl58xuq94kxesqcq0rs8np3jz"],"amount":100},{"n":1,"addresses":["prl1pskk83v2k6xmrq7ev9v0y47ralq49ne2lhudkzzwvwe9ke3sjh2fqjc3x8j"],"amount":18.4427282}]}