{"txid":"988a4ba7fac9b7ff99cbc830d3cffb41199d6315693b85e25c362dcc9f9001fb","block_height":null,"time":null,"vin":[{"txid":"988a4ba7fac9b7ff99cbc830d3cffb41199d6315693b85e25c362dcc9f9001fb","vout":1,"amount":8.40999538,"coinbase":false}],"vout":[{"n":0,"addresses":["prl1zy0vrcu273kdkgenlrte64p3u65hdrmwaqskhw3cxhv0aeyhep8hsltlpzd"],"amount":0.14},{"n":1,"addresses":["prl1p00330xumy7rdavdd4pd9rnzftegz2u9395xzvd7wgcm3ulexu6yspuee3u"],"amount":8.26999384}]}