{"txid":"6bddd07490825de2b7e81322525945414796363b5327f6110974af805de20733","block_height":null,"time":null,"vin":[{"txid":"6bddd07490825de2b7e81322525945414796363b5327f6110974af805de20733","vout":1,"amount":89.88691209,"coinbase":false},{"txid":"212c4059e2d96f61530a6fdd170e2c696186f82ee0d9199dac55b78c86f20c2d","vout":170,"amount":86.24041703,"coinbase":false},{"txid":"62fa8cb5adc75f3a6ad1e51df153d61008d333a89546b4a3f8fa99b5e090d573","vout":37,"amount":30.11443331,"coinbase":false}],"vout":[{"n":0,"addresses":["prl1za6kss379k6phevj8j54qc688se7rt3tehf7q8fjxv8f20mmr65fq3dg5k8"],"amount":200},{"n":1,"addresses":["prl1pesd46vcsy6znd4py8x4lslmtj3t8nq4llwwczpnex2fgqj693r6squ8nnj"],"amount":6.24175973}]}