{"txid":"afd1d1a78dfbeeec3c35f0a139744c96c5c282dae14eb15d1dfb2e3a0af688d8","block_height":null,"time":null,"vin":[{"txid":"afd1d1a78dfbeeec3c35f0a139744c96c5c282dae14eb15d1dfb2e3a0af688d8","vout":1,"amount":4999.99998846,"coinbase":false}],"vout":[{"n":0,"addresses":["prl1zkhlevdm6cawycv6ctgagkn5c5eqesk69a5t97u5t5sj8l0h0rqpqlsddkg"],"amount":2000},{"n":1,"addresses":["prl1pfu0e9fxx63s6gq6q0m2mqj4hawqeg9nxun99gcvuqrzktnu8gkrsfz2rkj"],"amount":2999.99998692}]}