{"txid":"28f1df5ba6533d6d26b6b86607f9587d4817f47e1c9657182afd72a8437ef13d","block_height":null,"time":null,"vin":[{"txid":"28f1df5ba6533d6d26b6b86607f9587d4817f47e1c9657182afd72a8437ef13d","vout":1,"amount":608.86738588,"coinbase":false}],"vout":[{"n":0,"addresses":["prl1pwh4t7zykta68lclnamx2w737kmu0dvld8asjv0wkpltm8qc7u4ms3k6wua"],"amount":349.86737038},{"n":1,"addresses":["prl1zk55uyr9777guqd9ju3gynd4a5m87hh6p056zxg5qnssl6x8yusyq3ra9az"],"amount":259}]}