{"txid":"d88e39b38e6242823134b8f7ad0832954757dfd5d00d2c34a6b227aa3f8ca20d","block_height":null,"time":null,"vin":[{"txid":"d88e39b38e6242823134b8f7ad0832954757dfd5d00d2c34a6b227aa3f8ca20d","vout":0,"amount":2900,"coinbase":false},{"txid":"5343a48086e30016ecbe766c55d239c5aedc8f8a44d2b643946be3507cab4cc7","vout":0,"amount":99.99999,"coinbase":false}],"vout":[{"n":0,"addresses":["prl1z59pj88edtz6r6fweulzrfw4tacea7485nsev6tduqua75spuujaqnm7338"],"amount":2900},{"n":1,"addresses":["prl1psvqmtkq0xdx0ql8cleqaey6te8px6tgff37y4s8vmwancwp8dg4serrark"],"amount":99.99997415}]}