{"txid":"94750b72f2059894de22d7cdfdcd86c43592854aaa06e2f79cdc85a1901ea811","block_height":null,"time":null,"vin":[{"txid":"94750b72f2059894de22d7cdfdcd86c43592854aaa06e2f79cdc85a1901ea811","vout":1,"amount":1189.99331922,"coinbase":false}],"vout":[{"n":0,"addresses":["prl1zyazf69wdd7hp65ct794e3d9mnpk26x8lmws8836ccqjr8p5nnggqqd5c2z"],"amount":1000},{"n":1,"addresses":["prl1pz4su4ryv2k6z0850e5nj82ctjnu8xftl09h22h67atry38gvua6qplzytt"],"amount":189.99331077}]}