{"txid":"609d03ca189d355a0de56ecb922c8b89308e29ca04908b585049e01dfc05744a","block_height":null,"time":null,"vin":[{"txid":"609d03ca189d355a0de56ecb922c8b89308e29ca04908b585049e01dfc05744a","vout":489,"amount":78.00346195,"coinbase":false},{"txid":"649664df34ce184d501624cfe3a0f59b23189b67f8505bbb02b8b90dde711227","vout":286,"amount":58.91747157,"coinbase":false},{"txid":"04733d97dcab48c6e311fe3a5b665edd097308bef181484b7d3ff2e422546455","vout":0,"amount":51.97388224,"coinbase":false}],"vout":[{"n":0,"addresses":["prl1z2jn8qxrffsxs8l7m2v487qdjh7f6xqqvpqlkjkm778a20l2r6pxq2lpp7y"],"amount":148},{"n":1,"addresses":["prl1pr5gfsuqhkvdwq7r5dlexd8sk22wh3ny9zlql8z29nhd7jphp2xxs2uhyz5"],"amount":40.89481306}]}