{"txid":"d3b8ea3fc6e5fec05431e187ec3aeb1e83fdde1d90fb16688b40fc5c98e64519","block_height":null,"time":null,"vin":[{"txid":"d3b8ea3fc6e5fec05431e187ec3aeb1e83fdde1d90fb16688b40fc5c98e64519","vout":659,"amount":269.34220544,"coinbase":false},{"txid":"26d526c24bc40464f90cafe0d0d87d84b4aebec51d667e9698ccee0cc938cc39","vout":409,"amount":134.52967758,"coinbase":false}],"vout":[{"n":0,"addresses":["prl1za2achun7lulu0990heuyw958xeqmgf0t69hrmdg5wpzrqslqfz4szaq9rh"],"amount":400},{"n":1,"addresses":["prl1pe3ys7gkqxw7pwjax60qm8umd7ha3cvjdslp8aspnrlt2s52uuvasc6py39"],"amount":3.8718809}]}