{"txid":"64723729e38e168b650e010dfbb62f746311858927f4175015ee5adbcbac7582","block_height":null,"time":null,"vin":[{"txid":"64723729e38e168b650e010dfbb62f746311858927f4175015ee5adbcbac7582","vout":0,"amount":99.99999,"coinbase":false},{"txid":"6dabc86d03334716976d8a40c1a051d2faacc9eac7ffbf470a925eb692289eb8","vout":418,"amount":18.66507489,"coinbase":false}],"vout":[{"n":0,"addresses":["prl1znsq8cw6a5qv50jwz4d7jechnh4uzd7vcmjjm92j0zylwwehm89ssv2k70q"],"amount":110},{"n":1,"addresses":["prl1p6e9g0p55zfl63dcg6z46cyydltv2n8z8hmjnggya54mjfm0mumfsr2fzft"],"amount":8.66506277}]}