{"txid":"32e4b0c5e2383782ba7e42835aed10b5ab464609eeda1d2e6f126a99fb02d6f0","block_height":null,"time":null,"vin":[{"txid":"32e4b0c5e2383782ba7e42835aed10b5ab464609eeda1d2e6f126a99fb02d6f0","vout":367,"amount":415.60522013,"coinbase":false}],"vout":[{"n":0,"addresses":["prl1zlev05cgv2kv28v2c8zmpwf7j73j03hqcx7t07dxy658s0e8jdqjscmhfth"],"amount":300},{"n":1,"addresses":["prl1pgqr64yeaxuhjv90dhyrhgjfa54yker0s2jzhrmlhkmm2q8tmsedsnnm3md"],"amount":115.60481858}]}