{"txid":"ecaf8ce377988688549b0ac1c56b5b51dbef2440b461012c90ee24322cccdec0","block_height":null,"time":null,"vin":[{"txid":"ecaf8ce377988688549b0ac1c56b5b51dbef2440b461012c90ee24322cccdec0","vout":1,"amount":1039.99974509,"coinbase":false}],"vout":[{"n":0,"addresses":["prl1z9nhm3v3vgvukx5qla5d0m679mehge09hjd8l9azrx52g2q8rpk5ssksyph"],"amount":500},{"n":1,"addresses":["prl1pdjt84mjrk2s9m97uxzhrnlpu7snvaml7tgpvwl2mtgshd9f8jqgq4aku3a"],"amount":539.99966522}]}