{"txid":"8a3e0984dcfdb3c937c14fb0322e1337e2af134c4cce749485e7c5e7c418e744","block_height":null,"time":null,"vin":[{"txid":"8a3e0984dcfdb3c937c14fb0322e1337e2af134c4cce749485e7c5e7c418e744","vout":1,"amount":2149.99,"coinbase":false}],"vout":[{"n":0,"addresses":["prl1zzeds6typm5mjqptcd442hv8yejhvth38a0vg4edge2sc0c6p2fgsxvqsjh"],"amount":2149.204078},{"n":1,"addresses":["prl1peeq0s7zufusjn3mutcpw9lct5vwpncavqg0khy98tc2jq3qm52hslvhmyr"],"amount":0.78592046}]}