{"txid":"178d3cee06f2ed8f446293ca4a552bbc052503b775b1863149b8b59c3e699a9e","block_height":null,"time":null,"vin":[{"txid":"178d3cee06f2ed8f446293ca4a552bbc052503b775b1863149b8b59c3e699a9e","vout":7,"amount":382.98635315,"coinbase":false}],"vout":[{"n":0,"addresses":["prl1zjjndg8m7pscs62ewptsqy7pvmz2zlfpghjhsjnze39j7gmmjzugq20dm7a"],"amount":100},{"n":1,"addresses":["prl1p30q4r5gnzuvnzu6w535j6rxm8yds2v6lpwy4leysycsplx3r4mrstte6nx"],"amount":282.98635161}]}