{"txid":"b75b357c8a827a565f4e06eecdb34838d0dcaf178fbe257e8ba3bc1ddf6bbdb4","block_height":null,"time":null,"vin":[{"txid":"b75b357c8a827a565f4e06eecdb34838d0dcaf178fbe257e8ba3bc1ddf6bbdb4","vout":0,"amount":499.99999,"coinbase":false},{"txid":"7cc459209620c9cb99ba73fb2abc763f464905f7dc5db66468aaf795049b2112","vout":0,"amount":44.54016027,"coinbase":false}],"vout":[{"n":0,"addresses":["prl1z8858w5l7ye999ndn4jd9tvc7wfp4zyf0ykw37xz9u20hjtmckxvq32dfq7"],"amount":500},{"n":1,"addresses":["prl1p03sn8rwl3373r73zsps0zsegqnfzd9dl5466c3hj5paxs40hz93styuchl"],"amount":44.54013867}]}