{"txid":"24c71167ebfbd7a41b3832ffd6200e1fa4fcd1a2a14f2705bccb3c3c9f5d91ad","block_height":null,"time":null,"vin":[{"txid":"24c71167ebfbd7a41b3832ffd6200e1fa4fcd1a2a14f2705bccb3c3c9f5d91ad","vout":660,"amount":1976.3424771,"coinbase":false},{"txid":"13357ebdb0cea6bffefe60a4a81be49c265a104e382acb80694ccc678ec3cf35","vout":562,"amount":45.1215036,"coinbase":false}],"vout":[{"n":0,"addresses":["prl1zzm60nzf070nt5cvl244r4fr7p5042vj3yvmf644fkj9jn36lwccshtr5x2"],"amount":2020},{"n":1,"addresses":["prl1pyvr4z0yy6m5vlnelk09kqxs3retmaewqdv9jd6vww6kzmhh9r7ksvvmywy"],"amount":1.4638807}]}