{"txid":"286f4dbc85fb823344e3c5ca97ae7e7eb0afc8e7ddb4ce1e58a00abd2c76b23f","block_height":null,"time":null,"vin":[{"txid":"286f4dbc85fb823344e3c5ca97ae7e7eb0afc8e7ddb4ce1e58a00abd2c76b23f","vout":99,"amount":870.24765457,"coinbase":false},{"txid":"649664df34ce184d501624cfe3a0f59b23189b67f8505bbb02b8b90dde711227","vout":384,"amount":1.40438219,"coinbase":false},{"txid":"081598996cfc618a55469dadca8a557e5a4f5a8c9419a397fae1edadf088a0c8","vout":0,"amount":1,"coinbase":false}],"vout":[{"n":0,"addresses":["prl1pmwl2xqhwrkxn2u4ssj5wguqtrrt8htcdgtdheh54c0ule45syvfseeldru"],"amount":0.65202225},{"n":1,"addresses":["prl1zweadgum6akdrrrhyqz72dy99s6yw5ta93enk92ttxe49ca0lcrjs2zlpj4"],"amount":872}]}