{"txid":"c581f44f17875494cea5d6274249240eed6deba0812c1b90e5f816431a79a385","block_height":null,"time":null,"vin":[{"txid":"c581f44f17875494cea5d6274249240eed6deba0812c1b90e5f816431a79a385","vout":0,"amount":2851.94471664,"coinbase":false}],"vout":[{"n":0,"addresses":["prl1z3fl46mtalkmnkah2g2twz004us2exncsrzhd4lnuwusxzk6j7znsftcu07"],"amount":1000},{"n":1,"addresses":["prl1pzjppzrxqv40vw5w9d4em86wgg0errkw720nrggm6u8kduwgkpsvs2agn84"],"amount":1851.94470114}]}