{"txid":"297eea36910021f1c4d2db266a981c266837377220b756e3e179493cefc63c56","block_height":null,"time":null,"vin":[{"txid":"297eea36910021f1c4d2db266a981c266837377220b756e3e179493cefc63c56","vout":1,"amount":1859.99999846,"coinbase":false}],"vout":[{"n":0,"addresses":["prl1zc9w48gv6nmdps2tp0ae70ypy0twpap9qehsy8pj72h0k36w9njysqasrle"],"amount":100},{"n":1,"addresses":["prl1pzmr904ef067506akv00h53aavc9m6mjerllkxarztqm49gdxetsq8dldx5"],"amount":1759.99999692}]}