{"txid":"7a0119fbd7776740422ef7063a68cff47ff25b6c6cd81078a0253b628aa01c41","block_height":null,"time":null,"vin":[{"txid":"7a0119fbd7776740422ef7063a68cff47ff25b6c6cd81078a0253b628aa01c41","vout":269,"amount":162.77773623,"coinbase":false}],"vout":[{"n":0,"addresses":["prl1z5yqytv3u7eueueeh5dwz99cxtk7g42pjjyf4q5a30gt4csjcecfqmkvfgk"],"amount":100},{"n":1,"addresses":["prl1pzl0435lt6lzy74ycxksfu9f5823fugtw8fhhycgm6wlng7a5cgqqrsatcg"],"amount":62.77773469}]}