{"txid":"bb682f0fd20a4742670bbf29b8d16734c85147c77548750c1dac45e667f421f0","block_height":null,"time":null,"vin":[{"txid":"bb682f0fd20a4742670bbf29b8d16734c85147c77548750c1dac45e667f421f0","vout":0,"amount":2795.13773499,"coinbase":false},{"txid":"d00f3061f5d8b28174f8f5b54487f28a6bc9c866ee5965162f5cae3b70c70e91","vout":0,"amount":2790.4407134,"coinbase":false}],"vout":[{"n":0,"addresses":["prl1p538fyrhgr92p8egvyt2de3gmm9zlemnlpvd9mn5yz9zemdgc8hnqssjry4"],"amount":585.57833732},{"n":1,"addresses":["prl1zxl25zqwn8255mnsjfp7vga6dydu84wqkfr2jkckunp2947m2ggyqn4kd6p"],"amount":5000}]}