{"txid":"968200dfd2c56aa834399808f2ee6c1f36dbf5dbb52059e57aabdc3c4451dddd","block_height":null,"time":null,"vin":[{"txid":"968200dfd2c56aa834399808f2ee6c1f36dbf5dbb52059e57aabdc3c4451dddd","vout":0,"amount":165.9999843,"coinbase":false}],"vout":[{"n":0,"addresses":["prl1z3732q4kfrxp58e9n67ayz2tym07vx3zdpmt88ym0424g5gas80nqu44526"],"amount":165},{"n":1,"addresses":["prl1p6scypmwdj6h4v3ujl7ayw2jqsjm8j0rsuxtkmpu2pc0kgjauwhgq0csnyt"],"amount":0.99996855}]}