{"txid":"8e02fc0689300a2bf944272eae9856b566b359a23a387fac0d2be0fb34cf8f0e","block_height":null,"time":null,"vin":[{"txid":"8e02fc0689300a2bf944272eae9856b566b359a23a387fac0d2be0fb34cf8f0e","vout":0,"amount":114.34352061,"coinbase":false},{"txid":"700eafb6abd559daf4e9b9b6c0e6de4ea50d3e00ee18a75341623599252569e7","vout":1,"amount":38.72290793,"coinbase":false}],"vout":[{"n":0,"addresses":["prl1z709xr6rf23fgkhaev7465l4gx992lkg9l0lhwpxkta9zgtztx93qg8rq6w"],"amount":150},{"n":1,"addresses":["prl1p9hwqvmag4phez0w8fxx906wn9emcrgrlwvnev3j6pgkkdkgxu3ns6sqgaz"],"amount":3.06642642}]}