{"txid":"4c328a857c4806d77355ab3451e061f8a4e4dd83133620b1eb3e08771c4d89bd","block_height":null,"time":null,"vin":[{"txid":"4c328a857c4806d77355ab3451e061f8a4e4dd83133620b1eb3e08771c4d89bd","vout":0,"amount":372.73413531,"coinbase":false}],"vout":[{"n":0,"addresses":["prl1pna70mc50c8dhs2ssddlgqcd9yttvexcnf38l4yderfc6p372xswsxywue3"],"amount":22.73413376},{"n":1,"addresses":["prl1zaleng4uhcfk5jjt9a4evn8q26usndp0fesdmkr7xtep00ur3ukuqrtz6xh"],"amount":350}]}