{"txid":"21f7186a2e07745f613d265eed226de22c78027abcf9500d68e215466b70ee8d","block_height":null,"time":null,"vin":[{"txid":"21f7186a2e07745f613d265eed226de22c78027abcf9500d68e215466b70ee8d","vout":460,"amount":2446.94889387,"coinbase":false}],"vout":[{"n":0,"addresses":["prl1z5pst6jurptnqns63gnq4kxknhk08cggzyt77ekw0ufd390yqy8vqzt4uqa"],"amount":2440},{"n":1,"addresses":["prl1pmm096hchkpv53r8xlqjclelr4n86ywgv259g3vf89ru6wtdu3t9s3azccu"],"amount":6.94888562}]}