{"txid":"5206387a93bc4274e253748acb54de1492ac1bb9b4bcf7ba1b04c4fa287b3860","block_height":null,"time":null,"vin":[{"txid":"5206387a93bc4274e253748acb54de1492ac1bb9b4bcf7ba1b04c4fa287b3860","vout":115,"amount":664.45531526,"coinbase":false}],"vout":[{"n":0,"addresses":["prl1p8v73jxag7wu6kprg6dkcvcchqxfst2g9yggkr3mf7jcptnjncaxqu2s344"],"amount":0.45431526},{"n":1,"addresses":["prl1zfygmsqer45pv9972u6wqjr7m4lp0jdagvtn8rt79yg2enzlwk6zsqyjyeh"],"amount":664}]}