{"txid":"0eb9a8ec56e7c7e3014e991b04e76d2bb77f74485a92d8ce899890949fdf6cb0","block_height":null,"time":null,"vin":[{"txid":"0eb9a8ec56e7c7e3014e991b04e76d2bb77f74485a92d8ce899890949fdf6cb0","vout":0,"amount":326.99999,"coinbase":false},{"txid":"555304797f0f9bbb18976ace46b7dcd2e1a62cd80836600311453441c18d930d","vout":1,"amount":0.99999422,"coinbase":false}],"vout":[{"n":0,"addresses":["prl1zatd30e3fqjk5wmedngz4st0z2fcxtm2js22gnyf8ajvvjpm3zjjqec9akk"],"amount":327},{"n":1,"addresses":["prl1p30fd8q53f6k6m87celwpcmmcp4kpl0ucz50wxsxymst9u53gayzqw8y8dh"],"amount":0.9999821}]}