{"txid":"222f83aec5f702760fe3bd71434ade6c7105526cafba54f5801c22abaa721bda","block_height":null,"time":null,"vin":[{"txid":"222f83aec5f702760fe3bd71434ade6c7105526cafba54f5801c22abaa721bda","vout":0,"amount":99.99999,"coinbase":false},{"txid":"8827681d1335cd7dd373236242a4264e866c32d0e53b207feed2625c98b80f1a","vout":44,"amount":12.09544041,"coinbase":false}],"vout":[{"n":0,"addresses":["prl1z4ek68cm2ef6eu9l3v6cemyexlpdvlzclzhp5srnjvhn547fpn27q7egnfe"],"amount":110},{"n":1,"addresses":["prl1psvn0aq6vhwjqkrjcjk78646kr602ae5p2pelxz0rq3du242s7nvqupawm0"],"amount":2.09542829}]}