{"txid":"21923559be0dbfa0d6a20f3e6a7a00ff3910220f42d0b14cdb13d82ec95abf3e","block_height":null,"time":null,"vin":[{"txid":"21923559be0dbfa0d6a20f3e6a7a00ff3910220f42d0b14cdb13d82ec95abf3e","vout":1,"amount":423.60176453,"coinbase":false},{"txid":"43c53c6caf26e512795b6551cc65fe0998f49302a005e1affd39b3c809c26623","vout":69,"amount":172.40287267,"coinbase":false}],"vout":[{"n":0,"addresses":["prl1zfas6m6462f5yfx9xsgryps3h7cfj63t7lumuxasv5xye0cfuw0qqgerxkq"],"amount":550},{"n":1,"addresses":["prl1pu2ydxxndjd65lgql3w9a4uzpnzpfzfwxw3lhuu6znvfn4nuupy3s9yk6e2"],"amount":46.00462578}]}