{"txid":"9052c1010d30f5acafb99c2cec5381ddf79e7cf6ac60042bb8703070593d1d24","block_height":null,"time":null,"vin":[{"txid":"9052c1010d30f5acafb99c2cec5381ddf79e7cf6ac60042bb8703070593d1d24","vout":1,"amount":1086.0385643,"coinbase":false},{"txid":"121b21706fa0eabfe89902547b36e413482372a27625f33694150283722e6287","vout":1,"amount":495.82779846,"coinbase":false}],"vout":[{"n":0,"addresses":["prl1zz8wg0q4tnnq5u6lqxfana5fl7ac4nyzkv0het48u4lw7kkvyfdjq3gj42c"],"amount":1250},{"n":1,"addresses":["prl1peeq0s7zufusjn3mutcpw9lct5vwpncavqg0khy98tc2jq3qm52hslvhmyr"],"amount":331.86636064}]}