{"txid":"ceb19cf27faa43d04512f32e4a4c96dbe0e9e9f5106f09abc59dd6ff8805dedb","block_height":null,"time":null,"vin":[{"txid":"ceb19cf27faa43d04512f32e4a4c96dbe0e9e9f5106f09abc59dd6ff8805dedb","vout":1,"amount":194.99998846,"coinbase":false},{"txid":"219ca2fa54b04b36f5249fac4e5c0fc1b63c18c9241897e3bcdd7cf526457996","vout":1,"amount":25.24431529,"coinbase":false}],"vout":[{"n":0,"addresses":["prl1z4weflw356xdg9n8hc03ckpkprnygmlnp987v29zm5zruvq7lvjdsjy66x2"],"amount":200},{"n":1,"addresses":["prl1pr97kcc64v0497acf99h3e5l2fwr6evncy3fqtfwfazrmxhf29twszh74ef"],"amount":20.24430163}]}