{"txid":"d5c22cb39eeefd129ce02ccb6a13258cb04ac8f46cf4d3e48cbf36ba1ca97eb7","block_height":null,"time":null,"vin":[{"txid":"d5c22cb39eeefd129ce02ccb6a13258cb04ac8f46cf4d3e48cbf36ba1ca97eb7","vout":0,"amount":790.70415318,"coinbase":false}],"vout":[{"n":0,"addresses":["prl1p9wfyr7p65gr2tw7njuy30q894lzykkhvag0dugfcu0h2ga8sk2tq44prrw"],"amount":690.70414483},{"n":1,"addresses":["prl1zawa784evtr9s926y4tzlqwsdkt4g6pfny7f7xajpu9t3act0wzjss2jpec"],"amount":100}]}