{"txid":"cf6f3ba25cbf53e40f71773cf76d0e05b6b84ae494b912b5c6a64f26e393c192","block_height":null,"time":null,"vin":[{"txid":"cf6f3ba25cbf53e40f71773cf76d0e05b6b84ae494b912b5c6a64f26e393c192","vout":0,"amount":4795.8104789,"coinbase":false},{"txid":"732d85b3609199f1757761cf8654950f38687ea5c0739fc96b2bfd6db234303b","vout":0,"amount":229.99999,"coinbase":false}],"vout":[{"n":0,"addresses":["prl1zlrchqj3y3v8q7knt22jx5cvs5g257309yreymdq8t8x77emwzmfs7wdgmq"],"amount":5000},{"n":1,"addresses":["prl1p3lthrt3n7yrrh7qdttq68aq5q76qn0alnmftqqw3hvxh450atm2q3w0pa6"],"amount":25.81046678}]}