{"txid":"7c10cb35de6fa0ca1896292f8947165774ce50aac047711de7310aae8eeb299f","block_height":null,"time":null,"vin":[{"txid":"7c10cb35de6fa0ca1896292f8947165774ce50aac047711de7310aae8eeb299f","vout":0,"amount":22999.99999989,"coinbase":false}],"vout":[{"n":0,"addresses":["prl1p5g3x45txnwydgkkgq0jkqd47c093qgal8usmkjt4zy0vda042kusk9lqgk"],"amount":22539.99999989},{"n":1,"addresses":["prl1ppf959pzmduxmxf2t7hnlhm4gyzfve4pzs3s840lzh0stvanfs8qskqlngq"],"amount":459.99999}]}