{"txid":"24b327bad7436cb5adc40901cedec6f0a4bb273cc8204970ef42d2f4831c8692","block_height":null,"time":null,"vin":[{"txid":"24b327bad7436cb5adc40901cedec6f0a4bb273cc8204970ef42d2f4831c8692","vout":0,"amount":15000,"coinbase":false},{"txid":"46c4c0c2a007c4d20527247ebe3551f77d2f9a846f0b5984f45c593e4541f123","vout":1,"amount":68.82657066,"coinbase":false}],"vout":[{"n":0,"addresses":["prl1zt47q2atyz88w69kggtpea72jpfg5eq9k78q8qlmvahl7eaml8zusc5nuz8"],"amount":15000},{"n":1,"addresses":["prl1p9227tkvlhul8aqd4xpcgk8y3303hllehs8akft9zuyjqklfp3z6qj0m75f"],"amount":68.82656854}]}