{"txid":"68a59daead07e522b338e836cd61d7f6278f3e7fff688ae920bde0b3c07bc13c","block_height":null,"time":null,"vin":[{"txid":"68a59daead07e522b338e836cd61d7f6278f3e7fff688ae920bde0b3c07bc13c","vout":0,"amount":196,"coinbase":false},{"txid":"7f6a999b1fbdce84aaa5ce4843aa66929f596c1b258dbc03acddeb7079d58f5c","vout":891,"amount":119.00369476,"coinbase":false}],"vout":[{"n":0,"addresses":["prl1z53ee95fkh0rsxtm4myy4kssqr68fmef8qdkj48pumarxpfa50rfqh6d7wj"],"amount":315},{"n":1,"addresses":["prl1pxl4wx7sxadu3r79msheg0qd8h63435wh8pk3ps872te4smv0nppqw8vcuq"],"amount":0.00369264}]}