{"txid":"09235d6a4a14837aef504692c5b27ca3ff9fad9471347354f3fe5f1cfe17df6e","block_height":null,"time":null,"vin":[{"txid":"09235d6a4a14837aef504692c5b27ca3ff9fad9471347354f3fe5f1cfe17df6e","vout":0,"amount":10000,"coinbase":false},{"txid":"09235d6a4a14837aef504692c5b27ca3ff9fad9471347354f3fe5f1cfe17df6e","vout":1,"amount":4999.99999164,"coinbase":false}],"vout":[{"n":0,"addresses":["prl1pmnf7cewqh8c2qdvkux4kfy9rxxdu5rqsdv4ltssnchdv2kzzpqpsl6xz8r"],"amount":4999.9999801},{"n":1,"addresses":["prl1zg7f3lz06phfg4kqcmx2pd8hpwld3yplse5mzcy40xuxc888ven6q0fw9zg"],"amount":10000}]}