{"txid":"5b5bea1ec8b03ecf207fa8b0aa52878d22063e23507a5a4d5c3287aad8c259e3","block_height":null,"time":null,"vin":[{"txid":"5b5bea1ec8b03ecf207fa8b0aa52878d22063e23507a5a4d5c3287aad8c259e3","vout":0,"amount":169.99999,"coinbase":false},{"txid":"d15d1e195184a8770dd05acac6b6b96211222101152e5c06c7417edc5c634f73","vout":0,"amount":3.07029035,"coinbase":false}],"vout":[{"n":0,"addresses":["prl1pvl2ye4ucn9c5qt2gm5rsrypg94pjyzs6sn2awsx7msywapeuuzmqlja0h7"],"amount":3.07025905},{"n":1,"addresses":["prl1z59wjagn9fnlur4tcyqc8nnvr9vxr5tvleu9krjv2yyuc0pvy78gqnwr3ps"],"amount":170}]}