{"txid":"528ac3a09099aaddb3e904d3a5cf5e2acd0cf87ebcf6225b840a6266f21cca9d","block_height":null,"time":null,"vin":[{"txid":"528ac3a09099aaddb3e904d3a5cf5e2acd0cf87ebcf6225b840a6266f21cca9d","vout":717,"amount":47.01925052,"coinbase":false},{"txid":"74661f9176f5f6b9785164ccc9f1a9a678323d555f546075a1bf5d9fe5d2a1dc","vout":265,"amount":45.60846728,"coinbase":false},{"txid":"ba69ff4625c9742ef2fedc7a2ebcc92c5ff8e0905fd637fc2517f2b3f5daa6b7","vout":282,"amount":44.62746651,"coinbase":false}],"vout":[{"n":0,"addresses":["prl1zm9lauclz0lztqs0hvwj8ncwuxgxcqau02y5jw6y37yywhzpzuk6smj9wf3"],"amount":100},{"n":1,"addresses":["prl1ph8vw393jz3ue9s3tugvr2382z5vrj0mazpjk9c4juz79vgacmg9sm3mh5a"],"amount":37.25448483}]}