{"txid":"6ad7a9182c0fee2a4eec27315692547d324c6243b01a7d8fb710e95850d5cb5c","block_height":null,"time":null,"vin":[{"txid":"6ad7a9182c0fee2a4eec27315692547d324c6243b01a7d8fb710e95850d5cb5c","vout":1,"amount":1111.09281949,"coinbase":false}],"vout":[{"n":0,"addresses":["prl1zdlg9khwnftq79luwuxkqwhas4pgqrew7m9cu54n0lx08s9kpmhrsjuw6cu"],"amount":0.1092},{"n":1,"addresses":["prl1pza4xkj2r85hkpwwak8l05v84q3mrqnmldquu30yhhl04tptqt58szjdsx6"],"amount":1110.98361795}]}