{"txid":"124596244805da062619d9e5b31b826def153a642f27e29c4ac60347bf241116","block_height":null,"time":null,"vin":[{"txid":"124596244805da062619d9e5b31b826def153a642f27e29c4ac60347bf241116","vout":0,"amount":4245,"coinbase":false},{"txid":"2bf8ce662005d43c0149a5d30f47d3565c7014e8b5192dceb5e2ff719b10d9ad","vout":1,"amount":790.30895833,"coinbase":false}],"vout":[{"n":0,"addresses":["prl1zursa6uz7wc3gvak6fl02gu7xsryt0c0e4hfxlpmmqxncm7ke9t0qu2ch0e"],"amount":5035},{"n":1,"addresses":["prl1pqaqajcnlx2pqye6t0p76zduhc9qd5mc8nryjl304jtwgxvyqy2ssmcdag8"],"amount":0.30895621}]}