{"txid":"21f7186a2e07745f613d265eed226de22c78027abcf9500d68e215466b70ee8d","block_height":null,"time":null,"vin":[{"txid":"21f7186a2e07745f613d265eed226de22c78027abcf9500d68e215466b70ee8d","vout":300,"amount":473.29152016,"coinbase":false},{"txid":"3277415ecef51aca4061b65a09494d4bbb208c216e69569f6a50c30815a138d7","vout":1,"amount":0.7991182,"coinbase":false}],"vout":[{"n":0,"addresses":["prl1zag9ywday6fwrn82a9t9kawaxa37cayhnmua57ctrkzywygufxd9ssnfdq5"],"amount":474},{"n":1,"addresses":["prl1phmyae4hke97qtznu5nwu7952q4fgl0sxm6cv4jfkngejp8rmr2wsuk5ah7"],"amount":0.09063624}]}