{"txid":"a34fbbf9caf007d496d38cdae92d216e720d8ab057e3e84291f032d5eaefda17","block_height":null,"time":null,"vin":[{"txid":"a34fbbf9caf007d496d38cdae92d216e720d8ab057e3e84291f032d5eaefda17","vout":706,"amount":66.63779958,"coinbase":false},{"txid":"a727559a1348c8eae398561acd1391b31e144eda6ba10b44b1705663e4bce6b2","vout":605,"amount":63.19028462,"coinbase":false}],"vout":[{"n":0,"addresses":["prl1z8cluyunehxcra09d4x4w0pk4mcpeqst9pgv0setfye4vaaypxg2s5ds5e7"],"amount":129},{"n":1,"addresses":["prl1pe6t6ndkchkkpx5v04fdlw2qpkwztrptnlqtmac5f7l6jqs220q6spdcth6"],"amount":0.82808208}]}