{"txid":"31fa5ce7b237443beea2e31565ec2d74556f4cc9828d4c5ad7e8f149c1062912","block_height":null,"time":null,"vin":[{"txid":"31fa5ce7b237443beea2e31565ec2d74556f4cc9828d4c5ad7e8f149c1062912","vout":0,"amount":214.63112208,"coinbase":false},{"txid":"8d6bae2098527182d0820b38f894115f133346fb3aecaa3e35bd340ab4363496","vout":0,"amount":149.99999,"coinbase":false},{"txid":"a0ba1a4b4b7f17dbc492236e83003b02408dec98d47ed3c666dc6e6572840bed","vout":0,"amount":46.87853157,"coinbase":false}],"vout":[{"n":0,"addresses":["prl1zjeqnunn52dn6jfmtl6dp3dgn7fqzw5jltyg2ltvjt423fdss7gmqrq6ww9"],"amount":410},{"n":1,"addresses":["prl1p9hwqvmag4phez0w8fxx906wn9emcrgrlwvnev3j6pgkkdkgxu3ns6sqgaz"],"amount":1.50964095}]}