{"txid":"2d4242ab21319dac42b4c08c41da0355170df3a16fe33582965388db243075d2","block_height":null,"time":null,"vin":[{"txid":"2d4242ab21319dac42b4c08c41da0355170df3a16fe33582965388db243075d2","vout":422,"amount":128.69412218,"coinbase":false}],"vout":[{"n":0,"addresses":["prl1zfa4sdd4yxac080k0dv56v2gcm3fjyh0vg8d4gmf75f8gk3fg2eus70377n"],"amount":128},{"n":1,"addresses":["prl1panffscqms2kmsk7td32v0d0atxct2n2jnygkp79kce0fj7ytxfnsqzftmc"],"amount":0.69412064}]}