{"txid":"1609b94f56b3b737246646c18b1d7d54d214b8bc16f32344d1f068d1e1458055","block_height":null,"time":null,"vin":[{"txid":"1609b94f56b3b737246646c18b1d7d54d214b8bc16f32344d1f068d1e1458055","vout":248,"amount":133.83948785,"coinbase":false}],"vout":[{"n":0,"addresses":["prl1znhr9fmcxaxr54rrulevvwnas43qkxdfpdrk9jz0k9ugwa5xp7yhqjh9m84"],"amount":133},{"n":1,"addresses":["prl1pe6t6ndkchkkpx5v04fdlw2qpkwztrptnlqtmac5f7l6jqs220q6spdcth6"],"amount":0.83948631}]}