{"txid":"6e9e53665fbd748b18c8588994843982455fb1d9a057c544ccc4ef47acffaf58","block_height":null,"time":null,"vin":[{"txid":"6e9e53665fbd748b18c8588994843982455fb1d9a057c544ccc4ef47acffaf58","vout":0,"amount":4123.7762758,"coinbase":false},{"txid":"623fbec876529e8faa285afb764f676ece10ecf8b0dfdae7c8833b7c19feaf4a","vout":1,"amount":4067.22269336,"coinbase":false},{"txid":"ab4eb4381b666de68d7c28a75fb568e6918f6adb18e35b332de859a128835344","vout":1,"amount":4007.9998781,"coinbase":false}],"vout":[{"n":0,"addresses":["prl1zsxzpkcyz0nkx4ace5stmf2qmttdetqwwp28vuptrlghathuqcpcq2wegvq"],"amount":10000},{"n":1,"addresses":["prl1pgz7xkmw396pcnw43ptt4sg35gkv5ax789whywt6ja7mqz494hrmq2q3fk9"],"amount":2198.99884456}]}