{"txid":"86f50bfde63673e2107ca8ecbcb9dd1f67dd39e8b48700dc9ba01c79116c06e3","block_height":null,"time":null,"vin":[{"txid":"86f50bfde63673e2107ca8ecbcb9dd1f67dd39e8b48700dc9ba01c79116c06e3","vout":1,"amount":706.5,"coinbase":false},{"txid":"4d588a4d8cd3aca39a3138b7a6cbd5883d1cfd39aff18ab175d6f64ab98ed001","vout":917,"amount":73.33858583,"coinbase":false}],"vout":[{"n":0,"addresses":["prl1zdvj6l0tqawfd8xp2m5my0w4nllzenh4j602q8xgxmlxht2un9cdqepwgny"],"amount":706.5},{"n":1,"addresses":["prl1pxkxrcjvx2v4jcxee53fxaevhkxn4vunaa5qhjdjhaz0dj4kesg3qq5cjcv"],"amount":73.33856453}]}