{"txid":"b5efd144907fad291b2da82c05b28eeeaa615fbcde3fd04b001f9538eb4149c2","block_height":null,"time":null,"vin":[{"txid":"b5efd144907fad291b2da82c05b28eeeaa615fbcde3fd04b001f9538eb4149c2","vout":0,"amount":105.57088611,"coinbase":false}],"vout":[{"n":0,"addresses":["prl1z86k22upjn3vy0xwh5h7qm9s66jtc8xd22mxk47y8w80tju5az52sdsjdut"],"amount":105},{"n":1,"addresses":["prl1pq2pscsal60vls3gwzdanhjgwsc2h8g4gvp7mg55uyp8yv903eemsuqg3kg"],"amount":0.57088457}]}