{"txid":"286f4dbc85fb823344e3c5ca97ae7e7eb0afc8e7ddb4ce1e58a00abd2c76b23f","block_height":null,"time":null,"vin":[{"txid":"286f4dbc85fb823344e3c5ca97ae7e7eb0afc8e7ddb4ce1e58a00abd2c76b23f","vout":46,"amount":1019.8683478,"coinbase":false},{"txid":"62fa8cb5adc75f3a6ad1e51df153d61008d333a89546b4a3f8fa99b5e090d573","vout":14,"amount":131.74490957,"coinbase":false}],"vout":[{"n":0,"addresses":["prl1z788pnv0myat3kfnrrdq9yq0s9kd88ss5m7xm6rpf35utrrspvkyqvzltsw"],"amount":1100},{"n":1,"addresses":["prl1p2zu56gqek8ws9k9y40x7vvpj43x7anjysjfr4vd000jfjkufdqash09tu2"],"amount":51.61325525}]}