{"txid":"2d4242ab21319dac42b4c08c41da0355170df3a16fe33582965388db243075d2","block_height":null,"time":null,"vin":[{"txid":"2d4242ab21319dac42b4c08c41da0355170df3a16fe33582965388db243075d2","vout":82,"amount":151.84479571,"coinbase":false},{"txid":"d5422be36f4d354e5667e7ff088a6e7271b08398753685bf763d904aae3f9876","vout":1,"amount":95.99999788,"coinbase":false}],"vout":[{"n":0,"addresses":["prl1z9ya2kpkyhuts9wfudjax875qdp8uw4hu2l9ahky7xx88fwad94ns90ld79"],"amount":200},{"n":1,"addresses":["prl1p2p0lp0xhvg5y8cuqyuck9udzykv3cxkffn0n0ahzuuf0dapr9vzsmyueqx"],"amount":47.84479147}]}