{"txid":"362661f72256e4fce8b4c7b34256ec55ac60c9580f5779a419693ead9f302c28","block_height":null,"time":null,"vin":[{"txid":"362661f72256e4fce8b4c7b34256ec55ac60c9580f5779a419693ead9f302c28","vout":1,"amount":2338.99998248,"coinbase":false}],"vout":[{"n":0,"addresses":["prl1z7t6f8fhfecgcs5h4nwepqahuuj56sc0ngzlgwdtnq5dtf6l0xjusay4ksm"],"amount":300},{"n":1,"addresses":["prl1p209gdfdx4vl4y229jsqgx7rrncxpjpt2dgczqm7s8etpy0v60adqq05623"],"amount":2038.99998094}]}