{"txid":"32a1a695ff8748effc87720247b725e5b8ae63f24ba3edd8bd4e9eeb6c2611c1","block_height":null,"time":null,"vin":[{"txid":"32a1a695ff8748effc87720247b725e5b8ae63f24ba3edd8bd4e9eeb6c2611c1","vout":1,"amount":2028.71011357,"coinbase":false}],"vout":[{"n":0,"addresses":["prl1zj6zt2rtry8jafrd55va5hulh5x7ns4ncyexa699hupvmensc6f4suqskvv"],"amount":1028},{"n":1,"addresses":["prl1p47rm07xafyztc7dz0pcs0pur3psdfqgfsawrpk646d4gasy0w2mst6rxak"],"amount":1000.71011203}]}