{"txid":"43c53c6caf26e512795b6551cc65fe0998f49302a005e1affd39b3c809c26623","block_height":null,"time":null,"vin":[{"txid":"43c53c6caf26e512795b6551cc65fe0998f49302a005e1affd39b3c809c26623","vout":175,"amount":265.94992148,"coinbase":false}],"vout":[{"n":0,"addresses":["prl1z6j8h4fqj7y9khw2e7l4w6jpf7ddt2lgkcps2hlg3wtqgd84xyj4q2maf80"],"amount":100},{"n":1,"addresses":["prl1pt94tt9qj76gq9w6jxrg9jzdla2g5jxy03702h2v6zsy24h4nl5lset45w2"],"amount":165.94991328}]}