{"generated_at":"2026-06-07T04:58:06Z","cex":{"source":"SafeTrade","pair":"PRL/USDT","last":0.62,"bid":0.63,"ask":0.62,"high":0.76,"low":0.57,"vol_24h_prl":792006.57,"change_pct":"-17.33%"},"cex_daily":[[1779494400,0.5,0.7,0.3,0.44,140132.3325],[1779580800,0.44,0.49,0.4,0.43,243598.3859],[1779667200,0.43,0.53,0.42,0.51,410421.6458],[1779753600,0.51,0.73,0.51,0.67,678249.7074],[1779840000,0.67,1.03,0.64,1.02,801949.4137],[1779926400,1.02,1.45,0.94,1.35,1241427.0784],[1780012800,1.38,1.7,1.26,1.44,1231200.3144],[1780099200,1.44,1.45,0.69,0.75,1248269.8035],[1780185600,0.74,0.91,0.61,0.81,1277853.2152],[1780272000,0.81,0.88,0.73,0.84,1098921.0187],[1780358400,0.84,0.86,0.68,0.72,1203068.9375],[1780444800,0.72,0.81,0.7,0.79,1327914.0565],[1780531200,0.79,0.81,0.74,0.79,1016940.0139],[1780617600,0.79,0.8,0.74,0.77,929906.49669999],[1780704000,0.77,0.78,0.57,0.6,1200272.29599999],[1780790400,0.6,0.64,0.6,0.62,154684.2228]],"otc_recent_price":0.6232,"spread_pct":0.52}