{"generated_at":"2026-07-08T00:19:33Z","cex":{"source":"SafeTrade","pair":"PRL/USDT","last":0.48,"bid":0.49,"ask":0.48,"high":0.49,"low":0.45,"vol_24h_prl":519753.760724,"change_pct":"+4.35%"},"cex_daily":[[1779494400,0.5,0.7,0.3,0.44,140132.3325],[1779580800,0.44,0.49,0.4,0.43,243598.3859],[1779667200,0.43,0.53,0.42,0.51,410421.6458],[1779753600,0.51,0.73,0.51,0.67,678249.7074],[1779840000,0.67,1.03,0.64,1.02,801949.4137],[1779926400,1.02,1.45,0.94,1.35,1241427.0784],[1780012800,1.38,1.7,1.26,1.44,1231200.3144],[1780099200,1.44,1.45,0.69,0.75,1248269.8035],[1780185600,0.74,0.91,0.61,0.81,1277853.2152],[1780272000,0.81,0.88,0.73,0.84,1098921.0187],[1780358400,0.84,0.86,0.68,0.72,1203068.9375],[1780444800,0.72,0.81,0.7,0.79,1327914.0565],[1780531200,0.79,0.81,0.74,0.79,1016940.0139],[1780617600,0.79,0.8,0.74,0.77,929906.49669999],[1780704000,0.77,0.78,0.57,0.6,1200272.29599999],[1780790400,0.6,0.65,0.58,0.6,865547.5861],[1780876800,0.6,0.65,0.49,0.56,1566581.62380001],[1780963200,0.56,0.58,0.51,0.56,1256834.9925],[1781049600,0.56,0.57,0.49,0.52,1463989.82989989],[1781136000,0.52,0.55,0.5,0.52,1061581.41149998],[1781222400,0.52,0.53,0.48,0.49,1256074.7968],[1781308800,0.49,0.5,0.37,0.39,1435338.21730001],[1781395200,0.39,0.43,0.37,0.41,1119277.02399998],[1781481600,0.41,0.48,0.39,0.42,1054493.85230001],[1781568000,0.42,0.6,0.42,0.54,1325074.89450001],[1781654400,0.54,0.78,0.53,0.64,1726081.33419999],[1781740800,0.64,0.73,0.61,0.63,1156218.53960001],[1781827200,0.63,0.67,0.61,0.65,1047944.12759999],[1781913600,0.65,0.66,0.56,0.6,985810.281],[1782000000,0.6,0.61,0.56,0.57,903697.9638],[1782086400,0.57,0.65,0.54,0.61,1171049.1419],[1782172800,0.61,0.7,0.61,0.66,1261631.5641],[1782259200,0.66,0.76,0.65,0.66,1350535.6685],[1782345600,0.66,0.71,0.58,0.68,1411243.34609999],[1782432000,0.68,0.71,0.58,0.61,1167454.667],[1782518400,0.61,0.65,0.56,0.58,849144.8949],[1782604800,0.58,0.6,0.53,0.56,991326.2467],[1782691200,0.56,0.62,0.55,0.56,1074205.2187],[1782777600,0.56,0.56,0.45,0.51,1499552.98280001],[1782864000,0.51,0.52,0.41,0.43,1697711.6119],[1782950400,0.43,0.52,0.4,0.42,1311451.865],[1783036800,0.42,0.46,0.39,0.41,1284792.0991],[1783123200,0.41,0.45,0.38,0.38,1095037.9999],[1783209600,0.4,0.44,0.36,0.43,1525032.9476],[1783296000,0.43,0.5,0.42,0.47,1514288.4359],[1783382400,0.47,0.49,0.45,0.48,1105082.4085],[1783468800,0.48,0.48,0.48,0.48,3564.9279]],"otc_recent_price":0.43,"spread_pct":-10.42}