{"generated_at":"2026-06-23T00:24:03Z","cex":{"source":"SafeTrade","pair":"PRL/USDT","last":0.61,"bid":0.62,"ask":0.61,"high":0.65,"low":0.54,"vol_24h_prl":705519.5,"change_pct":"+7.02%"},"cex_daily":[[1779494400,0.5,0.7,0.3,0.44,140132.3325],[1779580800,0.44,0.49,0.4,0.43,243598.3859],[1779667200,0.43,0.53,0.42,0.51,410421.6458],[1779753600,0.51,0.73,0.51,0.67,678249.7074],[1779840000,0.67,1.03,0.64,1.02,801949.4137],[1779926400,1.02,1.45,0.94,1.35,1241427.0784],[1780012800,1.38,1.7,1.26,1.44,1231200.3144],[1780099200,1.44,1.45,0.69,0.75,1248269.8035],[1780185600,0.74,0.91,0.61,0.81,1277853.2152],[1780272000,0.81,0.88,0.73,0.84,1098921.0187],[1780358400,0.84,0.86,0.68,0.72,1203068.9375],[1780444800,0.72,0.81,0.7,0.79,1327914.0565],[1780531200,0.79,0.81,0.74,0.79,1016940.0139],[1780617600,0.79,0.8,0.74,0.77,929906.49669999],[1780704000,0.77,0.78,0.57,0.6,1200272.29599999],[1780790400,0.6,0.65,0.58,0.6,865547.5861],[1780876800,0.6,0.65,0.49,0.56,1566581.62380001],[1780963200,0.56,0.58,0.51,0.56,1256834.9925],[1781049600,0.56,0.57,0.49,0.52,1463989.82989989],[1781136000,0.52,0.55,0.5,0.52,1061581.41149998],[1781222400,0.52,0.53,0.48,0.49,1256074.7968],[1781308800,0.49,0.5,0.37,0.39,1435338.21730001],[1781395200,0.39,0.43,0.37,0.41,1119277.02399998],[1781481600,0.41,0.48,0.39,0.42,1054493.85230001],[1781568000,0.42,0.6,0.42,0.54,1325074.89450001],[1781654400,0.54,0.78,0.53,0.64,1726081.33419999],[1781740800,0.64,0.73,0.61,0.63,1156218.53960001],[1781827200,0.63,0.67,0.61,0.65,1047944.12759999],[1781913600,0.65,0.66,0.56,0.6,985810.281],[1782000000,0.6,0.61,0.56,0.57,903697.9638],[1782086400,0.57,0.65,0.54,0.61,1171049.1419],[1782172800,0.61,0.62,0.61,0.61,29754.3787]],"otc_recent_price":0.6016,"spread_pct":-1.38}