{"generated_at":"2026-05-21T10:02:13Z","trades":1615,"unique_addresses":1821,"resolution":{"pearl_resolved":1463,"evm_resolved":1422,"both_sides":1457,"fully_traced":1422},"elapsed_s":15.8,"otc_stats":{"total_users":2880,"total_offers_active":160,"total_trades_completed":1457,"total_volume_prl":6084899.6099999,"volume_24h_prl":537961.2,"trades_24h":226,"total_volume_usdc":"3096057.52993361","unique_traders":611,"avg_settlement_seconds":3099},"public_stats":{"window_days":30,"trades_completed":1460,"trades_refunded":2114,"volume_prl":"6085206.78999990","volume_usdc":"3096060.09993361","avg_seller_to_usdc_s":1735.5870012719174,"p95_seller_to_usdc_s":3102.756062,"avg_usdc_to_release_s":579.0103217116425,"p95_usdc_to_release_s":894.698384,"suspicious_releases":0},"health":{"status":"ok","pearld_height":57513,"oyster_balance":"25398.22368713"},"active_offers":159}