{"generated_at":"2026-05-21T16:49:43Z","trades":1693,"unique_addresses":1957,"resolution":{"pearl_resolved":1614,"evm_resolved":1552,"both_sides":1593,"fully_traced":1552},"elapsed_s":19.9,"otc_stats":{"total_users":2961,"total_offers_active":165,"total_trades_completed":1593,"total_volume_prl":6514187.6099999,"volume_24h_prl":751998.2,"trades_24h":276,"total_volume_usdc":"3349345.93411911","unique_traders":655,"avg_settlement_seconds":2972},"public_stats":{"window_days":30,"trades_completed":1596,"trades_refunded":2318,"volume_prl":"6514494.78999990","volume_usdc":"3349348.50411911","avg_seller_to_usdc_s":1619.540801934212,"p95_seller_to_usdc_s":2891.873957,"avg_usdc_to_release_s":566.2224092174174,"p95_usdc_to_release_s":878.223931,"suspicious_releases":0},"health":{"status":"ok","pearld_height":57729,"oyster_balance":"25398.22368713"},"active_offers":164}