{"generated_at":"2026-05-21T00:18:16Z","trades":1541,"unique_addresses":1754,"resolution":{"pearl_resolved":1389,"evm_resolved":1350,"both_sides":1382,"fully_traced":1350},"elapsed_s":11.1,"otc_stats":{"total_users":2792,"total_offers_active":128,"total_trades_completed":1382,"total_volume_prl":5960093.6099999,"volume_24h_prl":587443.66,"trades_24h":232,"total_volume_usdc":"3026992.84653361","unique_traders":595,"avg_settlement_seconds":3191},"public_stats":{"window_days":30,"trades_completed":1385,"trades_refunded":1827,"volume_prl":"5960400.78999990","volume_usdc":"3026995.41653361","avg_seller_to_usdc_s":1816.2467650014444,"p95_seller_to_usdc_s":3232.963214,"avg_usdc_to_release_s":583.6645879054136,"p95_usdc_to_release_s":876.372466,"suspicious_releases":0},"health":{"status":"ok","pearld_height":57215,"oyster_balance":"25398.22368713"},"active_offers":127}