{"generated_at":"2026-05-21T23:16:38Z","trades":1804,"unique_addresses":2058,"resolution":{"pearl_resolved":1723,"evm_resolved":1630,"both_sides":1687,"fully_traced":1630},"elapsed_s":11.6,"otc_stats":{"total_users":3031,"total_offers_active":164,"total_trades_completed":1687,"total_volume_prl":6836307.6099999,"volume_24h_prl":893491.0,"trades_24h":316,"total_volume_usdc":"3540272.24045894","unique_traders":681,"avg_settlement_seconds":2895},"public_stats":{"window_days":30,"trades_completed":1690,"trades_refunded":2441,"volume_prl":"6836614.78999990","volume_usdc":"3540274.81045894","avg_seller_to_usdc_s":1545.938644590292,"p95_seller_to_usdc_s":2822.940402,"avg_usdc_to_release_s":557.2883891906446,"p95_usdc_to_release_s":875.375639,"suspicious_releases":1},"health":{"status":"ok","pearld_height":57970,"oyster_balance":"25398.22368713"},"active_offers":163}