{"generated_at":"2026-05-20T15:55:53Z","trades":1434,"unique_addresses":1668,"resolution":{"pearl_resolved":1317,"evm_resolved":1276,"both_sides":1305,"fully_traced":1276},"elapsed_s":17.6,"otc_stats":{"total_users":2748,"total_offers_active":145,"total_trades_completed":1305,"total_volume_prl":5712166.4099999,"volume_24h_prl":1087760.46,"trades_24h":246,"total_volume_usdc":"2917666.87782856","unique_traders":572,"avg_settlement_seconds":2872},"public_stats":{"window_days":30,"trades_completed":1308,"trades_refunded":1539,"volume_prl":"5712473.58999990","volume_usdc":"2917669.44782856","avg_seller_to_usdc_s":1489.8021558050455,"p95_seller_to_usdc_s":3439.355722,"avg_usdc_to_release_s":591.0555718983167,"p95_usdc_to_release_s":876.372466,"suspicious_releases":0},"health":{"status":"ok","pearld_height":56951,"oyster_balance":"25398.22368713"},"active_offers":144}