{"generated_at":"2026-05-30T07:22:02Z","trades":3774,"unique_addresses":3656,"resolution":{"pearl_resolved":3692,"evm_resolved":3523,"both_sides":3633,"fully_traced":3523},"elapsed_s":15.4,"otc_stats":{"total_users":5498,"total_offers_active":144,"total_trades_completed":3633,"total_volume_prl":13956025.2257999,"volume_24h_prl":605149.8408,"trades_24h":224,"total_volume_usdc":"8696668.53075362","unique_traders":1159,"avg_settlement_seconds":2245},"public_stats":{"window_days":30,"trades_completed":3636,"trades_refunded":5913,"volume_prl":"13956332.40579990","volume_usdc":"8696671.10075362","avg_seller_to_usdc_s":1005.0374703243484,"p95_seller_to_usdc_s":1687.166272,"avg_usdc_to_release_s":535.9987440258601,"p95_usdc_to_release_s":907.621226,"suspicious_releases":1},"health":{"status":"ok","pearld_height":64115,"oyster_balance":"0.00009845"},"active_offers":141,"named_addresses":362}