{"generated_at":"2026-05-21T05:19:52Z","trades":1590,"unique_addresses":1791,"resolution":{"pearl_resolved":1432,"evm_resolved":1396,"both_sides":1429,"fully_traced":1396},"elapsed_s":12.6,"otc_stats":{"total_users":2843,"total_offers_active":153,"total_trades_completed":1429,"total_volume_prl":6052231.6099999,"volume_24h_prl":557140.3,"trades_24h":246,"total_volume_usdc":"3077254.00593361","unique_traders":603,"avg_settlement_seconds":3127},"public_stats":{"window_days":30,"trades_completed":1432,"trades_refunded":2008,"volume_prl":"6052538.78999990","volume_usdc":"3077256.57593361","avg_seller_to_usdc_s":1763.6876059741617,"p95_seller_to_usdc_s":3106.73164,"avg_usdc_to_release_s":579.1448537828197,"p95_usdc_to_release_s":876.63876,"suspicious_releases":0},"health":{"status":"ok","pearld_height":57376,"oyster_balance":"25398.22368713"},"active_offers":152}