{"generated_at":"2026-05-22T23:19:10Z","trades":2082,"unique_addresses":2337,"resolution":{"pearl_resolved":2025,"evm_resolved":1919,"both_sides":1986,"fully_traced":1919},"elapsed_s":9.9,"otc_stats":{"total_users":3305,"total_offers_active":197,"total_trades_completed":1986,"total_volume_prl":8153274.6799999,"volume_24h_prl":1316967.07,"trades_24h":299,"total_volume_usdc":"4305147.12179999","unique_traders":756,"avg_settlement_seconds":2741},"public_stats":{"window_days":30,"trades_completed":1989,"trades_refunded":2781,"volume_prl":"8153581.85999990","volume_usdc":"4305149.69179999","avg_seller_to_usdc_s":1379.8514429869224,"p95_seller_to_usdc_s":2573.114215,"avg_usdc_to_release_s":565.8134320130774,"p95_usdc_to_release_s":908.240376,"suspicious_releases":1},"health":{"status":"ok","pearld_height":58666,"oyster_balance":"25398.22368713"},"active_offers":196,"named_addresses":109}