{"generated_at":"2026-05-22T08:32:35Z","trades":1954,"unique_addresses":2181,"resolution":{"pearl_resolved":1866,"evm_resolved":1769,"both_sides":1829,"fully_traced":1769},"elapsed_s":11.4,"otc_stats":{"total_users":3135,"total_offers_active":166,"total_trades_completed":1829,"total_volume_prl":7294407.6799999,"volume_24h_prl":1228398.07,"trades_24h":387,"total_volume_usdc":"3805720.92349759","unique_traders":717,"avg_settlement_seconds":2783},"public_stats":{"window_days":30,"trades_completed":1832,"trades_refunded":2638,"volume_prl":"7294714.85999990","volume_usdc":"3805723.49349759","avg_seller_to_usdc_s":1438.9554064210836,"p95_seller_to_usdc_s":2451.458704,"avg_usdc_to_release_s":550.8086916602944,"p95_usdc_to_release_s":873.965381,"suspicious_releases":1},"health":{"status":"ok","pearld_height":58251,"oyster_balance":"25398.22368713"},"active_offers":165}