{"generated_at":"2026-05-22T16:50:41Z","trades":1996,"unique_addresses":2250,"resolution":{"pearl_resolved":1929,"evm_resolved":1825,"both_sides":1890,"fully_traced":1825},"elapsed_s":207.7,"otc_stats":{"total_users":3252,"total_offers_active":213,"total_trades_completed":1892,"total_volume_prl":7689035.6799999,"volume_24h_prl":1174848.07,"trades_24h":299,"total_volume_usdc":"4035606.84572399","unique_traders":737,"avg_settlement_seconds":2776},"public_stats":{"window_days":30,"trades_completed":1895,"trades_refunded":2688,"volume_prl":"7689342.85999990","volume_usdc":"4035609.41572399","avg_seller_to_usdc_s":1419.145653684796,"p95_seller_to_usdc_s":2411.118835,"avg_usdc_to_release_s":561.8060178574439,"p95_usdc_to_release_s":878.223931,"suspicious_releases":1},"health":{"status":"ok","pearld_height":58508,"oyster_balance":"25398.22368713"},"active_offers":200,"named_addresses":89}