{"generated_at":"2026-05-22T07:24:35Z","trades":1939,"unique_addresses":2167,"resolution":{"pearl_resolved":1851,"evm_resolved":1755,"both_sides":1815,"fully_traced":1755},"elapsed_s":12.9,"otc_stats":{"total_users":3120,"total_offers_active":167,"total_trades_completed":1815,"total_volume_prl":7166895.0799999,"volume_24h_prl":1108401.47,"trades_24h":377,"total_volume_usdc":"3730429.31849759","unique_traders":714,"avg_settlement_seconds":2794},"public_stats":{"window_days":30,"trades_completed":1818,"trades_refunded":2620,"volume_prl":"7167202.25999990","volume_usdc":"3730431.88849759","avg_seller_to_usdc_s":1448.0973495839319,"p95_seller_to_usdc_s":2533.886026,"avg_usdc_to_release_s":552.04184758558,"p95_usdc_to_release_s":874.125165,"suspicious_releases":1},"health":{"status":"ok","pearld_height":58213,"oyster_balance":"25398.22368713"},"active_offers":166}