{"generated_at":"2026-05-20T18:31:36Z","trades":1466,"unique_addresses":1698,"resolution":{"pearl_resolved":1336,"evm_resolved":1302,"both_sides":1331,"fully_traced":1302},"elapsed_s":11.5,"otc_stats":{"total_users":2765,"total_offers_active":132,"total_trades_completed":1331,"total_volume_prl":5801856.4099999,"volume_24h_prl":932302.46,"trades_24h":243,"total_volume_usdc":"2956075.38583361","unique_traders":580,"avg_settlement_seconds":2843},"public_stats":{"window_days":30,"trades_completed":1334,"trades_refunded":1621,"volume_prl":"5802163.58999990","volume_usdc":"2956077.95583361","avg_seller_to_usdc_s":1465.208842255622,"p95_seller_to_usdc_s":3232.963214,"avg_usdc_to_release_s":587.557696799099,"p95_usdc_to_release_s":874.284214,"suspicious_releases":0},"health":{"status":"ok","pearld_height":57040,"oyster_balance":"25398.22368713"},"active_offers":131}