{"generated_at":"2026-05-19T21:45:02Z","trades":1195,"unique_addresses":1481,"resolution":{"deposit":1142,"release":1117,"refund":26,"evm":1101,"both_sides":1117},"elapsed_s":8.1,"otc_stats":{"total_users":2636,"total_offers_active":139,"total_trades_completed":1117,"total_volume_prl":5290406.9499999,"volume_24h_prl":1169407.13000002,"trades_24h":205,"total_volume_usdc":"2760388.60964534","unique_traders":515,"avg_settlement_seconds":2699},"public_stats":{"window_days":30,"trades_completed":1120,"trades_refunded":1267,"volume_prl":"5290714.12999990","volume_usdc":"2760391.17964534","avg_seller_to_usdc_s":1311.2305679830345,"p95_seller_to_usdc_s":3005.991303,"avg_usdc_to_release_s":595.6500814928562,"p95_usdc_to_release_s":862.526151,"suspicious_releases":0},"health":{"status":"ok","pearld_height":56457,"oyster_balance":"25398.22368713"},"active_offers":138}