{"generated_at":"2026-05-30T15:35:58Z","trades":3827,"unique_addresses":3673,"resolution":{"pearl_resolved":3732,"evm_resolved":3564,"both_sides":3675,"fully_traced":3564},"elapsed_s":11.6,"otc_stats":{"total_users":5653,"total_offers_active":158,"total_trades_completed":3675,"total_volume_prl":14016972.9057999,"volume_24h_prl":484680.7208,"trades_24h":163,"total_volume_usdc":"8759238.04659197","unique_traders":1166,"avg_settlement_seconds":2236},"public_stats":{"window_days":30,"trades_completed":3678,"trades_refunded":6058,"volume_prl":"14017280.08579990","volume_usdc":"8759240.61659197","avg_seller_to_usdc_s":998.3284730503146,"p95_seller_to_usdc_s":1665.831716,"avg_usdc_to_release_s":535.3440010682625,"p95_usdc_to_release_s":907.132924,"suspicious_releases":1},"health":{"status":"ok","pearld_height":64383,"oyster_balance":"0.00009845"},"active_offers":155,"named_addresses":378}