{"generated_at":"2026-05-27T17:12:43Z","trades":3197,"unique_addresses":3231,"resolution":{"pearl_resolved":3090,"evm_resolved":2982,"both_sides":3080,"fully_traced":2982},"elapsed_s":13.5,"otc_stats":{"total_users":4335,"total_offers_active":108,"total_trades_completed":3080,"total_volume_prl":12430907.0249999,"volume_24h_prl":912259.894,"trades_24h":212,"total_volume_usdc":"6643978.82482294","unique_traders":1017,"avg_settlement_seconds":2374},"public_stats":{"window_days":30,"trades_completed":3083,"trades_refunded":4553,"volume_prl":"12431214.20499990","volume_usdc":"6643981.39482294","avg_seller_to_usdc_s":1049.4000531664517,"p95_seller_to_usdc_s":1815.684789,"avg_usdc_to_release_s":540.6853590386113,"p95_usdc_to_release_s":912.134087,"suspicious_releases":1},"health":{"status":"ok","pearld_height":62174,"oyster_balance":"0.00009845"},"active_offers":107,"named_addresses":262}