{"generated_at":"2026-05-27T16:37:14Z","trades":3191,"unique_addresses":3231,"resolution":{"pearl_resolved":3088,"evm_resolved":2979,"both_sides":3077,"fully_traced":2979},"elapsed_s":23.0,"otc_stats":{"total_users":4329,"total_offers_active":121,"total_trades_completed":3077,"total_volume_prl":12390307.0249999,"volume_24h_prl":938935.894,"trades_24h":220,"total_volume_usdc":"6607499.32482294","unique_traders":1017,"avg_settlement_seconds":2375},"public_stats":{"window_days":30,"trades_completed":3080,"trades_refunded":4537,"volume_prl":"12390614.20499990","volume_usdc":"6607501.89482294","avg_seller_to_usdc_s":1050.2431971075039,"p95_seller_to_usdc_s":1815.684789,"avg_usdc_to_release_s":540.7203002195517,"p95_usdc_to_release_s":912.134087,"suspicious_releases":1},"health":{"status":"ok","pearld_height":62159,"oyster_balance":"0.00009845"},"active_offers":118,"named_addresses":262}