{"generated_at":"2026-05-23T06:45:23Z","trades":2166,"unique_addresses":2419,"resolution":{"pearl_resolved":2097,"evm_resolved":2022,"both_sides":2089,"fully_traced":2022},"elapsed_s":19.8,"otc_stats":{"total_users":3347,"total_offers_active":209,"total_trades_completed":2089,"total_volume_prl":8311671.4519999,"volume_24h_prl":1165142.372,"trades_24h":280,"total_volume_usdc":"4385094.39744947","unique_traders":783,"avg_settlement_seconds":2695},"public_stats":{"window_days":30,"trades_completed":2092,"trades_refunded":2847,"volume_prl":"8311978.63199990","volume_usdc":"4385096.96744947","avg_seller_to_usdc_s":1320.363791685797,"p95_seller_to_usdc_s":2408.860979,"avg_usdc_to_release_s":569.6496962888561,"p95_usdc_to_release_s":935.943782,"suspicious_releases":1},"health":{"status":"ok","pearld_height":58845,"oyster_balance":"25398.22368713"},"active_offers":200,"named_addresses":126}