{"generated_at":"2026-05-21T19:17:40Z","trades":1717,"unique_addresses":1977,"resolution":{"pearl_resolved":1636,"evm_resolved":1575,"both_sides":1621,"fully_traced":1575},"elapsed_s":22.0,"otc_stats":{"total_users":2995,"total_offers_active":166,"total_trades_completed":1621,"total_volume_prl":6556527.6099999,"volume_24h_prl":687026.2,"trades_24h":285,"total_volume_usdc":"3373816.58454455","unique_traders":659,"avg_settlement_seconds":2950},"public_stats":{"window_days":30,"trades_completed":1624,"trades_refunded":2348,"volume_prl":"6556834.78999990","volume_usdc":"3373819.15454455","avg_seller_to_usdc_s":1597.2069332008641,"p95_seller_to_usdc_s":2884.857458,"avg_usdc_to_release_s":562.9558562895861,"p95_usdc_to_release_s":876.63876,"suspicious_releases":1},"health":{"status":"ok","pearld_height":57830,"oyster_balance":"25398.22368713"},"active_offers":165}