{"generated_at":"2026-05-20T12:04:29Z","trades":1362,"unique_addresses":1621,"resolution":{"pearl_resolved":1272,"evm_resolved":1221,"both_sides":1248,"fully_traced":1221},"elapsed_s":23.9,"otc_stats":{"total_users":2716,"total_offers_active":144,"total_trades_completed":1248,"total_volume_prl":5584420.4099999,"volume_24h_prl":1144631.26,"trades_24h":232,"total_volume_usdc":"2867625.77172856","unique_traders":554,"avg_settlement_seconds":2930},"public_stats":{"window_days":30,"trades_completed":1251,"trades_refunded":1436,"volume_prl":"5584727.58999990","volume_usdc":"2867628.34172856","avg_seller_to_usdc_s":1549.4795421039166,"p95_seller_to_usdc_s":3623.670203,"avg_usdc_to_release_s":591.6692272422048,"p95_usdc_to_release_s":874.125165,"suspicious_releases":0},"health":{"status":"ok","pearld_height":56849,"oyster_balance":"25398.22368713"},"active_offers":143}