{"generated_at":"2026-05-27T19:06:19Z","trades":3233,"unique_addresses":3242,"resolution":{"pearl_resolved":3111,"evm_resolved":3007,"both_sides":3105,"fully_traced":3007},"elapsed_s":16.1,"otc_stats":{"total_users":4358,"total_offers_active":117,"total_trades_completed":3105,"total_volume_prl":12591686.0249999,"volume_24h_prl":884443.894,"trades_24h":223,"total_volume_usdc":"6784229.87082294","unique_traders":1021,"avg_settlement_seconds":2367},"public_stats":{"window_days":30,"trades_completed":3108,"trades_refunded":4593,"volume_prl":"12591993.20499990","volume_usdc":"6784232.44082294","avg_seller_to_usdc_s":1041.9062878068894,"p95_seller_to_usdc_s":1802.985739,"avg_usdc_to_release_s":540.6722472053426,"p95_usdc_to_release_s":913.777421,"suspicious_releases":1},"health":{"status":"ok","pearld_height":62229,"oyster_balance":"0.00009845"},"active_offers":115,"named_addresses":267}