{"generated_at":"2026-05-20T09:29:09Z","trades":1335,"unique_addresses":1598,"resolution":{"pearl_resolved":1241,"evm_resolved":1198,"both_sides":1224,"fully_traced":1198},"elapsed_s":24.5,"otc_stats":{"total_users":2695,"total_offers_active":158,"total_trades_completed":1224,"total_volume_prl":5542969.4099999,"volume_24h_prl":1173517.59,"trades_24h":237,"total_volume_usdc":"2852825.49798934","unique_traders":547,"avg_settlement_seconds":2796},"public_stats":{"window_days":30,"trades_completed":1227,"trades_refunded":1391,"volume_prl":"5543276.58999990","volume_usdc":"2852828.06798934","avg_seller_to_usdc_s":1416.1260799828847,"p95_seller_to_usdc_s":3623.670203,"avg_usdc_to_release_s":592.4714683406669,"p95_usdc_to_release_s":874.284214,"suspicious_releases":0},"health":{"status":"ok","pearld_height":56774,"oyster_balance":"25398.22368713"},"active_offers":157}