{"generated_at":"2026-05-19T20:05:07Z","trades":1183,"unique_addresses":1477,"resolution":{"deposit":1131,"release":1108,"refund":24,"evm":1093,"both_sides":1108},"elapsed_s":9.9,"otc_stats":{"total_users":2632,"total_offers_active":141,"total_trades_completed":1108,"total_volume_prl":5178732.9499999,"volume_24h_prl":1168873.13000002,"trades_24h":209,"total_volume_usdc":"2726053.66964534","unique_traders":514,"avg_settlement_seconds":2706},"public_stats":{"window_days":30,"trades_completed":1111,"trades_refunded":1255,"volume_prl":"5179040.12999990","volume_usdc":"2726056.23964534","avg_seller_to_usdc_s":1318.2554395103496,"p95_seller_to_usdc_s":3005.991303,"avg_usdc_to_release_s":595.1367684077399,"p95_usdc_to_release_s":862.516064,"suspicious_releases":0},"health":{"status":"ok","pearld_height":56417,"oyster_balance":"25398.22368713"},"active_offers":140}