{"generated_at":"2026-05-21T17:07:34Z","trades":1702,"unique_addresses":1963,"resolution":{"pearl_resolved":1622,"evm_resolved":1560,"both_sides":1601,"fully_traced":1560},"elapsed_s":33.6,"otc_stats":{"total_users":2963,"total_offers_active":160,"total_trades_completed":1601,"total_volume_prl":6520439.6099999,"volume_24h_prl":754670.2,"trades_24h":281,"total_volume_usdc":"3352778.47010247","unique_traders":656,"avg_settlement_seconds":2966},"public_stats":{"window_days":30,"trades_completed":1604,"trades_refunded":2323,"volume_prl":"6520746.78999990","volume_usdc":"3352781.04010247","avg_seller_to_usdc_s":1612.7305365336672,"p95_seller_to_usdc_s":2891.873957,"avg_usdc_to_release_s":565.2117361396497,"p95_usdc_to_release_s":878.223931,"suspicious_releases":0},"health":{"status":"ok","pearld_height":57747,"oyster_balance":"25398.22368713"},"active_offers":159}