{"generated_at":"2026-05-20T21:13:33Z","trades":1510,"unique_addresses":1720,"resolution":{"pearl_resolved":1358,"evm_resolved":1319,"both_sides":1350,"fully_traced":1319},"elapsed_s":14.0,"otc_stats":{"total_users":2775,"total_offers_active":135,"total_trades_completed":1350,"total_volume_prl":5891370.6099999,"volume_24h_prl":601173.66,"trades_24h":234,"total_volume_usdc":"2993821.84983361","unique_traders":585,"avg_settlement_seconds":2835},"public_stats":{"window_days":30,"trades_completed":1353,"trades_refunded":1712,"volume_prl":"5891677.78999990","volume_usdc":"2993824.41983361","avg_seller_to_usdc_s":1455.1269633784177,"p95_seller_to_usdc_s":3232.963214,"avg_usdc_to_release_s":586.1191102786386,"p95_usdc_to_release_s":874.284214,"suspicious_releases":0},"health":{"status":"ok","pearld_height":57123,"oyster_balance":"25398.22368713"},"active_offers":134}