{"generated_at":"2026-05-20T04:36:20Z","trades":1281,"unique_addresses":1540,"resolution":{"deposit":1198,"release":1174,"refund":25,"evm":1158,"both_sides":1174},"elapsed_s":16.9,"otc_stats":{"total_users":2661,"total_offers_active":136,"total_trades_completed":1174,"total_volume_prl":5439324.6099999,"volume_24h_prl":1197933.79000002,"trades_24h":234,"total_volume_usdc":"2815691.27249234","unique_traders":530,"avg_settlement_seconds":2649},"public_stats":{"window_days":30,"trades_completed":1177,"trades_refunded":1337,"volume_prl":"5439631.78999990","volume_usdc":"2815693.84249234","avg_seller_to_usdc_s":1265.433902898045,"p95_seller_to_usdc_s":2909.107516,"avg_usdc_to_release_s":596.3038974987245,"p95_usdc_to_release_s":874.284214,"suspicious_releases":0},"health":{"status":"ok","pearld_height":56638,"oyster_balance":"25398.22368713"},"active_offers":135}