{"generated_at":"2026-05-21T10:03:28Z","trades":1616,"unique_addresses":1822,"resolution":{"pearl_resolved":1464,"evm_resolved":1423,"both_sides":1458,"fully_traced":1423},"elapsed_s":8.0,"otc_stats":{"total_users":2880,"total_offers_active":159,"total_trades_completed":1458,"total_volume_prl":6085109.6099999,"volume_24h_prl":538171.2,"trades_24h":227,"total_volume_usdc":"3096175.12993361","unique_traders":611,"avg_settlement_seconds":3098},"public_stats":{"window_days":30,"trades_completed":1461,"trades_refunded":2114,"volume_prl":"6085416.78999990","volume_usdc":"3096177.69993361","avg_seller_to_usdc_s":1734.551302563997,"p95_seller_to_usdc_s":3102.756062,"avg_usdc_to_release_s":578.7044422778905,"p95_usdc_to_release_s":894.698384,"suspicious_releases":0},"health":{"status":"ok","pearld_height":57514,"oyster_balance":"25398.22368713"},"active_offers":158}