{"generated_at":"2026-05-19T15:28:39Z","trades":1137,"unique_addresses":1425,"resolution":{"deposit":1084,"release":1056,"refund":29,"evm":1043,"both_sides":1056},"elapsed_s":14.4,"otc_stats":{"total_users":2606,"total_offers_active":149,"total_trades_completed":1056,"total_volume_prl":4518155.9499999,"volume_24h_prl":701490.13000002,"trades_24h":195,"total_volume_usdc":"2523695.20255550","unique_traders":500,"avg_settlement_seconds":2713},"public_stats":{"window_days":30,"trades_completed":1059,"trades_refunded":1223,"volume_prl":"4518463.12999990","volume_usdc":"2523697.77255550","avg_seller_to_usdc_s":1352.5132782001874,"p95_seller_to_usdc_s":3102.756062,"avg_usdc_to_release_s":593.1885724428699,"p95_usdc_to_release_s":859.998845,"suspicious_releases":0},"health":{"status":"ok","pearld_height":56299,"oyster_balance":"25398.22368713"},"active_offers":148}