{"generated_at":"2026-05-20T22:44:08Z","trades":1527,"unique_addresses":1732,"resolution":{"pearl_resolved":1370,"evm_resolved":1327,"both_sides":1358,"fully_traced":1327},"elapsed_s":10.8,"otc_stats":{"total_users":2784,"total_offers_active":134,"total_trades_completed":1358,"total_volume_prl":5893125.6099999,"volume_24h_prl":574110.66,"trades_24h":223,"total_volume_usdc":"2994576.54083361","unique_traders":590,"avg_settlement_seconds":2829},"public_stats":{"window_days":30,"trades_completed":1361,"trades_refunded":1775,"volume_prl":"5893432.78999990","volume_usdc":"2994579.11083361","avg_seller_to_usdc_s":1448.203510050697,"p95_seller_to_usdc_s":3232.963214,"avg_usdc_to_release_s":586.3755693262292,"p95_usdc_to_release_s":875.375639,"suspicious_releases":0},"health":{"status":"ok","pearld_height":57161,"oyster_balance":"25398.22368713"},"active_offers":133}