{"generated_at":"2026-05-23T04:07:48Z","trades":2133,"unique_addresses":2385,"resolution":{"pearl_resolved":2059,"evm_resolved":1973,"both_sides":2040,"fully_traced":1973},"elapsed_s":27.4,"otc_stats":{"total_users":3332,"total_offers_active":208,"total_trades_completed":2040,"total_volume_prl":8242393.7519999,"volume_24h_prl":1153741.072,"trades_24h":267,"total_volume_usdc":"4350669.42279497","unique_traders":769,"avg_settlement_seconds":2727},"public_stats":{"window_days":30,"trades_completed":2043,"trades_refunded":2829,"volume_prl":"8242700.93199990","volume_usdc":"4350671.99279497","avg_seller_to_usdc_s":1348.5188466092081,"p95_seller_to_usdc_s":2451.458704,"avg_usdc_to_release_s":571.9397700886379,"p95_usdc_to_release_s":935.943782,"suspicious_releases":1},"health":{"status":"ok","pearld_height":58765,"oyster_balance":"25398.22368713"},"active_offers":200,"named_addresses":117}