{"generated_at":"2026-05-21T14:05:52Z","trades":1655,"unique_addresses":1891,"resolution":{"pearl_resolved":1564,"evm_resolved":1481,"both_sides":1517,"fully_traced":1481},"elapsed_s":26.5,"otc_stats":{"total_users":2929,"total_offers_active":179,"total_trades_completed":1517,"total_volume_prl":6193383.6099999,"volume_24h_prl":568895.8,"trades_24h":254,"total_volume_usdc":"3160960.25533361","unique_traders":628,"avg_settlement_seconds":3032},"public_stats":{"window_days":30,"trades_completed":1520,"trades_refunded":2251,"volume_prl":"6193690.78999990","volume_usdc":"3160962.82533361","avg_seller_to_usdc_s":1677.9638926927635,"p95_seller_to_usdc_s":2927.935695,"avg_usdc_to_release_s":575.0424900677618,"p95_usdc_to_release_s":882.31994,"suspicious_releases":0},"health":{"status":"ok","pearld_height":57637,"oyster_balance":"25398.22368713"},"active_offers":178}