{"generated_at":"2026-05-22T19:13:36Z","trades":2031,"unique_addresses":2296,"resolution":{"pearl_resolved":1982,"evm_resolved":1871,"both_sides":1936,"fully_traced":1871},"elapsed_s":29.0,"otc_stats":{"total_users":3276,"total_offers_active":216,"total_trades_completed":1936,"total_volume_prl":7948477.6799999,"volume_24h_prl":1391950.07,"trades_24h":315,"total_volume_usdc":"4187316.40672399","unique_traders":745,"avg_settlement_seconds":2753},"public_stats":{"window_days":30,"trades_completed":1939,"trades_refunded":2738,"volume_prl":"7948784.85999990","volume_usdc":"4187318.97672399","avg_seller_to_usdc_s":1402.7096411171328,"p95_seller_to_usdc_s":2573.114215,"avg_usdc_to_release_s":559.8956942471613,"p95_usdc_to_release_s":876.473845,"suspicious_releases":1},"health":{"status":"ok","pearld_height":58589,"oyster_balance":"25398.22368713"},"active_offers":200,"named_addresses":102}