{"generated_at":"2026-05-22T12:01:00Z","trades":1962,"unique_addresses":2189,"resolution":{"pearl_resolved":1876,"evm_resolved":1775,"both_sides":1837,"fully_traced":1775},"elapsed_s":10.6,"otc_stats":{"total_users":3186,"total_offers_active":0,"total_trades_completed":1837,"total_volume_prl":7309497.6799999,"volume_24h_prl":1165904.07,"trades_24h":350,"total_volume_usdc":"3813734.60348599","unique_traders":722,"avg_settlement_seconds":2792},"public_stats":{"window_days":30,"trades_completed":1840,"trades_refunded":2648,"volume_prl":"7309804.85999990","volume_usdc":"3813737.17348599","avg_seller_to_usdc_s":1449.5875398640592,"p95_seller_to_usdc_s":2533.886026,"avg_usdc_to_release_s":550.3823236247954,"p95_usdc_to_release_s":873.965381,"suspicious_releases":1},"health":{"status":"ok","pearld_height":58364,"oyster_balance":"25398.22368713"},"active_offers":0}