{"generated_at":"2026-05-22T15:22:29Z","trades":1968,"unique_addresses":2193,"resolution":{"pearl_resolved":1881,"evm_resolved":1776,"both_sides":1838,"fully_traced":1776},"elapsed_s":10.1,"otc_stats":{"total_users":3234,"total_offers_active":195,"total_trades_completed":1838,"total_volume_prl":7321497.6799999,"volume_24h_prl":960539.07,"trades_24h":276,"total_volume_usdc":"3820334.60348599","unique_traders":722,"avg_settlement_seconds":2802},"public_stats":{"window_days":30,"trades_completed":1841,"trades_refunded":2660,"volume_prl":"7321804.85999990","volume_usdc":"3820337.17348599","avg_seller_to_usdc_s":1448.8156787429373,"p95_seller_to_usdc_s":2533.886026,"avg_usdc_to_release_s":560.5282571445646,"p95_usdc_to_release_s":874.125165,"suspicious_releases":1},"health":{"status":"ok","pearld_height":58466,"oyster_balance":"25398.22368713"},"active_offers":194}