{"generated_at":"2026-05-22T20:10:38Z","trades":2038,"unique_addresses":2302,"resolution":{"pearl_resolved":1988,"evm_resolved":1883,"both_sides":1948,"fully_traced":1883},"elapsed_s":22.7,"otc_stats":{"total_users":3290,"total_offers_active":207,"total_trades_completed":1948,"total_volume_prl":8033018.6799999,"volume_24h_prl":1341564.07,"trades_24h":313,"total_volume_usdc":"4237104.30622399","unique_traders":747,"avg_settlement_seconds":2745},"public_stats":{"window_days":30,"trades_completed":1951,"trades_refunded":2745,"volume_prl":"8033325.85999990","volume_usdc":"4237106.87622399","avg_seller_to_usdc_s":1395.305882241027,"p95_seller_to_usdc_s":2573.114215,"avg_usdc_to_release_s":559.5761495266657,"p95_usdc_to_release_s":876.473845,"suspicious_releases":1},"health":{"status":"ok","pearld_height":58616,"oyster_balance":"25398.22368713"},"active_offers":200,"named_addresses":103}