{"generated_at":"2026-05-30T21:14:42Z","trades":3865,"unique_addresses":3705,"resolution":{"pearl_resolved":3758,"evm_resolved":3607,"both_sides":3719,"fully_traced":3607},"elapsed_s":11.9,"otc_stats":{"total_users":5723,"total_offers_active":165,"total_trades_completed":3719,"total_volume_prl":14104629.6057999,"volume_24h_prl":409575.4208,"trades_24h":144,"total_volume_usdc":"8839197.26558997","unique_traders":1179,"avg_settlement_seconds":2228},"public_stats":{"window_days":30,"trades_completed":3722,"trades_refunded":6135,"volume_prl":"14104936.78579990","volume_usdc":"8839199.83558997","avg_seller_to_usdc_s":990.4912705108862,"p95_seller_to_usdc_s":1629.058828,"avg_usdc_to_release_s":534.7285434364421,"p95_usdc_to_release_s":907.132924,"suspicious_releases":1},"health":{"status":"ok","pearld_height":64561,"oyster_balance":"0.00009845"},"active_offers":161,"named_addresses":383}