{"generated_at":"2026-05-21T19:30:25Z","trades":1719,"unique_addresses":1975,"resolution":{"pearl_resolved":1635,"evm_resolved":1575,"both_sides":1622,"fully_traced":1575},"elapsed_s":11.0,"otc_stats":{"total_users":2995,"total_offers_active":167,"total_trades_completed":1622,"total_volume_prl":6557127.6099999,"volume_24h_prl":675936.2,"trades_24h":284,"total_volume_usdc":"3374152.58454455","unique_traders":659,"avg_settlement_seconds":2949},"public_stats":{"window_days":30,"trades_completed":1625,"trades_refunded":2351,"volume_prl":"6557434.78999990","volume_usdc":"3374155.15454455","avg_seller_to_usdc_s":1596.5321555369474,"p95_seller_to_usdc_s":2884.857458,"avg_usdc_to_release_s":562.733671754925,"p95_usdc_to_release_s":876.63876,"suspicious_releases":1},"health":{"status":"ok","pearld_height":57841,"oyster_balance":"25398.22368713"},"active_offers":166}