{"generated_at":"2026-05-19T23:22:12Z","trades":1222,"unique_addresses":1503,"resolution":{"deposit":1162,"release":1139,"refund":24,"evm":1123,"both_sides":1139},"elapsed_s":14.0,"otc_stats":{"total_users":2642,"total_offers_active":135,"total_trades_completed":1139,"total_volume_prl":5328291.9499999,"volume_24h_prl":1107156.13000002,"trades_24h":214,"total_volume_usdc":"2774133.06164534","unique_traders":519,"avg_settlement_seconds":2680},"public_stats":{"window_days":30,"trades_completed":1142,"trades_refunded":1286,"volume_prl":"5328599.12999990","volume_usdc":"2774135.63164534","avg_seller_to_usdc_s":1294.514773711032,"p95_seller_to_usdc_s":2961.308834,"avg_usdc_to_release_s":595.3216033835367,"p95_usdc_to_release_s":870.162017,"suspicious_releases":0},"health":{"status":"ok","pearld_height":56498,"oyster_balance":"25398.22368713"},"active_offers":134}