{"generated_at":"2026-05-21T21:47:52Z","trades":1773,"unique_addresses":2026,"resolution":{"pearl_resolved":1689,"evm_resolved":1610,"both_sides":1663,"fully_traced":1610},"elapsed_s":14.1,"otc_stats":{"total_users":3021,"total_offers_active":176,"total_trades_completed":1663,"total_volume_prl":6793375.6099999,"volume_24h_prl":901395.0,"trades_24h":312,"total_volume_usdc":"3515354.37873894","unique_traders":670,"avg_settlement_seconds":2919},"public_stats":{"window_days":30,"trades_completed":1666,"trades_refunded":2408,"volume_prl":"6793682.78999990","volume_usdc":"3515356.94873894","avg_seller_to_usdc_s":1564.1773730600614,"p95_seller_to_usdc_s":2842.873161,"avg_usdc_to_release_s":559.8704223447438,"p95_usdc_to_release_s":876.372466,"suspicious_releases":1},"health":{"status":"ok","pearld_height":57917,"oyster_balance":"25398.22368713"},"active_offers":175}