{"generated_at":"2026-05-21T15:58:51Z","trades":1687,"unique_addresses":1940,"resolution":{"pearl_resolved":1608,"evm_resolved":1539,"both_sides":1578,"fully_traced":1539},"elapsed_s":32.4,"otc_stats":{"total_users":2955,"total_offers_active":165,"total_trades_completed":1578,"total_volume_prl":6485999.6099999,"volume_24h_prl":773833.2,"trades_24h":273,"total_volume_usdc":"3332766.29411911","unique_traders":649,"avg_settlement_seconds":2983},"public_stats":{"window_days":30,"trades_completed":1581,"trades_refunded":2301,"volume_prl":"6486306.78999990","volume_usdc":"3332768.86411911","avg_seller_to_usdc_s":1631.7200746306153,"p95_seller_to_usdc_s":2909.107516,"avg_usdc_to_release_s":567.682389151169,"p95_usdc_to_release_s":880.487343,"suspicious_releases":0},"health":{"status":"ok","pearld_height":57700,"oyster_balance":"25398.22368713"},"active_offers":164}