{"generated_at":"2026-05-20T08:30:23Z","trades":1324,"unique_addresses":1588,"resolution":{"deposit":1232,"release":1217,"refund":16,"evm":1191,"both_sides":1217},"elapsed_s":41.7,"otc_stats":{"total_users":2690,"total_offers_active":159,"total_trades_completed":1217,"total_volume_prl":5535013.4099999,"volume_24h_prl":1192085.59,"trades_24h":245,"total_volume_usdc":"2849982.75798934","unique_traders":543,"avg_settlement_seconds":2801},"public_stats":{"window_days":30,"trades_completed":1220,"trades_refunded":1378,"volume_prl":"5535320.58999990","volume_usdc":"2849985.32798934","avg_seller_to_usdc_s":1421.4865676893437,"p95_seller_to_usdc_s":3623.670203,"avg_usdc_to_release_s":592.3069045581954,"p95_usdc_to_release_s":874.125165,"suspicious_releases":0},"health":{"status":"ok","pearld_height":56748,"oyster_balance":"25398.22368713"},"active_offers":158}