{"generated_at":"2026-05-22T21:36:01Z","trades":2062,"unique_addresses":2320,"resolution":{"pearl_resolved":2008,"evm_resolved":1899,"both_sides":1964,"fully_traced":1899},"elapsed_s":16.1,"otc_stats":{"total_users":3298,"total_offers_active":207,"total_trades_completed":1964,"total_volume_prl":8064286.6799999,"volume_24h_prl":1281084.07,"trades_24h":311,"total_volume_usdc":"4253870.94382299","unique_traders":753,"avg_settlement_seconds":2740},"public_stats":{"window_days":30,"trades_completed":1967,"trades_refunded":2769,"volume_prl":"8064593.85999990","volume_usdc":"4253873.51382299","avg_seller_to_usdc_s":1387.1906626698892,"p95_seller_to_usdc_s":2573.114215,"avg_usdc_to_release_s":560.6552142400807,"p95_usdc_to_release_s":880.487343,"suspicious_releases":1},"health":{"status":"ok","pearld_height":58644,"oyster_balance":"25398.22368713"},"active_offers":200,"named_addresses":106}