{"generated_at":"2026-05-21T08:03:19Z","trades":1600,"unique_addresses":1802,"resolution":{"pearl_resolved":1443,"evm_resolved":1407,"both_sides":1440,"fully_traced":1407},"elapsed_s":9.8,"otc_stats":{"total_users":2861,"total_offers_active":156,"total_trades_completed":1440,"total_volume_prl":6062229.6099999,"volume_24h_prl":528670.2,"trades_24h":228,"total_volume_usdc":"3082499.16993361","unique_traders":606,"avg_settlement_seconds":3113},"public_stats":{"window_days":30,"trades_completed":1443,"trades_refunded":2086,"volume_prl":"6062536.78999990","volume_usdc":"3082501.73993361","avg_seller_to_usdc_s":1751.486588495495,"p95_seller_to_usdc_s":3106.73164,"avg_usdc_to_release_s":579.0211129653486,"p95_usdc_to_release_s":886.015495,"suspicious_releases":0},"health":{"status":"ok","pearld_height":57458,"oyster_balance":"25398.22368713"},"active_offers":155}