{"generated_at":"2026-05-27T12:31:59Z","trades":3155,"unique_addresses":3196,"resolution":{"pearl_resolved":3041,"evm_resolved":2933,"both_sides":3031,"fully_traced":2933},"elapsed_s":19.9,"otc_stats":{"total_users":4280,"total_offers_active":132,"total_trades_completed":3034,"total_volume_prl":12281058.0249999,"volume_24h_prl":977319.994,"trades_24h":213,"total_volume_usdc":"6516158.52492189","unique_traders":1007,"avg_settlement_seconds":2388},"public_stats":{"window_days":30,"trades_completed":3037,"trades_refunded":4465,"volume_prl":"12281365.20499990","volume_usdc":"6516161.09492189","avg_seller_to_usdc_s":1061.4081954222675,"p95_seller_to_usdc_s":1819.906954,"avg_usdc_to_release_s":541.0860003583664,"p95_usdc_to_release_s":911.026622,"suspicious_releases":1},"health":{"status":"ok","pearld_height":62044,"oyster_balance":"0.00009845"},"active_offers":130,"named_addresses":254}