{"generated_at":"2026-05-30T19:41:02Z","trades":3850,"unique_addresses":3702,"resolution":{"pearl_resolved":3754,"evm_resolved":3598,"both_sides":3709,"fully_traced":3598},"elapsed_s":15.1,"otc_stats":{"total_users":5712,"total_offers_active":167,"total_trades_completed":3709,"total_volume_prl":14074490.6057999,"volume_24h_prl":410978.4208,"trades_24h":148,"total_volume_usdc":"8811129.56558997","unique_traders":1176,"avg_settlement_seconds":2230},"public_stats":{"window_days":30,"trades_completed":3712,"trades_refunded":6113,"volume_prl":"14074797.78579990","volume_usdc":"8811132.13558997","avg_seller_to_usdc_s":992.4234235887923,"p95_seller_to_usdc_s":1629.058828,"avg_usdc_to_release_s":534.7439400204801,"p95_usdc_to_release_s":905.480432,"suspicious_releases":1},"health":{"status":"ok","pearld_height":64511,"oyster_balance":"0.00009845"},"active_offers":164,"named_addresses":383}