{"generated_at":"2026-05-22T00:17:36Z","trades":1816,"unique_addresses":2076,"resolution":{"pearl_resolved":1738,"evm_resolved":1646,"both_sides":1705,"fully_traced":1646},"elapsed_s":21.2,"otc_stats":{"total_users":3033,"total_offers_active":163,"total_trades_completed":1705,"total_volume_prl":6953105.6099999,"volume_24h_prl":993012.0,"trades_24h":323,"total_volume_usdc":"3609067.27264090","unique_traders":686,"avg_settlement_seconds":2881},"public_stats":{"window_days":30,"trades_completed":1708,"trades_refunded":2453,"volume_prl":"6953412.78999990","volume_usdc":"3609069.84264090","avg_seller_to_usdc_s":1532.568115908613,"p95_seller_to_usdc_s":2817.151918,"avg_usdc_to_release_s":556.2962264253067,"p95_usdc_to_release_s":875.375639,"suspicious_releases":1},"health":{"status":"ok","pearld_height":57999,"oyster_balance":"25398.22368713"},"active_offers":162}