{"generated_at":"2026-05-29T22:05:06Z","trades":3724,"unique_addresses":3613,"resolution":{"pearl_resolved":3592,"evm_resolved":3472,"both_sides":3581,"fully_traced":3472},"elapsed_s":14.6,"otc_stats":{"total_users":5369,"total_offers_active":141,"total_trades_completed":3581,"total_volume_prl":13760760.2257999,"volume_24h_prl":646615.8408,"trades_24h":233,"total_volume_usdc":"8424091.29776587","unique_traders":1151,"avg_settlement_seconds":2257},"public_stats":{"window_days":30,"trades_completed":3584,"trades_refunded":5792,"volume_prl":"13761067.40579990","volume_usdc":"8424093.86776587","avg_seller_to_usdc_s":1015.6996856466669,"p95_seller_to_usdc_s":1726.249263,"avg_usdc_to_release_s":536.8240657733746,"p95_usdc_to_release_s":908.229532,"suspicious_releases":1},"health":{"status":"ok","pearld_height":63836,"oyster_balance":"0.00009845"},"active_offers":138,"named_addresses":349}