{"generated_at":"2026-05-19T18:15:36Z","trades":1162,"unique_addresses":1455,"resolution":{"deposit":1107,"release":1086,"refund":22,"evm":1072,"both_sides":1086},"elapsed_s":10.9,"otc_stats":{"total_users":2627,"total_offers_active":144,"total_trades_completed":1086,"total_volume_prl":4851219.9499999,"volume_24h_prl":908365.13000002,"trades_24h":204,"total_volume_usdc":"2626578.89524534","unique_traders":507,"avg_settlement_seconds":2727},"public_stats":{"window_days":30,"trades_completed":1089,"trades_refunded":1240,"volume_prl":"4851527.12999990","volume_usdc":"2626581.46524534","avg_seller_to_usdc_s":1336.506526262625,"p95_seller_to_usdc_s":3120.076032,"avg_usdc_to_release_s":596.291164670339,"p95_usdc_to_release_s":862.516064,"suspicious_releases":0},"health":{"status":"ok","pearld_height":56358,"oyster_balance":"25398.22368713"},"active_offers":143}