{"generated_at":"2026-05-21T13:33:08Z","trades":1642,"unique_addresses":1876,"resolution":{"pearl_resolved":1544,"evm_resolved":1470,"both_sides":1506,"fully_traced":1470},"elapsed_s":20.6,"otc_stats":{"total_users":2920,"total_offers_active":176,"total_trades_completed":1506,"total_volume_prl":6171090.6099999,"volume_24h_prl":558251.2,"trades_24h":249,"total_volume_usdc":"3148256.86783361","unique_traders":626,"avg_settlement_seconds":3043},"public_stats":{"window_days":30,"trades_completed":1509,"trades_refunded":2228,"volume_prl":"6171397.78999990","volume_usdc":"3148259.43783361","avg_seller_to_usdc_s":1688.3473980510273,"p95_seller_to_usdc_s":2961.308834,"avg_usdc_to_release_s":575.1783150450618,"p95_usdc_to_release_s":886.015495,"suspicious_releases":0},"health":{"status":"ok","pearld_height":57616,"oyster_balance":"25398.22368713"},"active_offers":175}