{"generated_at":"2026-05-30T10:17:13Z","trades":3785,"unique_addresses":3659,"resolution":{"pearl_resolved":3694,"evm_resolved":3533,"both_sides":3643,"fully_traced":3533},"elapsed_s":15.1,"otc_stats":{"total_users":5549,"total_offers_active":151,"total_trades_completed":3643,"total_volume_prl":13961170.2257999,"volume_24h_prl":589198.0408,"trades_24h":208,"total_volume_usdc":"8702274.31675362","unique_traders":1159,"avg_settlement_seconds":2242},"public_stats":{"window_days":30,"trades_completed":3646,"trades_refunded":5954,"volume_prl":"13961477.40579990","volume_usdc":"8702276.88675362","avg_seller_to_usdc_s":1002.9888415709208,"p95_seller_to_usdc_s":1687.166272,"avg_usdc_to_release_s":536.0202187492458,"p95_usdc_to_release_s":908.229532,"suspicious_releases":1},"health":{"status":"ok","pearld_height":64213,"oyster_balance":"0.00009845"},"active_offers":148,"named_addresses":362}