{"generated_at":"2026-05-21T15:41:08Z","trades":1685,"unique_addresses":1937,"resolution":{"pearl_resolved":1606,"evm_resolved":1528,"both_sides":1567,"fully_traced":1528},"elapsed_s":66.5,"otc_stats":{"total_users":2952,"total_offers_active":167,"total_trades_completed":1567,"total_volume_prl":6416858.6099999,"volume_24h_prl":725129.2,"trades_24h":267,"total_volume_usdc":"3292318.38211911","unique_traders":645,"avg_settlement_seconds":2991},"public_stats":{"window_days":30,"trades_completed":1570,"trades_refunded":2294,"volume_prl":"6417165.78999990","volume_usdc":"3292320.95211911","avg_seller_to_usdc_s":1640.4132119025492,"p95_seller_to_usdc_s":2927.935695,"avg_usdc_to_release_s":567.7187988738843,"p95_usdc_to_release_s":880.487343,"suspicious_releases":0},"health":{"status":"ok","pearld_height":57688,"oyster_balance":"25398.22368713"},"active_offers":167}