{"generated_at":"2026-05-30T17:21:14Z","trades":3842,"unique_addresses":3696,"resolution":{"pearl_resolved":3752,"evm_resolved":3586,"both_sides":3697,"fully_traced":3586},"elapsed_s":41.1,"otc_stats":{"total_users":5692,"total_offers_active":170,"total_trades_completed":3697,"total_volume_prl":14065288.6057999,"volume_24h_prl":455095.4208,"trades_24h":159,"total_volume_usdc":"8803039.27888997","unique_traders":1173,"avg_settlement_seconds":2232},"public_stats":{"window_days":30,"trades_completed":3700,"trades_refunded":6088,"volume_prl":"14065595.78579990","volume_usdc":"8803041.84888997","avg_seller_to_usdc_s":994.4817627612888,"p95_seller_to_usdc_s":1659.172129,"avg_usdc_to_release_s":534.9003011816711,"p95_usdc_to_release_s":905.480432,"suspicious_releases":1},"health":{"status":"ok","pearld_height":64436,"oyster_balance":"0.00009845"},"active_offers":167,"named_addresses":383}