{"generated_at":"2026-05-29T23:41:58Z","trades":3731,"unique_addresses":3614,"resolution":{"pearl_resolved":3602,"evm_resolved":3475,"both_sides":3585,"fully_traced":3475},"elapsed_s":12.7,"otc_stats":{"total_users":5381,"total_offers_active":149,"total_trades_completed":3585,"total_volume_prl":13814032.2257999,"volume_24h_prl":546845.8408,"trades_24h":225,"total_volume_usdc":"8501515.58776587","unique_traders":1151,"avg_settlement_seconds":2256},"public_stats":{"window_days":30,"trades_completed":3588,"trades_refunded":5812,"volume_prl":"13814339.40579990","volume_usdc":"8501518.15776587","avg_seller_to_usdc_s":1015.0746764764448,"p95_seller_to_usdc_s":1726.249263,"avg_usdc_to_release_s":536.8666573810987,"p95_usdc_to_release_s":908.229532,"suspicious_releases":1},"health":{"status":"ok","pearld_height":63887,"oyster_balance":"0.00009845"},"active_offers":147,"named_addresses":350}