{"generated_at":"2026-05-20T19:08:56Z","trades":1474,"unique_addresses":1703,"resolution":{"pearl_resolved":1338,"evm_resolved":1306,"both_sides":1335,"fully_traced":1306},"elapsed_s":6.7,"otc_stats":{"total_users":2767,"total_offers_active":136,"total_trades_completed":1335,"total_volume_prl":5869381.4099999,"volume_24h_prl":939430.46,"trades_24h":239,"total_volume_usdc":"2984375.38583361","unique_traders":581,"avg_settlement_seconds":2845},"public_stats":{"window_days":30,"trades_completed":1338,"trades_refunded":1640,"volume_prl":"5869688.58999990","volume_usdc":"2984377.95583361","avg_seller_to_usdc_s":1467.0543164738413,"p95_seller_to_usdc_s":3354.711823,"avg_usdc_to_release_s":587.361735461882,"p95_usdc_to_release_s":875.375639,"suspicious_releases":0},"health":{"status":"ok","pearld_height":57051,"oyster_balance":"25398.22368713"},"active_offers":135}