{"generated_at":"2026-05-22T05:13:20Z","trades":1901,"unique_addresses":2141,"resolution":{"pearl_resolved":1814,"evm_resolved":1724,"both_sides":1784,"fully_traced":1724},"elapsed_s":18.6,"otc_stats":{"total_users":3088,"total_offers_active":155,"total_trades_completed":1784,"total_volume_prl":7130372.6799999,"volume_24h_prl":1078401.07,"trades_24h":356,"total_volume_usdc":"3711089.04177759","unique_traders":706,"avg_settlement_seconds":2810},"public_stats":{"window_days":30,"trades_completed":1787,"trades_refunded":2568,"volume_prl":"7130679.85999990","volume_usdc":"3711091.61177759","avg_seller_to_usdc_s":1470.8103288303487,"p95_seller_to_usdc_s":2573.114215,"avg_usdc_to_release_s":552.640806108622,"p95_usdc_to_release_s":874.635734,"suspicious_releases":1},"health":{"status":"ok","pearld_height":58148,"oyster_balance":"25398.22368713"},"active_offers":154}