{"generated_at":"2026-05-30T04:17:14Z","trades":3753,"unique_addresses":3630,"resolution":{"pearl_resolved":3648,"evm_resolved":3496,"both_sides":3606,"fully_traced":3496},"elapsed_s":14.0,"otc_stats":{"total_users":5451,"total_offers_active":142,"total_trades_completed":3606,"total_volume_prl":13928010.2257999,"volume_24h_prl":632485.8408,"trades_24h":220,"total_volume_usdc":"8663270.16776587","unique_traders":1154,"avg_settlement_seconds":2252},"public_stats":{"window_days":30,"trades_completed":3609,"trades_refunded":5872,"volume_prl":"13928317.40579990","volume_usdc":"8663272.73776587","avg_seller_to_usdc_s":1010.3203923447913,"p95_seller_to_usdc_s":1721.003898,"avg_usdc_to_release_s":536.5975295160757,"p95_usdc_to_release_s":908.240376,"suspicious_releases":1},"health":{"status":"ok","pearld_height":64019,"oyster_balance":"0.00009845"},"active_offers":138,"named_addresses":354}