{"generated_at":"2026-05-28T08:53:42Z","trades":3365,"unique_addresses":3320,"resolution":{"pearl_resolved":3228,"evm_resolved":3114,"both_sides":3212,"fully_traced":3114},"elapsed_s":20.7,"otc_stats":{"total_users":4675,"total_offers_active":120,"total_trades_completed":3212,"total_volume_prl":12858848.2849999,"volume_24h_prl":629188.154,"trades_24h":218,"total_volume_usdc":"7101747.44351294","unique_traders":1047,"avg_settlement_seconds":2342},"public_stats":{"window_days":30,"trades_completed":3215,"trades_refunded":4940,"volume_prl":"12859155.46499990","volume_usdc":"7101750.01351294","avg_seller_to_usdc_s":1018.7730567131325,"p95_seller_to_usdc_s":1777.311181,"avg_usdc_to_release_s":539.5991799147481,"p95_usdc_to_release_s":911.458882,"suspicious_releases":1},"health":{"status":"ok","pearld_height":62652,"oyster_balance":"0.00009845"},"active_offers":118,"named_addresses":290}