{"total_users":2691,"total_offers_active":158,"total_trades_completed":1217,"total_volume_prl":5535013.4099999,"volume_24h_prl":1187245.59,"trades_24h":244,"total_volume_usdc":"2849982.75798934","unique_traders":543,"avg_settlement_seconds":2801}