{"total_users":2642,"total_offers_active":135,"total_trades_completed":1139,"total_volume_prl":5328291.9499999,"volume_24h_prl":1107156.13000002,"trades_24h":214,"total_volume_usdc":"2774133.06164534","unique_traders":519,"avg_settlement_seconds":2680}