{"total_users":2690,"total_offers_active":159,"total_trades_completed":1217,"total_volume_prl":5535013.4099999,"volume_24h_prl":1192085.59,"trades_24h":245,"total_volume_usdc":"2849982.75798934","unique_traders":543,"avg_settlement_seconds":2801}