{"total_users":2632,"total_offers_active":141,"total_trades_completed":1108,"total_volume_prl":5178732.9499999,"volume_24h_prl":1168873.13000002,"trades_24h":209,"total_volume_usdc":"2726053.66964534","unique_traders":514,"avg_settlement_seconds":2706}