{"total_users":2636,"total_offers_active":139,"total_trades_completed":1117,"total_volume_prl":5290406.9499999,"volume_24h_prl":1169407.13000002,"trades_24h":205,"total_volume_usdc":"2760388.60964534","unique_traders":515,"avg_settlement_seconds":2699}