{"total_users":2627,"total_offers_active":144,"total_trades_completed":1086,"total_volume_prl":4851219.9499999,"volume_24h_prl":908365.13000002,"trades_24h":204,"total_volume_usdc":"2626578.89524534","unique_traders":507,"avg_settlement_seconds":2727}