{"total_users":2661,"total_offers_active":136,"total_trades_completed":1174,"total_volume_prl":5439324.6099999,"volume_24h_prl":1197933.79000002,"trades_24h":234,"total_volume_usdc":"2815691.27249234","unique_traders":530,"avg_settlement_seconds":2649}