{"total_users":2608,"total_offers_active":147,"total_trades_completed":1056,"total_volume_prl":4518155.9499999,"volume_24h_prl":700367.13000002,"trades_24h":193,"total_volume_usdc":"2523695.20255550","unique_traders":500,"avg_settlement_seconds":2713}